scenario,year,population,age_0_14,age_15_64,age_65_plus,old_age_dependency,total_dependency,share_65_plus,median_age,births,net_international_migration
Census principal rebased para 2025,2025,341784857.0,58899693.0,218268076.0,64617088.0,29.60446125891539,56.58948539959641,18.905778496792795,39.384881493556044,,
Census principal rebased para 2025,2026,343337870.24950004,58629008.98640011,218312168.433,66396692.8301,30.41364725873132,57.269231813283234,19.338587025617134,39.585932822392,3729032.468744978,864765.0
Census principal rebased para 2025,2027,344850063.13863945,58412382.229356,218395377.24478287,68042303.66450061,31.155560398257485,57.901722778739554,19.730981936096,39.780464609038965,3733062.5013684584,870593.0
Census principal rebased para 2025,2028,346317312.53980887,58200412.804721594,218506321.26498422,69610578.47010304,31.85746667058011,58.49304062916666,20.100230612092595,39.975547644016785,3736545.267881528,874210.0
Census principal rebased para 2025,2029,347737287.7361456,57987210.24710463,218665273.5954564,71084803.89358455,32.508501567146695,59.02721178282748,20.44209994170137,40.17728359042872,3739386.3608558346,877563.0
Census principal rebased para 2025,2030,349105707.3918186,57750276.56252651,218980311.28769052,72375119.54160148,33.0509711654017,59.423331412280575,20.73157728709697,40.390597338251325,3741476.896665326,878684.0
Census principal rebased para 2025,2031,350417308.179864,57528186.47394743,219472992.26361683,73416129.44229975,33.45109969344976,59.66306585867537,20.951056848087067,40.60006463095279,3742284.6744770603,876556.0
Census principal rebased para 2025,2032,351665446.4180709,57376857.51806872,219996310.00378028,74292278.89622185,33.769784090899186,59.8506113179935,21.125839815351338,40.797547413088644,3741006.2686588564,870256.0
Census principal rebased para 2025,2033,352860112.17748153,57266455.575638264,220508712.01435798,75084944.58748525,34.05078370898845,60.02093928810655,21.278955029555462,40.979303042412525,3737257.110887952,876378.0
Census principal rebased para 2025,2034,353999335.8082031,57210908.89521516,220900505.5479755,75887921.36501239,34.35389211842747,60.252840947582605,21.43730614402296,41.14513919843363,3731359.244105001,882251.0
Census principal rebased para 2025,2035,355081578.547886,57191776.087408595,221135003.7481742,76754798.71230328,34.709474941249326,60.57230765340461,21.616102706931102,41.30102351225202,3723688.4445246127,887842.0
Census principal rebased para 2025,2036,356105913.5237226,57273449.402181335,221255932.5225513,77576531.59898998,35.06189900290383,60.94750972945183,21.784679403764546,41.44928687828484,3714142.6389014246,893156.0
Census principal rebased para 2025,2037,357071573.81503296,57254502.5183681,221713257.95773077,78103813.33893415,35.22739869431918,61.05106979353849,21.873433526073065,41.59123576399219,3702401.6728064464,898196.0
Census principal rebased para 2025,2038,357978585.6646607,57267343.78799264,222288904.1490677,78422337.7276004,35.279465715036366,61.0420398782474,21.906991330778414,41.730362395304624,3688833.935370302,903017.0
Census principal rebased para 2025,2039,358827839.692222,57333125.70440974,222869629.54491693,78625084.44289532,35.27850995375272,61.003471143610525,21.911645570849394,41.874033054437774,3673698.660261033,907659.0
Census principal rebased para 2025,2040,359620458.2231196,57390564.18082374,223373932.08966035,78855961.95263565,35.30222224900601,60.99481925168028,21.927551714455294,42.03344485968602,3656846.055484532,912156.0
Census principal rebased para 2025,2041,360357340.33526975,57315251.86282506,224044522.05737624,78997566.41506846,35.259762519361104,60.84184385592108,21.92200839909924,42.215363311092275,3638664.4356710305,915545.0
Census principal rebased para 2025,2042,361041142.50836,57216633.088308275,224620072.34105343,79204437.07899834,35.26151347629242,60.734140428986564,21.937787070116073,42.415000670370915,3619716.3257476813,918835.0
Census principal rebased para 2025,2043,361674870.56653756,57094853.220575005,225166800.87045193,79413216.4755107,35.26861694020359,60.62530940101806,21.957073310378362,42.61863287764792,3600353.638962069,922069.0
Census principal rebased para 2025,2044,362262761.15610236,56950489.86352661,225633066.07109082,79679205.22148496,35.31362074226311,60.55393274758909,21.99486498893836,42.810695382481065,3580924.4485176206,925181.0
Census principal rebased para 2025,2045,362809835.176863,56785019.26848502,225925059.81246945,80099756.09590861,35.454126320646296,60.588575467465056,22.077614311878143,42.969921006594866,3562193.3100920115,928110.0
Census principal rebased para 2025,2046,363321819.95666665,56601022.53388792,226213045.16069028,80507752.26208842,35.5893499443853,60.61046333494216,22.158799125164176,43.11937191404545,3544784.2317311824,930865.0
Census principal rebased para 2025,2047,363802520.6990357,56401772.9268494,226466965.01443237,80933782.75775386,35.73756673632116,60.64264413834093,22.2466250652255,43.27488175994963,3528555.1424592873,933422.0
Census principal rebased para 2025,2048,364256787.7071093,56190722.90034266,226686719.96159494,81379344.84517162,35.89947609589076,60.68730791500326,22.341202028775076,43.4303504527564,3513285.601999039,935900.0
Census principal rebased para 2025,2049,364689835.9577527,55971025.63664873,226941413.37988058,81777396.94122344,36.03458519240605,60.69779002710847,22.423821252505896,43.58736609269142,3499061.5409474703,938213.0
Census principal rebased para 2025,2050,365106593.3721816,55745484.29208797,227074462.5243506,82286646.55574302,36.23773701409463,60.7871661627423,22.537704892078416,43.74977180898971,3485877.4441829054,940353.0
Census principal rebased para 2025,2051,365511434.37012345,55517104.81411037,227178141.13842288,82816188.41759013,36.45429441520478,60.89199098931443,22.65761905925191,43.91999609086158,3473810.9331256715,942366.0
Census principal rebased para 2025,2052,365908479.6550472,55289417.543163404,227285368.27203023,83333693.83985354,36.66478597958591,60.99077667731941,22.77446369059681,44.09227201287157,3463080.8359479005,944218.0
Census principal rebased para 2025,2053,366301283.0153781,55065792.09489727,227322970.45230123,83912520.46817955,36.913348572394604,61.136941984592966,22.908060757367515,44.24758859760435,3453891.699070236,945935.0
Census principal rebased para 2025,2054,366693148.9147419,54849358.94323042,227268782.66454205,84575007.30696942,37.21364910543195,61.34778591919326,23.06424528444996,44.39432930186527,3446298.181337557,947513.0
Census principal rebased para 2025,2055,367086775.4522736,54643265.951493904,227065573.3929318,85377936.10784788,37.60056393934421,61.66553562791234,23.25824350459288,44.531863868513334,3440139.5849069683,949030.0
Census principal rebased para 2025,2056,367484580.54023147,54450195.406817526,226862678.0280199,86171707.10539411,37.98408264172524,61.985472328261665,23.449067435350585,44.66129074386089,3435320.235621638,950522.0
Census principal rebased para 2025,2057,367888386.4989856,54272391.26210536,226702055.08262086,86913940.15425934,38.33839976553535,62.27836415726791,23.62508395042772,44.7871012168481,3431997.188028453,952011.0
Census principal rebased para 2025,2058,368299543.2602242,54111587.70132725,226569839.7524603,87618115.80643669,38.671570718399316,62.55453226369901,23.78990618093968,44.91444305962687,3430003.6974580283,953476.0
Census principal rebased para 2025,2059,368718199.0146741,53968569.837639906,226438726.45196462,88310902.72506955,38.99991141480091,62.83354212067245,23.950784897806194,45.04383820102855,3428735.74326397,954852.0
Census principal rebased para 2025,2060,369143397.3568389,53842897.71255278,226293491.71395472,89007007.93033136,39.332553161909,63.12594523197907,24.11177026804334,45.17877267459326,3427709.9418159276,956143.0
Census principal rebased para 2025,2061,369574450.0455574,53733544.290974684,226133400.47714755,89707505.27743515,39.67017038975662,63.432049076229056,24.27318914128856,45.31284960913929,3426760.8815832385,958131.0
Census principal rebased para 2025,2062,370009255.8442797,53639111.701489136,225916439.94160303,90453704.2011875,40.03856657114853,63.78146536831188,24.44633553687517,45.43883093320677,3425614.6154361814,959974.0
Census principal rebased para 2025,2063,370444693.96409243,53557947.107926875,225564633.21690798,91322113.63925764,40.48600719752031,64.22995426231763,24.652023669722094,45.55658622417499,3423780.598747798,961685.0
Census principal rebased para 2025,2064,370877378.7686522,53488118.41081019,225052074.89688426,92337185.46095774,41.02925311986808,64.79624946296677,24.896958064017245,45.6664351553586,3421065.239221021,963272.0
Census principal rebased para 2025,2065,371303809.61220163,53427591.01244963,224375239.6535389,93500978.9462131,41.67170098206439,65.48341527591782,25.181798981235257,45.76723215067834,3417338.3126558065,964740.0
Census principal rebased para 2025,2066,371720532.3116503,53374180.63268355,223695460.75219294,94650890.92677374,42.31238783679514,66.17258618557202,25.46291708401474,45.858488123648485,3412584.080785719,966119.0
Census principal rebased para 2025,2067,372123831.90269345,53325503.82661304,223233565.89526963,95564762.18081076,42.80931579332702,66.69707819713632,25.680903502520085,45.932502517724934,3406768.115240548,967408.0
Census principal rebased para 2025,2068,372509618.45198834,53278969.39293074,222810875.6484424,96419773.41061522,43.274267079650635,67.18646132864048,25.883834573533964,46.02229858735508,3399902.9620174705,968631.0
Census principal rebased para 2025,2069,372873681.33351415,53231985.799192704,222337761.35339236,97303934.1809291,43.764016327514604,67.70596189499906,26.095683083058976,46.104565060513146,3392046.180328112,969793.0
Census principal rebased para 2025,2070,373211977.0182095,53182277.26165039,221864189.58367392,98165510.17288518,44.245766005362036,68.21641100284741,26.302883138205274,46.174017472789046,3383337.131378209,970875.0
Census principal rebased para 2025,2071,373521262.5196829,53127764.45620157,221363858.29934183,99029639.7641395,44.73613738256474,68.73633545661482,26.512450481696764,46.2397705187546,3373895.293832128,971887.0
Census principal rebased para 2025,2072,373799702.7151256,53066371.369389296,220802927.01955318,99930404.32618307,45.25773533669404,69.29109942551793,26.733676779390183,46.32124336344339,3363896.445926124,972805.0
Census principal rebased para 2025,2073,374046054.0521917,52996371.85832346,220231242.6443649,100818439.5495034,45.778445573368366,69.84241180358366,26.95348298887172,46.40815582982616,3353490.1297590644,973599.0
Census principal rebased para 2025,2074,374259498.4379046,52916808.41224669,219768700.4722453,101573989.55341259,46.21858769476612,70.29699754045275,27.139989760410923,46.49480323178761,3342848.8229382616,974276.0
Census principal rebased para 2025,2075,374438883.7687998,52827337.45362421,219359377.92906144,102252168.38611412,46.61399451049748,70.69654705616891,27.308106294123697,46.58099447329439,3332121.4452611166,974847.0
Census principal rebased para 2025,2076,374583608.5603777,52727943.96628768,219018218.46217632,102837446.13191366,46.95383190219554,71.02851588808213,27.453803044704685,46.666545066618106,3321460.897922665,975320.0
Census principal rebased para 2025,2077,374693149.2436234,52619036.2887289,218714538.6570277,103359574.29786682,47.25775201434955,71.31606867305244,27.585125190176083,46.75123215686303,3310996.6972662047,975660.0
Census principal rebased para 2025,2078,374767422.8268385,52501615.6255597,218404030.46203718,103861776.73924169,47.554880978853944,71.59363864943893,27.713661970888833,46.83475352189998,3300850.8353479677,975858.0
Census principal rebased para 2025,2079,374806805.1182013,52376966.32170149,218081971.30987358,104347867.48662624,47.8480026844392,71.86510323021464,27.84044101166159,46.91674372117881,3291119.3128318735,975881.0
Census principal rebased para 2025,2080,374811803.31034076,52246580.482111804,217727698.49670607,104837524.33152302,48.15075208867331,72.14704692981968,27.970710475389833,46.996768723698146,3281879.3293301812,975728.0
Census principal rebased para 2025,2081,374784045.1114759,52112017.43283639,217377242.01578918,105294785.66285035,48.43873474813995,72.41181350725459,28.094788728674782,47.074478783367894,3273173.7265032693,975401.0
Census principal rebased para 2025,2082,374725615.90442693,51974904.98058385,217084333.50959373,105666377.41424936,48.675266292111125,72.61753063717353,28.19833310813728,47.14969236948419,3265050.9793538186,974871.0
Census principal rebased para 2025,2083,374638514.3769532,51836878.02175425,216821989.1737025,105979647.18149649,48.878643529366876,72.7862177654035,28.28850828584646,47.22220066878819,3257514.319346114,974165.0
Census principal rebased para 2025,2084,374525113.3192837,51699505.954362124,216604302.40413406,106221304.96078743,49.039332913435295,72.90751345303634,28.361597442528097,47.291764508249734,3250553.8410408064,973285.0
Census principal rebased para 2025,2085,374387218.7906038,51564179.22090046,216415866.83042032,106407172.7392831,49.16791652003127,72.99434846150497,28.42168946979919,47.358138428718874,3244134.30886259,972253.0
Census principal rebased para 2025,2086,374226784.21374434,51432130.36088037,216318232.35861576,106476421.49424821,49.22212073078054,72.99826285254834,28.452378607254598,47.421133123707186,3238225.435529422,971110.0
Census principal rebased para 2025,2087,374045740.49479955,51304365.706198215,216124865.56535476,106616509.22324663,49.33097769400647,73.06927618733005,28.503602014612152,47.48055674697636,3232759.434935624,969859.0
Census principal rebased para 2025,2088,373845536.4258926,51181652.991802305,215949404.49277622,106714478.94131406,49.416426589351296,73.1171879376024,28.545072374421157,47.53619441022243,3227663.5481794067,968487.0
Census principal rebased para 2025,2089,373627540.77108014,51064525.488041915,215822301.01676086,106740714.2662774,49.45768521761237,73.11813422935569,28.568748986220196,47.587915970762204,3222851.1721446607,967005.0
Census principal rebased para 2025,2090,373392859.5849945,50953274.9439861,215687416.64267537,106752167.99833298,49.493924893721065,73.11759090869276,28.589772208547885,47.635639017976146,3218244.254617999,965419.0
Census principal rebased para 2025,2091,373143119.59262884,50847942.505847365,215429273.59147117,106865903.49531034,49.60602694040796,73.20910634468277,28.639387378220707,47.67943592777035,3213741.674737511,963735.0
Census principal rebased para 2025,2092,372880209.45593107,50748348.43179022,215152068.36224443,106979792.6618964,49.7228743726405,73.31007426250952,28.690123516608846,47.71950049621624,3209244.325231342,961941.0
Census principal rebased para 2025,2093,372605960.2004361,50654066.4281242,214856728.4443439,107095165.32796796,49.84492042831681,73.42066171176727,28.74220403515773,47.75618863899431,3204655.083147482,960046.0
Census principal rebased para 2025,2094,372322229.45357,50564532.46286862,214544349.22568768,107213347.76501381,49.972580565257324,73.54091627084041,28.79584920899377,47.78994798327679,3199899.6068627397,958048.0
Census principal rebased para 2025,2095,372030459.1347822,50478993.33179838,214216095.1185451,107335370.68443866,50.10611860189139,73.67063802040838,28.851231948605676,47.82120730833019,3194894.002823688,955948.0
Census principal rebased para 2025,2096,371732009.0638249,50396637.55299263,213873853.44587862,107461518.06495355,50.245280726728474,73.80900146258067,28.90833058352606,47.850347269221885,3189571.488229647,953743.0
Census principal rebased para 2025,2097,371427968.004685,50316507.614452966,213520207.05928865,107591253.33094336,50.38926048861888,73.95448099277542,28.96692295653575,47.87776798771649,3183877.312937925,951433.0
Census principal rebased para 2025,2098,371118757.7241569,50237615.14603709,213158075.31011865,107723067.26800108,50.536704795855066,74.10494872606863,29.02657573241525,47.903812834161094,3177794.5494698193,949015.0
Census principal rebased para 2025,2099,370804772.4653203,50158978.597711004,212790169.90155333,107855623.96605593,50.68637522868419,74.25841270622222,29.0869028596829,47.92883356615109,3171297.7571187722,946488.0
Census principal rebased para 2025,2100,370486533.51793885,50079663.87730518,212418735.80327675,107988133.83735688,50.8373865558478,74.41330310008546,29.147654251278777,47.95324484895788,3164390.747528975,943853.0
NIM 574 mil; fecundidade Census,2025,341784857.0,58899693.0,218268076.0,64617088.0,29.60446125891539,56.58948539959641,18.905778496792795,39.384881493556044,,
NIM 574 mil; fecundidade Census,2026,343036228.08635825,58572183.35876129,218085678.45295596,66378366.27464102,30.43682957336409,57.294248077072076,19.35024957711769,39.60138850232205,3718706.2772055,574000.0
NIM 574 mil; fecundidade Census,2027,344233401.63639283,58292190.82016335,217936373.43974328,68004837.37648624,31.203986880734593,57.95133056647341,19.75544414144867,39.81179389369764,3714546.989593447,574000.0
NIM 574 mil; fecundidade Census,2028,345374271.81047624,58010152.557235435,217810770.25313696,69553349.0001038,31.932924583697016,58.566204696437424,20.138543799310888,40.02327298893732,3709640.2851642747,574000.0
NIM 574 mil; fecundidade Census,2029,346456616.95667374,57719967.86973095,217729402.6440712,71007246.4428716,32.612612527555264,59.12256808192176,20.495277898459488,40.24186933891095,3703927.086434006,574000.0
NIM 574 mil; fecundidade Census,2030,347478445.3504136,57399545.20011031,217802032.34898967,72276867.8013135,33.18466178749998,59.53866068322082,20.800388849566225,40.4706181737364,3697500.652820838,574000.0
NIM 574 mil; fecundidade Census,2031,348438028.1491007,57088284.38729606,218052672.86954632,73297070.89225847,33.61438772003023,59.79534832740149,21.035898774198603,40.69836069005489,3690049.0403603055,574000.0
NIM 574 mil; fecundidade Census,2032,349333441.956126,56843373.39165168,218337541.78502774,74152526.77944656,33.96233472870009,59.99696575318003,21.226861752548626,40.91552900781535,3681035.7643923974,574000.0
NIM 574 mil; fecundidade Census,2033,350161733.93060726,56632939.30369135,218605684.82498914,74923109.80192679,34.27317540342493,60.179610247070656,21.39671544371966,41.11618662445428,3669118.8926791744,574000.0
NIM 574 mil; fecundidade Census,2034,350921317.4244548,56471108.83786445,218747569.42698196,75702639.1596083,34.607305287055034,60.42295616984783,21.57253931314826,41.30252400882173,3655149.309378317,574000.0
NIM 574 mil; fecundidade Census,2035,351611102.68708616,56339634.24489628,218726817.9848592,76544650.4573307,34.99554885977874,60.75353993008098,21.769690966058906,41.47875049662888,3639542.993440189,574000.0
NIM 574 mil; fecundidade Census,2036,352230660.9864526,56303148.41454172,218587427.64843217,77340084.92347875,35.38176269125123,61.13948765295287,21.95722675217459,41.64706823128783,3622229.7777684205,574000.0
NIM 574 mil; fecundidade Census,2037,352779710.04977036,56160400.48872286,218779695.26234022,77839614.29870738,35.57899383915375,61.24883510179038,22.064651702255134,41.80908788701573,3602909.8539743135,574000.0
NIM 574 mil; fecundidade Census,2038,353258737.62276894,56043942.05343634,219085901.93130407,78128893.63802838,35.66130588472382,61.24211302904172,22.116620289080902,41.96593623025326,3581964.755818146,574000.0
NIM 574 mil; fecundidade Census,2039,353669071.57826596,55976426.11501849,219391768.74829355,78300876.71495397,35.68997923745624,61.20434854783806,22.139588391354774,42.125876153028614,3559655.8942927714,574000.0
NIM 574 mil; fecundidade Census,2040,354012230.4173964,55897327.840820566,219615449.76956552,78499452.80701043,35.74404846716251,61.19641436376568,22.174220567028442,42.3014057739533,3535841.1594008603,574000.0
NIM 574 mil; fecundidade Census,2041,354290606.8808924,55693699.11240052,219989684.1453535,78607223.62313843,35.73223168555503,61.04873656112097,22.18721639706499,42.493967247374755,3511026.6801323057,574000.0
NIM 574 mil; fecundidade Census,2042,354507232.4384946,55468748.56095508,220259803.80873117,78778680.06880847,35.76625362711127,60.94958149801182,22.22202337789433,42.70356795193452,3485665.731761438,574000.0
NIM 574 mil; fecundidade Census,2043,354665418.68021536,55222966.905307114,220492061.82647842,78950389.94842988,35.806454570034276,60.851785657176166,22.260526623153982,42.92694886849538,3460104.283097739,574000.0
NIM 574 mil; fecundidade Census,2044,354769787.5143259,54957284.55095127,220634944.9881303,79177557.9752444,35.88622735147599,60.794921916567596,22.318010372302954,43.147289687914736,3434673.3993092766,574000.0
NIM 574 mil; fecundidade Census,2045,354825754.0745798,54673266.8560989,220595052.23800486,79557434.980476,36.06492265957068,60.849371041989855,22.421550315018585,43.3334827465098,3410102.905542935,574000.0
NIM 574 mil; fecundidade Census,2046,354839361.97988516,54373334.91489688,220543224.77337655,79922802.29161166,36.23906486981764,60.893340679364385,22.523657422240053,43.50556476782432,3386946.164444241,574000.0
NIM 574 mil; fecundidade Census,2047,354814730.2285205,54060355.44559877,220450128.55626786,80304246.22665381,36.4273982295079,60.950112640990035,22.63272614835731,43.67622543959286,3365026.9636992915,574000.0
NIM 574 mil; fecundidade Census,2048,354756864.5238285,53738380.257886454,220315313.171317,80703171.09462507,36.630758857815,61.02233631303235,22.74886807418052,43.85107845781941,3344090.768562658,574000.0
NIM 574 mil; fecundidade Census,2049,354671214.1554698,53410463.08247184,220208292.34490326,81052458.72809462,36.807178269719955,61.061697712982884,22.852843843302537,44.02496308074876,3324195.8501468445,574000.0
NIM 574 mil; fecundidade Census,2050,354562884.33100307,53079229.011536226,219972930.77523345,81510724.54423344,37.054888643330585,61.184779909711985,22.98907419427999,44.202881165877166,3305310.0254425434,574000.0
NIM 574 mil; fecundidade Census,2051,354436372.1158903,52747450.00691368,219702018.54338792,81986903.56558871,37.31731920769654,61.325951607447024,23.131628132899802,44.38929220857454,3287476.2051451164,574000.0
NIM 574 mil; fecundidade Census,2052,354295943.39005286,52418365.35376597,219428972.05446646,82448605.9818204,37.57416589517408,61.462700240927994,23.27111205195222,44.579832936362685,3270888.8883154085,574000.0
NIM 574 mil; fecundidade Census,2053,354145216.94611704,52095026.118570685,219081056.01189658,82969134.81564987,37.87143275918136,61.650314907595785,23.427998133396667,44.76631943556925,3255724.568880976,574000.0
NIM 574 mil; fecundidade Census,2054,353987551.23210895,51780179.390937604,218636670.97863448,83570700.86253686,38.22355165236829,61.90676049339462,23.60837282883423,44.9386024867868,3242005.5236630235,574000.0
NIM 574 mil; fecundidade Census,2055,353825586.37798136,51476595.808735974,218039086.70819715,84309903.86104822,38.66733489572932,62.276219241143664,23.82809697967474,45.10242715616159,3229548.989974145,574000.0
NIM 574 mil; fecundidade Census,2056,353661652.5651695,51186371.893718064,217438345.2524566,85036935.41899483,39.10852767034387,62.649164826264176,24.044714715945915,45.25575337387873,3218235.718235158,574000.0
NIM 574 mil; fecundidade Census,2057,353497363.1357381,50911315.423488386,216876811.3821554,85709236.33009426,39.51977889377362,62.99454094833846,24.246075153093322,45.40334578951598,3208205.633489937,574000.0
NIM 574 mil; fecundidade Census,2058,353333985.3454939,50652691.63585219,216341118.85507065,86340174.85457113,39.909276290842975,63.322620875505585,24.435853451840117,45.550379839411264,3199284.91795617,574000.0
NIM 574 mil; fecundidade Census,2059,353171627.57340413,50410907.08286956,215804455.48547447,86956265.00506009,40.294008207311094,63.65353846791902,24.62153191708099,45.69965603186588,3190913.036932695,574000.0
NIM 574 mil; fecundidade Census,2060,353009325.0132715,50185248.0673335,215252119.17298585,87571957.77295217,40.68343582837184,63.99807182830941,24.807264728675335,45.85208835449966,3182650.6506553274,574000.0
NIM 574 mil; fecundidade Census,2061,352845572.3421888,49974194.57273653,214683289.09549206,88188088.67396021,41.07822692931342,64.35632872442231,24.993395294311817,46.01004127371351,3174274.4170383033,574000.0
NIM 574 mil; fecundidade Census,2062,352678385.9560763,49776279.72099414,214056285.52016285,88845820.71491931,41.50582193791762,64.75964959359068,25.191739628179104,46.16704478900122,3165631.953211177,574000.0
NIM 574 mil; fecundidade Census,2063,352504840.85234565,49589820.20409999,213293540.3801806,89621480.26806507,42.01790645338867,65.26747140303958,25.424184261232597,46.314629970632,3156291.0526914457,574000.0
NIM 574 mil; fecundidade Census,2064,352321784.1811019,49412917.50879312,212369432.7501718,90539433.92213696,42.632987596028556,65.90042155245943,25.69793807458624,46.45541354063883,3146099.9898988768,574000.0
NIM 574 mil; fecundidade Census,2065,352125917.8407221,49243609.88644108,211280635.58151814,91601672.37276289,43.355450971946894,66.66265551102141,26.013896657898748,46.58859127417538,3134918.7992342487,574000.0
NIM 574 mil; fecundidade Census,2066,351913955.3386763,49079806.90495078,210188461.07205594,92645687.36166961,44.07743740504823,67.42781860800373,26.326232863516,46.71359994414846,3122721.2135138134,574000.0
NIM 574 mil; fecundidade Census,2067,351682443.5982637,48919318.534284145,209313643.58524972,93449481.47872984,44.645671384851475,68.01697088371104,26.572120155500198,46.82908212223191,3109571.775812862,574000.0
NIM 574 mil; fecundidade Census,2068,351427573.02054334,48759798.67690982,208477258.96850672,94190515.37512684,45.1802349288157,68.56878047961634,26.802255316949978,46.92819072714692,3095496.3928627246,574000.0
NIM 574 mil; fecundidade Census,2069,351145391.0105937,48598947.79813929,207589484.6239357,94956958.58851865,45.74266310287368,69.15374670673734,27.042063207844837,47.04391332175011,3080564.3874233635,574000.0
NIM 574 mil; fecundidade Census,2070,350832176.5845996,48434809.879450984,206700097.3772355,95697269.32791315,46.29764114395264,69.73004901120953,27.277221336862393,47.152505389439874,3064922.0077751866,574000.0
NIM 574 mil; fecundidade Census,2071,350484963.5644785,48265652.88100948,205782834.49464172,96436476.18882729,46.86322667566247,70.31788119023338,27.515153633997745,47.24849926090624,3048692.5513507817,574000.0
NIM 574 mil; fecundidade Census,2072,350102271.7409756,48089783.43175643,204803879.56158036,97208608.74763872,47.46424186677092,70.9451366304352,27.765774916067624,47.34003835660157,3032053.3292924804,574000.0
NIM 574 mil; fecundidade Census,2073,349683204.52922004,47905874.117073774,203812737.28285095,97964593.12929529,48.06598176115961,71.57082976807789,28.015241184141352,47.4436442087782,3015157.3760640956,574000.0
NIM 574 mil; fecundidade Census,2074,349227332.9821383,47713322.17702176,202928547.2479498,98585463.55716683,48.58136762626572,72.09374320086779,28.22959552315715,47.55436428338704,2998168.1973907566,574000.0
NIM 574 mil; fecundidade Census,2075,348733809.4234135,47512023.72809981,202094655.8187516,99127129.87656206,49.04985214723547,72.55963944745528,28.424869398368923,47.66403326481582,2981223.0139220995,574000.0
NIM 574 mil; fecundidade Census,2076,348202346.40835994,47302310.991687134,201325188.89215016,99574846.52452263,49.459705997278284,72.9551817755362,28.596833867323976,47.77244966256946,2964466.616421915,574000.0
NIM 574 mil; fecundidade Census,2077,347632813.16774035,47084782.545567155,200589009.75255966,99959020.86961344,49.83275055443953,73.30601192785649,28.75419611824188,47.87938336904443,2948021.577859591,574000.0
NIM 574 mil; fecundidade Census,2078,347025452.60604596,46860558.79216943,199841570.98341152,100323322.83046497,50.201428229761376,73.65028252047311,28.909499887420395,47.984661776527425,2931993.3368326467,574000.0
NIM 574 mil; fecundidade Census,2079,346381026.33110386,46631005.07675598,199078248.23411176,100671773.02023612,50.568946589206604,73.99240218537949,29.063882074188577,48.08796506975002,2916469.5221692766,574000.0
NIM 574 mil; fecundidade Census,2080,345700349.3992232,46397674.98163449,198278574.85817972,101024099.55940896,50.9505878946665,74.35083424746622,29.223025008500606,48.18898836116331,2901517.134555338,574000.0
NIM 574 mil; fecundidade Census,2081,344985435.8336358,46162229.133205086,197478692.6304515,101344514.06997927,51.31921460490356,74.69501708684018,29.376461596150158,48.28731268364552,2887167.21254193,574000.0
NIM 574 mil; fecundidade Census,2082,344238809.04380035,45926255.53700487,196732747.33428866,101579806.17250682,51.633399903627755,74.97788939981055,29.508528237901842,48.38267176502778,2873455.3017381,574000.0
NIM 574 mil; fecundidade Census,2083,343462704.19641477,45691337.760255866,196013847.6183118,101757518.81784709,51.913433695763445,75.22369382046054,29.626948595750697,48.474853987220065,2860376.773979149,574000.0
NIM 574 mil; fecundidade Census,2084,342659837.8935804,45458970.46511147,195336407.2578502,101864460.17061868,52.14822039608541,75.42036464367781,29.727574960872612,48.56368849797401,2847912.8372355765,574000.0
NIM 574 mil; fecundidade Census,2085,341832301.38036615,45230427.22139459,194685326.58647063,101916547.57250085,52.34937288775794,75.58195441531608,29.814779691956474,48.64889607381009,2836022.5811847188,574000.0
NIM 574 mil; fecundidade Census,2086,340982311.63567334,45006831.32193255,194122389.39099643,101853090.92274436,52.468492296163966,75.65326323532695,29.87049106276531,48.73022686041634,2824662.797473854,574000.0
NIM 574 mil; fecundidade Census,2087,340112011.7162862,44789072.179277085,193461318.10558453,101861621.43142451,52.652190333900215,75.80362578252708,29.949433693154948,48.807471061059736,2813765.9497848875,574000.0
NIM 574 mil; fecundidade Census,2088,339223058.1983763,44577806.63954129,192815913.80084708,101829337.75798798,52.81168745395362,75.93104817517717,30.018400959771604,48.880398768439015,2803262.1232543415,574000.0
NIM 574 mil; fecundidade Census,2089,338317073.81086373,44373446.42882178,192219686.17844003,101723941.20360193,52.920667610064804,76.00542407336968,30.06763449972103,48.948758247827534,2793068.614416479,574000.0
NIM 574 mil; fecundidade Census,2090,337395370.9557137,44176189.28395778,191617268.42640224,101601913.2453537,53.02335957491102,76.07774796419406,30.113606169982074,49.01228668624555,2783105.990722131,574000.0
NIM 574 mil; fecundidade Census,2091,336459792.0227539,43985997.014100805,190903663.34116137,101570131.66749161,53.20491492401431,76.24585413087176,30.187895872153035,49.07078417320595,2773284.0105584953,574000.0
NIM 574 mil; fecundidade Census,2092,335512452.6304237,43802614.880116165,190177235.95505178,101532601.79525584,53.388409651328075,76.42093226642639,30.261947358209326,49.12458262824189,2763513.9871019046,574000.0
NIM 574 mil; fecundidade Census,2093,334555376.9883659,43625602.19463285,189439218.9015486,101490555.8921845,53.57420521509279,76.60301754212475,30.335951197614083,49.173865469997985,2753712.5712812273,574000.0
NIM 574 mil; fecundidade Census,2094,333590691.63934803,43454360.71456395,188691118.65656683,101445212.2682173,53.76257928326549,76.7919412500332,30.410084816722605,49.21897995036555,2743811.584312101,574000.0
NIM 574 mil; fecundidade Census,2095,332620043.8754741,43288114.00278192,187934149.1210239,101397780.75166827,53.95388822409874,76.98754879363456,30.48456718670552,49.26036449052417,2733742.605855323,574000.0
NIM 574 mil; fecundidade Census,2096,331645038.2313107,43126068.01727618,187170199.87504405,101348770.33899046,54.147920131864744,77.18901751065016,30.55941101350151,49.29845569483041,2723452.1161407195,574000.0
NIM 574 mil; fecundidade Census,2097,330667058.97288036,42967331.23304553,186401607.35640875,101298120.38342609,54.34401656727094,77.39496116073141,30.634475867683587,49.33365699172827,2712901.6385285165,574000.0
NIM 574 mil; fecundidade Census,2098,329686747.90026265,42810995.71803058,185631822.11723325,101243930.06499884,54.54018007810084,77.60249516489338,30.709129411421568,49.36630541453064,2702079.0771047333,574000.0
NIM 574 mil; fecundidade Census,2099,328704814.1587056,42656191.94019416,184863714.0780828,101184908.14042863,54.73486705870798,77.80926657130081,30.782910314046827,49.39672839851204,2690973.8604446095,574000.0
NIM 574 mil; fecundidade Census,2100,327722024.1537903,42502024.4044211,184099489.495588,101120510.25378111,54.92709976048276,78.01354314002276,30.855573565702205,49.42529472861515,2679597.4041676978,574000.0
NIM 574 mil; fecundidade CBO,2025,341784857.0,58899693.0,218268076.0,64617088.0,29.60446125891539,56.58948539959641,18.905778496792795,39.384881493556044,,
NIM 574 mil; fecundidade CBO,2026,342927579.248088,58463534.520491034,218085678.45295596,66378366.27464102,30.43682957336409,57.24442874045127,19.35638026553127,39.61337389829415,3609543.36495864,574000.0
NIM 574 mil; fecundidade CBO,2027,344002554.06873584,58061343.25250634,217936373.43974328,68004837.37648624,31.203986880734593,57.84540627122454,19.768701299496183,39.836929506899125,3591688.8116084686,574000.0
NIM 574 mil; fecundidade CBO,2028,345002788.28642714,57638669.033186406,217810770.25313696,69553349.0001038,31.932924583697016,58.39565136538897,20.16022807976828,40.063744827159404,3568227.1537540318,574000.0
NIM 574 mil; fecundidade CBO,2029,345932147.9266106,57195498.8396678,217729402.6440712,71007246.4428716,32.612612527555264,58.88168695898013,20.526350866336877,40.29799571039596,3550067.085171255,574000.0
NIM 574 mil; fecundidade CBO,2030,346796209.5837248,56717309.4334215,217802032.34898967,72276867.8013135,33.18466178749998,59.225424043814435,20.84130846991399,40.54142624215176,3538814.1210114867,574000.0
NIM 574 mil; fecundidade CBO,2031,347591613.4665775,56241869.70477276,218052672.86954632,73297070.89225847,33.61438772003023,59.407178500641486,21.0871229490427,40.78665147205771,3524904.9725076146,574000.0
NIM 574 mil; fecundidade CBO,2032,348325168.0450689,55835099.480594605,218337541.78502774,74152526.77944656,33.96233472870009,59.53516980970009,21.28830575051991,41.02199316125027,3518205.728829569,574000.0
NIM 574 mil; fecundidade CBO,2033,348990000.16905373,55461205.54213787,218605684.82498914,74923109.80192679,34.27317540342493,59.643606911891354,21.468554905766183,41.24035448657954,3504663.60797907,574000.0
NIM 574 mil; fecundidade CBO,2034,349583841.1670517,55133632.580461316,218747569.42698196,75702639.1596083,34.607305287055034,59.81153165852333,21.655073903554126,41.44605918128994,3488391.21928458,574000.0
NIM 574 mil; fecundidade CBO,2035,350106318.89613867,54834850.453948736,218726817.9848592,76544650.4573307,34.99554885977874,60.065565860503604,21.86325876627156,41.64127189530989,3471211.0399877653,574000.0
NIM 574 mil; fecundidade CBO,2036,350557777.60412014,54630265.03220929,218587427.64843217,77340084.92347875,35.38176269125123,60.37417219070083,22.06200799538894,41.828273758392875,3453084.2974073756,574000.0
NIM 574 mil; fecundidade CBO,2037,350943739.88666606,54324430.32561857,218779695.26234022,77839614.29870738,35.57899383915375,60.40964837520555,22.180083429852587,42.00838385256565,3438789.5934204073,574000.0
NIM 574 mil; fecundidade CBO,2038,351266293.2828314,54051497.713498875,219085901.93130407,78128893.63802838,35.66130588472382,60.33267781555992,22.24206965828083,42.18201024909311,3424472.1193633243,574000.0
NIM 574 mil; fecundidade CBO,2039,351524463.7843699,53831818.321122386,219391768.74829355,78300876.71495397,35.68997923745624,60.22682427419197,22.274659314460926,42.35685976985486,3406483.4374079197,574000.0
NIM 574 mil; fecundidade CBO,2040,351720240.35267866,53605337.776102714,219615449.76956552,78499452.80701043,35.74404846716251,60.15277646528324,22.318719198047024,42.54185699193052,3387460.2988641383,574000.0
NIM 574 mil; fecundidade CBO,2041,351855030.1038915,53366471.89284821,219881334.58790487,78607223.62313843,35.749839235086405,60.02041772364528,22.34079859535566,42.741515960894816,3366434.5494190725,574000.0
NIM 574 mil; fecundidade CBO,2042,351929305.2212628,53121092.7409989,220029532.41145548,78778680.06880847,35.803684716964376,59.94639508807146,22.38480254415847,42.95730537313578,3342292.9806592837,574000.0
NIM 574 mil; fecundidade CBO,2043,351947575.85630995,52875712.8845448,220121473.02333528,78950389.94842988,35.866737062976256,59.88788872905628,22.432428965120376,43.19472736812535,3319158.753996385,574000.0
NIM 574 mil; fecundidade CBO,2044,351913734.1164502,52624459.71620754,220111716.42499825,79177557.9752444,35.97153266587864,59.879601064472496,22.49913836811044,43.429259681956125,3295399.442800317,574000.0
NIM 574 mil; fecundidade CBO,2045,351834111.88962907,52362249.06440324,219914427.84474984,79557434.980476,36.1765418304615,59.986825483778134,22.612200549056855,43.64440197993105,3273435.8637293666,574000.0
NIM 574 mil; fecundidade CBO,2046,351714610.82633716,52092969.77398309,219698838.7607424,79922802.29161166,36.378345348766096,60.08942642130361,22.72376518673385,43.83431115787032,3252726.540348547,574000.0
NIM 574 mil; fecundidade CBO,2047,351559232.2315483,51810673.65990271,219444312.34499183,80304246.22665381,36.59436208144062,60.20430353139278,22.842309023408845,44.015949800393734,3233131.665352126,574000.0
NIM 574 mil; fecundidade CBO,2048,351370930.0920399,51521237.46988802,219146521.5275268,80703171.09462507,36.82612460927792,60.336074532629304,22.96808420477052,44.2046579051984,3212463.385759848,574000.0
NIM 574 mil; fecundidade CBO,2049,351154376.80929345,51227615.12186608,218874302.9593328,81052458.72809462,37.031509698584536,60.43654831172144,23.08171678353107,44.392728525800855,3192039.1829866236,574000.0
NIM 574 mil; fecundidade CBO,2050,350915968.64899886,50933023.67348134,218472220.43128413,81510724.54423344,37.309422856289835,60.622695167494854,23.22798955489083,44.582792160457636,3173927.8485739217,574000.0
NIM 574 mil; fecundidade CBO,2051,350656835.6879079,50636073.60318778,218033858.51913142,81986903.56558871,37.60283110267241,60.82678078970906,23.38095118115958,44.778454357170595,3153479.758193407,574000.0
NIM 574 mil; fecundidade CBO,2052,350378614.0673139,50331589.19053935,217598418.89495417,82448605.9818204,37.89025968135483,61.02075366478629,23.531289488456213,44.982816318286716,3131628.2923663044,574000.0
NIM 574 mil; fecundidade CBO,2053,350087041.182276,50023147.88830984,217094758.4783164,82969134.81564987,38.21793552143125,61.2600155048161,23.699573264824515,45.18975234455477,3113324.1022990267,574000.0
NIM 574 mil; fecundidade CBO,2054,349784080.97887975,49714411.583648615,216498968.53269428,83570700.86253686,38.60096952374928,61.56385563844274,23.892082403710912,45.38312238706832,3095090.4422091525,574000.0
NIM 574 mil; fecundidade CBO,2055,349471644.94527704,49406959.79981529,215754781.28441352,84309903.86104822,39.07672560447628,61.97631536359535,24.1249626630653,45.56814059182268,3077384.727160383,574000.0
NIM 574 mil; fecundidade CBO,2056,349151420.0112005,49103222.21612096,215011262.3760847,85036935.41899483,39.549991232670116,62.38750293949065,24.355317075974348,45.74627498692643,3060170.8365164995,574000.0
NIM 574 mil; fecundidade CBO,2057,348825498.2067321,48808031.83043298,214308230.04620478,85709236.33009426,39.99344136789118,62.76812987141248,24.57080596765851,45.91641122461132,3044714.3151159408,574000.0
NIM 574 mil; fecundidade CBO,2058,348494312.8365141,48520642.82696198,213633495.15498102,86340174.85457113,40.41509258271294,63.12718779594835,24.775203403412522,46.081682652684385,3029537.201581752,574000.0
NIM 574 mil; fecundidade CBO,2059,348158621.4982024,48242877.04945714,212959479.44368523,86956265.00506009,40.83230539077962,63.48585299311325,24.976048167604855,46.24957267586819,3015560.5034218794,574000.0
NIM 574 mil; fecundidade CBO,2060,347817555.92857325,47973151.492093496,212272446.6635276,87571957.77295217,41.254510017384504,63.854311473545984,25.17755538220609,46.42041252133316,3001792.894907606,574000.0
NIM 574 mil; fecundidade CBO,2061,347470057.1245004,47710547.17028784,211571421.28025243,88188088.67396021,41.68242012097854,64.23298336888021,25.380054155964853,46.59593749103222,2988330.338687345,574000.0
NIM 574 mil; fecundidade CBO,2062,347115315.06754297,47454936.07350074,210814558.27912298,88845820.71491931,42.14406321848302,64.65433786975704,25.595477024006094,46.774983269850765,2975825.6947120856,574000.0
NIM 574 mil; fecundidade CBO,2063,346752196.98490864,47208447.234296195,209922269.48254743,89621480.26806507,42.69269786811067,65.18123486357271,25.845973305243565,46.95300427227375,2964394.958232445,574000.0
NIM 574 mil; fecundidade CBO,2064,346378060.57453465,46970480.191930875,208868146.46046686,90539433.92213696,43.347650398800106,65.83575161859102,26.138905498795125,47.1202078031631,2952648.6832741583,574000.0
NIM 574 mil; fecundidade CBO,2065,345990443.1829246,46738599.70618015,207650171.10398164,91601672.37276289,44.113458652963494,66.62179537028582,26.4752030518754,47.281506786702955,2940728.246891424,574000.0
NIM 574 mil; fecundidade CBO,2066,345587400.289537,46515445.932031415,206426266.99583602,92645687.36166961,44.88076479314449,67.41445035989928,26.808178563237554,47.434835388159726,2929136.5251370594,574000.0
NIM 574 mil; fecundidade CBO,2067,345165907.25351304,46301870.10012934,205414555.6746539,93449481.47872984,45.49311570049589,68.0338114890965,27.0737866964637,47.58072112893918,2917026.0644912026,574000.0
NIM 574 mil; fecundidade CBO,2068,344722654.904852,46093920.884579815,204438218.64514536,94190515.37512684,46.07285076114779,68.61947692041186,27.32356404052547,47.71538683885525,2904488.5930258622,574000.0
NIM 574 mil; fecundidade CBO,2069,344255799.29503715,45892766.42593075,203406074.2805877,94956958.58851865,46.68344292291422,69.24558448542437,27.583256050579354,47.83822015892345,2893196.4002653207,574000.0
NIM 574 mil; fecundidade CBO,2070,343761507.0371345,45697054.56698936,202367183.142232,95697269.32791315,47.28892691096716,69.87018433493971,27.83827373597578,47.974491568844314,2881094.807395103,574000.0
NIM 574 mil; fecundidade CBO,2071,343237120.64600486,45506011.25313829,201294633.20403928,96436476.18882729,47.9081208742788,70.51478977985852,28.09616745628348,48.10310232003143,2868692.1883961996,574000.0
NIM 574 mil; fecundidade CBO,2072,342680723.71627384,45317029.43487144,200155085.5337636,97208608.74763872,48.56664445392814,71.20760274585575,28.367107345122694,48.2185576720624,2855436.263083784,574000.0
NIM 574 mil; fecundidade CBO,2073,342091747.7881313,45129909.246664725,198997245.41217127,97964593.12929529,49.229120195300695,71.90778047182353,28.636935489589185,48.329833919360325,2842235.9228839674,574000.0
NIM 574 mil; fecundidade CBO,2074,341469023.4512957,44942641.5565064,197940918.33762255,98585463.55716683,49.80549973452797,72.51057857014747,28.87098295498193,48.43883803180305,2828208.1022556922,574000.0
NIM 574 mil; fecundidade CBO,2075,340811866.23266035,44755210.57219835,196929525.78389987,99127129.87656206,50.33634721963377,73.06285833778392,29.085586418194556,48.54466400037688,2814368.0614119535,574000.0
NIM 574 mil; fecundidade CBO,2076,340119688.1921249,44567198.51550047,195977643.15210176,99574846.52452263,50.80928871424421,73.55024926396929,29.276413563061762,48.64607563936464,2800381.6141156903,574000.0
NIM 574 mil; fecundidade CBO,2077,339392333.1159351,44377980.035056,195055332.21126556,99959020.86961344,51.24649489784122,73.99797753200471,29.45235089782297,48.74265089598162,2786727.050949282,574000.0
NIM 574 mil; fecundidade CBO,2078,338629267.39126027,44186075.92875134,194119868.63204387,100323322.83046497,51.68112029821575,74.44338375951372,29.626300054728887,48.83530572514025,2772641.372660311,574000.0
NIM 574 mil; fecundidade CBO,2079,337831502.3746586,43992580.86784513,193167148.4865773,100671773.02023612,52.11640478672363,74.8907643051601,29.799403641342508,48.92494553237173,2759327.4080587677,574000.0
NIM 574 mil; fecundidade CBO,2080,336999007.5351224,43797337.272996426,192177570.70271698,101024099.55940896,52.56810104842308,75.3581369058059,29.977565897988626,49.01110384995619,2745667.225926344,574000.0
NIM 574 mil; fecundidade CBO,2081,336133112.56096894,43599969.82965623,191188628.66133353,101344514.06997927,53.00760551481242,75.81229329092909,30.150113238723858,49.095299486594534,2731934.0882703788,574000.0
NIM 574 mil; fecundidade CBO,2082,335236608.7016717,43401964.588649705,190254837.94051522,101579806.17250682,53.391444481567724,76.20398636406097,30.300928817384342,49.17626884204042,2719142.447870419,574000.0
NIM 574 mil; fecundidade CBO,2083,334311067.3488272,43203616.68723322,189349931.84374687,101757518.81784709,53.74045706117192,76.55726838322997,30.437974915042567,49.25367656070441,2706207.328302183,574000.0
NIM 574 mil; fecundidade CBO,2084,333359263.5187754,43004401.878955595,188490401.46920112,101864460.17061868,54.042253280076494,76.85742134367808,30.55696100818914,49.32741814472784,2693949.8583050077,574000.0
NIM 574 mil; fecundidade CBO,2085,332382696.7239306,42805073.049816154,187661076.1016136,101916547.57250085,54.30883680818056,77.11861384827294,30.662410702188385,49.397447252550855,2681641.716509288,574000.0
NIM 574 mil; fecundidade CBO,2086,331383396.18490887,42606275.580282226,186924029.6818823,101853090.92274436,54.48903016700615,77.2823947508919,30.735725475488604,49.464296599729344,2669663.918316824,574000.0
NIM 574 mil; fecundidade CBO,2087,330363187.1809897,42409016.79154217,186092548.95802295,101861621.43142451,54.73707679419316,77.52628411549671,30.83322397408025,49.52839408551494,2657833.2799946223,574000.0
NIM 574 mil; fecundidade CBO,2088,329323237.8762194,42213098.24971743,185280801.86851406,101829337.75798798,54.959465163720495,77.74277451040297,30.920787252875826,49.58950127354604,2645848.7919066097,574000.0
NIM 574 mil; fecundidade CBO,2089,328266586.5407183,42021053.65052551,184521591.68659094,101723941.20360193,55.128475900196854,77.90144965705566,30.98821061125088,49.647000060908816,2635560.840078238,574000.0
NIM 574 mil; fecundidade CBO,2090,327194288.384242,41832657.06544989,183759718.07343838,101601913.2453537,55.29063404676598,78.05550194274944,31.052471529098657,49.70067751498878,2625239.4857940967,574000.0
NIM 574 mil; fecundidade CBO,2091,326107964.75340813,41647926.97338854,182991742.16315833,101468295.61686125,55.44965822905304,78.20911528491001,31.11493940161448,49.75021293968979,2614780.7380116316,574000.0
NIM 574 mil; fecundidade CBO,2092,325009962.6069103,41466782.8084682,182226682.721057,101316497.07738513,55.59915571336777,78.35475999111416,31.173351199675178,49.795283172233944,2604560.3545447974,574000.0
NIM 574 mil; fecundidade CBO,2093,323903187.292719,41290411.87937805,181469481.00076115,101143294.41257982,55.735704899137055,78.48906907457372,31.226396769345225,49.83610818573029,2595103.804451351,574000.0
NIM 574 mil; fecundidade CBO,2094,322790143.94610065,41118288.64026488,180716078.92948037,100955776.37635535,55.864302155288925,78.6172795792348,31.275978610181138,49.87279339543756,2585871.9213250615,574000.0
NIM 574 mil; fecundidade CBO,2095,321672410.3979084,40950359.74117888,179959716.13131577,100762334.52541369,55.99160561683031,78.74689809089578,31.324518755205272,49.90594260187745,2576266.438691648,574000.0
NIM 574 mil; fecundidade CBO,2096,320552615.43989235,40787467.85813874,179203025.16908833,100562122.41266519,56.11630848183454,78.87678801037677,31.371487103502314,49.93589824848304,2567429.449320385,574000.0
NIM 574 mil; fecundidade CBO,2097,319432972.6263644,40629160.60704272,178440405.37100035,100363406.6483213,56.24477619833523,79.01381246148961,31.41923822801936,49.962989254039776,2559084.7679523416,574000.0
NIM 574 mil; fecundidade CBO,2098,318313849.5938944,40474867.09486467,177678395.721191,100160586.77783877,56.371843279702134,79.15169050343378,31.46598456385856,49.98715867195232,2550008.339958655,574000.0
NIM 574 mil; fecundidade CBO,2099,317196351.10763586,40323967.65165082,176920388.71986452,99951994.7361205,56.495464123348924,79.28761823482317,31.51107961585702,50.00849602524945,2540985.4929210925,574000.0
NIM 574 mil; fecundidade CBO,2100,316081939.7843945,40176718.27024784,176167366.24091935,99737855.27322732,56.61539784663061,79.42139144666194,31.55443026617098,50.02764761828919,2532200.1927455096,574000.0
Entrada estrangeira zero; fecundidade Census,2025,341784857.0,58899693.0,218268076.0,64617088.0,29.60446125891539,56.58948539959641,18.905778496792795,39.384881493556044,,
Entrada estrangeira zero; fecundidade Census,2026,341855751.6728822,58349175.67058218,217199850.94329998,66306725.059,30.527979080570073,57.392258875041136,19.396112171442454,39.662237025958056,3677471.617436628,-563091.0
Entrada estrangeira zero; fecundidade Census,2027,341877000.8735446,57831544.442092165,216183813.32612562,67861643.10532682,31.39071425433395,58.14181256845702,19.84972458864756,39.93275548695192,3643509.246707949,-531397.0
Entrada estrangeira zero; fecundidade Census,2028,341842949.86630785,57295519.91868066,215208814.74497613,69338615.202651,32.21922637547059,58.842448099253716,20.283763415266804,40.20619513570269,3609316.225802298,-503697.0
Entrada estrangeira zero; fecundidade Census,2029,341750323.9477924,56734825.72450539,214294394.89277893,70721103.33050817,33.0018446660227,59.47702417451724,20.693792624264464,40.48337494135605,3575026.298241612,-477741.0
Entrada estrangeira zero; fecundidade Census,2030,341594416.76123005,56127427.212675385,213547528.08401728,71919461.46453747,33.67843313842611,59.961775172988474,21.054050633037196,40.76603352195348,3540775.1552176685,-455214.0
Entrada estrangeira zero; fecundidade Census,2031,341370006.95932096,55512776.350087516,212988693.28864396,72868537.32058953,34.21239700355244,60.27611686254804,21.34591084016143,41.05800852495042,3506241.886058026,-436885.0
Entrada estrangeira zero; fecundidade Census,2032,341070874.85731727,54947925.89063119,212469948.54401213,73653000.42267397,34.66513778884693,60.52664256501484,21.594632040477155,41.34088724831558,3470839.257941044,-423481.0
Entrada estrangeira zero; fecundidade Census,2033,340692574.0251456,54404107.59574262,211939077.67615485,74349388.75324813,35.0805474707476,60.75023905960724,21.823014183972383,41.61186453156384,3434271.225358608,-413368.0
Entrada estrangeira zero; fecundidade Census,2034,340234531.5053956,53896545.20852715,211286357.2478474,75051629.04902105,35.521284964453464,61.03005226517621,22.05879242090712,41.87024469627747,3396911.283254234,-403600.0
Entrada estrangeira zero; fecundidade Census,2035,339696714.45349294,53408103.36155236,210475376.40716115,75813234.68477945,36.02000194935867,61.39499083083014,22.31791814847207,42.114764399369605,3359219.077045672,-394153.0
Entrada estrangeira zero; fecundidade Census,2036,339079885.87096095,53004559.210731626,209550249.09043548,76525077.56979384,36.51872422101868,61.81316287752272,22.56845090449156,42.34917589558867,3321160.530083605,-384985.0
Entrada estrangeira zero; fecundidade Census,2037,338384896.9961262,52485624.524325535,208961455.15350756,76937817.31829311,36.819143158135525,61.93651443877121,22.736776375446183,42.576146571180786,3282432.1075230124,-376084.0
Entrada estrangeira zero; fecundidade Census,2038,337613449.42302865,51984615.07391981,208491751.95255262,77137082.39655624,36.997666178233594,61.93132162842626,22.84775163086104,42.796404961941256,3243401.1586484886,-367404.0
Entrada estrangeira zero; fecundidade Census,2039,336768116.2976487,51529742.70117125,208022595.56176797,77215778.03470954,37.118937885659605,61.890161685658086,22.92847045130105,43.01036064654894,3204297.9830238135,-358901.0
Entrada estrangeira zero; fecundidade Census,2040,335851629.6578635,51063357.39038063,207470510.38681808,77317761.88066474,37.26686830649317,61.87921311403986,23.02140440986675,43.22576965518867,3164945.762461521,-350546.0
Entrada estrangeira zero; fecundidade Census,2041,334866426.6456088,50516492.38057489,207024476.78569934,77325457.47933453,37.35087690108146,61.752094170122966,23.091433278012236,43.45269490619697,3125664.6372829266,-343317.0
Entrada estrangeira zero; fecundidade Census,2042,333816607.5812882,49964581.702346906,206458824.80685717,77393201.07208408,37.4860222828865,61.68677114847213,23.184347127857603,43.69297700432499,3086912.712598997,-336236.0
Entrada estrangeira zero; fecundidade Census,2043,332706460.8755553,49408678.372914,205840465.75293946,77457316.74970183,37.629781134808624,61.6331655967428,23.280977635920863,43.947365627715676,3048946.3101901123,-329283.0
Entrada estrangeira zero; fecundidade Census,2044,331541402.3344731,48849854.8425995,205118850.09588444,77572697.39598918,37.81841471894329,61.63380507422475,23.397589818278725,44.222364931699126,3011938.8907335987,-322518.0
Entrada estrangeira zero; fecundidade Census,2045,330327338.35181886,48289562.6292678,204201561.8802415,77836213.84230955,38.11734500246296,61.7653338741584,23.563358161839215,44.49404880310002,2976386.3114800206,-315985.0
Entrada estrangeira zero; fecundidade Census,2046,329070553.1279998,47729797.10502452,203260454.61903697,78080301.40393834,38.413916543816235,61.89600369868489,23.727526107013034,44.75020295871459,2942554.362816705,-309660.0
Entrada estrangeira zero; fecundidade Census,2047,327775228.257648,47172788.380458534,202267112.40608844,78335327.47110105,38.72865269062054,62.05067860937222,23.899099357662713,44.97633852899312,2910095.7081745327,-303552.0
Entrada estrangeira zero; fecundidade Census,2048,326446503.4750392,46620811.77958728,201223137.3157248,78602554.3797271,39.06238389296031,62.231097193776165,24.078234425242425,45.190837897864526,2878679.4371539527,-297524.0
Entrada estrangeira zero; fecundidade Census,2049,325089745.57333344,46075577.83383034,200199587.95448983,78814579.78501315,39.36800299655442,62.382824507727776,24.24394520535076,45.410586897020956,2848197.0575787276,-291634.0
Entrada estrangeira zero; fecundidade Census,2050,323709834.0356899,45538190.10099157,199042108.95811602,79129534.97658241,39.75517310924065,62.633844531765654,24.444587916923822,45.63146048645323,2818499.8742727917,-285868.0
Entrada estrangeira zero; fecundidade Census,2051,322311033.8057458,45009804.11004474,197845395.40700927,79455834.28869179,40.16056786423285,62.9105560645901,24.651912579753372,45.852626084170794,2789545.3657926517,-280184.0
Entrada estrangeira zero; fecundidade Census,2052,320897213.54058033,44491901.957733825,196644541.9161968,79760769.66664973,40.56088660759323,63.18643294830721,24.855550718754767,46.077337382523254,2761408.474403525,-274629.0
Entrada estrangeira zero; fecundidade Census,2053,319471514.86904573,43985734.01646368,195368420.19731155,80117360.65527052,41.00834749769503,63.52259722753389,25.078092075943406,46.312066580943124,2734198.3185825427,-269193.0
Entrada estrangeira zero; fecundidade Census,2054,318036777.8605506,43492228.131689265,193997211.80607194,80547337.92278941,41.51984308068718,63.93883958418641,25.326422454860538,46.55003789286201,2707867.2246518936,-263867.0
Entrada estrangeira zero; fecundidade Census,2055,316595177.01453,43012336.89578992,192476310.97257605,81106529.14616406,42.138447446512046,64.48526855839334,25.61837167293351,46.78426175511077,2682212.646854885,-258573.0
Entrada estrangeira zero; fecundidade Census,2056,315148591.41532415,42546522.824728884,190957770.81384113,81644297.77675416,42.75515860328443,65.03575113607336,25.906604059403133,47.00476742634434,2657093.985125525,-253285.0
Entrada estrangeira zero; fecundidade Census,2057,313698156.1856046,42094916.89653966,189485680.90826187,82117558.38080306,43.337078552420905,65.55243366250946,26.1772524835042,47.216208146896214,2632638.8551266934,-247998.0
Entrada estrangeira zero; fecundidade Census,2058,312244701.8063847,41657247.31093433,188048314.08579558,82539140.40965472,43.89251815998567,66.044935486061,26.434120397288673,47.41992992941437,2608705.2145798923,-242727.0
Entrada estrangeira zero; fecundidade Census,2059,310788002.43165493,41232668.626229145,186620404.36147842,82934929.44394745,44.44044033004282,66.53484569118578,26.685370347327222,47.61879669707924,2584896.766999776,-237523.0
Entrada estrangeira zero; fecundidade Census,2060,309326961.075558,40819637.479096904,185188736.19000277,83318587.40645838,44.991174474550064,67.03335604504048,26.93544303954368,47.816726256879704,2560961.338065032,-232376.0
Entrada estrangeira zero; fecundidade Census,2061,307861011.3768365,40416501.27155981,183754342.46607637,83690167.63920026,45.5445931323504,67.53944818129776,27.184399630507134,48.01863630347947,2536924.4288743134,-226509.0
Entrada estrangeira zero; fecundidade Census,2062,306388259.4440089,40021696.309721425,182276192.50267506,84090370.63161245,46.13349087285678,68.09011381972576,27.44568959143802,48.2253634640235,2512685.1154713766,-220778.0
Entrada estrangeira zero; fecundidade Census,2063,304906109.6781118,39633741.88088548,180677193.40465468,84595174.3925717,46.821169179392584,68.75738654807814,27.744663589023684,48.43928675404127,2488032.324168509,-215160.0
Entrada estrangeira zero; fecundidade Census,2064,303411947.5627179,39251270.84984719,178931860.3790171,85228816.33385369,47.63199586329694,69.56843064171167,28.090131920805838,48.65679443159858,2462957.933543713,-209643.0
Entrada estrangeira zero; fecundidade Census,2065,301903183.90546185,38873105.458397366,177036601.83685613,85993476.61020833,48.573840504153814,70.53150635125358,28.48379255156726,48.87362244842265,2437489.6648322027,-204207.0
Entrada estrangeira zero; fecundidade Census,2066,300377350.9502018,38498134.53584478,175151907.67461497,86727308.73974204,49.51548052839825,71.49533507121255,28.872785669556084,49.081355825420566,2411685.007783129,-198821.0
Entrada estrangeira zero; fecundidade Census,2067,298831853.04928786,38125267.236340426,173497158.72349745,87209427.08944991,50.26562263675778,72.24019992485084,29.18344420099889,49.283650471612155,2385607.133079372,-193480.0
Entrada estrangeira zero; fecundidade Census,2068,297263778.2390128,37753358.74271101,171891815.10289913,87618604.3934026,50.97311023270755,72.93655201736192,29.475035576972825,49.47918337614361,2359317.8779335404,-188164.0
Entrada estrangeira zero; fecundidade Census,2069,295670148.3480083,37381389.336281605,170244487.75396082,88044271.25776589,51.716371213738455,73.673845331964,29.777869612368317,49.668294443092975,2332905.6592789264,-182861.0
Entrada estrangeira zero; fecundidade Census,2070,294048152.4032254,37008659.86241849,168603725.02113065,88435767.51967633,52.451846783689334,74.40193113549135,30.075267195831653,49.84886070056304,2306477.9392291126,-177594.0
Entrada estrangeira zero; fecundidade Census,2071,292395725.4312675,36634698.618289635,166942648.3827678,88818378.43021001,53.20292884450134,75.14741036146711,30.37608648320964,50.0103746721404,2280130.2613375545,-172354.0
Entrada estrangeira zero; fecundidade Census,2072,290712225.10924345,36259028.80163151,165226505.70254368,89226690.60506827,54.00264940886819,75.9476930611914,30.692445276953446,50.19250526527972,2253987.621054534,-167172.0
Entrada estrangeira zero; fecundidade Census,2073,288997499.75091577,35881432.83536013,163502661.60204208,89613405.31351349,54.808529986886924,76.75400321881136,31.00836698959349,50.36987967277989,2228140.5281076003,-162075.0
Entrada estrangeira zero; fecundidade Census,2074,287251799.2160767,35502176.07021286,161887017.0191452,89862606.12671863,55.50945825142434,77.4396764516981,31.283565976595373,50.53674398590227,2202679.089494008,-157054.0
Entrada estrangeira zero; fecundidade Census,2075,285474931.1047144,35121812.867193036,160319589.94971523,90033528.28780615,56.15878154132347,78.06615597897586,31.538155711046013,50.69494305883673,2177677.3273963537,-152094.0
Entrada estrangeira zero; fecundidade Census,2076,283667215.9749955,34740973.71247018,158811828.86216676,90114413.4003586,56.742884989108184,78.6184429758007,31.767651785429425,50.85303343125706,2153207.6026611375,-147178.0
Entrada estrangeira zero; fecundidade Census,2077,281828997.4435297,34360452.87267547,157330659.37210494,90137885.19874933,57.292002435178865,79.13164450482093,31.983183425548795,51.021288690473895,2129318.0850732205,-142332.0
Entrada estrangeira zero; fecundidade Census,2078,279960947.21792275,33981265.32318906,155830756.53338,90148925.36135359,57.85053436613656,79.65705451603395,32.20053591659743,51.18434007736003,2106033.6433475185,-137558.0
Entrada estrangeira zero; fecundidade Census,2079,278064125.58860177,33604448.65674635,154307642.50986797,90152034.42198746,58.423570573455066,80.2011365514962,32.42131081496221,51.34305310698058,2083372.7642849546,-132887.0
Entrada estrangeira zero; fecundidade Census,2080,276139602.42896926,33231013.95216243,152741406.21692464,90167182.25988217,59.03257308750056,80.78896172842185,32.65275297956426,51.49727710863796,2061336.1356844248,-128324.0
Entrada estrangeira zero; fecundidade Census,2081,274189545.1628299,32861908.49771139,151168940.45294496,90158696.21217354,59.64101881116091,81.3795508133353,32.881886929216066,51.647030277191476,2039902.5668646912,-123877.0
Entrada estrangeira zero; fecundidade Census,2082,272216484.13148516,32497969.073514648,149644988.56084943,90073526.497121,60.19147541348826,81.90818600035843,33.08893169511879,51.792371623912665,2019044.1734006952,-119586.0
Entrada estrangeira zero; fecundidade Census,2083,270222676.57138914,32139935.57337152,148143365.4366579,89939375.56135973,60.711038456740994,82.40619536008116,33.28343005943063,51.933317297647825,1998720.2301002017,-115443.0
Entrada estrangeira zero; fecundidade Census,2084,268210773.90090135,31788425.386322983,146679190.41876185,89743158.09581655,61.183292489960074,82.85536832809947,33.459937790931136,52.0692309680816,1978886.5414052957,-111465.0
Entrada estrangeira zero; fecundidade Census,2085,266182742.86923048,31443883.573523235,145237997.1800033,89500862.11570401,61.623586012949175,83.27348768059107,33.62384095638903,52.19992738625962,1959486.2477569298,-107657.0
Entrada estrangeira zero; fecundidade Census,2086,264140644.8905377,31106602.3083006,143882216.37930107,89151826.20293602,61.9616714604359,83.58116210429536,33.751650087733125,52.32586513302068,1940461.493619855,-103999.0
Entrada estrangeira zero; fecundidade Census,2087,262086426.84517655,30776688.311378554,142425969.83797055,88883768.6958274,62.40699557597895,84.01589762269931,33.913915255265806,52.44702332618235,1921750.4199750181,-100514.0
Entrada estrangeira zero; fecundidade Census,2088,260021513.25728247,30454114.070472308,140983174.29906783,88584224.88774228,62.83318937040559,84.43442953390904,34.06803682435737,52.563319104353084,1903294.1974644833,-97229.0
Entrada estrangeira zero; fecundidade Census,2089,257947252.14818218,30138675.97923508,139595300.6165136,88213275.5524335,63.19215271778153,84.78218894832051,34.19818386038006,52.67462758884961,1885036.529251483,-94150.0
Entrada estrangeira zero; fecundidade Census,2090,255864669.48610428,29830071.345995523,138208824.1716332,87825773.96847554,63.54570664707341,85.12904007370858,34.32508839335681,52.7807787638619,1866920.1751455474,-91276.0
Entrada estrangeira zero; fecundidade Census,2091,253775341.37937617,29527860.727809303,136759518.2018344,87487962.44973242,63.97211952780842,85.56320226636493,34.474571869039124,52.88178124925577,1848893.5574991761,-88602.0
Entrada estrangeira zero; fecundidade Census,2092,251681098.26596552,29231504.626838256,135318664.08004358,87130929.5590837,64.38943966188145,85.99141513626779,34.61957618565681,52.97770839921848,1830912.4426411928,-86134.0
Entrada estrangeira zero; fecundidade Census,2093,249583730.9016443,28940430.15041703,133887093.33554095,86756207.4156863,64.79803635609771,86.41358527080004,34.76036162384122,53.06786906625662,1812939.4485668864,-83861.0
Entrada estrangeira zero; fecundidade Census,2094,247485101.07051006,28653967.06481148,132465641.0730264,86365492.93267219,65.19841087324686,86.82965564940353,34.897249393637686,53.1529455292025,1794947.1701093127,-81770.0
Entrada estrangeira zero; fecundidade Census,2095,245386667.82296544,28371461.725488357,131054829.50363937,85960376.59383775,65.59115518245792,87.23969864548266,35.03058147228031,53.233394466345125,1776911.9339423904,-79845.0
Entrada estrangeira zero; fecundidade Census,2096,243289850.2190582,28092259.38526051,129655673.73951432,85541917.09428336,65.97622350576187,87.6430419141097,35.16049560524675,53.30948979035177,1758828.955933426,-78075.0
Entrada estrangeira zero; fecundidade Census,2097,241195860.54553592,27815756.45585338,128269578.1722347,85110525.91744785,66.35285398940442,88.0382425688411,35.28689328454691,53.38154103794006,1740698.29118104,-76444.0
Entrada estrangeira zero; fecundidade Census,2098,239105234.5461942,27541370.012415826,126898051.9658644,84665812.56791398,66.71955263008222,88.42309305939034,35.409434983137885,53.44986860427049,1722529.9240944528,-74937.0
Entrada estrangeira zero; fecundidade Census,2099,237018552.82003707,27268613.44711432,125542530.2210083,84207409.1519144,67.0748064450139,88.79542446912887,35.52777120188192,53.51488862117488,1704344.6793005804,-73541.0
Entrada estrangeira zero; fecundidade Census,2100,234936516.02344322,26997043.92316821,124203713.11200514,83735758.98826985,67.4180802571966,89.15418077040965,35.64186632439644,53.57705613706126,1686167.6089623617,-72242.0
Entrada estrangeira zero; fecundidade CBO,2025,341784857.0,58899693.0,218268076.0,64617088.0,29.60446125891539,56.58948539959641,18.905778496792795,39.384881493556044,,
Entrada estrangeira zero; fecundidade CBO,2026,341748307.5803307,58241731.57803068,217199850.94329998,66306725.059,30.527979080570073,57.34279102684287,19.402210219699203,39.67413538995978,3569519.15183716,-563091.0
Entrada estrangeira zero; fecundidade CBO,2027,341649998.92874295,57604542.49729053,216183813.32612562,67861643.10532682,31.39071425433395,58.03680843271298,19.862913308388606,39.957665234936464,3523305.2768598218,-531397.0
Entrada estrangeira zero; fecundidade CBO,2028,341479699.2674469,56932269.31981971,215208814.74497613,69338615.202651,32.21922637547059,58.673658266322654,20.30534036178385,40.24621483273832,3472313.147025492,-503697.0
Entrada estrangeira zero; fecundidade CBO,2029,341240203.84255576,56224705.61926874,214294394.89277893,70721103.33050817,33.0018446660227,59.2389777685476,20.724727782409268,40.538789344519984,3427315.0650198483,-477741.0
Entrada estrangeira zero; fecundidade CBO,2030,340934133.3538876,55467143.80533293,213547528.08401728,71919461.46453747,33.67843313842611,59.65257777170426,21.094825782634526,40.83585310788769,3389733.3724247445,-455214.0
Entrada estrangeira zero; fecundidade CBO,2031,340554700.31181186,54697469.70257842,212988693.28864396,72868537.32058953,34.21239700355244,59.893323468720226,21.397014122509862,41.14452668244144,3350303.7852614685,-436885.0
Entrada estrangeira zero; fecundidade CBO,2032,340103884.11199045,53980935.14530437,212469948.54401213,73653000.42267397,34.66513778884693,60.07152373435041,21.656030367010242,41.444472916323996,3318241.248160315,-423481.0
Entrada estrangeira zero; fecundidade CBO,2033,339573172.39591163,53284705.96650876,211939077.67615485,74349388.75324813,35.0805474707476,60.22206764284552,21.89495366452667,41.7342231491916,3280927.9648997122,-413368.0
Entrada estrangeira zero; fecundidade CBO,2034,338961106.4859337,52623120.18906524,211286357.2478474,75051629.04902105,35.521284964453464,60.42735125028383,22.141663929261323,42.01179498079241,3241939.9778329534,-403600.0
Entrada estrangeira zero; fecundidade CBO,2035,338268208.074225,51979596.98228438,210475376.40716115,75813234.68477945,36.02000194935867,60.716286079874116,22.41216669943278,42.27424300016283,3203183.975020348,-394153.0
Entrada estrangeira zero; fecundidade CBO,2036,337495856.6442548,51420529.98402547,209550249.09043548,76525077.56979384,36.51872422101868,61.057244316899805,22.674375422172023,42.528107283053345,3164665.8247702406,-384985.0
Entrada estrangeira zero; fecundidade CBO,2037,336650157.4195422,50750884.94774149,208961455.15350756,76937817.31829311,36.819143158135525,61.10634239804262,22.853937722182973,42.773772355519256,3130762.49195337,-376084.0
Entrada estrangeira zero; fecundidade CBO,2038,335734203.7632114,50105369.41410262,208491751.95255262,77137082.39655624,36.997666178233594,61.029969108617784,22.97564011409452,43.01216683673437,3097950.33050129,-367404.0
Entrada estrangeira zero; fecundidade CBO,2039,334748432.12340814,49510058.52693066,208022595.56176797,77215778.03470954,37.118937885659605,60.91926514973784,23.066807974247126,43.24293666393039,3062923.61439972,-358901.0
Entrada estrangeira zero; fecundidade CBO,2040,333695825.8674765,48907553.59999367,207470510.38681808,77317761.88066474,37.26686830649317,60.840123854381915,23.170131565077053,43.47332421407993,3027899.2747475537,-350546.0
Entrada estrangeira zero; fecundidade CBO,2041,332577881.8788581,48335095.74467422,206917328.6548493,77325457.47933453,37.37021832923337,60.72983545695112,23.250330732306615,43.709755451024556,2991989.230605449,-343317.0
Entrada estrangeira zero; fecundidade CBO,2042,331396409.2471313,47770819.07479195,206232389.10025522,77393201.07208408,37.52718057999179,60.69076767860666,23.353663139533257,43.95731096831744,2954307.8197410856,-336236.0
Entrada estrangeira zero; fecundidade CBO,2043,330156816.6897998,47221410.46896405,205478089.47113395,77457316.74970183,37.69614412371846,60.677382946068825,23.460765561741276,44.22482893690628,2918540.961277517,-329283.0
Entrada estrangeira zero; fecundidade CBO,2044,328864034.81053966,46681401.42957477,204609935.98497573,77572697.39598918,37.91247821009301,60.72730448177638,23.588075674094075,44.507138412008835,2883224.534882248,-322518.0
Entrada estrangeira zero; fecundidade CBO,2045,327524942.5115645,46145890.79318846,203542837.8760665,77836213.84230955,38.24070385109919,60.912044820259624,23.764972904181565,44.79463724261963,2850353.473132999,-315985.0
Entrada estrangeira zero; fecundidade CBO,2046,326145907.4468633,45618502.96245362,202447103.08047143,78080301.40393834,38.56824830578184,61.10179028702746,23.940297768923998,45.07896109668423,2819271.004529607,-309660.0
Entrada estrangeira zero; fecundidade CBO,2047,324731173.3079193,45093363.36044022,201302482.47637808,78335327.47110105,38.914238169066465,61.31503661214166,24.12313134988776,45.32467625543216,2789619.5328927496,-303552.0
Entrada estrangeira zero; fecundidade CBO,2048,323284150.7191428,44575042.19969429,200106554.1397214,78602554.3797271,39.28034977047481,61.55600305495965,24.3137667605654,45.559148150275426,2759277.731560594,-297524.0
Entrada estrangeira zero; fecundidade CBO,2049,321809636.14593107,44065560.90223269,198929495.45868507,78814579.78501315,39.61935338109871,61.770699414841864,24.491056491942054,45.79096171337459,2729282.1975307,-291634.0
Entrada estrangeira zero; fecundidade CBO,2050,320313662.8543202,43566639.8617561,197617488.01598182,79129534.97658241,40.041767442253395,62.087710996718954,24.703765138039337,46.02813198826123,2701237.827777285,-285868.0
Entrada estrangeira zero; fecundidade CBO,2051,318797699.8019931,43076001.47110737,196265864.04219395,79455834.28869179,40.483776777203644,62.431557498688015,24.92359083457698,46.26378438534996,2671120.164662042,-280184.0
Entrada estrangeira zero; fecundidade CBO,2052,317263331.4323204,42587608.20974647,194914953.5559242,79760769.66664973,40.920805824046276,62.770134176130576,25.140242115772065,46.50307643063172,2639519.18219348,-274629.0
Entrada estrangeira zero; fecundidade CBO,2053,315715838.44739753,42103464.84681989,193495012.94530714,80117360.65527052,41.40538788868751,63.16484525450642,25.376414768820393,46.748425055791955,2610990.3976941337,-269193.0
Entrada estrangeira zero; fecundidade CBO,2054,314156974.88934547,41625557.57848971,191984079.38806638,80547337.92278941,41.95521742194847,63.63699317708805,25.639200896672865,47.0023133393661,2582273.867130758,-263867.0
Entrada estrangeira zero; fecundidade CBO,2055,312588218.4528137,41153896.94891361,190327792.357736,81106529.14616406,42.61412804795108,64.23676993283232,25.946764579806892,47.25883541818066,2553531.3725794433,-258573.0
Entrada estrangeira zero; fecundidade CBO,2056,311010917.88333875,40689348.09269655,188677272.01388812,81644297.77675416,43.27193037365121,64.83751040265517,26.251264210402805,47.50414118918699,2524787.47573729,-253285.0
Entrada estrangeira zero; fecundidade CBO,2057,309425915.7653041,40234029.141507186,187074328.24299386,82117558.38080306,43.89568528833055,65.40266036042412,26.53868153793823,47.74122847311916,2496407.430433337,-247998.0
Entrada estrangeira zero; fecundidade CBO,2058,307833134.3194818,39785659.58850874,185508334.32131833,82539140.40965472,44.493494436044564,65.94032577872491,26.81294870746183,47.97382765017465,2467644.2939056437,-242727.0
Entrada estrangeira zero; fecundidade CBO,2059,306232689.8965085,39344255.836233824,183953504.61632726,82934929.44394745,45.08472378219988,66.47287614075067,27.08232405625126,48.19609347339346,2439349.95350671,-237523.0
Entrada estrangeira zero; fecundidade CBO,2060,304623450.67921764,38907221.578802906,182397641.69395635,83318587.40645838,45.67964071940032,67.0106300992329,27.351337272518997,48.4160747671256,2410894.093472684,-232376.0
Entrada estrangeira zero; fecundidade CBO,2061,303005152.30280447,38473134.61192837,180841850.05167583,83690167.63920026,46.27809747317099,67.5525616533011,27.620047713104732,48.63820688098293,2382614.028672358,-226509.0
Entrada estrangeira zero; fecundidade CBO,2062,301376799.48286456,38041312.71475182,179245116.1365003,84090370.63161245,46.91361887236873,68.13668677776273,27.902071684318088,48.864749524197585,2355075.833271908,-220778.0
Entrada estrangeira zero; fecundidade CBO,2063,299737255.83606964,37613434.91693815,177528646.5265599,84595174.3925717,47.65156274647512,68.8388109190177,28.22310965535694,49.09596480862629,2328565.3575575976,-215160.0
Entrada estrangeira zero; fecundidade CBO,2064,298084354.5195818,37189161.01136202,175666377.17436612,85228816.33385369,48.51743270669021,69.68776798061012,28.592180381696227,49.335166004591834,2302100.69120187,-209643.0
Entrada estrangeira zero; fecundidade CBO,2065,296416213.897725,36766849.993643455,173655887.29387322,85993476.61020833,49.519470920489944,70.69171596590202,29.01105694571735,49.576763562139156,2275932.4282174073,-204207.0
Entrada estrangeira zero; fecundidade CBO,2066,294731466.40538675,36349308.426468,171654849.23917672,86727308.73974204,50.52424043022509,71.70005258326272,29.425873591811694,49.81679164533576,2250531.406400408,-198821.0
Entrada estrangeira zero; fecundidade CBO,2067,293027913.64864284,35938110.69015771,169880375.86903515,87209427.08944991,51.33578651643775,72.49073776157937,29.761474258052765,50.04887403817901,2225257.5891735866,-193480.0
Entrada estrangeira zero; fecundidade CBO,2068,291303107.8665163,35530449.59248443,168154053.8806292,87618604.3934026,52.106150503871966,73.23585197256632,30.078156403862348,50.27505522979847,2200236.5246897363,-188164.0
Entrada estrangeira zero; fecundidade CBO,2069,289555741.92054427,35128029.39595446,166383441.26682395,88044271.25776589,52.916486512964966,74.02918206036667,30.406674263750478,50.49439400698907,2176756.096763724,-182861.0
Entrada estrangeira zero; fecundidade CBO,2070,287782974.28746855,34730805.74494954,164616401.0228427,88435767.51967633,53.722330806761285,74.82035356096436,30.730020682647186,50.70721480789434,2153239.698114554,-177594.0
Entrada estrangeira zero; fecundidade CBO,2071,285983018.74686265,34339121.179839395,162825519.13681316,88818378.43021001,54.5481929989002,75.63771346343263,31.05722109634329,50.91252882489785,2130063.086693396,-172354.0
Entrada estrangeira zero; fecundidade CBO,2072,284154943.5177064,33952502.40435615,160975750.50828192,89226690.60506827,55.42865327438104,76.52034087151969,31.400717334171006,51.09713167798265,2106796.3593966505,-167172.0
Entrada estrangeira zero; fecundidade CBO,2073,282298867.2145381,33571877.61587641,159113584.2851481,89613405.31351349,56.32039886231017,77.41971465404804,31.74416043455469,51.299317135952634,2084079.912610365,-162075.0
Entrada estrangeira zero; fecundidade CBO,2074,280414522.8043974,33196637.382632703,157355279.2950461,89862606.12671863,57.10809737639842,78.20471233037652,32.046345256305464,51.4997002959851,2061236.529506934,-157054.0
Entrada estrangeira zero; fecundidade CBO,2075,278501861.8991358,32827534.302019075,155640799.30931067,90033528.28780615,57.84699685901716,78.93885352365669,32.32780121247926,51.691319001248324,2038980.7732634402,-152094.0
Entrada estrangeira zero; fecundidade CBO,2076,276561022.7504115,32464710.15332641,153981899.19672647,90114413.4003586,58.52273148367192,79.60619020361514,32.58391674436506,51.872052585949746,2017042.8754527865,-147178.0
Entrada estrangeira zero; fecundidade CBO,2077,274592350.0890672,32108040.093610913,152346424.79670703,90137885.19874933,59.16639351335645,80.24207030489015,32.8260729658026,52.04936327577073,1995727.74087412,-142332.0
Entrada estrangeira zero; fecundidade CBO,2078,272595999.00087875,31756533.52012855,150690540.11939657,90148925.36135359,59.82387832038158,80.89788435617315,33.07052403254935,52.21424586292302,1974436.7808124032,-137558.0
Entrada estrangeira zero; fecundidade CBO,2079,270573227.7329538,31410971.020142302,149010222.29082403,90152034.42198746,60.50057038773975,81.5803127955038,33.31890415668335,52.37179576405304,1953982.40944927,-132887.0
Entrada estrangeira zero; fecundidade CBO,2080,268524529.3775798,31071048.347662427,147286298.77003524,90167182.25988217,61.21898846861802,82.31466987763697,33.578750689511715,52.521436325245205,1933509.0029974564,-128324.0
Entrada estrangeira zero; fecundidade CBO,2081,266451590.00484237,30736121.671313725,145556772.1213551,90158696.21217354,61.94057129613008,83.05681427360425,33.836801728424675,52.66334740950299,1913164.2393527604,-123877.0
Entrada estrangeira zero; fecundidade CBO,2082,264357105.8983453,30406851.81052219,143876727.59070206,90073526.497121,62.604653306656076,83.73861452450019,34.0726708257116,52.798521095356136,1893595.9745976226,-119586.0
Entrada estrangeira zero; fecundidade CBO,2083,262242868.0071071,30082932.25780137,142220560.187946,89939375.56135973,63.23936246805939,84.39167140148396,34.296214133427746,52.92815759563169,1873990.2871089252,-115443.0
Entrada estrangeira zero; fecundidade CBO,2084,260111532.65296388,29763343.49633201,140605031.06081536,89743158.09581655,63.826420305686135,84.99447046134419,34.50179897080929,53.05144521455534,1854885.492031893,-111465.0
Entrada estrangeira zero; fecundidade CBO,2085,257964630.1914527,29448084.682661228,139015683.39308748,89500862.11570401,64.38184522146832,85.56512754177486,34.695013052479126,53.17015380812257,1835743.2123352126,-107657.0
Entrada estrangeira zero; fecundidade CBO,2086,255804042.9509529,29137008.250373367,137515208.4976435,89151826.20293602,64.83052105794084,86.01872894323279,34.85160952676175,53.283777909604446,1816789.9210275826,-103999.0
Entrada estrangeira zero; fecundidade CBO,2087,253631441.87230757,28830233.802907847,135917439.37357226,88883768.6958274,65.39541143909301,86.60698953810892,35.0444598034405,53.392004993953336,1797875.8706223352,-100514.0
Entrada estrangeira zero; fecundidade CBO,2088,251447865.76977116,28527040.97533647,134336599.90669242,88584224.88774228,65.94198822158008,87.1774824913106,35.22965868751939,53.49481615610966,1778775.4156834325,-97229.0
Entrada estrangeira zero; fecundidade CBO,2089,249255541.8566564,28228592.972761564,132813673.33146133,88213275.5524335,66.41882069798703,87.67310293014232,35.39069779365781,53.59209008669535,1760724.7588825426,-94150.0
Entrada estrangeira zero; fecundidade CBO,2090,247055247.03870907,27934183.637239236,131295289.43299432,87825773.96847554,66.8917935652953,88.16763960506907,35.549042176268706,53.68431393712879,1742552.60387717,-91276.0
Entrada estrangeira zero; fecundidade CBO,2091,244848343.09348613,27643323.913964204,129817763.60206662,87387255.57745528,67.31532969965917,88.60927526376543,35.69036019332577,53.772446601072126,1724206.5748995994,-88602.0
Entrada estrangeira zero; fecundidade CBO,2092,242636758.61771598,27355493.334647343,128362837.34656179,86918427.93650685,67.71307781382176,89.02414720128888,35.82244851591112,53.8567555165003,1705960.2942627654,-86134.0
Entrada estrangeira zero; fecundidade CBO,2093,240422831.69409806,27071155.123286683,126935020.8747057,86416655.69610563,68.07944340388559,89.40622535636813,35.943614459236485,53.93684880548045,1688188.216967129,-83861.0
Entrada estrangeira zero; fecundidade CBO,2094,238208643.09600502,26789606.886223752,125529553.1535927,85889483.05618858,68.42172293172892,89.76299772575699,36.056409179734345,54.012764871261965,1670564.8037806724,-81770.0
Entrada estrangeira zero; fecundidade CBO,2095,235995626.0098027,26510695.659942754,124139479.06529477,85345451.28456517,68.7496450985389,90.10521695976662,36.163997073835645,54.0839472029621,1652746.1783700257,-79845.0
Entrada estrangeira zero; fecundidade CBO,2096,233785868.7732202,26234849.514863282,122766704.710628,84784314.54772893,69.06132631609935,90.43100433808516,36.26579955094396,54.15052828086789,1635510.5994545782,-78075.0
Entrada estrangeira zero; fecundidade CBO,2097,231581142.7769714,25961744.2178122,121405096.72657771,84214301.8325815,69.3663644305186,90.75075842864035,36.364921954671274,54.213003077599346,1618715.7404317528,-76444.0
Entrada estrangeira zero; fecundidade CBO,2098,229381887.59314173,25691118.2148484,120059583.92660227,83631185.45169105,69.65806703346439,91.0567070875183,36.459367532988914,54.27159187090885,1601616.6290967804,-74937.0
Entrada estrangeira zero; fecundidade CBO,2099,227188992.76956835,25422704.30402012,118732278.36891836,83034010.0966298,69.93381348131055,91.34560196314875,36.54843004689446,54.32685239096579,1584749.532222965,-73541.0
Entrada estrangeira zero; fecundidade CBO,2100,225003697.3960601,25156909.719402723,117422958.99853313,82423828.67812422,70.19396324287304,91.61814632764523,36.632210773425044,54.37936026198403,1568254.8481501827,-72242.0
China-like NIM zero; TFR 1.126,2025,341784857.0,58899693.0,218268076.0,64617088.0,29.60446125891539,56.58948539959641,18.905778496792795,39.384881493556044,,
China-like NIM zero; TFR 1.126,2026,342927579.248088,58463534.520491034,218085678.45295596,66378366.27464102,30.43682957336409,57.24442874045127,19.35638026553127,39.61337389829415,3609543.3649586393,574000.0
China-like NIM zero; TFR 1.126,2027,344125660.63334215,58083406.295386,218030169.70935953,68012084.62859662,31.193886937417275,57.83396448852539,19.76373528885482,39.830624615149986,3594429.57236557,694000.0
China-like NIM zero; TFR 1.126,2028,345402795.1336335,57718848.85659467,218107929.0037097,69576017.27332911,31.89981106654115,58.363245532333984,20.143443612380356,40.04250066254185,3585471.8110813973,833000.0
China-like NIM zero; TFR 1.126,2029,346759434.4784294,57368342.92750993,218337959.04404652,71053132.50687282,32.54273000350749,58.81775024217185,20.490612638628228,40.25408626254872,3581530.2015967644,969000.0
China-like NIM zero; TFR 1.126,2030,348182836.4491439,57014531.67254468,218815796.54347706,72352508.23312217,33.06548675920034,59.121435448999954,20.780032976637,40.46912553401018,3585392.635884161,1086000.0
China-like NIM zero; TFR 1.126,2031,349135225.41659,56440475.02706266,219302280.8410224,73392469.54850486,33.46635031201926,59.20273335856757,21.021215908802265,40.715119781511625,3388063.038714245,868800.0
China-like NIM zero; TFR 1.126,2032,349609874.5520128,55699600.45173798,219652158.98673666,74258115.11353804,33.80714100698733,59.165234780653044,21.240279671359907,40.984050209190805,3184112.795972179,651600.0
China-like NIM zero; TFR 1.126,2033,349595910.1416127,54753064.43547532,219813627.33269107,75029218.37344635,34.13310597886115,59.04196404188095,21.461697976687958,41.27052514518121,2969170.034354886,434400.0
China-like NIM zero; TFR 1.126,2034,349085760.36991185,53610378.16025096,219676867.66023242,75798514.54942846,34.50454995865279,58.90874814813559,21.713436397150055,41.58097335981821,2746057.059968176,217200.0
China-like NIM zero; TFR 1.126,2035,348078042.8447081,52254301.63959589,219205256.6528407,76618484.55227141,34.95285000104422,58.79091959731853,22.011869500902147,41.91759522600826,2520982.2460370194,0.0
China-like NIM zero; TFR 1.126,2036,346997914.8511366,50994902.73091011,218613979.83041787,77389032.2898087,35.39985519217048,58.72631527055504,22.30244879800182,42.24596476730895,2500539.668791401,0.0
China-like NIM zero; TFR 1.126,2037,345846097.7633773,49631772.80716947,218353414.0096522,77860910.94655566,35.65820635307944,58.38822549762807,22.51316740309932,42.56867506988758,2479348.9182984196,0.0
China-like NIM zero; TFR 1.126,2038,344624606.0643699,48298935.00696306,218205761.4732369,78119909.58417006,35.80102975133932,57.93561257851502,22.668117194620343,42.88624783724647,2457966.570358274,0.0
China-like NIM zero; TFR 1.126,2039,343334984.660881,47018929.87230902,218056896.245267,78259158.54330485,35.88932975331363,57.4520185202962,22.79382004155592,43.1989627466849,2435422.6394842695,0.0
China-like NIM zero; TFR 1.126,2040,341977860.6124241,45730331.591671616,217824820.2613431,78422708.75940937,36.00265050847692,56.996737195570255,22.932101107062213,43.51257481158755,2410499.0755064287,0.0
China-like NIM zero; TFR 1.126,2041,340555356.91653776,44428133.57867499,217633961.70150954,78493261.63635322,36.0666419076673,56.480796587996686,23.04860576766382,43.82974078312992,2384212.7489417186,0.0
China-like NIM zero; TFR 1.126,2042,339070547.46635574,43117821.59554126,217327315.40944502,78625410.4613695,36.17833787402154,56.018375705578606,23.188510783046144,44.15817505111065,2357381.267627578,0.0
China-like NIM zero; TFR 1.126,2043,337526271.70783645,41794510.18586975,216975961.22388485,78755800.29808183,36.29701643161212,55.55929320647772,23.333235632174148,44.50106125586371,2329935.817456388,0.0
China-like NIM zero; TFR 1.126,2044,335927129.2025412,40455867.77933385,216531464.7732524,78939796.64995496,36.45650147548727,55.14009917880418,23.49908351771126,44.85260313612965,2302365.2990368665,0.0
China-like NIM zero; TFR 1.126,2045,334279319.3477575,39098971.40233357,215905482.5367829,79274865.40864097,36.717393406225916,54.82669333827949,23.715157002030907,45.219242193477434,2276468.0094110905,0.0
China-like NIM zero; TFR 1.126,2046,332588868.8057653,37928535.3788395,215066345.69230977,79593987.73461606,37.00903899138606,54.644776120198834,23.93164510298137,45.584212448389025,2251913.3607521155,0.0
China-like NIM zero; TFR 1.126,2047,330860011.5989381,36950271.268950894,213981754.36589488,79927985.96409236,37.352710842542535,54.620665009218044,24.157644672085507,45.945542690328914,2228616.140765925,0.0
China-like NIM zero; TFR 1.126,2048,329096439.8241495,36172238.2731759,212645763.0820311,80278438.46894248,37.75219280431839,54.76275428878209,24.39359067871981,46.27572456490558,2204969.9996361737,0.0
China-like NIM zero; TFR 1.126,2049,327303238.82525176,35600073.40802532,211124873.36019897,80578292.05702737,38.1661766207685,55.02827005458586,24.61884958616263,46.60140133723944,2181707.3862136165,0.0
China-like NIM zero; TFR 1.126,2050,325484451.300035,35232329.170419775,209266066.60323364,80986055.52638157,38.700041932708714,55.53618251789968,24.881697175674844,46.92523415469361,2158374.6898842426,0.0
China-like NIM zero; TFR 1.126,2051,323642526.3130138,34860652.269482344,207371329.35425037,81410544.689281,39.258341518469116,56.06908019581551,25.154464592994824,47.255314158148025,2133999.8077827436,0.0
China-like NIM zero; TFR 1.126,2052,321778279.09064436,34483463.80559303,205475551.7674302,81819263.51762111,39.81946407435819,56.60173501071928,25.427217694384144,47.58614070516631,2107166.960868748,0.0
China-like NIM zero; TFR 1.126,2053,319894748.181342,34101706.610450394,203507522.36039326,82285519.21049836,40.43364994871207,57.19062591447484,25.72268525141661,47.91873257506647,2081071.0433673128,0.0
China-like NIM zero; TFR 1.126,2054,317991881.7851928,33714487.043899916,201445821.90006137,82831572.84123157,41.11853602122603,57.85479132098891,26.048329402693764,48.255624867201384,2053001.290637411,0.0
China-like NIM zero; TFR 1.126,2055,316069431.2638947,33322611.353147004,199232611.86167136,83514208.04907627,41.91794067683095,58.64342102955711,26.42274126767674,48.59999023608235,2023314.3717073062,0.0
China-like NIM zero; TFR 1.126,2056,314127579.7481392,32926002.940977607,197017793.83770132,84183782.96946022,42.729025297486004,59.441222860768676,26.79923330417437,48.95057963825011,1992315.4472918715,0.0
China-like NIM zero; TFR 1.126,2057,312166343.85494995,32524947.82721098,194843321.14566302,84798074.88207597,43.52116068617088,60.21403352161985,27.16438736953588,49.30440409040684,1961079.7351613962,0.0
China-like NIM zero; TFR 1.126,2058,310184858.1988639,32118881.179787602,192695363.6337176,85370613.3853588,44.30340812331862,60.97162503010438,27.522495418079522,49.65245513593037,1928606.7057802058,0.0
China-like NIM zero; TFR 1.126,2059,308182242.79744947,31707502.458018593,190546600.0892495,85928140.25018136,45.09560402018917,61.735891720503524,27.882248980405084,49.99582789546757,1895638.9117412076,0.0
China-like NIM zero; TFR 1.126,2060,306156188.5362369,31287751.18765942,188383553.633823,86484883.71475446,45.90893527938348,62.517471738185,28.24861523402394,50.33309401369568,1861458.7337346491,0.0
China-like NIM zero; TFR 1.126,2061,304104365.27175766,30857201.286717087,186205794.97595897,87041369.00908148,46.74471544793726,63.31627343339151,28.622203081924997,50.668230008179506,1826059.259521494,0.0
China-like NIM zero; TFR 1.126,2062,302021533.99534446,30411334.29744407,183972005.77344874,87638193.92445165,47.63670078825645,64.16711484206306,29.017200450946177,51.001406301873836,1787356.9690595488,0.0
China-like NIM zero; TFR 1.126,2063,299902350.52161723,29947136.860268395,181604223.41694114,88350990.24440764,48.650294900666786,65.14062552007833,29.459919233957194,51.33098804650239,1745287.5525020682,0.0
China-like NIM zero; TFR 1.126,2064,297740691.4621498,29460359.64927431,179077056.9131637,89203274.89971176,49.81278810214496,66.26400756995201,29.96005499337389,51.664991086984216,1699475.9748123996,0.0
China-like NIM zero; TFR 1.126,2065,295531626.2853866,28948335.138550024,176387243.92199448,90196047.22484218,51.13524380750032,67.5470514274165,30.519930593736987,52.00355659795831,1650856.5087864744,0.0
China-like NIM zero; TFR 1.126,2066,293271390.7530484,28410679.284369666,173695073.51859152,91165637.95008734,52.48602398635641,68.84266479881371,31.08575906978056,52.34677504214378,1600710.9703712708,0.0
China-like NIM zero; TFR 1.126,2067,290958947.7935373,27851203.03613922,171219092.2941594,91888652.46323866,53.667293309423265,69.93370534499815,31.581311783008744,52.69606071430225,1552070.1616607134,0.0
China-like NIM zero; TFR 1.126,2068,288594312.6277558,27272027.765672352,168781096.45656243,92541188.40552111,54.82911910655678,70.98734318391435,32.066185768839325,53.050967630456334,1506250.9124100604,0.0
China-like NIM zero; TFR 1.126,2069,286178872.88562584,26679515.615448464,166289632.11241904,93209725.1577583,56.05263778245926,72.09664201563474,32.57044247113604,53.40668163054142,1464822.483114932,0.0
China-like NIM zero; TFR 1.126,2070,283713224.05601007,26078845.8425123,163793104.80650085,93841273.40699689,57.29256644707818,73.21438798731998,33.076101305898575,53.760578166616334,1427128.4968718872,0.0
China-like NIM zero; TFR 1.126,2071,281199139.66031474,25475485.258969706,161264026.86571047,94459627.53563455,58.57451867693593,74.3718950379913,33.591719963916205,54.109196100487516,1393478.2347185502,0.0
China-like NIM zero; TFR 1.126,2072,278639511.3972222,24873423.549023956,158668150.58813432,95097937.260064,59.93511420380526,75.61149503816034,34.12937985112044,54.45341884899479,1363602.85145338,0.0
China-like NIM zero; TFR 1.126,2073,276037395.56936866,24277609.36737702,156053015.61477983,95706770.58721183,61.32965147143713,76.8869345343334,34.67166844905279,54.794326863407804,1337476.2569172543,0.0
China-like NIM zero; TFR 1.126,2074,273395223.1387936,23691150.86530766,153536856.44094598,96167215.83253984,62.634612992436836,78.06488258013016,35.17516316798226,55.12925284741157,1314109.366266345,0.0
China-like NIM zero; TFR 1.126,2075,270714911.51916176,23118131.29091824,151061652.24176136,96535127.98648217,63.90445659364688,79.20822889313133,35.65933159897224,55.45872651422255,1293406.6468179058,0.0
China-like NIM zero; TFR 1.126,2076,267998174.99541634,22561767.163803853,148640875.67004064,96795532.16157189,65.12039957060179,80.29910937172501,36.117981834476076,55.78068698233408,1274697.4895610474,0.0
China-like NIM zero; TFR 1.126,2077,265246167.46597573,22026891.784630224,146240666.56225422,96978609.11909129,66.31439215835888,81.3764759838955,36.56173811881039,56.08958190633834,1257668.431846017,0.0
China-like NIM zero; TFR 1.126,2078,262459940.16619843,21517730.527970523,143814175.55499816,97128034.08322974,67.53717685228152,82.49935317803713,37.006803408445876,56.41140689786357,1241462.5486153914,0.0
China-like NIM zero; TFR 1.126,2079,259640791.10145482,21038929.116670787,141353134.56170666,97248727.42307739,68.7984229883662,83.682372454295,37.45510364936355,56.73229418297251,1226228.510829376,0.0
China-like NIM zero; TFR 1.126,2080,256789366.9127321,20593484.624708388,138833772.51782098,97362109.77020276,70.12854869855614,84.96174400200076,37.915164066466396,57.04912707650889,1211092.8028536723,0.0
China-like NIM zero; TFR 1.126,2081,253907164.62564746,20182723.261850107,136289385.44419092,97435055.9196064,71.49130183693215,86.30002901408618,38.3742837911886,57.354372523372476,1195884.346320869,0.0
China-like NIM zero; TFR 1.126,2082,250996572.44976503,19805549.980570253,133773610.15668136,97417412.31251344,72.8225934834337,87.62786782519152,38.812248056499165,57.65745669160339,1180910.3317625932,0.0
China-like NIM zero; TFR 1.126,2083,248059252.21732047,19458669.974973924,131260987.32896757,97339594.91337901,74.1572929582082,88.98170527670341,39.24046131853267,57.959406497367276,1165528.1940161444,0.0
China-like NIM zero; TFR 1.126,2084,245097429.2782075,19137639.187400922,128769097.33661899,97190692.75418761,75.47672132865749,90.33870264500753,39.653901324222986,58.260614103965565,1149987.9446778072,0.0
China-like NIM zero; TFR 1.126,2085,242112371.31619984,18838201.71064201,126286040.54079202,96988129.06476587,76.800356278046,91.71744579163878,40.059138051272456,58.56085241306818,1133878.6050240786,0.0
China-like NIM zero; TFR 1.126,2086,239105875.73771915,18555911.534531996,123877802.85494117,96672161.34824593,78.03832415517363,93.01753036232655,40.43069249134132,58.86064578469354,1117285.34270042,0.0
China-like NIM zero; TFR 1.126,2087,236079205.79371858,18286386.546786305,121362166.92096804,96430652.3259642,79.4569302546819,94.5245472977218,40.846737010045445,59.16038637771325,1100094.03914672,0.0
China-like NIM zero; TFR 1.126,2088,233033502.12765282,18025204.461130977,118857269.33122854,96151028.33529332,80.89621179781776,96.06163210618675,41.26060307097947,59.46063861482354,1082171.5225573399,0.0
China-like NIM zero; TFR 1.126,2089,229970697.73147374,17769709.293955266,116401882.26375917,95799106.17375931,82.30030675679686,97.56613317504176,41.6570924551525,59.76197175268576,1064270.2459348412,0.0
China-like NIM zero; TFR 1.126,2090,226891493.21921295,17516540.106469203,113943320.49219526,95431632.6205485,83.7535997795371,99.12662913378435,42.06047184340512,60.06487043991896,1045724.2352809804,0.0
China-like NIM zero; TFR 1.126,2091,223797604.53448737,17263067.813086372,111480418.20600024,95054118.51540074,85.26530492534931,100.7505965047069,42.47325109360267,60.333986245620096,1026507.8298011796,0.0
China-like NIM zero; TFR 1.126,2092,220691052.15781906,17007255.23707246,109020777.39399008,94663019.5267565,86.83025547016042,102.43026827837033,42.8939092007508,60.57709096795716,1006857.0545774003,0.0
China-like NIM zero; TFR 1.126,2093,217574491.22351274,16748081.778577147,106561788.70683801,94264620.73809761,88.46005860264684,104.17683849328174,43.32521712816979,60.788662677085085,987020.4925452265,0.0
China-like NIM zero; TFR 1.126,2094,214450390.25353125,16484307.19916686,104102567.03148143,93863516.02288297,90.16445866747735,105.99913755121887,43.76933793961113,60.96099116579778,966829.2874661232,0.0
China-like NIM zero; TFR 1.126,2095,211320839.06641617,16215426.188687287,101639120.35049489,93466292.52723405,91.95897426593474,107.91289646908804,44.2295672022476,61.077071213442025,946125.3755954396,0.0
China-like NIM zero; TFR 1.126,2096,208188104.41071326,15941415.22170677,99364171.6675842,92882517.52142228,93.47686994478671,109.52029380085995,44.614709271853386,61.131067880466034,925461.6793751668,0.0
China-like NIM zero; TFR 1.126,2097,205054547.45744237,15662039.631191615,97282077.20568943,92110430.62056139,94.68386496909054,110.78347969881759,44.919964839930344,61.17927609730574,904841.7110419839,0.0
China-like NIM zero; TFR 1.126,2098,201921881.0228018,15377614.676547492,95400648.32402903,91143618.02222523,95.53773441104428,111.65671782121706,45.13805911501634,61.227631037093225,884008.6270926462,0.0
China-like NIM zero; TFR 1.126,2099,198791872.4408882,15088444.714465182,93724277.194235,89979150.53218807,96.00410184622123,112.10285999742656,45.26299260999407,61.27627024248794,863449.4475618441,0.0
China-like NIM zero; TFR 1.126,2100,195667073.9254723,14795726.492765993,92251132.99793181,88620214.43477447,96.06409325808634,112.10262418116749,45.291327077609935,61.325116247568005,843416.9345084488,0.0
China-like NIM zero; TFR 1.118,2025,341784857.0,58899693.0,218268076.0,64617088.0,29.60446125891539,56.58948539959641,18.905778496792795,39.384881493556044,,
China-like NIM zero; TFR 1.118,2026,342927579.248088,58463534.520491034,218085678.45295596,66378366.27464102,30.43682957336409,57.24442874045127,19.35638026553127,39.61337389829415,3609543.3649586393,574000.0
China-like NIM zero; TFR 1.118,2027,344125660.63334215,58083406.295386,218030169.70935953,68012084.62859662,31.193886937417275,57.83396448852539,19.76373528885482,39.830624615149986,3594429.57236557,694000.0
China-like NIM zero; TFR 1.118,2028,345402795.1336335,57718848.85659467,218107929.0037097,69576017.27332911,31.89981106654115,58.363245532333984,20.143443612380356,40.04250066254185,3585471.8110813973,833000.0
China-like NIM zero; TFR 1.118,2029,346759434.4784294,57368342.92750993,218337959.04404652,71053132.50687282,32.54273000350749,58.81775024217185,20.490612638628228,40.25408626254872,3581530.2015967644,969000.0
China-like NIM zero; TFR 1.118,2030,348182836.4491439,57014531.67254468,218815796.54347706,72352508.23312217,33.06548675920034,59.121435448999954,20.780032976637,40.46912553401018,3585392.635884161,1086000.0
China-like NIM zero; TFR 1.118,2031,349131842.24836516,56437091.85883782,219302280.8410224,73392469.54850486,33.46635031201926,59.20119066224364,21.021419609241764,40.715470847327495,3384664.5459410017,868800.0
China-like NIM zero; TFR 1.118,2032,349599739.9202312,55689465.81995639,219652158.98673666,74258115.11353804,33.80714100698733,59.160620834754056,21.24089541098676,40.98511725330404,3177328.5466035176,651600.0
China-like NIM zero; TFR 1.118,2033,349575709.25007486,54732863.54393746,219813627.33269107,75029218.37344635,34.13310597886115,59.032774033152656,21.462938181374877,41.272654036057254,2959052.749035776,434400.0
China-like NIM zero; TFR 1.118,2034,349052268.614164,53576886.40450312,219676867.66023242,75798514.54942846,34.50454995865279,58.89350222984452,21.715519813227388,41.584549537178184,2732697.044857732,217200.0
China-like NIM zero; TFR 1.118,2035,348028136.69741714,52204395.4923049,219205256.6528407,76618484.55227141,34.95285000104422,58.768152740331146,22.01502593420632,41.92296405364273,2504481.916706037,0.0
China-like NIM zero; TFR 1.118,2036,346931732.1987987,50928720.07857223,218613979.83041787,77389032.2898087,35.39985519217048,58.69604151935705,22.306703338818043,42.2530983084072,2484173.1401872807,0.0
China-like NIM zero; TFR 1.118,2037,345763778.3765579,49549453.420350105,218353414.0096522,77860910.94655566,35.65820635307944,58.35052542905221,22.518527334508814,42.577583687792526,2463121.0873636114,0.0
China-like NIM zero; TFR 1.118,2038,344526291.4379432,48200620.380536355,218205761.4732369,78119909.58417006,35.80102975133932,57.89055665251063,22.674585808276746,42.896924253646965,2441878.691136112,0.0
China-like NIM zero; TFR 1.118,2039,343220822.7292621,46904767.94069023,218056896.245267,78259158.54330485,35.88932975331363,57.39966432577883,22.80140171012785,43.21138189864744,2419482.3147656834,0.0
China-like NIM zero; TFR 1.118,2040,341848014.4522682,45600485.43151573,217824820.2613431,78422708.75940937,36.00265050847692,56.937126835281596,22.940811543124944,43.5266041856258,2394721.8804625487,0.0
China-like NIM zero; TFR 1.118,2041,340409999.2742256,44282775.93636281,217633961.70150954,78493261.63635322,36.0666419076673,56.414006625081086,23.058447696514655,43.845061595791115,2368607.603124247,0.0
China-like NIM zero; TFR 1.118,2042,338909853.8334078,42957127.962593265,217327315.40944502,78625410.4613695,36.17833787402154,55.94443487000291,23.199505582985516,44.17514055809009,2341951.739182587,0.0
China-like NIM zero; TFR 1.118,2043,337350420.8184063,41618659.29643958,216975961.22388485,78755800.29808183,36.29701643161212,55.47824695211928,23.345398564205617,44.519076152132584,2314685.9249319485,0.0
China-like NIM zero; TFR 1.118,2044,335736302.3000391,40265040.87683171,216531464.7732524,78939796.64995496,36.45650147548727,55.05197023056935,23.512440004003036,44.871566724893064,2287295.861029497,0.0
China-like NIM zero; TFR 1.118,2045,334073685.80820763,38893337.862783715,215905482.5367829,79274865.40864097,36.717393406225916,54.73145094927956,23.7297544752306,45.23971172448547,2261568.0743061225,0.0
China-like NIM zero; TFR 1.118,2046,332368588.91458285,37711629.681891724,215062971.49807513,79593987.73461606,37.0096196384641,54.54477662955461,23.947505988621366,45.60624460924172,2237173.4427432357,0.0
China-like NIM zero; TFR 1.118,2047,330625236.2587539,36725606.21896344,213971644.07569814,79927985.96409236,37.35447578082623,54.518248287977116,24.174798895731943,45.97033437122109,2214026.4355114168,0.0
China-like NIM zero; TFR 1.118,2048,328847316.9469307,35943269.96883017,212625608.50915802,80278438.46894248,37.75577129764442,54.660259059419396,24.412070383988503,46.30207644229584,2190528.5095124203,0.0
China-like NIM zero; TFR 1.118,2049,327039908.45052093,35370159.39567752,211091456.99781597,80578292.05702737,38.172218432250936,54.92806440475918,24.638672521282935,46.629680051550515,2167403.3032621196,0.0
China-like NIM zero; TFR 1.118,2050,325207038.67638445,35004711.16836917,209216271.9816337,80986055.52638157,38.70925275520206,55.44060488035707,24.902922106483462,46.954861045985,2144192.678990081,0.0
China-like NIM zero; TFR 1.118,2051,323351136.8562468,34635298.170091905,207305293.99687386,81410544.689281,39.270846932885696,55.97823414057283,25.177132661659368,47.286490011702966,2119920.7208188456,0.0
China-like NIM zero; TFR 1.118,2052,321473001.337374,34260320.12636156,205393417.6933913,81819263.51762111,39.83538734418446,56.51572720663562,25.451363933282483,47.61899439900829,2093171.950775601,0.0
China-like NIM zero; TFR 1.118,2053,319575628.4164598,33880675.68869335,203409433.5172681,82285519.21049836,40.453148011698715,57.10954152444949,25.74837124415093,47.95307070902795,2067117.0452027675,0.0
China-like NIM zero; TFR 1.118,2054,317658937.5756262,33495435.15331822,201331929.58107638,82831572.84123157,41.14179654145483,57.77871807844811,26.075631138667887,48.29151981230068,2039060.372008061,0.0
China-like NIM zero; TFR 1.118,2055,315722651.37974226,33105362.985471062,199103080.3451949,83514208.04907627,41.945211447398776,58.57245946790888,26.45176318015515,48.63707473757639,2009359.3490763435,0.0
China-like NIM zero; TFR 1.118,2056,313766932.26265264,32710349.175826266,196872800.11736605,84183782.96946022,42.760494552459214,59.375460741961234,26.830036665237376,48.98926359158927,1978323.1384094888,0.0
China-like NIM zero; TFR 1.118,2057,311791771.6013701,32310650.860382546,194683045.85891157,84798074.88207597,43.556990033703215,60.15353069179336,27.197021411614234,49.34466351407958,1947024.70280078,0.0
China-like NIM zero; TFR 1.118,2058,309796285.2861317,31905682.719818894,192519989.18095398,85370613.3853588,44.34376593752921,60.916425667854675,27.55701647826714,49.69551502737428,1914470.8735539054,0.0
China-like NIM zero; TFR 1.118,2059,307779572.8355546,31495123.736551672,190356308.8488215,85928140.25018136,45.14068420943399,61.68603746145817,27.91872750310575,50.04061156929731,1881400.9640366242,0.0
China-like NIM zero; TFR 1.118,2060,305739308.74659604,31075904.850521278,188178520.18132028,86484883.71475446,45.95895622487708,62.473011506307685,28.28713261284802,50.380226345041,1847102.861051129,0.0
China-like NIM zero; TFR 1.118,2061,303673149.8848277,30645597.06988305,185986183.80586308,87041369.00908148,46.79991127724701,63.27726268194689,28.662846564503035,50.718055685309054,1811570.8562187233,0.0
China-like NIM zero; TFR 1.118,2062,301575812.26018476,30199649.942526825,183737968.39320624,87638193.92445165,47.69737833222504,64.13363819001253,29.060087169338946,51.053020859651134,1772694.1859664358,0.0
China-like NIM zero; TFR 1.118,2063,299441914.91164064,29735012.702773325,181355911.9644596,88350990.24440764,48.71690659950574,65.11285001302981,29.505218155740906,51.3850955547502,1730410.7658524436,0.0
China-like NIM zero; TFR 1.118,2064,297265305.7974743,29247418.56082894,178814612.3369336,89203274.89971176,49.885897877087025,66.24217781338167,30.00796701128843,51.721081019933386,1684359.0795416273,0.0
China-like NIM zero; TFR 1.118,2065,295041040.24500084,28734199.87998561,176110793.1401731,90196047.22484218,51.21551360742087,67.53149252480328,30.57067828595769,52.061568287174566,1635483.2989529357,0.0
China-like NIM zero; TFR 1.118,2066,292765346.1058317,28194985.841735482,173404722.314009,91165637.95008734,52.57390729244416,68.83354859026231,31.139490777413215,52.40678764730397,1585073.4197799554,0.0
China-like NIM zero; TFR 1.118,2067,290437214.3461886,27633632.883565545,170914928.99938446,91888652.46323866,53.76280059395489,69.93086329353632,31.638043585458494,52.757789020957645,1536197.3118297237,0.0
China-like NIM zero; TFR 1.118,2068,288056701.3669149,27052346.746007297,168463166.21538657,92541188.40552111,54.93259475320776,70.99091026142979,32.126032120199106,53.11471775240187,1490183.6517717943,0.0
China-like NIM zero; TFR 1.118,2069,285625233.5597307,26457555.473244358,165957952.92872804,93209725.1577583,56.164663104628644,72.10698765511691,32.6335751208291,53.47274226514404,1448598.3694755302,0.0
China-like NIM zero; TFR 1.118,2070,283143455.10975707,25854514.335701942,163447667.3670582,93841273.40699689,57.4136510594889,73.23187272773691,33.14266027114082,53.82989047029112,1410799.0547404843,0.0
China-like NIM zero; TFR 1.118,2071,280613189.4133774,25248763.39323279,160904798.48450994,94459627.53563455,58.70528935451732,74.39702983151959,33.66186305536908,54.18064087524929,1377091.5478056201,0.0
China-like NIM zero; TFR 1.118,2072,278037379.19680995,24644367.14813531,158295074.78861073,95097937.260064,60.076371540339466,75.64499689463157,34.20329221012709,54.52775212037301,1347208.6125746157,0.0
China-like NIM zero; TFR 1.118,2073,275419118.132707,24046329.813801207,155666017.73169398,95706770.58721183,61.48212177700342,76.92950725277726,34.74950150014525,54.87188554712433,1321112.9365746272,0.0
China-like NIM zero; TFR 1.118,2074,272760872.87492615,23457815.190911267,153135841.85147497,96167215.83253984,62.79863333745965,78.11693825373311,35.25696879428784,55.20901703200204,1297814.013905707,0.0
China-like NIM zero; TFR 1.118,2075,270064587.1323012,22882950.59211646,150646508.55370256,96535127.98648217,64.08056111839412,79.27039247380128,35.745200439475184,55.541491856913495,1277203.8663042767,0.0
China-like NIM zero; TFR 1.118,2076,267331997.52216843,22324987.61383907,148211477.74675748,96795532.16157189,65.30906622964937,80.37199384716143,36.207985972029086,55.86794820645022,1258607.8891985945,0.0
China-like NIM zero; TFR 1.118,2077,264564266.2754339,21788810.620546084,145796846.5357965,96978609.11909129,66.51625972944538,81.46089751706477,36.65597417382448,56.17912308830886,1241703.8190348905,0.0
China-like NIM zero; TFR 1.118,2078,261762459.65718305,21278695.890470654,143355729.68348262,97128034.08322974,67.75315803399018,82.59644050163358,37.10541007691988,56.50109933387325,1225633.6797766108,0.0
China-like NIM zero; TFR 1.118,2079,258927874.11049312,20799313.913314905,140879832.7741008,97248727.42307739,69.02955909879209,83.79342806694055,37.55823035938499,56.824880954761184,1210535.00467601,0.0
China-like NIM zero; TFR 1.118,2080,256061162.0320821,20353681.62148274,138345370.64039665,97362109.77020276,70.3761241301508,85.08834870786248,38.02298989723563,57.14393949575054,1195536.9076328392,0.0
China-like NIM zero; TFR 1.118,2081,253163817.48578987,19943129.08941537,135785632.47676808,97435055.9196064,71.75652839137956,86.44374435498861,38.48695950600265,57.453043310336994,1180464.2990929529,0.0
China-like NIM zero; TFR 1.118,2082,250238219.035313,19566525.938834805,133254280.7839648,97417412.31251344,73.10640359122797,87.79000386562107,38.929869581099496,57.758567963464856,1165617.2855268163,0.0
China-like NIM zero; TFR 1.118,2083,247286030.85212526,19220531.303249087,130725904.63549718,97339594.91337901,74.46083099198346,89.16375567767729,39.36315956787191,58.062809554057054,1150358.3524746974,0.0
China-like NIM zero; TFR 1.118,2084,244309468.90477842,18900655.63900242,128218120.5115884,97190692.75418761,75.80105866970925,90.54207621355489,39.781795273792056,58.36631898679718,1134932.3790583333,0.0
China-like NIM zero; TFR 1.118,2085,241309796.44779527,18602586.834718842,125719080.54831061,96988129.06476587,77.14670568839853,91.94365357696533,40.19237117285795,58.66906635880354,1118932.2201268135,0.0
China-like NIM zero; TFR 1.118,2086,238288807.08802965,18321824.530003008,123294821.2097807,96672161.34824593,78.40731703058518,93.26749067796753,40.56932531981365,58.971258904724145,1102440.9213181697,0.0
China-like NIM zero; TFR 1.118,2087,235247755.988273,18053930.487073813,120763173.17523493,96430652.3259642,79.85104216004434,94.80090643768834,40.99110400473756,59.273252414803295,1085345.6673870021,0.0
China-like NIM zero; TFR 1.118,2088,232187784.86784023,17794440.296127114,118242316.23641983,96151028.33529332,81.3169357601588,96.36606610749399,41.410890064704255,59.575835235455365,1067515.333990574,0.0
China-like NIM zero; TFR 1.118,2089,229110815.62590063,17540648.32755826,115771061.12458307,95799106.17375931,82.74875019990391,97.89990123641596,41.813436834943275,59.87936012260845,1049692.524660194,0.0
China-like NIM zero; TFR 1.118,2090,226017543.93272752,17289164.190970194,113296747.12120883,95431632.6205485,84.23157331997572,99.49164444317721,42.22310841894337,60.18451587992016,1031221.5794304154,0.0
China-like NIM zero; TFR 1.118,2091,222909686.76995915,17037335.86101419,110818232.39354423,95054118.51540074,85.7748011878036,101.14892825428686,42.64243510130439,60.462217536827076,1012077.8313099126,0.0
China-like NIM zero; TFR 1.118,2092,219789260.26467916,16783111.6263168,108343129.11160582,94663019.5267565,87.37334827134515,102.86405060192698,43.06990223851677,60.714675263575266,992496.0863246812,0.0
China-like NIM zero; TFR 1.118,2093,216658920.23450795,16525453.564535256,105868845.93187514,94264620.73809761,89.03905573765803,104.64841977584648,43.5083035750696,60.93667303914446,972722.6646094065,0.0
China-like NIM zero; TFR 1.118,2094,213521133.80627018,16263121.02881818,103394496.75456905,93863516.02288297,90.78192647495536,106.51112052231599,43.95982465513052,61.11183203725094,952592.3295505735,0.0
China-like NIM zero; TFR 1.118,2095,210377998.34776092,15995609.742092162,100916096.07843475,93466292.52723405,92.6178242711544,108.4682290764096,44.42778867623389,61.23546673068016,931951.0223837086,0.0
China-like NIM zero; TFR 1.118,2096,207231777.52683142,15722892.086597595,98629556.51346228,92879328.92677154,94.16987382894106,110.11123323721489,44.81905720986539,61.300255575835976,911346.2496862902,0.0
China-like NIM zero; TFR 1.118,2097,204084833.76372412,15444739.896963358,96539208.30416948,92100885.56259136,95.40256977497253,111.40098137194883,45.12872606164339,61.346703179454984,890783.7585951936,0.0
China-like NIM zero; TFR 1.118,2098,200938896.9082993,15161480.579576446,94652815.18027934,91124601.14844346,96.2724679396847,112.29046016812431,45.34940847715969,61.39338021508348,870014.334159343,0.0
China-like NIM zero; TFR 1.118,2099,197795738.65303293,14873427.881232057,92974660.60437872,89947650.16742216,96.74426298813077,112.7415549218123,45.47501921929951,61.44037776548364,849521.5181480491,0.0
China-like NIM zero; TFR 1.118,2100,194657924.6813257,14581788.131721765,91502814.35303088,88573322.19657306,96.79846770050655,112.73435801691053,45.50203765994956,61.48767529199916,829557.6830540296,0.0
