"RACE_HISP","SEX","YEAR","TOTAL_NIM","NIM_0","NIM_1","NIM_2","NIM_3","NIM_4","NIM_5","NIM_6","NIM_7","NIM_8","NIM_9","NIM_10","NIM_11","NIM_12","NIM_13","NIM_14","NIM_15","NIM_16","NIM_17","NIM_18","NIM_19","NIM_20","NIM_21","NIM_22","NIM_23","NIM_24","NIM_25","NIM_26","NIM_27","NIM_28","NIM_29","NIM_30","NIM_31","NIM_32","NIM_33","NIM_34","NIM_35","NIM_36","NIM_37","NIM_38","NIM_39","NIM_40","NIM_41","NIM_42","NIM_43","NIM_44","NIM_45","NIM_46","NIM_47","NIM_48","NIM_49","NIM_50","NIM_51","NIM_52","NIM_53","NIM_54","NIM_55","NIM_56","NIM_57","NIM_58","NIM_59","NIM_60","NIM_61","NIM_62","NIM_63","NIM_64","NIM_65","NIM_66","NIM_67","NIM_68","NIM_69","NIM_70","NIM_71","NIM_72","NIM_73","NIM_74","NIM_75","NIM_76","NIM_77","NIM_78","NIM_79","NIM_80","NIM_81","NIM_82","NIM_83","NIM_84","NIM_85"
0,0,2023,853220,21313,15082,14309,13776,13376,12964,12573,12130,11897,11903,11458,11308,10981,11038,11888,13831,16812,20569,22347,24770,26230,27044,27400,29184,31212,32438,33368,32974,31811,30479,28555,26227,23585,21674,20044,18272,15641,12824,10801,8838,7335,6201,5839,5505,5998,5595,4553,3263,1705,701,-187,-570,-518,221,1306,1863,2510,2588,2497,2600,2474,2568,2090,1671,1593,1268,1299,1478,1716,1698,1641,1762,1339,1053,1110,1083,616,808,467,122,-192,-429,-949,-1226,-1392,-12379
0,0,2024,855072,21450,18149,13712,13440,13143,12880,12555,12113,11961,11914,11538,11221,11009,11167,12012,14018,16986,20599,22586,24992,26502,27429,28037,29119,31042,32783,33269,33343,32319,30840,29198,26777,24363,22081,20177,18451,15856,13287,10996,9101,7848,6429,5886,5780,5608,5573,4548,3147,1795,459,-80,-453,-314,-19,846,1721,2212,2577,2594,2495,2337,2168,1998,1456,1128,971,870,1038,1394,1426,1418,1175,1327,853,720,760,646,131,323,-66,-438,-774,-1000,-1353,-1542,-12961
0,0,2025,857704,21588,18274,16291,12948,12869,12706,12479,12115,11948,11963,11479,11283,10934,11173,12144,14182,17198,20885,22615,25265,26790,27669,28410,29716,31013,32635,33556,33331,32664,31335,29592,27380,24917,22808,20569,18612,16044,13517,11420,9351,8050,6928,6109,5833,5865,5220,4530,3159,1690,554,-296,-306,-212,204,636,1337,2130,2369,2580,2589,2293,1997,1607,1350,904,619,619,622,937,1218,1136,1007,690,859,484,406,402,140,-375,-170,-652,-972,-1333,-1441,-1675,-13605
0,0,2026,864765,21746,18421,16427,15120,12516,12547,12390,12135,11987,12004,11621,11268,11098,11208,12262,14445,17491,21197,23071,25401,27138,28091,28718,30222,31615,32703,33566,33666,32771,31721,30080,27816,25569,23382,21293,19038,16283,13757,11714,9835,8355,7175,6608,6139,5937,5525,4245,3168,1731,527,-171,-473,-15,384,882,1187,1794,2293,2454,2588,2402,2022,1420,1016,792,417,295,444,583,782,998,740,565,304,500,204,86,-30,-339,-871,-731,-1183,-1492,-1764,-1792,-14269
0,0,2027,870593,21904,18566,16559,15244,14301,12294,12288,12083,12032,12040,11673,11456,11116,11365,12360,14603,17824,21558,23455,25862,27291,28387,29193,30512,32116,33276,33617,33660,33087,31814,30391,28240,25881,23930,21765,19569,16703,13877,11948,10067,8813,7472,6830,6565,6235,5585,4536,2853,1711,524,-216,-357,-166,529,1103,1401,1670,1980,2348,2451,2373,2118,1455,768,438,267,39,126,362,448,543,606,274,149,7,155,-93,-367,-501,-861,-1449,-1263,-1699,-1906,-2120,-15050
0,0,2028,874210,22060,18709,16695,15365,14412,13726,12105,12020,12037,12124,11755,11476,11227,11377,12455,14732,18001,21939,23820,26297,27663,28569,29363,30923,32370,33682,34104,33768,32986,32046,30485,28426,26227,24197,22216,20002,17027,14258,11982,10279,8965,7863,7127,6736,6595,5849,4587,3138,1348,479,-240,-434,-103,384,1164,1587,1856,1856,2042,2337,2234,2044,1507,783,168,-127,-101,-173,74,189,224,129,147,-150,-172,-291,-229,-537,-836,-1026,-1473,-2009,-1788,-2103,-2242,-16073
0,0,2029,877563,22218,18856,16828,15488,14523,13829,13248,11895,11996,12198,11670,11534,11280,11436,12490,14822,18176,22148,24254,26664,28116,28831,29556,31057,32720,33972,34467,34168,33181,31935,30575,28526,26381,24469,22462,20379,17499,14561,12316,10283,9163,8003,7445,7042,6734,6190,4830,3181,1649,131,-262,-442,-140,447,1059,1638,2009,2021,1956,2042,2081,1908,1432,809,163,-364,-474,-313,-194,-54,-13,-98,-320,-282,-473,-488,-573,-683,-968,-1321,-1622,-2047,-2564,-2213,-2422,-17047
0,0,2030,878684,22376,19000,16958,15609,14634,13931,13339,12813,11900,12230,11755,11502,11299,11539,12568,14899,18279,22354,24454,27081,28475,29307,29777,31221,32851,34276,34744,34467,33508,32093,30433,28504,26398,24578,22668,20540,17766,14953,12567,10555,9105,8147,7537,7276,6991,6283,5139,3374,1626,374,-640,-495,-183,373,1099,1513,2016,2114,2027,1931,1772,1691,1219,700,116,-434,-748,-677,-381,-303,-271,-342,-490,-719,-655,-815,-813,-969,-1142,-1428,-1887,-2209,-2625,-3045,-2549,-18120
0,0,2031,876556,22530,19141,17089,15729,14739,14029,13429,12897,12597,12257,11716,11535,11299,11534,12621,14952,18339,22450,24641,27287,28810,29609,30221,31428,32995,34388,35007,34720,33799,32460,30579,28389,26374,24560,22707,20694,17898,15117,12852,10712,9301,8019,7604,7319,7158,6460,5176,3632,1769,268,-502,-914,-308,275,936,1492,1837,2052,2045,1920,1568,1311,945,393,-25,-562,-904,-993,-748,-571,-523,-692,-776,-924,-1024,-1027,-1155,-1255,-1422,-1657,-2009,-2462,-2801,-3109,-3448,-19243
0,0,2032,870256,22686,19283,17219,15846,14847,14130,13521,12982,12677,12437,11709,11524,11300,11538,12621,14975,18378,22495,24729,27419,29009,29875,30490,31815,33203,34519,35107,34866,33924,32683,30941,28419,26214,24475,22648,20665,17959,15222,12930,10909,9394,8131,7444,7328,7166,6584,5289,3610,1975,353,-653,-856,-742,100,795,1269,1744,1823,1911,1851,1495,1033,477,45,-424,-745,-1089,-1242,-1097,-982,-903,-985,-1220,-1269,-1332,-1381,-1434,-1623,-1749,-1952,-2289,-2630,-3066,-3302,-3500,-21285
0,0,2033,876378,22834,19421,17349,15964,14953,14228,13608,13065,12757,12512,12132,11501,11314,11560,12675,15053,18483,22636,24899,27639,29253,30186,30848,32185,33672,34859,35403,35163,34226,32949,31336,28995,26422,24516,22772,20824,18147,15476,13254,11200,9769,8398,7682,7328,7284,6696,5504,3816,2045,679,-452,-868,-564,-154,784,1298,1699,1897,1867,1904,1615,1152,382,-242,-579,-955,-1075,-1206,-1137,-1077,-1046,-1113,-1246,-1454,-1421,-1477,-1554,-1716,-1935,-2118,-2429,-2785,-3135,-3486,-3628,-22838
0,0,2034,882251,22982,19557,17472,16077,15056,14326,13696,13149,12834,12585,12204,11856,11302,11575,12704,15120,18584,22772,25071,27823,29478,30430,31162,32537,34030,35314,35739,35455,34513,33234,31577,29361,26966,24708,22803,20928,18288,15645,13491,11510,10043,8748,7927,7543,7286,6799,5602,4021,2242,739,-131,-678,-576,10,563,1293,1730,1856,1942,1857,1667,1274,508,-355,-888,-1121,-1283,-1192,-1106,-1110,-1135,-1250,-1375,-1481,-1609,-1572,-1651,-1839,-2029,-2315,-2606,-2940,-3304,-3560,-3828,-24379
0,0,2035,887842,23130,19693,17595,16191,15163,14420,13783,13227,12910,12656,12272,11924,11612,11571,12727,15168,18678,22904,25237,28014,29666,30645,31406,32846,34377,35665,36171,35776,34787,33498,31836,29582,27307,25220,22977,20940,18374,15765,13641,11737,10331,8999,8247,7767,7484,6796,5690,4105,2440,932,-81,-372,-393,7,713,1100,1727,1884,1900,1932,1617,1323,634,-229,-1017,-1434,-1446,-1388,-1093,-1083,-1165,-1336,-1504,-1614,-1642,-1767,-1752,-1942,-2160,-2418,-2814,-3129,-3472,-3747,-3903,-25976
0,0,2036,893156,23276,19827,17721,16299,15261,14511,13868,13307,12985,12727,12342,11988,11671,11856,12736,15209,18744,23022,25393,28194,29857,30834,31627,33099,34681,36002,36515,36198,35096,33753,32084,29815,27507,25534,23458,21094,18364,15828,13740,11874,10539,9265,8478,8063,7692,6978,5678,4181,2512,1121,106,-330,-112,172,711,1240,1552,1879,1927,1888,1693,1268,683,-101,-886,-1571,-1754,-1547,-1273,-1070,-1143,-1368,-1592,-1745,-1778,-1800,-1952,-2047,-2270,-2554,-2924,-3353,-3681,-3931,-4106,-27479
0,0,2037,898196,23416,19956,17843,16411,15361,14600,13949,13383,13059,12797,12407,12050,11735,11913,13016,15231,18803,23109,25536,28367,30036,31020,31818,33326,34935,36308,36849,36529,35495,34042,32320,30041,27725,25716,23751,21553,18504,15795,13786,11956,10661,9458,8718,8269,7964,7178,5857,4153,2568,1179,286,-154,-70,427,862,1245,1681,1723,1925,1914,1647,1341,614,-56,-757,-1444,-1890,-1836,-1423,-1236,-1136,-1350,-1630,-1839,-1912,-1940,-1988,-2253,-2378,-2670,-3072,-3471,-3926,-4155,-4301,-29034
0,0,2038,903017,23556,20087,17960,16519,15460,14691,14028,13459,13131,12863,12471,12114,11794,11975,13084,15539,18839,23193,25650,28524,30213,31198,32011,33520,35164,36561,37147,36851,35815,34426,32582,30255,27928,25915,23913,21824,18946,15911,13730,11986,10734,9564,8892,8490,8153,7428,6046,4325,2525,1224,339,20,92,471,1097,1382,1685,1838,1772,1913,1673,1288,689,-136,-719,-1319,-1770,-1964,-1687,-1370,-1290,-1348,-1619,-1881,-2012,-2072,-2133,-2293,-2595,-2785,-3196,-3632,-4053,-4420,-4543,-30619
0,0,2039,907659,23690,20210,18075,16628,15557,14779,14110,13535,13202,12927,12537,12177,11848,12032,13146,15623,19203,23248,25749,28647,30371,31374,32195,33717,35367,36789,37399,37140,36120,34724,32943,30496,28125,26099,24098,21967,19204,16342,13829,11916,10752,9628,8989,8647,8354,7607,6290,4511,2692,1172,376,67,251,619,1137,1589,1810,1843,1887,1758,1665,1309,625,-65,-811,-1283,-1655,-1855,-1803,-1609,-1419,-1493,-1619,-1876,-2064,-2178,-2269,-2443,-2637,-3010,-3316,-3767,-4227,-4560,-4825,-32273
0,0,2040,912156,23825,20333,18191,16728,15649,14864,14187,13607,13269,12992,12598,12238,11905,12085,13209,15700,19307,23682,25821,28758,30494,31529,32372,33909,35569,36998,37621,37384,36394,35008,33220,30829,28347,26275,24263,22130,19326,16579,14245,12002,10667,9638,9040,8737,8495,7793,6458,4750,2876,1332,315,103,297,766,1273,1630,1999,1960,1891,1872,1505,1298,644,-138,-739,-1379,-1624,-1747,-1707,-1713,-1634,-1614,-1761,-1882,-2062,-2233,-2378,-2582,-2792,-3055,-3554,-3895,-4374,-4749,-4974,-34039
0,0,2041,915545,23952,20452,18296,16822,15724,14933,14244,13658,13318,13032,12636,12272,11940,12120,13248,15761,19390,23798,26310,28822,30588,31633,32522,34074,35747,37177,37805,37583,36602,35242,33460,31059,28640,26462,24404,22251,19448,16663,14446,12392,10721,9546,9033,8770,8559,7909,6627,4901,3100,1502,461,34,319,805,1402,1751,2029,2129,1998,1869,1617,1117,617,-133,-829,-1316,-1726,-1723,-1612,-1628,-1738,-1825,-1884,-2027,-2077,-2239,-2442,-2700,-2941,-3220,-3607,-4155,-4513,-4911,-5175,-35776
0,0,2042,918835,24075,20563,18399,16910,15801,15002,14298,13712,13366,13066,12674,12307,11974,12149,13288,15819,19473,23913,26451,29362,30648,31725,32637,34228,35917,37356,37981,37762,36793,35430,33664,31275,28858,26729,24572,22363,19556,16773,14513,12587,11089,9591,8934,8764,8587,7963,6736,5061,3247,1728,624,168,256,828,1438,1868,2135,2156,2160,1971,1613,1229,415,-166,-830,-1410,-1669,-1815,-1592,-1544,-1668,-1925,-2089,-2144,-2223,-2255,-2451,-2767,-3062,-3379,-3780,-4209,-4790,-5059,-5352,-37516
0,0,2043,922069,24197,20675,18500,16997,15875,15068,14350,13761,13413,13105,12711,12340,12009,12179,13321,15878,19554,24024,26594,29520,31205,31784,32740,34352,36078,37523,38157,37935,36963,35605,33831,31465,29061,26930,24826,22509,19659,16861,14599,12643,11264,9938,8972,8678,8579,7988,6787,5162,3398,1872,844,324,384,777,1462,1903,2240,2252,2187,2131,1719,1221,530,-390,-874,-1416,-1766,-1766,-1680,-1525,-1595,-1863,-2186,-2346,-2342,-2400,-2470,-2775,-3131,-3506,-3950,-4400,-4852,-5358,-5507,-39242
0,0,2044,925181,24313,20782,18597,17083,15948,15134,14405,13812,13455,13145,12747,12376,12037,12209,13358,15932,19633,24136,26732,29677,31366,32320,32808,34463,36211,37679,38321,38108,37129,35757,33984,31617,29234,27117,25008,22735,19790,16946,14671,12725,11310,10101,9281,8713,8493,7973,6802,5207,3487,2020,978,532,526,894,1419,1929,2273,2351,2281,2156,1886,1328,514,-274,-1112,-1468,-1778,-1865,-1641,-1605,-1583,-1797,-2131,-2444,-2546,-2522,-2618,-2795,-3141,-3576,-4083,-4585,-5054,-5425,-5825,-40905
0,0,2045,928110,24429,20886,18693,17165,16019,15194,14457,13860,13500,13177,12779,12408,12069,12236,13392,15989,19711,24244,26865,29832,31528,32477,33323,34544,36329,37815,38476,38275,37289,35905,34113,31748,29373,27274,25176,22891,20006,17061,14738,12789,11375,10136,9425,8998,8519,7886,6782,5214,3519,2103,1121,659,718,1026,1524,1893,2295,2381,2375,2251,1910,1503,629,-295,-1003,-1713,-1836,-1880,-1735,-1566,-1660,-1791,-2074,-2393,-2647,-2728,-2741,-2949,-3165,-3588,-4156,-4728,-5258,-5644,-5895,-42722
0,0,2046,930865,24537,20988,18789,17246,16088,15250,14500,13904,13544,13209,12814,12436,12099,12263,13423,16039,19785,24345,26994,29981,31681,32629,33484,35021,36421,37935,38610,38420,37442,36045,34240,31860,29499,27398,25320,23034,20145,17263,14829,12847,11423,10198,9453,9126,8779,7906,6693,5180,3507,2129,1199,793,834,1202,1641,1991,2262,2405,2405,2344,2012,1528,811,-179,-1034,-1605,-2078,-1943,-1754,-1655,-1627,-1866,-2071,-2340,-2599,-2831,-2951,-3076,-3326,-3610,-4169,-4805,-5408,-5871,-6128,-44387
0,0,2047,933422,24644,21087,18878,17324,16155,15311,14551,13947,13586,13239,12844,12466,12124,12288,13452,16090,19858,24446,27124,30127,31834,32776,33644,35183,36860,38033,38729,38550,37584,36177,34362,31968,29598,27504,25426,23150,20278,17388,15013,12937,11462,10241,9500,9150,8891,8145,6706,5072,3458,2110,1215,866,957,1308,1801,2098,2349,2374,2428,2372,2104,1627,832,14,-919,-1646,-1985,-2173,-1822,-1678,-1711,-1845,-2146,-2340,-2552,-2786,-3054,-3292,-3462,-3782,-4190,-4815,-5486,-6029,-6372,-46108
0,0,2048,935900,24746,21182,18966,17401,16223,15372,14597,13992,13622,13271,12871,12496,12149,12312,13484,16139,19928,24547,27250,30269,31977,32921,33792,35339,37025,38437,38828,38666,37700,36305,34474,32070,29698,27592,25522,23235,20388,17504,15125,13109,11541,10277,9534,9192,8907,8248,6942,5070,3331,2048,1191,881,1026,1422,1900,2242,2445,2455,2399,2390,2133,1724,938,31,-727,-1537,-2032,-2091,-2033,-1747,-1740,-1926,-2126,-2415,-2558,-2742,-3010,-3400,-3683,-3925,-4376,-4842,-5498,-6111,-6540,-47832
0,0,2049,938213,24843,21272,19053,17476,16283,15428,14641,14032,13658,13301,12901,12521,12174,12338,13512,16185,19995,24640,27368,30405,32120,33060,33941,35492,37182,38595,39213,38761,37808,36404,34577,32171,29791,27677,25596,23308,20460,17595,15221,13214,11698,10345,9560,9224,8944,8262,7035,5306,3317,1913,1125,854,1035,1487,2003,2331,2572,2547,2479,2363,2152,1749,1036,137,-713,-1348,-1931,-2143,-1969,-1934,-1811,-1954,-2205,-2398,-2635,-2748,-2967,-3352,-3797,-4162,-4531,-5043,-5526,-6125,-6627,-49554
0,0,2050,940353,24939,21363,19134,17549,16344,15481,14683,14071,13693,13328,12929,12545,12196,12358,13536,16229,20061,24732,27487,30536,32254,33194,34083,35637,37333,38746,39363,39127,37888,36494,34654,32253,29881,27758,25672,23359,20517,17651,15297,13305,11787,10489,9614,9252,8970,8293,7042,5393,3548,1887,978,788,1012,1500,2059,2423,2653,2666,2569,2442,2124,1764,1058,239,-611,-1341,-1757,-2057,-2026,-1885,-1987,-2021,-2236,-2475,-2623,-2828,-2977,-3311,-3751,-4281,-4782,-5214,-5745,-6156,-6639,-51154
0,0,2051,942366,25030,21449,19215,17615,16400,15535,14721,14108,13725,13352,12953,12570,12220,12375,13561,16272,20120,24818,27598,30668,32387,33325,34220,35780,37478,38893,39514,39279,38244,36559,34721,32317,29954,27833,25738,23412,20558,17697,15335,13370,11861,10571,9748,9307,8990,8310,7067,5387,3626,2120,947,645,951,1480,2073,2478,2736,2739,2685,2533,2207,1731,1067,252,-511,-1241,-1757,-1905,-1957,-1942,-1948,-2187,-2301,-2503,-2700,-2816,-3059,-3321,-3706,-4231,-4908,-5489,-5932,-6395,-6672,-52583
0,0,2052,944218,25117,21531,19291,17685,16459,15583,14763,14145,13758,13379,12975,12592,12242,12393,13583,16314,20179,24904,27704,30791,32517,33449,34353,35918,37621,39036,39656,39420,38384,36899,34769,32369,30008,27895,25798,23460,20596,17720,15360,13402,11915,10642,9816,9426,9030,8328,7084,5402,3609,2193,1174,611,817,1428,2059,2496,2785,2815,2757,2648,2302,1813,1024,261,-499,-1147,-1671,-1910,-1826,-1887,-2003,-2156,-2464,-2563,-2731,-2895,-3047,-3408,-3719,-4184,-4858,-5630,-6234,-6602,-6928,-53873
0,0,2053,945935,25201,21613,19368,17753,16514,15634,14800,14178,13791,13402,12998,12613,12257,12411,13606,16352,20235,24987,27811,30911,32641,33573,34481,36048,37753,39173,39793,39559,38515,37018,35086,32405,30058,27940,25852,23501,20634,17748,15366,13419,11934,10691,9877,9490,9140,8364,7099,5410,3610,2168,1243,830,790,1312,2018,2486,2795,2858,2831,2719,2419,1909,1110,206,-499,-1139,-1584,-1835,-1842,-1776,-1964,-2214,-2435,-2724,-2787,-2922,-3127,-3396,-3808,-4197,-4808,-5574,-6383,-6930,-7156,-55272
0,0,2054,947513,25284,21690,19440,17813,16568,15681,14837,14210,13819,13423,13018,12633,12279,12425,13624,16388,20290,25066,27914,31029,32763,33687,34604,36176,37885,39306,39928,39694,38645,37133,35188,32702,30084,27974,25883,23536,20665,17766,15377,13420,11940,10705,9912,9545,9201,8467,7132,5415,3608,2163,1212,892,989,1288,1915,2450,2786,2869,2872,2790,2493,2031,1210,291,-561,-1147,-1585,-1760,-1781,-1794,-1872,-2177,-2489,-2691,-2949,-2975,-3158,-3479,-3799,-4295,-4822,-5523,-6327,-7098,-7504,-56724
0,0,2055,949030,25362,21764,19511,17874,16617,15725,14874,14244,13844,13444,13036,12651,12296,12440,13646,16422,20343,25144,28010,31144,32878,33801,34722,36303,38014,39434,40057,39825,38768,37247,35290,32789,30370,27991,25910,23550,20688,17783,15380,13422,11929,10711,9924,9583,9246,8518,7228,5439,3600,2153,1202,860,1049,1471,1896,2364,2750,2859,2881,2830,2568,2110,1340,392,-477,-1217,-1600,-1771,-1721,-1739,-1893,-2094,-2452,-2739,-2916,-3140,-3210,-3512,-3886,-4287,-4926,-5536,-6269,-7037,-7689,-58375
0,0,2056,950522,25435,21836,19579,17934,16669,15769,14903,14273,13873,13461,13058,12667,12310,12454,13663,16457,20397,25219,28108,31254,32993,33911,34841,36422,38139,39558,40181,39950,38888,37357,35381,32870,30453,28257,25915,23555,20695,17792,15380,13423,11922,10699,9923,9592,9278,8560,7278,5535,3616,2140,1185,850,1017,1529,2061,2350,2671,2828,2873,2839,2608,2188,1416,529,-380,-1136,-1669,-1792,-1737,-1695,-1852,-2117,-2370,-2700,-2963,-3100,-3379,-3567,-3925,-4380,-4917,-5651,-6286,-6975,-7625,-60029
0,0,2057,952011,25509,21908,19644,17995,16718,15810,14939,14301,13898,13479,13075,12683,12323,12466,13680,16492,20448,25293,28200,31359,33106,34020,34953,36536,38260,39680,40303,40070,39005,37463,35472,32953,30528,28325,26166,23545,20690,17786,15374,13420,11910,10691,9908,9595,9281,8589,7319,5577,3706,2152,1166,834,1008,1503,2111,2495,2657,2755,2843,2830,2618,2228,1497,606,-244,-1039,-1596,-1858,-1767,-1712,-1815,-2081,-2395,-2618,-2925,-3147,-3340,-3740,-3984,-4421,-5018,-5643,-6407,-6992,-7562,-61439
0,0,2058,953476,25577,21974,19712,18049,16763,15849,14967,14331,13921,13498,13092,12697,12337,12481,13695,16522,20496,25362,28292,31464,33213,34121,35064,36650,38378,39797,40422,40185,39121,37564,35561,33036,30603,28393,26227,23775,20674,17771,15350,13408,11899,10679,9897,9584,9284,8592,7342,5610,3740,2234,1174,817,993,1499,2093,2545,2790,2743,2774,2799,2612,2234,1535,688,-166,-905,-1510,-1793,-1829,-1747,-1837,-2050,-2365,-2639,-2842,-3107,-3386,-3702,-4169,-4491,-5066,-5758,-6398,-7126,-7577,-62610
0,0,2059,954852,25644,22039,19772,18103,16809,15889,14996,14354,13943,13512,13107,12712,12348,12490,13709,16550,20543,25430,28378,31566,33316,34224,35170,36760,38492,39912,40534,40301,39231,37658,35647,33108,30678,28459,26284,23821,20897,17733,15322,13379,11875,10664,9882,9575,9272,8590,7344,5626,3764,2266,1256,819,976,1490,2088,2529,2832,2865,2763,2729,2579,2220,1542,729,-84,-830,-1383,-1712,-1777,-1803,-1874,-2075,-2334,-2604,-2860,-3020,-3345,-3749,-4129,-4681,-5145,-5811,-6526,-7119,-7720,-63662
0,0,2060,956143,25708,22103,19834,18158,16851,15926,15024,14379,13965,13524,13120,12723,12358,12501,13721,16578,20587,25495,28467,31666,33418,34321,35272,36869,38602,40021,40644,40411,39335,37755,35732,33181,30747,28521,26338,23857,20932,17951,15270,13339,11835,10644,9865,9562,9261,8575,7340,5618,3772,2288,1282,896,980,1475,2083,2529,2819,2904,2880,2717,2508,2183,1520,732,-45,-750,-1316,-1598,-1703,-1756,-1932,-2111,-2357,-2574,-2827,-3038,-3257,-3709,-4182,-4646,-5351,-5899,-6586,-7260,-7714,-64718
0,0,2061,958131,25776,22169,19898,18217,16906,15972,15065,14417,14000,13557,13150,12751,12382,12527,13751,16617,20644,25572,28561,31776,33526,34432,35386,36986,38724,40145,40770,40537,39454,37867,35830,33275,30831,28595,26406,23918,20980,17987,15492,13299,11807,10616,9852,9558,9259,8572,7330,5616,3765,2295,1303,926,1056,1490,2080,2530,2825,2897,2924,2840,2496,2104,1481,708,-45,-712,-1239,-1539,-1605,-1691,-1893,-2166,-2387,-2593,-2793,-3002,-3276,-3617,-4141,-4703,-5315,-6122,-6688,-7324,-7866,-65630
0,0,2062,959974,25836,22233,19962,18275,16958,16019,15105,14452,14030,13586,13178,12776,12408,12550,13780,16657,20696,25646,28657,31878,33633,34539,35495,37099,38840,40268,40896,40659,39570,37975,35929,33363,30913,28667,26471,23973,21027,18024,15519,13511,11759,10582,9828,9548,9256,8567,7322,5598,3752,2280,1310,945,1085,1561,2091,2529,2824,2900,2916,2882,2623,2090,1390,660,-72,-714,-1207,-1470,-1551,-1602,-1836,-2132,-2439,-2622,-2808,-2966,-3237,-3638,-4051,-4664,-5380,-6088,-6929,-7443,-7934,-66594
0,0,2063,961685,25897,22294,20020,18331,17009,16062,15145,14487,14062,13615,13205,12802,12431,12571,13806,16693,20750,25718,28745,31981,33738,34642,35600,37212,38956,40384,41016,40777,39683,38077,36026,33447,30991,28737,26531,24028,21071,18058,15542,13527,11962,10535,9797,9525,9243,8560,7313,5583,3725,2261,1289,948,1104,1589,2157,2541,2823,2903,2920,2874,2665,2224,1370,557,-129,-745,-1212,-1444,-1493,-1560,-1760,-2081,-2411,-2676,-2832,-2979,-3200,-3601,-4072,-4574,-5343,-6165,-6900,-7704,-8066,-67503
0,0,2064,963272,25952,22355,20079,18385,17057,16107,15182,14519,14092,13643,13231,12825,12453,12592,13833,16727,20800,25787,28835,32081,33838,34741,35706,37318,39067,40499,41133,40893,39790,38177,36114,33531,31065,28807,26594,24082,21115,18089,15567,13540,11969,10723,9751,9496,9218,8546,7300,5565,3703,2226,1264,930,1109,1608,2184,2601,2834,2899,2923,2877,2655,2265,1513,531,-243,-807,-1246,-1453,-1473,-1513,-1726,-2015,-2364,-2648,-2887,-3001,-3213,-3561,-4036,-4598,-5251,-6130,-6988,-7677,-8345,-68444
0,0,2065,964740,26007,22414,20136,18440,17104,16148,15216,14550,14119,13667,13254,12848,12472,12613,13857,16763,20847,25855,28920,32176,33936,34838,35805,37420,39176,40610,41244,41002,39897,38272,36201,33612,31138,28870,26649,24130,21156,18123,15588,13553,11977,10729,9925,9452,9189,8521,7282,5545,3674,2196,1227,906,1094,1614,2205,2626,2889,2910,2921,2877,2657,2253,1555,679,-273,-925,-1310,-1489,-1486,-1500,-1686,-1985,-2301,-2604,-2861,-3056,-3234,-3578,-3999,-4565,-5284,-6036,-6952,-7778,-8323,-69564
0,0,2066,966119,26060,22468,20190,18488,17148,16188,15250,14582,14146,13692,13278,12868,12493,12632,13878,16793,20894,25919,29002,32269,34030,34934,35900,37520,39278,40718,41354,41109,39998,38367,36287,33689,31207,28933,26706,24179,21195,18152,15607,13566,11985,10735,9929,9612,9148,8491,7252,5519,3646,2159,1192,867,1072,1599,2213,2645,2911,2962,2929,2877,2658,2253,1539,723,-121,-961,-1429,-1550,-1522,-1515,-1679,-1951,-2275,-2546,-2821,-3029,-3292,-3603,-4020,-4529,-5251,-6075,-6857,-7746,-8437,-70555
0,0,2067,967408,26109,22520,20243,18538,17191,16224,15284,14610,14172,13713,13297,12889,12509,12644,13900,16822,20936,25984,29084,32358,34121,35025,35993,37616,39377,40823,41457,41210,40095,38455,36367,33764,31274,28993,26758,24224,21231,18181,15626,13577,11991,10738,9931,9614,9298,8450,7216,5479,3611,2124,1152,834,1039,1583,2204,2653,2928,2983,2979,2886,2655,2250,1533,699,-81,-811,-1465,-1666,-1583,-1550,-1696,-1946,-2242,-2517,-2762,-2991,-3264,-3662,-4047,-4555,-5217,-6041,-6901,-7644,-8404,-71571
0,0,2068,968631,26155,22571,20294,18584,17232,16261,15316,14638,14193,13736,13318,12907,12525,12660,13920,16851,20980,26041,29160,32446,34212,35113,36081,37711,39473,40921,41559,41313,40188,38543,36445,33832,31339,29053,26809,24267,21268,18206,15644,13586,11998,10743,9932,9615,9299,8588,7170,5436,3561,2081,1114,796,1007,1554,2190,2645,2937,3002,2999,2932,2665,2247,1526,688,-111,-777,-1324,-1706,-1693,-1609,-1733,-1964,-2240,-2486,-2735,-2931,-3226,-3634,-4110,-4587,-5247,-6011,-6870,-7697,-8300,-72454
0,0,2069,969793,26201,22619,20344,18631,17273,16294,15345,14663,14217,13754,13334,12924,12539,12676,13936,16876,21021,26098,29234,32529,34295,35198,36169,37800,39568,41017,41652,41407,40279,38624,36522,33900,31399,29107,26858,24309,21300,18229,15659,13596,12001,10745,9935,9617,9299,8585,7307,5382,3507,2023,1065,756,971,1530,2168,2634,2931,3007,3014,2954,2714,2254,1518,678,-124,-810,-1294,-1577,-1732,-1712,-1791,-2001,-2259,-2481,-2704,-2905,-3168,-3597,-4081,-4654,-5287,-6048,-6840,-7665,-8358,-73110
0,0,2070,970875,26240,22665,20390,18674,17312,16328,15374,14684,14237,13773,13354,12938,12552,12689,13953,16901,21057,26152,29308,32609,34381,35279,36253,37888,39657,41111,41747,41499,40364,38705,36594,33964,31459,29160,26906,24351,21333,18252,15677,13603,12003,10745,9933,9618,9298,8583,7299,5518,3440,1961,1005,710,938,1501,2145,2615,2921,2999,3021,2970,2734,2305,1522,664,-139,-826,-1333,-1553,-1620,-1755,-1887,-2056,-2296,-2502,-2700,-2873,-3141,-3537,-4042,-4628,-5358,-6097,-6884,-7637,-8328,-73754
0,0,2071,971887,26280,22709,20434,18718,17351,16360,15401,14708,14255,13788,13368,12954,12564,12701,13968,16927,21095,26206,29375,32687,34457,35355,36331,37970,39741,41197,41836,41586,40446,38777,36662,34026,31512,29209,26947,24387,21362,18276,15689,13609,12006,10745,9935,9618,9295,8580,7291,5506,3577,1884,943,651,894,1470,2123,2599,2904,2991,3014,2977,2751,2324,1574,665,-160,-844,-1351,-1595,-1606,-1659,-1926,-2150,-2347,-2536,-2718,-2868,-3107,-3510,-3983,-4588,-5333,-6178,-6944,-7690,-8303,-74258
0,0,2072,972805,26316,22749,20475,18759,17384,16391,15423,14729,14272,13805,13383,12966,12575,12710,13980,16948,21130,26257,29442,32763,34533,35431,36406,38050,39822,41281,41921,41668,40524,38850,36726,34084,31564,29256,26990,24422,21390,18297,15701,13616,12008,10745,9934,9616,9293,8575,7283,5491,3556,2023,863,586,840,1436,2099,2578,2889,2973,3006,2969,2755,2339,1592,716,-161,-866,-1374,-1615,-1646,-1651,-1844,-2189,-2437,-2587,-2752,-2882,-3102,-3479,-3959,-4527,-5290,-6152,-7033,-7760,-8365,-74678
0,0,2073,973599,26350,22789,20517,18795,17416,16417,15446,14746,14289,13819,13396,12977,12583,12720,13993,16966,21161,26305,29505,32835,34608,35502,36479,38123,39899,41361,42001,41748,40598,38917,36787,34137,31615,29301,27028,24455,21414,18315,15711,13619,12007,10742,9932,9614,9290,8571,7274,5477,3535,1997,998,510,782,1389,2070,2557,2868,2959,2993,2965,2748,2341,1606,732,-110,-872,-1399,-1640,-1669,-1693,-1840,-2114,-2473,-2674,-2804,-2916,-3120,-3475,-3926,-4503,-5228,-6106,-7007,-7861,-8443,-75128
0,0,2074,974276,26380,22825,20555,18830,17446,16443,15468,14763,14303,13831,13407,12987,12591,12727,14005,16986,21192,26348,29564,32903,34677,35569,36549,38193,39972,41437,42081,41825,40668,38981,36842,34190,31662,29342,27063,24484,21440,18329,15722,13622,12006,10742,9928,9609,9285,8563,7265,5463,3514,1968,968,641,713,1341,2030,2530,2851,2942,2979,2948,2741,2332,1607,742,-98,-823,-1407,-1665,-1697,-1718,-1885,-2113,-2403,-2711,-2886,-2968,-3155,-3495,-3922,-4472,-5204,-6038,-6959,-7834,-8553,-75628
0,0,2075,974847,26407,22861,20592,18865,17476,16467,15487,14780,14317,13839,13416,12993,12598,12734,14012,17002,21220,26391,29623,32971,34742,35635,36610,38263,40041,41506,42151,41897,40734,39042,36896,34236,31704,29381,27094,24512,21463,18346,15729,13622,12003,10735,9925,9608,9283,8559,7254,5448,3491,1942,936,612,835,1281,1987,2497,2828,2925,2963,2934,2725,2321,1593,740,-91,-812,-1361,-1677,-1723,-1745,-1911,-2156,-2405,-2641,-2923,-3052,-3208,-3531,-3945,-4472,-5174,-6017,-6889,-7781,-8527,-76192
0,0,2076,975320,26435,22892,20623,18896,17504,16490,15506,14794,14329,13847,13425,13001,12600,12738,14020,17017,21246,26431,29677,33030,34804,35696,36673,38325,40108,41576,42219,41965,40798,39096,36945,34281,31745,29415,27125,24536,21479,18357,15735,13625,12003,10733,9922,9603,9276,8551,7245,5431,3472,1915,907,582,807,1390,1936,2460,2798,2904,2945,2918,2708,2301,1578,721,-96,-808,-1353,-1637,-1736,-1773,-1940,-2182,-2444,-2640,-2853,-3089,-3293,-3584,-3986,-4498,-5178,-5988,-6864,-7705,-8471,-76672
0,0,2077,975660,26458,22921,20658,18926,17529,16512,15522,14807,14337,13856,13430,13005,12605,12741,14026,17030,21269,26469,29726,33088,34863,35752,36733,38383,40169,41640,42283,42027,40858,39147,36991,34321,31783,29447,27153,24560,21497,18368,15739,13624,11996,10726,9916,9596,9270,8545,7235,5416,3449,1887,877,552,782,1368,2033,2414,2763,2875,2924,2902,2690,2282,1553,703,-118,-818,-1352,-1630,-1702,-1787,-1970,-2210,-2470,-2678,-2851,-3019,-3330,-3673,-4043,-4540,-5207,-5994,-6835,-7682,-8393,-77045
0,0,2078,975858,26477,22948,20685,18956,17554,16531,15537,14818,14345,13861,13437,13007,12607,12743,14029,17040,21291,26502,29777,33145,34918,35806,36788,38441,40228,41697,42343,42085,40912,39196,37033,34361,31814,29475,27179,24580,21512,18378,15741,13620,11993,10719,9909,9591,9266,8538,7222,5401,3425,1860,847,524,756,1345,2014,2502,2724,2844,2898,2881,2672,2262,1529,671,-142,-845,-1360,-1633,-1700,-1763,-1988,-2241,-2499,-2704,-2888,-3015,-3261,-3710,-4139,-4603,-5256,-6028,-6844,-7653,-8370,-77290
0,0,2079,975881,26495,22973,20714,18983,17575,16547,15548,14828,14351,13865,13441,13011,12608,12742,14034,17050,21311,26536,29824,33197,34970,35859,36835,38491,40280,41752,42396,42137,40962,39239,37071,34395,31844,29502,27200,24597,21525,18385,15746,13617,11985,10714,9900,9584,9258,8527,7214,5383,3401,1834,815,495,728,1322,1995,2487,2804,2807,2868,2853,2652,2240,1504,644,-179,-871,-1389,-1646,-1705,-1764,-1967,-2259,-2532,-2731,-2912,-3052,-3256,-3640,-4180,-4704,-5325,-6085,-6885,-7667,-8338,-77482
0,0,2080,975728,26510,22996,20739,19006,17596,16563,15562,14837,14357,13868,13441,13013,12609,12741,14034,17058,21329,26566,29864,33244,35017,35904,36884,38540,40329,41800,42448,42188,41007,39279,37106,34423,31870,29526,27218,24613,21537,18392,15743,13612,11979,10703,9893,9576,9249,8517,7199,5367,3382,1805,787,464,700,1299,1977,2471,2787,2881,2833,2825,2622,2215,1479,611,-211,-909,-1418,-1673,-1721,-1774,-1971,-2243,-2549,-2761,-2940,-3075,-3293,-3638,-4107,-4751,-5438,-6161,-6948,-7713,-8356,-77612
0,0,2081,975401,26521,23017,20762,19028,17614,16577,15569,14842,14360,13869,13441,13012,12606,12738,14036,17064,21345,26592,29904,33290,35062,35946,36926,38583,40376,41846,42493,42232,41050,39316,37137,34451,31897,29546,27235,24625,21543,18396,15743,13606,11970,10695,9882,9567,9238,8508,7187,5350,3359,1777,755,433,674,1277,1960,2453,2773,2866,2902,2788,2592,2182,1447,580,-248,-943,-1458,-1700,-1748,-1790,-1984,-2250,-2533,-2777,-2970,-3103,-3319,-3676,-4106,-4676,-5488,-6286,-7036,-7785,-8408,-77726
0,0,2082,974871,26529,23035,20785,19049,17633,16591,15578,14844,14362,13870,13442,13008,12604,12735,14033,17068,21357,26620,29940,33331,35105,35987,36965,38625,40413,41887,42537,42273,41085,39348,37165,34473,31916,29562,27249,24636,21552,18400,15740,13597,11960,10684,9874,9557,9226,8496,7172,5331,3337,1749,725,405,648,1255,1939,2438,2758,2850,2888,2858,2554,2147,1408,544,-281,-983,-1493,-1739,-1778,-1820,-2001,-2260,-2540,-2762,-2988,-3132,-3347,-3705,-4148,-4678,-5410,-6345,-7175,-7883,-8490,-77903
0,0,2083,974165,26537,23051,20803,19067,17648,16602,15586,14851,14363,13868,13439,13006,12600,12727,14031,17072,21369,26643,29973,33372,35143,36021,36999,38659,40451,41925,42574,42310,41118,39376,37186,34493,31934,29577,27261,24644,21557,18398,15733,13591,11948,10673,9864,9547,9216,8481,7159,5314,3312,1721,697,376,623,1232,1920,2421,2744,2836,2875,2844,2625,2104,1367,497,-321,-1022,-1532,-1776,-1817,-1848,-2030,-2279,-2553,-2771,-2972,-3150,-3374,-3734,-4179,-4725,-5415,-6263,-7244,-8040,-8598,-78146
0,0,2084,973285,26543,23065,20822,19084,17661,16612,15591,14850,14362,13865,13435,13003,12591,12722,14027,17073,21380,26662,30004,33409,35176,36055,37032,38693,40485,41958,42607,42342,41146,39399,37204,34510,31946,29587,27269,24650,21558,18399,15729,13581,11936,10663,9851,9534,9203,8471,7144,5294,3288,1694,666,347,597,1211,1902,2404,2727,2823,2861,2832,2612,2180,1320,449,-372,-1066,-1570,-1814,-1851,-1886,-2059,-2309,-2572,-2782,-2979,-3135,-3392,-3763,-4211,-4759,-5468,-6273,-7158,-8117,-8768,-78507
0,0,2085,972253,26546,23076,20836,19098,17673,16619,15593,14852,14358,13859,13432,12998,12584,12714,14022,17072,21387,26681,30033,33440,35207,36084,37061,38723,40513,41987,42636,42374,41172,39423,37221,34523,31959,29596,27276,24654,21561,18397,15724,13570,11922,10648,9840,9523,9191,8456,7129,5275,3264,1667,636,319,572,1189,1884,2388,2713,2809,2846,2815,2598,2163,1400,393,-429,-1119,-1618,-1851,-1888,-1920,-2097,-2337,-2601,-2802,-2991,-3142,-3378,-3784,-4243,-4794,-5507,-6332,-7171,-8023,-8855,-79039
0,0,2086,971110,26544,23082,20853,19113,17683,16624,15596,14851,14356,13857,13425,12988,12577,12706,14014,17071,21394,26698,30059,33469,35237,36110,37087,38748,40537,42010,42661,42397,41196,39438,37234,34533,31966,29603,27281,24658,21561,18394,15713,13558,11911,10635,9828,9510,9177,8442,7115,5256,3241,1640,608,289,545,1167,1865,2372,2698,2794,2834,2804,2583,2147,1379,479,-489,-1174,-1671,-1897,-1925,-1958,-2130,-2375,-2628,-2830,-3011,-3156,-3388,-3770,-4266,-4829,-5547,-6375,-7239,-8038,-8756,-79639
0,0,2087,969859,26542,23088,20862,19124,17694,16630,15599,14851,14350,13849,13418,12981,12568,12697,14008,17069,21401,26710,30080,33496,35261,36134,37109,38771,40559,42031,42683,42420,41210,39452,37244,34541,31972,29606,27283,24658,21558,18388,15704,13546,11896,10622,9814,9496,9165,8428,7096,5238,3218,1613,580,262,519,1144,1849,2353,2681,2781,2819,2789,2568,2129,1360,456,-400,-1238,-1726,-1949,-1968,-1993,-2169,-2410,-2665,-2860,-3038,-3175,-3399,-3778,-4252,-4856,-5586,-6419,-7287,-8117,-8776,-80103
0,0,2088,968487,26535,23093,20872,19135,17700,16635,15599,14847,14344,13839,13408,12974,12559,12686,13998,17065,21403,26722,30101,33522,35283,36154,37130,38789,40576,42049,42701,42437,41225,39463,37250,34546,31975,29611,27283,24655,21556,18381,15694,13532,11882,10608,9800,9484,9150,8413,7080,5218,3193,1584,551,234,493,1123,1829,2339,2667,2766,2805,2777,2553,2114,1340,432,-428,-1150,-1790,-2003,-2020,-2038,-2201,-2448,-2698,-2895,-3068,-3203,-3419,-3792,-4264,-4843,-5615,-6466,-7337,-8172,-8863,-80562
0,0,2089,967005,26530,23098,20881,19144,17704,16635,15596,14842,14338,13832,13398,12963,12546,12674,13989,17059,21402,26729,30116,33541,35305,36170,37146,38805,40592,42063,42716,42453,41239,39467,37254,34549,31977,29607,27280,24652,21549,18373,15684,13518,11866,10591,9784,9470,9135,8397,7063,5198,3169,1556,521,208,468,1102,1811,2323,2652,2751,2790,2762,2538,2097,1321,409,-454,-1180,-1702,-2067,-2071,-2084,-2243,-2482,-2736,-2927,-3101,-3230,-3448,-3812,-4279,-4855,-5603,-6497,-7393,-8229,-8924,-81076
0,0,2090,965419,26518,23099,20887,19151,17710,16636,15593,14834,14328,13821,13390,12951,12535,12663,13979,17053,21404,26739,30133,33561,35323,36184,37158,38815,40605,42075,42726,42461,41245,39472,37254,34548,31975,29604,27275,24646,21543,18363,15671,13503,11848,10577,9771,9454,9121,8381,7048,5180,3147,1530,495,180,445,1082,1794,2307,2635,2735,2776,2749,2526,2082,1298,383,-484,-1211,-1734,-1986,-2131,-2134,-2293,-2523,-2770,-2964,-3133,-3265,-3477,-3843,-4301,-4874,-5617,-6486,-7429,-8289,-8987,-81625
0,0,2091,963735,26507,23099,20895,19155,17712,16636,15589,14829,14319,13809,13378,12939,12523,12649,13965,17044,21402,26744,30146,33575,35335,36196,37168,38824,40613,42081,42735,42470,41250,39473,37251,34546,31969,29598,27268,24638,21533,18353,15658,13488,11831,10560,9753,9439,9106,8366,7031,5158,3123,1504,465,151,419,1060,1775,2290,2618,2721,2764,2735,2511,2066,1279,361,-511,-1238,-1766,-2017,-2058,-2193,-2341,-2570,-2807,-2997,-3169,-3298,-3514,-3877,-4334,-4899,-5637,-6503,-7417,-8334,-9055,-82178
0,0,2092,961941,26494,23095,20897,19160,17713,16633,15585,14820,14308,13797,13363,12926,12508,12632,13954,17036,21396,26748,30154,33588,35347,36205,37173,38830,40618,42086,42737,42473,41251,39470,37244,34539,31960,29588,27258,24630,21524,18342,15645,13469,11814,10543,9739,9425,9089,8348,7012,5140,3101,1476,438,124,396,1041,1757,2274,2605,2707,2749,2721,2496,2048,1260,338,-537,-1266,-1795,-2048,-2088,-2130,-2395,-2617,-2851,-3033,-3203,-3333,-3547,-3913,-4368,-4933,-5665,-6526,-7437,-8321,-9101,-82789
0,0,2093,960046,26478,23091,20897,19162,17713,16631,15577,14810,14296,13782,13350,12910,12491,12617,13941,17024,21394,26749,30163,33598,35353,36211,37177,38833,40619,42086,42738,42473,41248,39464,37237,34529,31953,29580,27248,24616,21511,18327,15629,13452,11797,10526,9724,9408,9073,8330,6994,5121,3075,1451,411,97,373,1020,1738,2258,2588,2692,2735,2706,2482,2032,1241,314,-563,-1295,-1826,-2076,-2118,-2160,-2342,-2669,-2897,-3078,-3238,-3367,-3582,-3948,-4408,-4970,-5704,-6556,-7464,-8344,-9090,-83403
0,0,2094,958048,26461,23084,20896,19162,17711,16625,15570,14798,14282,13766,13336,12897,12474,12603,13925,17014,21389,26748,30167,33606,35362,36213,37177,38834,40620,42084,42735,42467,41244,39454,37226,34519,31941,29567,27234,24603,21498,18313,15613,13435,11779,10509,9706,9390,9057,8313,6975,5100,3052,1426,386,72,349,997,1722,2241,2574,2676,2721,2693,2468,2016,1222,291,-589,-1322,-1854,-2105,-2149,-2191,-2370,-2620,-2951,-3122,-3281,-3404,-3618,-3986,-4447,-5012,-5744,-6602,-7499,-8376,-9118,-83980
0,0,2095,955948,26442,23076,20895,19162,17706,16620,15561,14787,14269,13750,13319,12878,12458,12586,13909,17000,21380,26744,30171,33610,35364,36213,37175,38828,40612,42077,42730,42462,41234,39444,37210,34503,31926,29553,27221,24587,21484,18297,15593,13415,11759,10490,9690,9373,9037,8296,6955,5078,3032,1401,358,46,328,979,1703,2225,2560,2664,2708,2679,2455,2001,1204,269,-616,-1350,-1883,-2134,-2178,-2222,-2402,-2649,-2903,-3173,-3325,-3447,-3653,-4021,-4485,-5053,-5791,-6647,-7550,-8418,-9152,-84541
0,0,2096,953743,26422,23065,20891,19157,17704,16612,15551,14773,14255,13734,13301,12862,12439,12567,13892,16985,21369,26739,30172,33612,35363,36212,37168,38821,40604,42069,42720,42453,41223,39429,37193,34485,31908,29538,27205,24572,21468,18279,15577,13394,11739,10470,9674,9357,9021,8276,6937,5057,3007,1374,333,22,301,957,1684,2208,2542,2647,2695,2666,2439,1984,1186,247,-639,-1376,-1911,-2162,-2208,-2252,-2432,-2680,-2933,-3128,-3376,-3491,-3698,-4060,-4524,-5095,-5832,-6699,-7600,-8474,-9201,-85092
0,0,2097,951433,26394,23052,20885,19155,17698,16604,15540,14761,14237,13715,13282,12843,12421,12548,13873,16971,21358,26733,30169,33609,35361,36204,37161,38813,40592,42052,42708,42438,41207,39409,37171,34464,31891,29512,27182,24553,21451,18261,15556,13377,11718,10453,9655,9338,9003,8258,6920,5036,2984,1348,304,-4,281,940,1668,2191,2528,2633,2680,2649,2424,1968,1166,225,-665,-1403,-1939,-2189,-2236,-2280,-2462,-2709,-2962,-3156,-3331,-3540,-3742,-4106,-4566,-5137,-5881,-6747,-7659,-8527,-9262,-85645
0,0,2098,949015,26370,23038,20877,19147,17690,16593,15526,14744,14219,13696,13263,12824,12401,12527,13856,16953,21345,26724,30162,33606,35355,36194,37148,38798,40575,42035,42691,42420,41188,39387,37149,34441,31867,29494,27162,24531,21428,18243,15537,13353,11697,10430,9634,9321,8982,8239,6899,5016,2960,1325,282,-28,258,918,1652,2177,2513,2618,2666,2637,2411,1953,1145,202,-690,-1431,-1965,-2217,-2262,-2310,-2491,-2739,-2989,-3186,-3360,-3496,-3792,-4152,-4614,-5182,-5926,-6802,-7713,-8595,-9323,-86214
0,0,2099,946488,26341,23022,20868,19139,17681,16581,15514,14725,14199,13675,13243,12802,12379,12506,13836,16936,21330,26712,30155,33599,35345,36180,37132,38781,40555,42013,42669,42402,41166,39363,37122,34413,31842,29470,27136,24508,21405,18219,15514,13330,11675,10410,9615,9301,8966,8219,6879,4995,2939,1298,254,-51,237,899,1635,2160,2496,2602,2650,2623,2397,1937,1129,181,-714,-1456,-1993,-2246,-2292,-2339,-2522,-2768,-3018,-3212,-3388,-3524,-3749,-4204,-4662,-5234,-5977,-6853,-7773,-8656,-9396,-86790
0,0,2100,943853,26311,23003,20857,19131,17669,16567,15497,14707,14180,13654,13220,12781,12357,12485,13814,16918,21313,26698,30144,33588,35333,36165,37114,38758,40534,41987,42643,42376,41139,39333,37090,34383,31813,29442,27111,24483,21383,18199,15493,13307,11650,10388,9595,9284,8943,8199,6857,4974,2913,1273,230,-75,213,880,1616,2143,2481,2588,2634,2608,2381,1921,1112,161,-739,-1481,-2022,-2272,-2320,-2368,-2550,-2799,-3046,-3238,-3414,-3552,-3777,-4161,-4717,-5289,-6034,-6909,-7829,-8724,-9464,-87391
0,1,2023,395915,10857,7707,7404,7127,6949,6746,6639,6444,6333,6222,5986,5889,5794,5769,6124,7044,8445,10376,11348,12573,13239,13660,13705,14449,14887,15323,15543,15270,14904,14650,14201,13266,11974,10814,10031,9094,7423,5898,4587,3288,2529,1921,1946,1996,2514,2501,1951,1153,228,-382,-906,-1185,-1224,-1011,-414,-95,257,399,525,628,475,583,371,123,187,-90,-80,78,286,179,237,383,254,229,185,211,6,77,-85,-261,-377,-434,-720,-780,-806,-5629
0,1,2024,396731,10923,9324,7093,6940,6820,6696,6612,6419,6357,6220,6020,5826,5782,5841,6173,7129,8564,10352,11543,12634,13460,13934,14084,14291,14880,15453,15419,15447,15204,14852,14555,13586,12334,11177,9975,9189,7593,6080,4652,3527,2778,2010,1977,2186,2275,2426,1974,1081,256,-523,-839,-1111,-1164,-1069,-725,-181,124,391,503,578,507,297,348,89,-159,-139,-263,-170,39,150,99,16,223,31,103,55,-27,-280,-202,-333,-515,-610,-694,-890,-897,-5954
0,1,2025,398240,10990,9388,8429,6680,6669,6601,6563,6405,6324,6247,6007,5840,5737,5810,6256,7179,8650,10525,11541,12815,13569,14115,14325,14657,14742,15459,15547,15377,15365,15161,14760,13947,12701,11527,10357,9167,7727,6245,4859,3640,2967,2273,2071,2218,2461,2216,1904,1102,195,-498,-967,-1007,-1107,-983,-763,-436,63,287,490,552,477,335,44,58,-186,-437,-319,-362,-194,-14,55,-88,-135,7,-111,-47,-129,-301,-575,-422,-603,-715,-853,-896,-983,-6307
0,1,2026,401994,11067,9461,8495,7797,6481,6509,6508,6408,6331,6252,6058,5860,5814,5828,6287,7342,8766,10655,11800,12883,13781,14292,14540,14934,15105,15379,15648,15563,15389,15338,15091,14143,13077,11894,10742,9551,7769,6401,5058,3888,3098,2465,2336,2349,2497,2422,1716,1058,222,-515,-929,-1121,-975,-888,-667,-435,-154,233,419,545,458,299,81,-212,-231,-427,-591,-393,-363,-247,-45,-148,-236,-282,-123,-237,-237,-356,-581,-812,-688,-803,-940,-1054,-1023,-6676
0,1,2027,404973,11145,9532,8560,7856,7390,6371,6446,6368,6346,6253,6075,5929,5844,5906,6331,7395,8966,10809,11970,13144,13871,14472,14755,15144,15381,15716,15557,15627,15552,15392,15192,14418,13187,12183,10991,9820,8106,6394,5197,4055,3344,2591,2496,2579,2641,2441,1917,845,173,-521,-951,-1088,-1079,-805,-541,-369,-147,60,354,466,446,309,46,-224,-470,-531,-621,-630,-423,-394,-300,-229,-314,-405,-381,-279,-388,-498,-625,-818,-1086,-889,-1020,-1119,-1173,-7063
0,1,2028,406738,11221,9604,8627,7913,7444,7100,6342,6327,6327,6318,6116,5929,5875,5922,6369,7452,9030,11039,12120,13348,14083,14583,14874,15324,15554,15937,15851,15578,15563,15483,15258,14450,13376,12280,11232,10029,8256,6675,5155,4156,3460,2816,2628,2697,2837,2579,1935,1045,-72,-569,-977,-1123,-1079,-888,-526,-250,-89,29,220,404,368,267,63,-257,-527,-743,-729,-720,-624,-504,-426,-492,-385,-496,-478,-511,-483,-629,-792,-881,-1104,-1302,-1111,-1196,-1227,-7540
0,1,2029,408296,11301,9676,8691,7972,7501,7151,6916,6253,6305,6293,6093,5972,5900,5938,6395,7489,9107,11114,12375,13484,14305,14716,14968,15410,15712,16086,16039,15822,15578,15487,15290,14532,13434,12421,11333,10238,8501,6824,5394,4118,3544,2908,2817,2841,2920,2771,2061,1061,133,-804,-1009,-1145,-1079,-886,-578,-248,15,104,183,283,304,197,17,-243,-573,-814,-911,-820,-708,-661,-548,-583,-647,-562,-611,-597,-654,-736,-894,-1035,-1179,-1327,-1540,-1291,-1300,-8014
0,1,2030,408593,11379,9748,8753,8030,7552,7198,6962,6714,6245,6313,6095,5957,5908,5997,6426,7529,9156,11212,12451,13729,14437,14968,15080,15470,15772,16230,16141,15955,15755,15501,15242,14501,13463,12470,11414,10299,8630,7021,5505,4292,3480,2966,2868,2984,3044,2815,2239,1166,118,-635,-1253,-1192,-1128,-913,-572,-317,5,176,237,254,168,114,-88,-312,-587,-880,-1011,-987,-840,-755,-695,-698,-708,-812,-696,-774,-779,-877,-1012,-1116,-1315,-1403,-1556,-1735,-1391,-8504
0,1,2031,407185,11455,9818,8816,8089,7606,7246,7005,6751,6597,6330,6080,5958,5906,5979,6448,7544,9179,11252,12546,13830,14644,15095,15312,15582,15819,16267,16262,16044,15873,15683,15280,14444,13417,12446,11421,10336,8677,7075,5634,4345,3583,2876,2892,3005,3149,2908,2244,1308,193,-699,-1151,-1456,-1212,-996,-663,-331,-97,141,266,267,109,-53,-191,-455,-665,-935,-1114,-1119,-1000,-901,-804,-882,-848,-899,-900,-874,-962,-1040,-1160,-1256,-1394,-1538,-1639,-1747,-1856,-9010
0,1,2032,403635,11533,9889,8881,8144,7657,7296,7052,6795,6637,6416,6072,5946,5894,5973,6437,7545,9186,11263,12576,13890,14748,15244,15444,15777,15914,16302,16283,16090,15902,15761,15442,14434,13315,12370,11360,10297,8669,7103,5638,4417,3609,2919,2791,3015,3161,2992,2306,1278,301,-663,-1245,-1415,-1487,-1109,-771,-454,-141,22,208,256,100,-153,-400,-596,-846,-1012,-1196,-1255,-1164,-1085,-992,-1009,-1070,-1065,-1041,-1057,-1104,-1236,-1337,-1413,-1547,-1623,-1776,-1834,-1859,-9960
0,1,2033,406374,11607,9956,8944,8204,7710,7345,7091,6834,6675,6456,6279,5941,5906,5987,6458,7577,9228,11318,12645,13982,14862,15405,15624,15965,16156,16459,16412,16213,16036,15885,15626,14729,13436,12384,11428,10381,8768,7233,5817,4572,3807,3069,2917,3012,3230,3050,2435,1386,321,-491,-1140,-1424,-1378,-1277,-778,-461,-169,57,175,272,158,-87,-441,-745,-925,-1125,-1186,-1246,-1201,-1146,-1066,-1094,-1089,-1176,-1101,-1116,-1180,-1297,-1458,-1517,-1637,-1719,-1815,-1933,-1916,-10715
0,1,2034,408958,11678,10025,9006,8259,7760,7391,7134,6874,6712,6491,6317,6110,5901,5992,6475,7609,9270,11374,12714,14059,14960,15519,15782,16135,16329,16689,16559,16340,16157,16012,15742,14898,13715,12497,11435,10438,8841,7320,5937,4749,3952,3255,3053,3125,3230,3117,2484,1507,424,-473,-970,-1326,-1390,-1178,-930,-467,-173,36,208,236,171,-31,-370,-790,-1085,-1211,-1299,-1232,-1195,-1180,-1129,-1167,-1172,-1193,-1212,-1176,-1241,-1375,-1520,-1646,-1745,-1814,-1916,-1969,-2019,-11451
0,1,2035,411332,11754,10091,9067,8312,7811,7436,7178,6911,6749,6522,6346,6143,6047,5991,6483,7628,9312,11429,12784,14140,15039,15608,15899,16288,16493,16853,16771,16478,16274,16126,15861,15001,13871,12764,11538,10431,8886,7379,6019,4863,4114,3387,3222,3247,3331,3113,2540,1550,541,-377,-960,-1163,-1295,-1184,-842,-601,-174,30,185,272,133,-17,-308,-717,-1140,-1374,-1385,-1343,-1185,-1174,-1159,-1224,-1240,-1275,-1230,-1293,-1309,-1444,-1609,-1718,-1882,-1927,-2014,-2079,-2056,-12211
0,1,2036,413574,11827,10159,9126,8362,7859,7480,7217,6950,6784,6560,6382,6175,6074,6126,6484,7646,9335,11476,12851,14213,15118,15687,15993,16405,16638,16999,16925,16679,16409,16240,15972,15110,13965,12905,11784,10519,8868,7415,6066,4933,4217,3537,3344,3404,3448,3207,2530,1601,579,-266,-867,-1159,-1149,-1101,-848,-517,-294,32,184,251,167,-54,-293,-653,-1061,-1432,-1546,-1426,-1284,-1165,-1153,-1253,-1297,-1342,-1313,-1312,-1430,-1517,-1682,-1811,-1957,-2072,-2135,-2183,-2169,-12902
0,1,2037,415668,11895,10223,9187,8418,7907,7522,7256,6985,6820,6595,6414,6204,6104,6153,6619,7654,9360,11508,12907,14287,15193,15767,16073,16500,16750,17147,17066,16824,16598,16369,16075,15214,14070,12988,11919,10760,8947,7382,6092,4976,4282,3636,3479,3513,3588,3314,2623,1583,616,-236,-757,-1075,-1144,-970,-773,-520,-217,-76,191,250,151,-18,-338,-639,-994,-1357,-1606,-1582,-1365,-1261,-1147,-1252,-1328,-1403,-1383,-1399,-1451,-1646,-1759,-1888,-2055,-2153,-2286,-2307,-2274,-13627
0,1,2038,417603,11964,10287,9241,8468,7954,7566,7293,7022,6852,6628,6446,6230,6133,6181,6650,7802,9370,11537,12952,14351,15268,15842,16153,16574,16841,17251,17202,16965,16739,16551,16197,15310,14160,13082,11995,10883,9183,7449,6045,4992,4318,3689,3569,3639,3690,3445,2722,1667,591,-205,-735,-969,-1069,-963,-652,-451,-217,-6,88,260,149,-42,-303,-689,-983,-1289,-1530,-1641,-1507,-1337,-1235,-1248,-1327,-1434,-1443,-1468,-1539,-1669,-1899,-1972,-2141,-2254,-2368,-2465,-2404,-14379
0,1,2039,419489,12030,10345,9298,8524,8001,7611,7333,7060,6887,6658,6479,6263,6160,6210,6679,7839,9551,11556,12988,14401,15335,15917,16232,16651,16922,17340,17305,17091,16866,16685,16370,15420,14252,13166,12079,10946,9303,7677,6104,4935,4329,3724,3621,3724,3804,3540,2844,1766,671,-234,-710,-951,-973,-893,-648,-346,-155,0,161,157,155,-45,-331,-654,-1041,-1279,-1465,-1569,-1566,-1467,-1305,-1331,-1323,-1438,-1479,-1532,-1614,-1767,-1926,-2121,-2224,-2341,-2476,-2551,-2563,-15158
0,1,2040,421275,12099,10405,9357,8570,8046,7649,7369,7096,6917,6688,6507,6292,6185,6235,6708,7869,9597,11777,13011,14446,15382,15982,16304,16729,16997,17414,17385,17190,16986,16810,16501,15586,14359,13248,12156,11023,9356,7786,6331,4991,4266,3731,3651,3772,3882,3644,2931,1885,767,-162,-746,-928,-957,-809,-584,-336,-57,62,167,231,51,-40,-339,-688,-1005,-1336,-1458,-1508,-1502,-1518,-1427,-1398,-1405,-1438,-1484,-1568,-1680,-1846,-2031,-2151,-2380,-2432,-2570,-2663,-2653,-16005
0,1,2041,422521,12162,10466,9408,8613,8079,7682,7398,7118,6938,6706,6522,6307,6197,6250,6724,7897,9630,11827,13265,14463,15417,16023,16372,16795,17065,17475,17445,17258,17066,16913,16605,15690,14504,13334,12218,11077,9410,7817,6421,5205,4301,3671,3651,3791,3918,3707,3030,1965,875,-73,-679,-967,-941,-792,-510,-278,-52,153,224,237,124,-157,-348,-704,-1050,-1302,-1518,-1501,-1446,-1461,-1482,-1514,-1473,-1518,-1486,-1575,-1722,-1920,-2117,-2263,-2414,-2595,-2661,-2759,-2767,-16843
0,1,2042,423718,12223,10523,9455,8658,8121,7716,7425,7139,6958,6723,6542,6322,6213,6260,6739,7919,9666,11874,13328,14747,15433,16053,16413,16856,17127,17537,17504,17319,17134,16989,16695,15789,14604,13464,12299,11124,9456,7863,6447,5292,4502,3707,3590,3794,3937,3740,3087,2056,953,35,-595,-905,-975,-775,-496,-212,-4,157,312,294,130,-84,-471,-717,-1069,-1349,-1486,-1559,-1440,-1413,-1432,-1565,-1588,-1583,-1569,-1577,-1732,-1969,-2197,-2354,-2529,-2634,-2831,-2853,-2871,-17691
0,1,2043,424914,12284,10577,9504,8695,8156,7751,7446,7162,6978,6745,6560,6335,6229,6275,6757,7943,9701,11920,13394,14813,15732,16069,16453,16902,17189,17595,17561,17376,17193,17060,16766,15874,14699,13562,12426,11191,9501,7894,6484,5309,4578,3900,3621,3741,3937,3757,3117,2110,1042,106,-489,-826,-920,-806,-483,-200,56,203,317,383,189,-80,-397,-855,-1089,-1371,-1533,-1530,-1495,-1406,-1390,-1519,-1633,-1696,-1637,-1661,-1738,-1977,-2249,-2439,-2625,-2760,-2869,-3025,-2964,-18542
0,1,2044,426033,12343,10627,9549,8738,8192,7778,7470,7185,6997,6761,6575,6353,6239,6285,6772,7965,9732,11968,13454,14882,15803,16354,16473,16942,17237,17650,17617,17434,17253,17114,16827,15938,14779,13647,12516,11305,9560,7927,6508,5341,4589,3972,3790,3769,3891,3756,3126,2137,1089,192,-423,-730,-847,-755,-512,-184,74,261,367,391,279,-24,-402,-782,-1232,-1398,-1560,-1577,-1471,-1454,-1388,-1479,-1593,-1743,-1749,-1728,-1824,-1983,-2260,-2495,-2717,-2863,-2997,-3065,-3140,-19365
0,1,2045,427112,12401,10679,9594,8775,8222,7809,7494,7206,7015,6774,6591,6370,6252,6299,6787,7989,9765,12010,13510,14949,15879,16424,16747,16965,17277,17694,17670,17494,17308,17167,16875,15989,14842,13722,12591,11381,9671,7977,6536,5364,4615,3981,3856,3927,3915,3707,3124,2143,1111,240,-342,-669,-758,-691,-466,-211,90,275,424,437,287,72,-341,-788,-1166,-1547,-1590,-1602,-1516,-1429,-1435,-1476,-1556,-1703,-1796,-1843,-1892,-2075,-2266,-2508,-2772,-2960,-3105,-3198,-3180,-20275
0,1,2046,428060,12454,10731,9641,8813,8257,7837,7518,7224,7034,6792,6607,6383,6263,6308,6797,8006,9794,12055,13565,15016,15942,16490,16821,17214,17301,17728,17709,17544,17360,17220,16918,16037,14897,13773,12656,11444,9737,8081,6573,5385,4627,4007,3860,3985,4057,3730,3071,2133,1109,257,-297,-594,-702,-609,-409,-169,68,294,441,498,337,76,-248,-729,-1182,-1480,-1737,-1635,-1543,-1475,-1414,-1521,-1556,-1669,-1758,-1895,-2012,-2149,-2367,-2518,-2786,-3016,-3201,-3316,-3318,-21110
0,1,2047,428964,12508,10778,9682,8848,8287,7865,7542,7244,7051,6806,6620,6395,6272,6317,6807,8029,9823,12093,13619,15080,16013,16557,16893,17281,17529,17755,17741,17586,17411,17271,16966,16076,14937,13819,12708,11497,9799,8141,6670,5421,4633,4018,3879,3991,4107,3861,3092,2075,1091,252,-285,-555,-634,-556,-336,-121,107,273,464,516,397,127,-246,-631,-1127,-1502,-1681,-1777,-1578,-1499,-1458,-1504,-1600,-1669,-1723,-1857,-2062,-2276,-2446,-2625,-2793,-3027,-3259,-3411,-3436,-21982
0,1,2048,429781,12559,10828,9722,8885,8320,7892,7563,7264,7065,6820,6630,6409,6282,6326,6817,8048,9850,12133,13671,15140,16075,16621,16957,17345,17593,17951,17769,17620,17449,17318,17011,16118,14977,13856,12746,11531,9849,8190,6722,5511,4663,4030,3892,4008,4113,3908,3214,2090,1025,228,-291,-546,-600,-495,-288,-57,150,305,445,535,416,187,-194,-634,-1029,-1449,-1705,-1727,-1708,-1534,-1487,-1546,-1587,-1711,-1730,-1826,-2026,-2332,-2582,-2711,-2908,-3040,-3271,-3468,-3533,-22846
0,1,2049,430561,12608,10872,9765,8918,8348,7922,7581,7285,7079,6836,6642,6419,6292,6338,6832,8065,9878,12171,13722,15198,16137,16681,17023,17410,17657,18010,17951,17644,17481,17353,17045,16157,15017,13890,12778,11554,9877,8228,6762,5559,4744,4061,3898,4023,4131,3911,3256,2212,1030,157,-320,-555,-594,-463,-234,-16,207,348,479,519,438,204,-135,-582,-1035,-1357,-1658,-1755,-1666,-1652,-1523,-1572,-1625,-1699,-1772,-1830,-1993,-2293,-2643,-2855,-2999,-3158,-3280,-3482,-3590,-23706
0,1,2050,431233,12657,10918,9804,8950,8379,7946,7599,7302,7096,6848,6656,6429,6301,6345,6840,8080,9901,12205,13771,15256,16199,16739,17083,17468,17716,18063,18002,17813,17504,17384,17073,16191,15053,13919,12808,11574,9897,8244,6797,5595,4789,4139,3922,4031,4141,3924,3253,2250,1153,156,-398,-585,-603,-455,-210,33,242,403,521,555,421,222,-122,-523,-988,-1364,-1570,-1712,-1694,-1617,-1635,-1606,-1653,-1737,-1764,-1878,-2001,-2263,-2604,-2921,-3153,-3259,-3407,-3492,-3602,-24511
0,1,2051,431862,12702,10962,9843,8983,8405,7973,7617,7316,7108,6856,6664,6438,6310,6352,6849,8099,9927,12239,13819,15309,16257,16797,17143,17527,17774,18115,18055,17867,17665,17403,17095,16216,15080,13949,12834,11586,9909,8254,6808,5626,4815,4177,3997,4052,4147,3929,3264,2245,1183,278,-399,-661,-629,-463,-202,59,288,435,573,596,459,205,-109,-515,-931,-1317,-1581,-1634,-1656,-1647,-1606,-1710,-1685,-1766,-1804,-1868,-2048,-2271,-2569,-2879,-3219,-3423,-3512,-3622,-3609,-25236
0,1,2052,432389,12744,11000,9879,9017,8434,7996,7635,7330,7120,6871,6673,6448,6318,6356,6854,8115,9948,12272,13861,15364,16314,16850,17202,17583,17829,18164,18100,17916,17712,17558,17111,16232,15100,13970,12855,11603,9916,8255,6809,5634,4838,4206,4027,4119,4165,3935,3268,2251,1171,308,-282,-668,-703,-487,-209,66,311,478,608,649,500,241,-132,-504,-926,-1262,-1542,-1646,-1588,-1614,-1636,-1686,-1787,-1797,-1829,-1912,-2037,-2323,-2581,-2845,-3177,-3498,-3684,-3732,-3745,-25868
0,1,2053,432885,12787,11039,9915,9043,8460,8017,7652,7347,7132,6877,6685,6456,6323,6366,6863,8126,9970,12304,13905,15416,16368,16904,17257,17637,17879,18215,18147,17963,17758,17604,17256,16244,15120,13989,12876,11613,9927,8256,6800,5632,4835,4231,4054,4150,4225,3955,3272,2250,1172,290,-257,-554,-705,-550,-230,63,316,500,648,682,553,283,-95,-533,-922,-1261,-1490,-1611,-1605,-1554,-1614,-1717,-1763,-1897,-1861,-1935,-2080,-2313,-2637,-2857,-3140,-3452,-3761,-3913,-3864,-26551
0,1,2054,433331,12827,11079,9948,9072,8484,8043,7668,7360,7144,6890,6693,6466,6331,6368,6869,8140,9991,12334,13949,15463,16424,16950,17311,17686,17931,18257,18191,18010,17803,17649,17296,16380,15129,14000,12884,11624,9936,8253,6798,5622,4829,4231,4071,4172,4255,4007,3287,2249,1168,288,-278,-535,-605,-555,-288,45,313,505,671,723,588,341,-47,-498,-952,-1262,-1494,-1565,-1573,-1569,-1559,-1694,-1791,-1874,-1961,-1968,-2107,-2360,-2628,-2920,-3150,-3415,-3713,-3996,-4047,-27261
0,1,2055,433728,12870,11117,9982,9098,8507,8060,7682,7371,7152,6899,6699,6472,6336,6374,6877,8154,10009,12363,13989,15510,16472,17001,17361,17739,17980,18300,18233,18054,17843,17691,17334,16416,15269,13999,12895,11624,9937,8251,6787,5612,4813,4222,4071,4193,4276,4034,3338,2260,1158,275,-285,-558,-585,-461,-291,-3,298,501,677,745,632,380,9,-450,-916,-1298,-1500,-1572,-1533,-1541,-1576,-1646,-1769,-1901,-1939,-2068,-2136,-2390,-2678,-2910,-3216,-3425,-3674,-3945,-4136,-28071
0,1,2056,434127,12905,11151,10014,9124,8530,8081,7697,7387,7166,6905,6709,6479,6340,6377,6882,8161,10029,12392,14028,15554,16522,17047,17411,17787,18029,18344,18274,18093,17883,17728,17367,16448,15300,14134,12891,11617,9932,8246,6779,5603,4798,4212,4066,4193,4293,4052,3359,2307,1167,265,-300,-566,-607,-443,-207,-5,254,489,676,752,654,423,46,-390,-871,-1262,-1536,-1582,-1543,-1510,-1557,-1659,-1722,-1880,-1964,-2043,-2243,-2420,-2711,-2964,-3206,-3497,-3686,-3901,-4082,-28868
0,1,2057,434558,12945,11186,10042,9152,8552,8102,7715,7396,7174,6915,6716,6484,6344,6380,6887,8175,10050,12419,14065,15598,16566,17094,17460,17831,18073,18385,18310,18131,17923,17770,17404,16481,15331,14162,13019,11605,9922,8232,6766,5593,4779,4200,4051,4191,4292,4066,3378,2330,1214,270,-312,-582,-613,-461,-191,63,253,452,668,754,663,447,88,-354,-815,-1216,-1505,-1616,-1554,-1522,-1530,-1641,-1740,-1834,-1944,-2070,-2215,-2534,-2745,-2997,-3261,-3486,-3758,-3912,-4038,-29510
0,1,2058,434936,12976,11218,10075,9176,8572,8121,7725,7409,7182,6922,6718,6489,6348,6384,6891,8185,10066,12444,14100,15641,16610,17134,17505,17875,18117,18423,18347,18170,17962,17809,17435,16513,15363,14190,13047,11721,9905,8216,6745,5577,4765,4184,4040,4177,4288,4063,3390,2340,1230,310,-310,-596,-627,-466,-207,82,318,451,632,745,666,451,109,-310,-778,-1159,-1466,-1590,-1588,-1535,-1542,-1616,-1724,-1851,-1901,-2048,-2240,-2505,-2867,-3037,-3299,-3547,-3747,-3989,-4045,-30021
0,1,2059,435339,13011,11250,10102,9202,8594,8139,7741,7422,7190,6927,6727,6496,6351,6386,6897,8193,10082,12471,14136,15681,16656,17177,17550,17919,18164,18462,18383,18205,17999,17838,17467,16540,15394,14217,13065,11741,10025,8185,6720,5554,4742,4170,4026,4168,4279,4062,3385,2347,1238,327,-269,-597,-643,-479,-211,69,332,512,636,712,657,450,116,-289,-734,-1123,-1408,-1551,-1568,-1566,-1558,-1629,-1702,-1832,-1917,-1999,-2219,-2531,-2834,-3166,-3342,-3590,-3813,-3977,-4123,-30478
0,1,2060,435701,13043,11283,10131,9226,8615,8156,7752,7428,7198,6933,6730,6499,6354,6389,6898,8201,10098,12494,14172,15722,16698,17218,17595,17964,18201,18498,18415,18238,18032,17876,17501,16567,15420,14241,13090,11751,10038,8301,6688,5525,4713,4154,4012,4156,4270,4052,3381,2342,1242,331,-257,-557,-644,-489,-219,65,323,527,693,718,625,440,110,-284,-714,-1079,-1379,-1500,-1530,-1544,-1592,-1646,-1715,-1811,-1901,-2016,-2167,-2509,-2863,-3135,-3480,-3638,-3859,-4048,-4113,-30943
0,1,2061,436409,13077,11315,10160,9254,8639,8178,7769,7446,7212,6948,6744,6511,6365,6402,6910,8216,10119,12525,14211,15768,16740,17266,17643,18012,18250,18542,18460,18281,18074,17917,17538,16607,15457,14269,13118,11774,10054,8310,6808,5493,4688,4134,4000,4149,4264,4048,3370,2337,1236,335,-252,-543,-605,-487,-226,60,320,520,713,778,630,405,95,-291,-713,-1060,-1335,-1471,-1484,-1511,-1575,-1676,-1729,-1823,-1877,-1997,-2185,-2455,-2837,-3168,-3449,-3786,-3911,-4097,-4187,-31325
0,1,2062,437083,13107,11347,10190,9280,8664,8199,7789,7461,7223,6960,6757,6523,6375,6413,6923,8233,10139,12553,14248,15808,16787,17313,17692,18060,18292,18588,18502,18324,18113,17957,17575,16641,15492,14301,13142,11796,10072,8322,6814,5610,4656,4108,3980,4140,4262,4041,3364,2325,1226,324,-248,-542,-594,-451,-225,54,315,521,709,797,692,406,55,-307,-722,-1059,-1316,-1431,-1460,-1466,-1544,-1661,-1760,-1835,-1886,-1973,-2163,-2473,-2781,-3142,-3486,-3754,-4065,-4158,-4237,-31738
0,1,2063,437662,13137,11376,10217,9306,8688,8219,7804,7477,7239,6973,6769,6533,6385,6420,6934,8247,10159,12583,14280,15850,16831,17355,17736,18103,18337,18626,18541,18362,18154,17994,17614,16675,15525,14331,13167,11818,10084,8330,6818,5612,4769,4075,3960,4125,4253,4034,3356,2313,1208,309,-261,-540,-590,-440,-196,56,311,517,710,794,710,472,56,-357,-745,-1070,-1318,-1418,-1423,-1446,-1508,-1634,-1748,-1865,-1900,-1982,-2139,-2453,-2800,-3084,-3461,-3797,-4038,-4319,-4304,-32139
0,1,2064,438202,13166,11405,10244,9329,8708,8239,7821,7490,7249,6985,6780,6544,6394,6428,6945,8259,10176,12608,14317,15891,16871,17397,17783,18147,18378,18666,18580,18400,18189,18030,17647,16708,15554,14362,13193,11837,10099,8339,6824,5610,4766,4181,3930,4105,4236,4024,3347,2302,1194,290,-278,-552,-590,-438,-186,83,313,512,710,796,707,490,125,-361,-802,-1095,-1329,-1418,-1411,-1414,-1489,-1603,-1724,-1852,-1929,-1994,-2147,-2424,-2779,-3103,-3402,-3772,-4085,-4294,-4469,-32561
0,1,2065,438700,13194,11433,10269,9355,8731,8258,7837,7503,7261,6996,6788,6552,6403,6436,6953,8271,10193,12635,14347,15929,16912,17437,17824,18188,18419,18705,18619,18436,18226,18063,17682,16742,15583,14387,13217,11855,10114,8351,6827,5608,4764,4178,4027,4080,4217,4010,3337,2290,1176,272,-302,-570,-601,-439,-182,91,341,516,708,795,710,486,141,-289,-807,-1156,-1357,-1432,-1415,-1405,-1459,-1585,-1692,-1827,-1917,-2024,-2158,-2436,-2750,-3083,-3427,-3712,-4060,-4347,-4449,-33097
0,1,2066,439138,13220,11458,10296,9377,8750,8277,7851,7516,7272,7004,6800,6561,6410,6445,6960,8282,10210,12657,14380,15966,16949,17478,17861,18229,18453,18743,18655,18466,18259,18098,17713,16772,15613,14411,13237,11872,10126,8359,6827,5611,4762,4176,4027,4167,4195,3993,3318,2275,1158,249,-323,-594,-617,-449,-182,96,347,540,711,793,710,487,134,-274,-731,-1164,-1419,-1456,-1428,-1408,-1453,-1560,-1677,-1799,-1893,-2012,-2188,-2445,-2762,-3053,-3406,-3739,-4002,-4327,-4507,-33556
0,1,2067,439517,13247,11485,10320,9401,8769,8292,7867,7528,7283,7010,6806,6570,6417,6449,6968,8290,10227,12681,14410,16000,16986,17517,17899,18268,18489,18780,18688,18499,18291,18127,17741,16803,15639,14436,13258,11891,10137,8366,6830,5610,4758,4172,4024,4166,4277,3970,3299,2252,1140,229,-348,-615,-639,-463,-190,97,351,547,734,796,707,485,132,-289,-722,-1092,-1430,-1518,-1454,-1424,-1458,-1554,-1654,-1784,-1865,-1988,-2176,-2480,-2776,-3067,-3375,-3716,-4031,-4267,-4487,-34032
0,1,2068,439843,13269,11510,10346,9421,8786,8309,7881,7539,7292,7021,6814,6577,6423,6455,6975,8299,10242,12702,14436,16034,17024,17555,17936,18307,18525,18812,18719,18532,18321,18157,17770,16828,15664,14458,13278,11906,10148,8370,6832,5607,4757,4173,4021,4165,4276,4047,3272,2228,1112,205,-369,-637,-660,-484,-202,88,354,553,741,817,712,481,124,-295,-739,-1084,-1360,-1531,-1513,-1450,-1473,-1561,-1649,-1761,-1851,-1958,-2154,-2466,-2813,-3085,-3391,-3690,-4014,-4303,-4431,-34439
0,1,2069,440137,13291,11532,10369,9441,8805,8325,7893,7551,7300,7027,6819,6584,6428,6460,6978,8306,10255,12720,14466,16065,17055,17588,17973,18341,18560,18843,18748,18562,18350,18186,17799,16856,15690,14482,13295,11918,10158,8373,6833,5607,4752,4167,4018,4162,4274,4044,3346,2199,1081,174,-394,-662,-684,-501,-217,78,347,554,746,828,734,486,120,-301,-746,-1104,-1353,-1465,-1525,-1506,-1499,-1577,-1655,-1758,-1828,-1944,-2124,-2443,-2799,-3125,-3410,-3708,-3987,-4287,-4469,-34734
0,1,2070,440370,13311,11554,10388,9458,8821,8338,7907,7559,7309,7033,6828,6589,6433,6463,6984,8317,10266,12738,14491,16095,17089,17622,18006,18375,18591,18872,18777,18587,18376,18213,17825,16879,15713,14503,13313,11932,10167,8377,6837,5605,4748,4164,4014,4160,4271,4043,3342,2272,1046,139,-427,-687,-704,-522,-235,63,337,546,748,834,745,508,120,-312,-758,-1114,-1376,-1462,-1468,-1520,-1552,-1603,-1671,-1766,-1825,-1923,-2109,-2411,-2774,-3112,-3453,-3731,-4010,-4259,-4454,-35033
0,1,2071,440578,13333,11578,10409,9479,8839,8351,7917,7569,7315,7038,6834,6593,6439,6469,6990,8325,10278,12756,14516,16124,17117,17652,18036,18405,18622,18899,18803,18611,18400,18235,17849,16904,15737,14521,13326,11943,10174,8384,6833,5601,4743,4158,4013,4159,4269,4040,3337,2265,1119,100,-461,-717,-730,-543,-251,49,323,539,742,838,748,517,146,-312,-771,-1127,-1388,-1487,-1465,-1468,-1564,-1653,-1696,-1782,-1833,-1918,-2087,-2396,-2742,-3087,-3441,-3779,-4040,-4288,-4432,-35273
0,1,2072,440746,13350,11596,10425,9497,8853,8366,7926,7576,7321,7046,6839,6597,6442,6472,6994,8331,10288,12774,14538,16153,17147,17680,18067,18435,18650,18927,18828,18635,18423,18259,17870,16922,15752,14537,13342,11955,10181,8384,6833,5601,4740,4155,4007,4156,4267,4036,3332,2257,1108,174,-504,-754,-761,-562,-269,35,312,526,734,834,749,522,154,-288,-774,-1141,-1402,-1498,-1486,-1467,-1517,-1667,-1745,-1804,-1848,-1926,-2084,-2373,-2727,-3053,-3414,-3768,-4091,-4321,-4463,-35457
0,1,2073,440846,13367,11615,10446,9511,8866,8377,7935,7582,7326,7051,6841,6599,6444,6475,6997,8336,10297,12789,14560,16178,17175,17706,18096,18466,18675,18951,18847,18655,18442,18278,17887,16941,15771,14555,13357,11964,10187,8385,6833,5594,4735,4148,4004,4153,4265,4032,3327,2248,1096,161,-433,-795,-792,-588,-285,22,298,517,727,830,744,524,156,-281,-749,-1145,-1419,-1514,-1499,-1493,-1518,-1624,-1758,-1852,-1871,-1942,-2092,-2370,-2704,-3037,-3380,-3739,-4079,-4376,-4503,-35660
0,1,2074,440878,13383,11631,10463,9527,8880,8389,7943,7589,7330,7054,6846,6603,6446,6474,6999,8340,10307,12803,14577,16202,17200,17731,18124,18487,18699,18973,18870,18677,18462,18297,17906,16958,15788,14569,13369,11974,10193,8387,6830,5590,4728,4143,3998,4149,4261,4026,3321,2239,1084,144,-449,-726,-830,-615,-310,5,285,506,718,820,740,520,155,-281,-746,-1122,-1424,-1529,-1517,-1504,-1544,-1626,-1720,-1867,-1918,-1968,-2109,-2380,-2701,-3013,-3365,-3703,-4052,-4366,-4561,-35888
0,1,2075,440849,13398,11648,10479,9541,8893,8399,7952,7595,7334,7054,6848,6604,6449,6476,6999,8343,10313,12815,14598,16223,17224,17755,18146,18512,18720,18990,18888,18693,18478,18316,17920,16972,15802,14583,13377,11981,10200,8388,6827,5583,4721,4135,3994,4146,4258,4023,3315,2231,1069,128,-465,-741,-766,-648,-336,-15,271,493,707,808,732,511,147,-283,-747,-1119,-1401,-1537,-1532,-1520,-1556,-1652,-1723,-1828,-1933,-2013,-2135,-2396,-2712,-3010,-3340,-3690,-4016,-4337,-4553,-36152
0,1,2076,440787,13414,11662,10493,9556,8904,8408,7960,7598,7339,7055,6849,6607,6446,6475,6999,8347,10316,12824,14611,16242,17243,17781,18169,18535,18742,19010,18904,18711,18494,18327,17935,16986,15814,14594,13387,11987,10199,8386,6821,5578,4716,4131,3992,4143,4253,4017,3308,2220,1059,116,-482,-759,-781,-591,-365,-36,253,482,697,800,720,499,138,-295,-750,-1122,-1399,-1518,-1540,-1534,-1573,-1663,-1745,-1832,-1893,-2028,-2183,-2424,-2731,-3022,-3338,-3663,-4000,-4300,-4524,-36374
0,1,2077,440637,13427,11676,10509,9567,8913,8415,7964,7602,7340,7057,6851,6606,6447,6474,7000,8347,10321,12836,14625,16258,17264,17799,18189,18551,18759,19027,18919,18723,18507,18340,17947,16997,15828,14604,13395,11991,10200,8384,6820,5572,4707,4123,3985,4140,4248,4014,3303,2211,1047,103,-498,-777,-797,-605,-316,-60,231,466,684,791,710,487,125,-307,-765,-1127,-1404,-1514,-1523,-1542,-1587,-1679,-1759,-1854,-1897,-1989,-2199,-2478,-2760,-3042,-3351,-3662,-3975,-4286,-4488,-36548
0,1,2078,440404,13435,11688,10518,9577,8924,8422,7969,7605,7342,7055,6850,6607,6445,6472,6996,8348,10325,12842,14641,16277,17281,17816,18208,18569,18776,19037,18931,18734,18518,18351,17958,17009,15836,14612,13402,11995,10198,8384,6815,5565,4700,4118,3979,4132,4246,4010,3294,2203,1034,86,-514,-791,-813,-620,-328,-19,210,448,671,781,701,476,111,-326,-779,-1144,-1408,-1520,-1522,-1529,-1597,-1697,-1774,-1867,-1918,-1991,-2161,-2493,-2818,-3075,-3375,-3678,-3976,-4263,-4475,-36658
0,1,2079,440093,13443,11699,10529,9588,8931,8429,7971,7608,7343,7054,6849,6607,6444,6469,7000,8346,10329,12850,14651,16290,17297,17833,18223,18585,18790,19049,18941,18746,18529,18355,17964,17017,15842,14617,13406,11996,10200,8380,6809,5558,4692,4112,3970,4127,4240,4001,3287,2192,1020,72,-530,-807,-827,-635,-341,-28,250,427,655,769,690,464,97,-342,-799,-1159,-1425,-1525,-1527,-1528,-1583,-1705,-1791,-1884,-1931,-2013,-2163,-2451,-2836,-3136,-3411,-3706,-3995,-4266,-4449,-36746
0,1,2080,439692,13449,11709,10540,9599,8940,8433,7976,7609,7343,7053,6844,6606,6440,6465,6994,8345,10330,12855,14662,16300,17312,17847,18239,18599,18800,19058,18950,18751,18534,18361,17968,17021,15849,14624,13407,11996,10198,8378,6801,5549,4684,4102,3966,4123,4234,3995,3281,2183,1010,56,-545,-825,-842,-650,-354,-40,240,463,638,755,676,453,83,-360,-817,-1181,-1442,-1541,-1535,-1535,-1584,-1694,-1801,-1901,-1949,-2027,-2183,-2453,-2789,-3156,-3476,-3745,-4024,-4284,-4456,-36795
0,1,2081,439203,13455,11718,10549,9607,8948,8438,7979,7609,7339,7052,6843,6603,6436,6460,6993,8343,10329,12857,14671,16312,17322,17858,18250,18609,18810,19066,18954,18754,18538,18367,17972,17024,15854,14625,13410,11995,10192,8373,6795,5540,4675,4093,3959,4115,4226,3989,3274,2174,999,41,-562,-840,-857,-662,-363,-52,231,454,670,736,662,437,67,-375,-839,-1201,-1466,-1557,-1549,-1542,-1593,-1697,-1789,-1911,-1966,-2042,-2198,-2476,-2793,-3110,-3498,-3817,-4066,-4317,-4476,-36834
0,1,2082,438618,13460,11725,10557,9614,8953,8442,7979,7607,7337,7048,6842,6597,6433,6457,6986,8342,10329,12862,14677,16323,17331,17870,18262,18621,18815,19069,18960,18758,18539,18371,17976,17025,15858,14627,13409,11993,10188,8367,6790,5532,4663,4083,3953,4109,4218,3982,3264,2165,985,26,-579,-856,-870,-676,-376,-64,221,447,663,768,645,422,47,-394,-855,-1223,-1484,-1580,-1566,-1558,-1602,-1704,-1793,-1899,-1977,-2062,-2216,-2492,-2820,-3113,-3449,-3842,-4145,-4365,-4512,-36902
0,1,2083,437925,13463,11732,10562,9620,8958,8447,7980,7608,7333,7044,6837,6592,6428,6449,6983,8338,10326,12861,14681,16331,17340,17877,18269,18624,18820,19071,18960,18757,18539,18370,17972,17026,15857,14627,13407,11990,10184,8360,6778,5526,4654,4075,3945,4102,4211,3974,3257,2154,973,11,-591,-872,-885,-690,-389,-72,213,438,656,761,676,399,26,-418,-877,-1244,-1507,-1599,-1587,-1574,-1617,-1714,-1801,-1902,-1967,-2071,-2232,-2511,-2836,-3142,-3454,-3792,-4174,-4449,-4562,-36998
0,1,2084,437156,13466,11737,10569,9626,8960,8449,7980,7602,7331,7040,6831,6588,6419,6443,6975,8333,10322,12862,14685,16338,17347,17884,18275,18632,18824,19073,18956,18757,18537,18365,17970,17026,15857,14626,13404,11987,10177,8354,6770,5513,4643,4066,3936,4094,4205,3967,3247,2143,960,-3,-609,-888,-900,-702,-400,-84,201,430,648,756,670,435,5,-441,-904,-1267,-1527,-1622,-1605,-1595,-1633,-1730,-1811,-1911,-1969,-2061,-2241,-2529,-2857,-3161,-3486,-3800,-4122,-4481,-4653,-37148
0,1,2085,436283,13466,11738,10570,9628,8963,8449,7979,7600,7322,7032,6827,6582,6414,6436,6971,8325,10319,12862,14687,16341,17351,17888,18280,18637,18822,19068,18953,18755,18535,18362,17967,17022,15855,14623,13398,11982,10172,8343,6761,5503,4632,4053,3928,4086,4196,3957,3236,2133,945,-19,-624,-903,-914,-715,-410,-93,194,422,640,745,664,424,41,-469,-932,-1294,-1552,-1642,-1628,-1614,-1654,-1745,-1826,-1920,-1977,-2063,-2233,-2542,-2877,-3183,-3507,-3836,-4131,-4427,-4688,-37383
0,1,2086,435378,13464,11739,10578,9635,8965,8448,7977,7597,7320,7029,6822,6574,6407,6428,6961,8320,10315,12858,14690,16345,17353,17891,18283,18636,18820,19064,18947,18749,18532,18356,17961,17016,15849,14619,13394,11976,10163,8333,6750,5492,4621,4045,3919,4077,4188,3951,3228,2122,934,-33,-640,-919,-929,-728,-423,-104,185,415,634,739,656,418,31,-429,-964,-1325,-1581,-1668,-1647,-1634,-1672,-1765,-1841,-1935,-1986,-2073,-2239,-2532,-2889,-3205,-3531,-3859,-4171,-4440,-4634,-37645
0,1,2087,434377,13461,11737,10579,9634,8968,8448,7974,7594,7309,7021,6815,6567,6399,6420,6952,8313,10310,12856,14686,16344,17353,17891,18284,18638,18817,19057,18940,18740,18517,18347,17953,17008,15842,14611,13387,11967,10154,8322,6739,5483,4609,4034,3912,4068,4180,3940,3218,2112,922,-48,-656,-931,-944,-740,-433,-116,174,407,627,734,651,410,23,-442,-921,-1357,-1610,-1695,-1670,-1654,-1695,-1782,-1861,-1952,-2001,-2083,-2246,-2537,-2881,-3219,-3556,-3884,-4196,-4484,-4650,-37837
0,1,2088,433313,13455,11739,10579,9638,8968,8445,7972,7587,7304,7013,6806,6559,6389,6410,6942,8304,10304,12849,14684,16345,17351,17890,18282,18633,18810,19048,18930,18729,18507,18336,17943,17000,15836,14605,13379,11957,10146,8313,6727,5467,4597,4026,3902,4061,4171,3930,3208,2101,907,-62,-671,-948,-958,-753,-444,-124,165,398,620,729,645,403,14,-455,-935,-1312,-1644,-1724,-1698,-1679,-1712,-1804,-1878,-1972,-2016,-2099,-2256,-2548,-2886,-3212,-3571,-3913,-4227,-4513,-4700,-38031
0,1,2089,432162,13452,11739,10580,9640,8964,8443,7967,7579,7296,7004,6797,6551,6380,6402,6934,8295,10292,12843,14678,16343,17351,17887,18277,18626,18801,19037,18918,18719,18496,18324,17929,16989,15827,14593,13371,11945,10131,8299,6714,5452,4585,4012,3889,4051,4162,3919,3198,2089,893,-77,-688,-961,-972,-766,-455,-134,156,390,613,721,638,396,5,-466,-950,-1329,-1600,-1758,-1726,-1703,-1735,-1822,-1899,-1988,-2037,-2115,-2273,-2559,-2897,-3218,-3564,-3931,-4258,-4546,-4730,-38263
0,1,2090,430980,13443,11735,10579,9638,8963,8439,7960,7571,7287,6991,6789,6542,6370,6391,6926,8283,10285,12836,14675,16337,17348,17883,18276,18622,18794,19026,18906,18703,18480,18309,17915,16978,15816,14584,13358,11935,10120,8287,6702,5439,4572,4001,3878,4041,4154,3911,3189,2079,881,-89,-702,-977,-986,-778,-466,-145,147,381,604,715,633,389,-5,-479,-964,-1345,-1617,-1714,-1758,-1730,-1762,-1845,-1918,-2009,-2056,-2136,-2290,-2576,-2909,-3231,-3571,-3922,-4279,-4580,-4766,-38511
0,1,2091,429729,13434,11731,10581,9635,8961,8436,7955,7565,7278,6980,6778,6534,6361,6381,6913,8271,10276,12825,14668,16332,17341,17877,18267,18614,18782,19011,18890,18689,18465,18295,17898,16965,15802,14569,13345,11919,10107,8276,6688,5426,4557,3988,3866,4030,4142,3899,3177,2064,869,-103,-715,-993,-1000,-790,-475,-155,137,372,598,707,625,381,-16,-488,-979,-1359,-1633,-1731,-1718,-1761,-1787,-1868,-1939,-2027,-2076,-2154,-2312,-2597,-2929,-3245,-3584,-3930,-4269,-4603,-4801,-38767
0,1,2092,428420,13425,11724,10577,9632,8956,8432,7951,7555,7268,6970,6765,6522,6350,6369,6903,8263,10265,12818,14659,16327,17332,17870,18254,18604,18769,18997,18871,18669,18447,18277,17881,16948,15789,14555,13333,11907,10094,8258,6675,5410,4543,3977,3856,4021,4132,3887,3165,2054,854,-120,-731,-1007,-1012,-801,-486,-165,130,365,589,701,619,374,-24,-501,-994,-1375,-1647,-1748,-1735,-1723,-1816,-1893,-1963,-2047,-2095,-2175,-2331,-2618,-2950,-3266,-3599,-3946,-4280,-4595,-4825,-39050
0,1,2093,427040,13416,11719,10574,9628,8951,8428,7943,7545,7253,6959,6755,6508,6340,6354,6891,8251,10255,12806,14650,16318,17323,17860,18243,18591,18753,18977,18853,18651,18428,18256,17863,16930,15774,14541,13318,11891,10079,8245,6659,5395,4531,3966,3848,4011,4122,3876,3155,2042,844,-133,-746,-1022,-1025,-814,-500,-176,119,356,581,694,612,367,-36,-515,-1008,-1393,-1664,-1762,-1752,-1742,-1785,-1921,-1990,-2072,-2114,-2192,-2352,-2639,-2974,-3288,-3623,-3961,-4298,-4606,-4818,-39337
0,1,2094,425614,13402,11710,10569,9624,8946,8421,7934,7534,7243,6947,6744,6497,6325,6344,6879,8241,10245,12795,14638,16305,17313,17845,18232,18577,18735,18957,18829,18627,18407,18235,17842,16912,15755,14524,13301,11874,10063,8232,6642,5382,4518,3954,3836,3999,4111,3866,3144,2031,830,-145,-758,-1035,-1040,-827,-509,-184,110,348,574,688,606,359,-46,-527,-1022,-1407,-1680,-1778,-1766,-1760,-1798,-1891,-2016,-2096,-2139,-2212,-2374,-2663,-2998,-3314,-3646,-3988,-4317,-4626,-4832,-39593
0,1,2095,424115,13389,11704,10562,9619,8939,8414,7924,7524,7231,6933,6730,6485,6310,6332,6863,8223,10231,12783,14627,16292,17300,17833,18220,18560,18715,18937,18807,18606,18385,18212,17818,16891,15735,14508,13283,11858,10046,8212,6625,5365,4503,3939,3823,3988,4100,3855,3129,2017,819,-159,-775,-1050,-1052,-835,-520,-195,101,342,569,681,599,353,-54,-540,-1037,-1423,-1695,-1795,-1783,-1775,-1816,-1907,-1989,-2124,-2164,-2236,-2394,-2681,-3021,-3337,-3674,-4016,-4343,-4647,-4852,-39845
0,1,2096,422585,13373,11693,10554,9613,8935,8406,7915,7510,7222,6920,6716,6473,6297,6318,6850,8211,10217,12768,14612,16278,17286,17818,18203,18546,18693,18914,18781,18581,18361,18187,17794,16867,15716,14489,13266,11842,10027,8196,6612,5349,4487,3928,3815,3979,4088,3843,3119,2006,806,-174,-789,-1062,-1065,-849,-532,-204,93,334,561,676,592,343,-63,-551,-1048,-1436,-1710,-1810,-1798,-1790,-1831,-1924,-2004,-2097,-2191,-2261,-2421,-2705,-3045,-3365,-3700,-4047,-4373,-4678,-4877,-40094
0,1,2097,420974,13355,11683,10546,9606,8928,8396,7909,7501,7207,6906,6702,6458,6284,6303,6835,8196,10204,12753,14596,16261,17271,17802,18188,18524,18669,18885,18756,18552,18333,18161,17765,16843,15695,14466,13246,11821,10010,8177,6592,5333,4474,3918,3801,3966,4076,3832,3107,1992,793,-188,-804,-1076,-1077,-858,-541,-214,83,327,553,668,586,336,-72,-561,-1062,-1452,-1726,-1824,-1813,-1804,-1847,-1939,-2019,-2110,-2163,-2288,-2445,-2730,-3070,-3391,-3730,-4075,-4407,-4708,-4910,-40352
0,1,2098,419304,13339,11669,10536,9594,8919,8386,7895,7489,7193,6892,6688,6445,6270,6287,6819,8181,10189,12736,14580,16246,17251,17780,18165,18504,18647,18859,18726,18523,18304,18134,17738,16819,15669,14447,13224,11803,9990,8160,6576,5317,4456,3900,3788,3955,4062,3819,3094,1980,779,-199,-814,-1089,-1091,-872,-551,-223,75,320,546,662,580,330,-82,-572,-1077,-1466,-1739,-1838,-1826,-1818,-1862,-1955,-2033,-2126,-2181,-2263,-2474,-2759,-3097,-3417,-3757,-4108,-4438,-4746,-4944,-40614
0,1,2099,417601,13319,11658,10526,9587,8910,8376,7885,7472,7177,6875,6673,6428,6255,6273,6802,8166,10170,12717,14563,16228,17232,17759,18145,18480,18622,18832,18699,18495,18275,18106,17708,16790,15646,14426,13203,11779,9967,8141,6558,5297,4443,3889,3775,3945,4053,3806,3081,1967,766,-213,-827,-1101,-1100,-881,-560,-233,66,309,540,656,574,321,-92,-583,-1089,-1478,-1755,-1854,-1842,-1834,-1879,-1970,-2047,-2141,-2195,-2278,-2446,-2789,-3126,-3447,-3787,-4138,-4472,-4780,-4983,-40890
0,1,2100,415833,13301,11644,10516,9577,8896,8364,7869,7458,7165,6861,6657,6413,6240,6257,6787,8148,10151,12699,14543,16206,17211,17739,18122,18453,18595,18799,18665,18462,18245,18072,17679,16762,15620,14398,13180,11756,9945,8120,6541,5281,4427,3874,3765,3933,4041,3794,3068,1956,751,-225,-841,-1116,-1114,-891,-571,-242,58,302,529,647,565,317,-100,-595,-1101,-1492,-1769,-1868,-1856,-1848,-1891,-1985,-2061,-2153,-2208,-2291,-2462,-2760,-3160,-3480,-3822,-4170,-4505,-4819,-5020,-41175
0,2,2023,457305,10456,7375,6905,6649,6427,6218,5934,5686,5564,5681,5472,5419,5187,5269,5764,6787,8367,10193,10999,12197,12991,13384,13695,14735,16325,17115,17825,17704,16907,15829,14354,12961,11611,10860,10013,9178,8218,6926,6214,5550,4806,4280,3893,3509,3484,3094,2602,2110,1477,1083,719,615,706,1232,1720,1958,2253,2189,1972,1972,1999,1985,1719,1548,1406,1358,1379,1400,1430,1519,1404,1379,1085,824,925,872,610,731,552,383,185,5,-229,-446,-586,-6750
0,2,2024,458341,10527,8825,6619,6500,6323,6184,5943,5694,5604,5694,5518,5395,5227,5326,5839,6889,8422,10247,11043,12358,13042,13495,13953,14828,16162,17330,17850,17896,17115,15988,14643,13191,12029,10904,10202,9262,8263,7207,6344,5574,5070,4419,3909,3594,3333,3147,2574,2066,1539,982,759,658,850,1050,1571,1902,2088,2186,2091,1917,1830,1871,1650,1367,1287,1110,1133,1208,1355,1276,1319,1159,1104,822,617,705,673,411,525,267,77,-164,-306,-463,-645,-7007
0,2,2025,459464,10598,8886,7862,6268,6200,6105,5916,5710,5624,5716,5472,5443,5197,5363,5888,7003,8548,10360,11074,12450,13221,13554,14085,15059,16271,17176,18009,17954,17299,16174,14832,13433,12216,11281,10212,9445,8317,7272,6561,5711,5083,4655,4038,3615,3404,3004,2626,2057,1495,1052,671,701,895,1187,1399,1773,2067,2082,2090,2037,1816,1662,1563,1292,1090,1056,938,984,1131,1232,1081,1095,825,852,595,453,531,441,200,252,-49,-257,-480,-545,-692,-7298
0,2,2026,462771,10679,8960,7932,7323,6035,6038,5882,5727,5656,5752,5563,5408,5284,5380,5975,7103,8725,10542,11271,12518,13357,13799,14178,15288,16510,17324,17918,18103,17382,16383,14989,13673,12492,11488,10551,9487,8514,7356,6656,5947,5257,4710,4272,3790,3440,3103,2529,2110,1509,1042,758,648,960,1272,1549,1622,1948,2060,2035,2043,1944,1723,1339,1228,1023,844,886,837,946,1029,1043,888,801,586,623,441,323,326,242,-59,-43,-380,-552,-710,-769,-7593
0,2,2027,465620,10759,9034,7999,7388,6911,5923,5842,5715,5686,5787,5598,5527,5272,5459,6029,7208,8858,10749,11485,12718,13420,13915,14438,15368,16735,17560,18060,18033,17535,16422,15199,13822,12694,11747,10774,9749,8597,7483,6751,6012,5469,4881,4334,3986,3594,3144,2619,2008,1538,1045,735,731,913,1334,1644,1770,1817,1920,1994,1985,1927,1809,1409,992,908,798,660,756,785,842,843,835,588,554,388,434,295,131,124,-43,-363,-374,-679,-787,-947,-7987
0,2,2028,467472,10839,9105,8068,7452,6968,6626,5763,5693,5710,5806,5639,5547,5352,5455,6086,7280,8971,10900,11700,12949,13580,13986,14489,15599,16816,17745,18253,18190,17423,16563,15227,13976,12851,11917,10984,9973,8771,7583,6827,6123,5505,5047,4499,4039,3758,3270,2652,2093,1420,1048,737,689,976,1272,1690,1837,1945,1827,1822,1933,1866,1777,1444,1040,695,616,628,547,698,693,650,621,532,346,306,220,254,92,-44,-145,-369,-707,-677,-907,-1015,-8533
0,2,2029,469267,10917,9180,8137,7516,7022,6678,6332,5642,5691,5905,5577,5562,5380,5498,6095,7333,9069,11034,11879,13180,13811,14115,14588,15647,17008,17886,18428,18346,17603,16448,15285,13994,12947,12048,11129,10141,8998,7737,6922,6165,5619,5095,4628,4201,3814,3419,2769,2120,1516,935,747,703,939,1333,1637,1886,1994,1917,1773,1759,1777,1711,1415,1052,736,450,437,507,514,607,535,485,327,280,138,109,81,53,-74,-286,-443,-720,-1024,-922,-1122,-9033
0,2,2030,470091,10997,9252,8205,7579,7082,6733,6377,6099,5655,5917,5660,5545,5391,5542,6142,7370,9123,11142,12003,13352,14038,14339,14697,15751,17079,18046,18603,18512,17753,16592,15191,14003,12935,12108,11254,10241,9136,7932,7062,6263,5625,5181,4669,4292,3947,3468,2900,2208,1508,1009,613,697,945,1286,1671,1830,2011,1938,1790,1677,1604,1577,1307,1012,703,446,263,310,459,452,424,356,218,93,41,-41,-34,-92,-130,-312,-572,-806,-1069,-1310,-1158,-9616
0,2,2031,469371,11075,9323,8273,7640,7133,6783,6424,6146,6000,5927,5636,5577,5393,5555,6173,7408,9160,11198,12095,13457,14166,14514,14909,15846,17176,18121,18745,18676,17926,16777,15299,13945,12957,12114,11286,10358,9221,8042,7218,6367,5718,5143,4712,4314,4009,3552,2932,2324,1576,967,649,542,904,1271,1599,1823,1934,1911,1779,1653,1459,1364,1136,848,640,373,210,126,252,330,281,190,72,-25,-124,-153,-193,-215,-262,-401,-615,-924,-1162,-1362,-1592,-10233
0,2,2032,466621,11153,9394,8338,7702,7190,6834,6469,6187,6040,6021,5637,5578,5406,5565,6184,7430,9192,11232,12153,13529,14261,14631,15046,16038,17289,18217,18824,18776,18022,16922,15499,13985,12899,12105,11288,10368,9290,8119,7292,6492,5785,5212,4653,4313,4005,3592,2983,2332,1674,1016,592,559,745,1209,1566,1723,1885,1801,1703,1595,1395,1186,877,641,422,267,107,13,67,103,89,24,-150,-204,-291,-324,-330,-387,-412,-539,-742,-1007,-1290,-1468,-1641,-11325
0,2,2033,470004,11227,9465,8405,7760,7243,6883,6517,6231,6082,6056,5853,5560,5408,5573,6217,7476,9255,11318,12254,13657,14391,14781,15224,16220,17516,18400,18991,18950,18190,17064,15710,14266,12986,12132,11344,10443,9379,8243,7437,6628,5962,5329,4765,4316,4054,3646,3069,2430,1724,1170,688,556,814,1123,1562,1759,1868,1840,1692,1632,1457,1239,823,503,346,170,111,40,64,69,20,-19,-157,-278,-320,-361,-374,-419,-477,-601,-792,-1066,-1320,-1553,-1712,-12123
0,2,2034,473293,11304,9532,8466,7818,7296,6935,6562,6275,6122,6094,5887,5746,5401,5583,6229,7511,9314,11398,12357,13764,14518,14911,15380,16402,17701,18625,19180,19115,18356,17222,15835,14463,13251,12211,11368,10490,9447,8325,7554,6761,6091,5493,4874,4418,4056,3682,3118,2514,1818,1212,839,648,814,1188,1493,1760,1903,1820,1734,1621,1496,1305,878,435,197,90,16,40,89,70,-6,-83,-203,-288,-397,-396,-410,-464,-509,-669,-861,-1126,-1388,-1591,-1809,-12928
0,2,2035,476510,11376,9602,8528,7879,7352,6984,6605,6316,6161,6134,5926,5781,5565,5580,6244,7540,9366,11475,12453,13874,14627,15037,15507,16558,17884,18812,19400,19298,18513,17372,15975,14581,13436,12456,11439,10509,9488,8386,7622,6874,6217,5612,5025,4520,4153,3683,3150,2555,1899,1309,879,791,902,1191,1555,1701,1901,1854,1715,1660,1484,1340,942,488,123,-60,-61,-45,92,91,-6,-112,-264,-339,-412,-474,-443,-498,-551,-700,-932,-1202,-1458,-1668,-1847,-13765
0,2,2036,479582,11449,9668,8595,7937,7402,7031,6651,6357,6201,6167,5960,5813,5597,5730,6252,7563,9409,11546,12542,13981,14739,15147,15634,16694,18043,19003,19590,19519,18687,17513,16112,14705,13542,12629,11674,10575,9496,8413,7674,6941,6322,5728,5134,4659,4244,3771,3148,2580,1933,1387,973,829,1037,1273,1559,1757,1846,1847,1743,1637,1526,1322,976,552,175,-139,-208,-121,11,95,10,-115,-295,-403,-465,-488,-522,-530,-588,-743,-967,-1281,-1546,-1748,-1937,-14577
0,2,2037,482528,11521,9733,8656,7993,7454,7078,6693,6398,6239,6202,5993,5846,5631,5760,6397,7577,9443,11601,12629,14080,14843,15253,15745,16826,18185,19161,19783,19705,18897,17673,16245,14827,13655,12728,11832,10793,9557,8413,7694,6980,6379,5822,5239,4756,4376,3864,3234,2570,1952,1415,1043,921,1074,1397,1635,1765,1898,1799,1734,1664,1496,1359,952,583,237,-87,-284,-254,-58,25,11,-98,-302,-436,-529,-541,-537,-607,-619,-782,-1017,-1318,-1640,-1848,-2027,-15407
0,2,2038,485414,11592,9800,8719,8051,7506,7125,6735,6437,6279,6235,6025,5884,5661,5794,6434,7737,9469,11656,12698,14173,14945,15356,15858,16946,18323,19310,19945,19886,19076,17875,16385,14945,13768,12833,11918,10941,9763,8462,7685,6994,6416,5875,5323,4851,4463,3983,3324,2658,1934,1429,1074,989,1161,1434,1749,1833,1902,1844,1684,1653,1524,1330,992,553,264,-30,-240,-323,-180,-33,-55,-100,-292,-447,-569,-604,-594,-624,-696,-813,-1055,-1378,-1685,-1955,-2139,-16240
0,2,2039,488170,11660,9865,8777,8104,7556,7168,6777,6475,6315,6269,6058,5914,5688,5822,6467,7784,9652,11692,12761,14246,15036,15457,15963,17066,18445,19449,20094,20049,19254,18039,16573,15076,13873,12933,12019,11021,9901,8665,7725,6981,6423,5904,5368,4923,4550,4067,3446,2745,2021,1406,1086,1018,1224,1512,1785,1935,1965,1843,1726,1601,1510,1354,956,589,230,-4,-190,-286,-237,-142,-114,-162,-296,-438,-585,-646,-655,-676,-711,-889,-1092,-1426,-1751,-2009,-2262,-17115
0,2,2040,490881,11726,9928,8834,8158,7603,7215,6818,6511,6352,6304,6091,5946,5720,5850,6501,7831,9710,11905,12810,14312,15112,15547,16068,17180,18572,19584,20236,20194,19408,18198,16719,15243,13988,13027,12107,11107,9970,8793,7914,7011,6401,5907,5389,4965,4613,4149,3527,2865,2109,1494,1061,1031,1254,1575,1857,1966,2056,1898,1724,1641,1454,1338,983,550,266,-43,-166,-239,-205,-195,-207,-216,-356,-444,-578,-665,-698,-736,-761,-904,-1174,-1463,-1804,-2086,-2321,-18034
0,2,2041,493024,11790,9986,8888,8209,7645,7251,6846,6540,6380,6326,6114,5965,5743,5870,6524,7864,9760,11971,13045,14359,15171,15610,16150,17279,18682,19702,20360,20325,19536,18329,16855,15369,14136,13128,12186,11174,10038,8846,8025,7187,6420,5875,5382,4979,4641,4202,3597,2936,2225,1575,1140,1001,1260,1597,1912,2029,2081,1976,1774,1632,1493,1274,965,571,221,-14,-208,-222,-166,-167,-256,-311,-411,-509,-591,-664,-720,-780,-824,-957,-1193,-1560,-1852,-2152,-2408,-18933
0,2,2042,495117,11852,10040,8944,8252,7680,7286,6873,6573,6408,6343,6132,5985,5761,5889,6549,7900,9807,12039,13123,14615,15215,15672,16224,17372,18790,19819,20477,20443,19659,18441,16969,15486,14254,13265,12273,11239,10100,8910,8066,7295,6587,5884,5344,4970,4650,4223,3649,3005,2294,1693,1219,1073,1231,1603,1934,2080,2139,1999,1848,1677,1483,1313,886,551,239,-61,-183,-256,-152,-131,-236,-360,-501,-561,-654,-678,-719,-798,-865,-1025,-1251,-1575,-1959,-2206,-2481,-19825
0,2,2043,497155,11913,10098,8996,8302,7719,7317,6904,6599,6435,6360,6151,6005,5780,5904,6564,7935,9853,12104,13200,14707,15473,15715,16287,17450,18889,19928,20596,20559,19770,18545,17065,15591,14362,13368,12400,11318,10158,8967,8115,7334,6686,6038,5351,4937,4642,4231,3670,3052,2356,1766,1333,1150,1304,1583,1945,2103,2184,2049,1870,1748,1530,1301,927,465,215,-45,-233,-236,-185,-119,-205,-344,-553,-650,-705,-739,-732,-798,-882,-1067,-1325,-1640,-1983,-2333,-2543,-20700
0,2,2044,499148,11970,10155,9048,8345,7756,7356,6935,6627,6458,6384,6172,6023,5798,5924,6586,7967,9901,12168,13278,14795,15563,15966,16335,17521,18974,20029,20704,20674,19876,18643,17157,15679,14455,13470,12492,11430,10230,9019,8163,7384,6721,6129,5491,4944,4602,4217,3676,3070,2398,1828,1401,1262,1373,1649,1931,2113,2199,2090,1914,1765,1607,1352,916,508,120,-70,-218,-288,-170,-151,-195,-318,-538,-701,-797,-794,-794,-812,-881,-1081,-1366,-1722,-2057,-2360,-2685,-21540
0,2,2045,500998,12028,10207,9099,8390,7797,7385,6963,6654,6485,6403,6188,6038,5817,5937,6605,8000,9946,12234,13355,14883,15649,16053,16576,17579,19052,20121,20806,20781,19981,18738,17238,15759,14531,13552,12585,11510,10335,9084,8202,7425,6760,6155,5569,5071,4604,4179,3658,3071,2408,1863,1463,1328,1476,1717,1990,2104,2205,2106,1951,1814,1623,1431,970,493,163,-166,-246,-278,-219,-137,-225,-315,-518,-690,-851,-885,-849,-874,-899,-1080,-1384,-1768,-2153,-2446,-2715,-22447
0,2,2046,502805,12083,10257,9148,8433,7831,7413,6982,6680,6510,6417,6207,6053,5836,5955,6626,8033,9991,12290,13429,14965,15739,16139,16663,17807,19120,20207,20901,20876,20082,18825,17322,15823,14602,13625,12664,11590,10408,9182,8256,7462,6796,6191,5593,5141,4722,4176,3622,3047,2398,1872,1496,1387,1536,1811,2050,2160,2194,2111,1964,1846,1675,1452,1059,550,148,-125,-341,-308,-211,-180,-213,-345,-515,-671,-841,-936,-939,-927,-959,-1092,-1383,-1789,-2207,-2555,-2810,-23277
0,2,2047,504458,12136,10309,9196,8476,7868,7446,7009,6703,6535,6433,6224,6071,5852,5971,6645,8061,10035,12353,13505,15047,15821,16219,16751,17902,19331,20278,20988,20964,20173,18906,17396,15892,14661,13685,12718,11653,10479,9247,8343,7516,6829,6223,5621,5159,4784,4284,3614,2997,2367,1858,1500,1421,1591,1864,2137,2219,2242,2101,1964,1856,1707,1500,1078,645,208,-144,-304,-396,-244,-179,-253,-341,-546,-671,-829,-929,-992,-1016,-1016,-1157,-1397,-1788,-2227,-2618,-2936,-24126
0,2,2048,506119,12187,10354,9244,8516,7903,7480,7034,6728,6557,6451,6241,6087,5867,5986,6667,8091,10078,12414,13579,15129,15902,16300,16835,17994,19432,20486,21059,21046,20251,18987,17463,15952,14721,13736,12776,11704,10539,9314,8403,7598,6878,6247,5642,5184,4794,4340,3728,2980,2306,1820,1482,1427,1626,1917,2188,2299,2295,2150,1954,1855,1717,1537,1132,665,302,-88,-327,-364,-325,-213,-253,-380,-539,-704,-828,-916,-984,-1068,-1101,-1214,-1468,-1802,-2227,-2643,-3007,-24986
0,2,2049,507652,12235,10400,9288,8558,7935,7506,7060,6747,6579,6465,6259,6102,5882,6000,6680,8120,10117,12469,13646,15207,15983,16379,16918,18082,19525,20585,21262,21117,20327,19051,17532,16014,14774,13787,12818,11754,10583,9367,8459,7655,6954,6284,5662,5201,4813,4351,3779,3094,2287,1756,1445,1409,1629,1950,2237,2347,2365,2199,2000,1844,1714,1545,1171,719,322,9,-273,-388,-303,-282,-288,-382,-580,-699,-863,-918,-974,-1059,-1154,-1307,-1532,-1885,-2246,-2643,-3037,-25848
0,2,2050,509120,12282,10445,9330,8599,7965,7535,7084,6769,6597,6480,6273,6116,5895,6013,6696,8149,10160,12527,13716,15280,16055,16455,17000,18169,19617,20683,21361,21314,20384,19110,17581,16062,14828,13839,12864,11785,10620,9407,8500,7710,6998,6350,5692,5221,4829,4369,3789,3143,2395,1731,1376,1373,1615,1955,2269,2390,2411,2263,2048,1887,1703,1542,1180,762,377,23,-187,-345,-332,-268,-352,-415,-583,-738,-859,-950,-976,-1048,-1147,-1360,-1629,-1955,-2338,-2664,-3037,-26643
0,2,2051,510504,12328,10487,9372,8632,7995,7562,7104,6792,6617,6496,6289,6132,5910,6023,6712,8173,10193,12579,13779,15359,16130,16528,17077,18253,19704,20778,21459,21412,20579,19156,17626,16101,14874,13884,12904,11826,10649,9443,8527,7744,7046,6394,5751,5255,4843,4381,3803,3142,2443,1842,1346,1306,1580,1943,2275,2419,2448,2304,2112,1937,1748,1526,1176,767,420,76,-176,-271,-301,-295,-342,-477,-616,-737,-896,-948,-1011,-1050,-1137,-1352,-1689,-2066,-2420,-2773,-3063,-27347
0,2,2052,511829,12373,10531,9412,8668,8025,7587,7128,6815,6638,6508,6302,6144,5924,6037,6729,8199,10231,12632,13843,15427,16203,16599,17151,18335,19792,20872,21556,21504,20672,19341,17658,16137,14908,13925,12943,11857,10680,9465,8551,7768,7077,6436,5789,5307,4865,4393,3816,3151,2438,1885,1456,1279,1520,1915,2268,2430,2474,2337,2149,1999,1802,1572,1156,765,427,115,-129,-264,-238,-273,-367,-470,-677,-766,-902,-983,-1010,-1085,-1138,-1339,-1681,-2132,-2550,-2870,-3183,-28005
0,2,2053,513050,12414,10574,9453,8710,8054,7617,7148,6831,6659,6525,6313,6157,5934,6045,6743,8226,10265,12683,13906,15495,16273,16669,17224,18411,19874,20958,21646,21596,20757,19414,17830,16161,14938,13951,12976,11888,10707,9492,8566,7787,7099,6460,5823,5340,4915,4409,3827,3160,2438,1878,1500,1384,1495,1862,2248,2423,2479,2358,2183,2037,1866,1626,1205,739,423,122,-94,-224,-237,-222,-350,-497,-672,-827,-926,-987,-1047,-1083,-1171,-1340,-1668,-2122,-2622,-3017,-3292,-28721
0,2,2054,514182,12457,10611,9492,8741,8084,7638,7169,6850,6675,6533,6325,6167,5948,6057,6755,8248,10299,12732,13965,15566,16339,16737,17293,18490,19954,21049,21737,21684,20842,19484,17892,16322,14955,13974,12999,11912,10729,9513,8579,7798,7111,6474,5841,5373,4946,4460,3845,3166,2440,1875,1490,1427,1594,1843,2203,2405,2473,2364,2201,2067,1905,1690,1257,789,391,115,-91,-195,-208,-225,-313,-483,-698,-817,-988,-1007,-1051,-1119,-1171,-1375,-1672,-2108,-2614,-3102,-3457,-29463
0,2,2055,515302,12492,10647,9529,8776,8110,7665,7192,6873,6692,6545,6337,6179,5960,6066,6769,8268,10334,12781,14021,15634,16406,16800,17361,18564,20034,21134,21824,21771,20925,19556,17956,16373,15101,13992,13015,11926,10751,9532,8593,7810,7116,6489,5853,5390,4970,4484,3890,3179,2442,1878,1487,1418,1634,1932,2187,2367,2452,2358,2204,2085,1936,1730,1331,842,439,81,-100,-199,-188,-198,-317,-448,-683,-838,-977,-1072,-1074,-1122,-1208,-1377,-1710,-2111,-2595,-3092,-3553,-30304
0,2,2056,516395,12530,10685,9565,8810,8139,7688,7206,6886,6707,6556,6349,6188,5970,6077,6781,8296,10368,12827,14080,15700,16471,16864,17430,18635,20110,21214,21907,21857,21005,19629,18014,16422,15153,14123,13024,11938,10763,9546,8601,7820,7124,6487,5857,5399,4985,4508,3919,3228,2449,1875,1485,1416,1624,1972,2268,2355,2417,2339,2197,2087,1954,1765,1370,919,491,126,-133,-210,-194,-185,-295,-458,-648,-820,-999,-1057,-1136,-1147,-1214,-1416,-1711,-2154,-2600,-3074,-3543,-31161
0,2,2057,517453,12564,10722,9602,8843,8166,7708,7224,6905,6724,6564,6359,6199,5979,6086,6793,8317,10398,12874,14135,15761,16540,16926,17493,18705,20187,21295,21993,21939,21082,19693,18068,16472,15197,14163,13147,11940,10768,9554,8608,7827,7131,6491,5857,5404,4989,4523,3941,3247,2492,1882,1478,1416,1621,1964,2302,2432,2404,2303,2175,2076,1955,1781,1409,960,571,177,-91,-242,-213,-190,-285,-440,-655,-784,-981,-1077,-1125,-1206,-1239,-1424,-1757,-2157,-2649,-3080,-3524,-31929
0,2,2058,518540,12601,10756,9637,8873,8191,7728,7242,6922,6739,6576,6374,6208,5989,6097,6804,8337,10430,12918,14192,15823,16603,16987,17559,18775,20261,21374,22075,22015,21159,19755,18126,16523,15240,14203,13180,12054,10769,9555,8605,7831,7134,6495,5857,5407,4996,4529,3952,3270,2510,1924,1484,1413,1620,1965,2300,2463,2472,2292,2142,2054,1946,1783,1426,998,612,254,-44,-203,-241,-212,-295,-434,-641,-788,-941,-1059,-1146,-1197,-1302,-1454,-1767,-2211,-2651,-3137,-3532,-32589
0,2,2059,519513,12633,10789,9670,8901,8215,7750,7255,6932,6753,6585,6380,6216,5997,6104,6812,8357,10461,12959,14242,15885,16660,17047,17620,18841,20328,21450,22151,22096,21232,19820,18180,16568,15284,14242,13219,12080,10872,9548,8602,7825,7133,6494,5856,5407,4993,4528,3959,3279,2526,1939,1525,1416,1619,1969,2299,2460,2500,2353,2127,2017,1922,1770,1426,1018,650,293,25,-161,-209,-237,-316,-446,-632,-772,-943,-1021,-1126,-1218,-1295,-1515,-1803,-2221,-2713,-3142,-3597,-33184
0,2,2060,520442,12665,10820,9703,8932,8236,7770,7272,6951,6767,6591,6390,6224,6004,6112,6823,8377,10489,13001,14295,15944,16720,17103,17677,18905,20401,21523,22229,22173,21303,19879,18231,16614,15327,14280,13248,12106,10894,9650,8582,7814,7122,6490,5853,5406,4991,4523,3959,3276,2530,1957,1539,1453,1624,1964,2302,2464,2496,2377,2187,1999,1883,1743,1410,1016,669,329,63,-98,-173,-212,-340,-465,-642,-763,-926,-1022,-1090,-1200,-1319,-1511,-1871,-2261,-2727,-3212,-3601,-33775
0,2,2061,521722,12699,10854,9738,8963,8267,7794,7296,6971,6788,6609,6406,6240,6017,6125,6841,8401,10525,13047,14350,16008,16786,17166,17743,18974,20474,21603,22310,22256,21380,19950,18292,16668,15374,14326,13288,12144,10926,9677,8684,7806,7119,6482,5852,5409,4995,4524,3960,3279,2529,1960,1555,1469,1661,1977,2306,2470,2505,2377,2211,2062,1866,1699,1386,999,668,348,96,-68,-121,-180,-318,-490,-658,-770,-916,-1005,-1091,-1162,-1304,-1535,-1866,-2336,-2777,-3227,-3679,-34305
0,2,2062,522891,12729,10886,9772,8995,8294,7820,7316,6991,6807,6626,6421,6253,6033,6137,6857,8424,10557,13093,14409,16070,16846,17226,17803,19039,20548,21680,22394,22335,21457,20018,18354,16722,15421,14366,13329,12177,10955,9702,8705,7901,7103,6474,5848,5408,4994,4526,3958,3273,2526,1956,1558,1487,1679,2012,2316,2475,2509,2379,2207,2085,1931,1684,1335,967,650,345,109,-39,-91,-136,-292,-471,-679,-787,-922,-993,-1074,-1165,-1270,-1522,-1894,-2334,-2864,-3285,-3697,-34856
0,2,2063,524023,12760,10918,9803,9025,8321,7843,7341,7010,6823,6642,6436,6269,6046,6151,6872,8446,10591,13135,14465,16131,16907,17287,17864,19109,20619,21758,22475,22415,21529,20083,18412,16772,15466,14406,13364,12210,10987,9728,8724,7915,7193,6460,5837,5400,4990,4526,3957,3270,2517,1952,1550,1488,1694,2029,2353,2485,2512,2386,2210,2080,1955,1752,1314,914,616,325,106,-26,-70,-114,-252,-447,-663,-811,-932,-997,-1061,-1148,-1272,-1490,-1882,-2368,-2862,-3385,-3762,-35364
0,2,2064,525070,12786,10950,9835,9056,8349,7868,7361,7029,6843,6658,6451,6281,6059,6164,6888,8468,10624,13179,14518,16190,16967,17344,17923,19171,20689,21833,22553,22493,21601,20147,18467,16823,15511,14445,13401,12245,11016,9750,8743,7930,7203,6542,5821,5391,4982,4522,3953,3263,2509,1936,1542,1482,1699,2046,2370,2518,2521,2387,2213,2081,1948,1775,1388,892,559,288,83,-35,-62,-99,-237,-412,-640,-796,-958,-1007,-1066,-1137,-1257,-1495,-1849,-2358,-2903,-3383,-3876,-35883
0,2,2065,526040,12813,10981,9867,9085,8373,7890,7379,7047,6858,6671,6466,6296,6069,6177,6904,8492,10654,13220,14573,16247,17024,17401,17981,19232,20757,21905,22625,22566,21671,20209,18519,16870,15555,14483,13432,12275,11042,9772,8761,7945,7213,6551,5898,5372,4972,4511,3945,3255,2498,1924,1529,1476,1695,2053,2387,2535,2548,2394,2213,2082,1947,1767,1414,968,534,231,47,-57,-71,-95,-227,-400,-609,-777,-944,-1032,-1076,-1142,-1249,-1482,-1857,-2324,-2892,-3431,-3874,-36467
0,2,2066,526981,12840,11010,9894,9111,8398,7911,7399,7066,6874,6688,6478,6307,6083,6187,6918,8511,10684,13262,14622,16303,17081,17456,18039,19291,20825,21975,22699,22643,21739,20269,18574,16917,15594,14522,13469,12307,11069,9793,8780,7955,7223,6559,5902,5445,4953,4498,3934,3244,2488,1910,1515,1461,1689,2048,2395,2549,2564,2422,2218,2084,1948,1766,1405,997,610,203,-10,-94,-94,-107,-226,-391,-598,-747,-928,-1017,-1104,-1158,-1258,-1476,-1845,-2336,-2855,-3419,-3930,-36999
0,2,2067,527891,12862,11035,9923,9137,8422,7932,7417,7082,6889,6703,6491,6319,6092,6195,6932,8532,10709,13303,14674,16358,17135,17508,18094,19348,20888,22043,22769,22711,21804,20328,18626,16961,15635,14557,13500,12333,11094,9815,8796,7967,7233,6566,5907,5448,5021,4480,3917,3227,2471,1895,1500,1449,1678,2046,2394,2556,2577,2436,2245,2090,1948,1765,1401,988,641,281,-35,-148,-129,-126,-238,-392,-588,-733,-897,-1003,-1088,-1182,-1271,-1488,-1842,-2325,-2870,-3377,-3917,-37539
0,2,2068,528788,12886,11061,9948,9163,8446,7952,7435,7099,6901,6715,6504,6330,6102,6205,6945,8552,10738,13339,14724,16412,17188,17558,18145,19404,20948,22109,22840,22781,21867,20386,18675,17004,15675,14595,13531,12361,11120,9836,8812,7979,7241,6570,5911,5450,5023,4541,3898,3208,2449,1876,1483,1433,1667,2038,2392,2557,2583,2449,2258,2115,1953,1766,1402,983,628,307,36,-175,-180,-159,-260,-403,-591,-725,-884,-973,-1072,-1168,-1297,-1502,-1856,-2321,-2856,-3394,-3869,-38015
0,2,2069,529656,12910,11087,9975,9190,8468,7969,7452,7112,6917,6727,6515,6340,6111,6216,6958,8570,10766,13378,14768,16464,17240,17610,18196,19459,21008,22174,22904,22845,21929,20438,18723,17044,15709,14625,13563,12391,11142,9856,8826,7989,7249,6578,5917,5455,5025,4541,3961,3183,2426,1849,1459,1418,1655,2031,2385,2556,2584,2453,2268,2126,1980,1768,1398,979,622,294,59,-112,-207,-206,-292,-424,-604,-723,-876,-961,-1044,-1154,-1282,-1529,-1877,-2340,-2853,-3378,-3889,-38376
0,2,2070,530505,12929,11111,10002,9216,8491,7990,7467,7125,6928,6740,6526,6349,6119,6226,6969,8584,10791,13414,14817,16514,17292,17657,18247,19513,21066,22239,22970,22912,21988,20492,18769,17085,15746,14657,13593,12419,11166,9875,8840,7998,7255,6581,5919,5458,5027,4540,3957,3246,2394,1822,1432,1397,1642,2023,2380,2552,2584,2453,2273,2136,1989,1797,1402,976,619,288,43,-91,-152,-235,-335,-453,-625,-736,-875,-950,-1032,-1126,-1268,-1516,-1905,-2366,-2874,-3378,-3874,-38721
0,2,2071,531309,12947,11131,10025,9239,8512,8009,7484,7139,6940,6750,6534,6361,6125,6232,6978,8602,10817,13450,14859,16563,17340,17703,18295,19565,21119,22298,23033,22975,22046,20542,18813,17122,15775,14688,13621,12444,11188,9892,8856,8008,7263,6587,5922,5459,5026,4540,3954,3241,2458,1784,1404,1368,1624,2013,2374,2550,2581,2452,2272,2139,2003,1807,1428,977,611,283,37,-108,-141,-191,-362,-497,-651,-754,-885,-950,-1020,-1114,-1241,-1501,-1892,-2399,-2904,-3402,-3871,-38985
0,2,2072,532059,12966,11153,10050,9262,8531,8025,7497,7153,6951,6759,6544,6369,6133,6238,6986,8617,10842,13483,14904,16610,17386,17751,18339,19615,21172,22354,23093,23033,22101,20591,18856,17162,15812,14719,13648,12467,11209,9913,8868,8015,7268,6590,5927,5460,5026,4539,3951,3234,2448,1849,1367,1340,1601,1998,2368,2543,2577,2447,2272,2135,2006,1817,1438,1004,613,275,28,-117,-160,-184,-327,-522,-692,-783,-904,-956,-1018,-1106,-1232,-1474,-1876,-2384,-2942,-3439,-3902,-39221
0,2,2073,532753,12983,11174,10071,9284,8550,8040,7511,7164,6963,6768,6555,6378,6139,6245,6996,8630,10864,13516,14945,16657,17433,17796,18383,19657,21224,22410,23154,23093,22156,20639,18900,17196,15844,14746,13671,12491,11227,9930,8878,8025,7272,6594,5928,5461,5025,4539,3947,3229,2439,1836,1431,1305,1574,1977,2355,2535,2570,2442,2266,2135,2004,1817,1450,1013,639,273,20,-126,-170,-200,-322,-490,-715,-822,-933,-974,-1028,-1105,-1222,-1466,-1848,-2367,-2928,-3485,-3940,-39468
0,2,2074,533398,12997,11194,10092,9303,8566,8054,7525,7174,6973,6777,6561,6384,6145,6253,7006,8646,10885,13545,14987,16701,17477,17838,18425,19706,21273,22464,23211,23148,22206,20684,18936,17232,15874,14773,13694,12510,11247,9942,8892,8032,7278,6599,5930,5460,5024,4537,3944,3224,2430,1824,1417,1367,1543,1956,2340,2525,2566,2436,2261,2128,2001,1812,1452,1023,648,299,17,-136,-180,-214,-341,-487,-683,-844,-968,-1000,-1046,-1115,-1221,-1459,-1839,-2335,-2907,-3468,-3992,-39740
0,2,2075,533998,13009,11213,10113,9324,8583,8068,7535,7185,6983,6785,6568,6389,6149,6258,7013,8659,10907,13576,15025,16748,17518,17880,18464,19751,21321,22516,23263,23204,22256,20726,18976,17264,15902,14798,13717,12531,11263,9958,8902,8039,7282,6600,5931,5462,5025,4536,3939,3217,2422,1814,1401,1353,1601,1929,2323,2512,2557,2432,2256,2126,1993,1810,1446,1023,656,307,40,-140,-191,-225,-355,-504,-682,-813,-990,-1039,-1073,-1135,-1233,-1462,-1834,-2327,-2873,-3444,-3974,-40040
0,2,2076,534533,13021,11230,10130,9340,8600,8082,7546,7196,6990,6792,6576,6394,6154,6263,7021,8670,10930,13607,15066,16788,17561,17915,18504,19790,21366,22566,23315,23254,22304,20769,19010,17295,15931,14821,13738,12549,11280,9971,8914,8047,7287,6602,5930,5460,5023,4534,3937,3211,2413,1799,1389,1341,1588,1981,2301,2496,2545,2422,2248,2118,1988,1802,1440,1016,654,314,46,-119,-196,-239,-367,-519,-699,-808,-960,-1061,-1110,-1160,-1255,-1476,-1840,-2325,-2864,-3405,-3947,-40298
0,2,2077,535023,13031,11245,10149,9359,8616,8097,7558,7205,6997,6799,6579,6399,6158,6267,7026,8683,10948,13633,15101,16830,17599,17953,18544,19832,21410,22613,23364,23304,22351,20807,19044,17324,15955,14843,13758,12569,11297,9984,8919,8052,7289,6603,5931,5456,5022,4531,3932,3205,2402,1784,1375,1329,1579,1973,2349,2474,2532,2409,2240,2111,1980,1795,1428,1010,647,309,52,-116,-179,-245,-383,-531,-711,-824,-954,-1030,-1131,-1195,-1283,-1498,-1856,-2332,-2860,-3396,-3905,-40497
0,2,2078,535454,13042,11260,10167,9379,8630,8109,7568,7213,7003,6806,6587,6400,6162,6271,7033,8692,10966,13660,15136,16868,17637,17990,18580,19872,21452,22660,23412,23351,22394,20845,19075,17352,15978,14863,13777,12585,11314,9994,8926,8055,7293,6601,5930,5459,5020,4528,3928,3198,2391,1774,1361,1315,1569,1965,2342,2521,2514,2396,2227,2100,1971,1786,1418,997,637,299,48,-113,-178,-234,-391,-544,-725,-837,-970,-1024,-1100,-1217,-1321,-1528,-1881,-2350,-2868,-3390,-3895,-40632
0,2,2079,535788,13052,11274,10185,9395,8644,8118,7577,7220,7008,6811,6592,6404,6164,6273,7034,8704,10982,13686,15173,16907,17673,18026,18612,19906,21490,22703,23455,23391,22433,20884,19107,17378,16002,14885,13794,12601,11325,10005,8937,8059,7293,6602,5930,5457,5018,4526,3927,3191,2381,1762,1345,1302,1555,1957,2336,2515,2554,2380,2213,2084,1962,1776,1407,986,620,288,36,-121,-178,-236,-384,-554,-741,-847,-981,-1039,-1093,-1189,-1344,-1568,-1914,-2379,-2890,-3401,-3889,-40736
0,2,2080,536036,13061,11287,10199,9407,8656,8130,7586,7228,7014,6815,6597,6407,6169,6276,7040,8713,10999,13711,15202,16944,17705,18057,18645,19941,21529,22742,23498,23437,22473,20918,19138,17402,16021,14902,13811,12617,11339,10014,8942,8063,7295,6601,5927,5453,5015,4522,3918,3184,2372,1749,1332,1289,1542,1949,2331,2511,2547,2418,2195,2070,1946,1762,1396,971,606,272,24,-132,-186,-239,-387,-549,-748,-860,-991,-1048,-1110,-1185,-1318,-1595,-1962,-2416,-2924,-3429,-3900,-40817
0,2,2081,536198,13066,11299,10213,9421,8666,8139,7590,7233,7021,6817,6598,6409,6170,6278,7043,8721,11016,13735,15233,16978,17740,18088,18676,19974,21566,22780,23539,23478,22512,20949,19165,17427,16043,14921,13825,12630,11351,10023,8948,8066,7295,6602,5923,5452,5012,4519,3913,3176,2360,1736,1317,1273,1531,1939,2323,2505,2542,2412,2232,2052,1930,1745,1380,955,591,258,8,-143,-199,-248,-391,-553,-744,-866,-1004,-1061,-1121,-1200,-1313,-1566,-1990,-2469,-2970,-3468,-3932,-40892
0,2,2082,536253,13069,11310,10228,9435,8680,8149,7599,7237,7025,6822,6600,6411,6171,6278,7047,8726,11028,13758,15263,17008,17774,18117,18703,20004,21598,22818,23577,23515,22546,20977,19189,17448,16058,14935,13840,12643,11364,10033,8950,8065,7297,6601,5921,5448,5008,4514,3908,3166,2352,1723,1304,1261,1518,1931,2315,2502,2537,2403,2225,2090,1909,1725,1361,938,574,240,-9,-159,-212,-262,-399,-556,-747,-863,-1011,-1070,-1131,-1213,-1328,-1565,-1961,-2503,-3030,-3518,-3978,-41001
0,2,2083,536240,13074,11319,10241,9447,8690,8155,7606,7243,7030,6824,6602,6414,6172,6278,7048,8734,11043,13782,15292,17041,17803,18144,18730,20035,21631,22854,23614,23553,22579,21006,19214,17467,16077,14950,13854,12654,11373,10038,8955,8065,7294,6598,5919,5445,5005,4507,3902,3160,2339,1710,1288,1248,1508,1922,2309,2493,2531,2398,2219,2083,1949,1705,1341,915,556,222,-25,-177,-230,-274,-413,-565,-752,-869,-1005,-1079,-1142,-1223,-1343,-1583,-1961,-2471,-3070,-3591,-4036,-41148
0,2,2084,536129,13077,11328,10253,9458,8701,8163,7611,7248,7031,6825,6604,6415,6172,6279,7052,8740,11058,13800,15319,17071,17829,18171,18757,20061,21661,22885,23651,23585,22609,21034,19234,17484,16089,14961,13865,12663,11381,10045,8959,8068,7293,6597,5915,5440,4998,4504,3897,3151,2328,1697,1275,1235,1497,1913,2302,2488,2526,2393,2213,2076,1942,1745,1315,890,532,201,-43,-192,-246,-291,-426,-579,-761,-871,-1010,-1074,-1151,-1234,-1354,-1598,-1982,-2473,-3036,-3636,-4115,-41359
0,2,2085,535970,13080,11338,10266,9470,8710,8170,7614,7252,7036,6827,6605,6416,6170,6278,7051,8747,11068,13819,15346,17099,17856,18196,18781,20086,21691,22919,23683,23619,22637,21061,19254,17501,16104,14973,13878,12672,11389,10054,8963,8067,7290,6595,5912,5437,4995,4499,3893,3142,2319,1686,1260,1222,1486,1904,2294,2481,2519,2387,2206,2070,1934,1739,1359,862,503,175,-66,-209,-260,-306,-443,-592,-775,-882,-1014,-1079,-1145,-1242,-1366,-1611,-2000,-2496,-3040,-3596,-4167,-41656
0,2,2086,535732,13080,11343,10275,9478,8718,8176,7619,7254,7036,6828,6603,6414,6170,6278,7053,8751,11079,13840,15369,17124,17884,18219,18804,20112,21717,22946,23714,23648,22664,21082,19273,17517,16117,14984,13887,12682,11398,10061,8963,8066,7290,6590,5909,5433,4989,4491,3887,3134,2307,1673,1248,1208,1474,1895,2288,2476,2513,2379,2200,2065,1927,1729,1348,908,475,151,-90,-229,-278,-324,-458,-610,-787,-895,-1025,-1083,-1149,-1238,-1377,-1624,-2016,-2516,-3068,-3598,-4122,-41994
0,2,2087,535482,13081,11351,10283,9490,8726,8182,7625,7257,7041,6828,6603,6414,6169,6277,7056,8756,11091,13854,15394,17152,17908,18243,18825,20133,21742,22974,23743,23680,22693,21105,19291,17533,16130,14995,13896,12691,11404,10066,8965,8063,7287,6588,5902,5428,4985,4488,3878,3126,2296,1661,1236,1193,1463,1884,2282,2469,2507,2374,2192,2055,1917,1719,1337,898,521,119,-116,-254,-298,-339,-474,-628,-804,-908,-1037,-1092,-1153,-1241,-1371,-1637,-2030,-2535,-3091,-3633,-4126,-42266
0,2,2088,535174,13080,11354,10293,9497,8732,8190,7627,7260,7040,6826,6602,6415,6170,6276,7056,8761,11099,13873,15417,17177,17932,18264,18848,20156,21766,23001,23771,23708,22718,21127,19307,17546,16139,15006,13904,12698,11410,10068,8967,8065,7285,6582,5898,5423,4979,4483,3872,3117,2286,1646,1222,1182,1451,1876,2273,2463,2502,2368,2185,2048,1908,1711,1326,887,507,162,-146,-279,-322,-359,-489,-644,-820,-923,-1052,-1104,-1163,-1244,-1378,-1631,-2044,-2553,-3110,-3659,-4163,-42531
0,2,2089,534843,13078,11359,10301,9504,8740,8192,7629,7263,7042,6828,6601,6412,6166,6272,7055,8764,11110,13886,15438,17198,17954,18283,18869,20179,21791,23026,23798,23734,22743,21143,19325,17560,16150,15014,13909,12707,11418,10074,8970,8066,7281,6579,5895,5419,4973,4478,3865,3109,2276,1633,1209,1169,1440,1868,2266,2457,2496,2361,2177,2041,1900,1701,1316,875,496,149,-102,-309,-345,-381,-508,-660,-837,-939,-1064,-1115,-1175,-1253,-1382,-1637,-2039,-2566,-3135,-3683,-4194,-42813
0,2,2090,534439,13075,11364,10308,9513,8747,8197,7633,7263,7041,6830,6601,6409,6165,6272,7053,8770,11119,13903,15458,17224,17975,18301,18882,20193,21811,23049,23820,23758,22765,21163,19339,17570,16159,15020,13917,12711,11423,10076,8969,8064,7276,6576,5893,5413,4967,4470,3859,3101,2266,1619,1197,1157,1431,1860,2260,2452,2488,2354,2172,2034,1893,1693,1303,862,480,134,-117,-272,-373,-404,-531,-678,-852,-955,-1077,-1129,-1187,-1267,-1392,-1643,-2046,-2564,-3150,-3709,-4221,-43114
0,2,2091,534006,13073,11368,10314,9520,8751,8200,7634,7264,7041,6829,6600,6405,6162,6268,7052,8773,11126,13919,15478,17243,17994,18319,18901,20210,21831,23070,23845,23781,22785,21178,19353,17581,16167,15029,13923,12719,11426,10077,8970,8062,7274,6572,5887,5409,4964,4467,3854,3094,2254,1607,1180,1144,1419,1850,2250,2445,2481,2349,2166,2028,1886,1685,1295,849,468,121,-133,-286,-340,-432,-554,-702,-868,-970,-1093,-1144,-1202,-1280,-1405,-1654,-2053,-2573,-3148,-3731,-4254,-43411
0,2,2092,533521,13069,11371,10320,9528,8757,8201,7634,7265,7040,6827,6598,6404,6158,6263,7051,8773,11131,13930,15495,17261,18015,18335,18919,20226,21849,23089,23866,23804,22804,21193,19363,17591,16171,15033,13925,12723,11430,10084,8970,8059,7271,6566,5883,5404,4957,4461,3847,3086,2247,1596,1169,1131,1408,1842,2243,2439,2475,2342,2160,2020,1877,1674,1284,839,457,109,-148,-300,-353,-407,-579,-724,-888,-986,-1108,-1158,-1216,-1295,-1418,-1667,-2066,-2580,-3157,-3726,-4276,-43739
0,2,2093,533006,13062,11372,10323,9534,8762,8203,7634,7265,7043,6823,6595,6402,6151,6263,7050,8773,11139,13943,15513,17280,18030,18351,18934,20242,21866,23109,23885,23822,22820,21208,19374,17599,16179,15039,13930,12725,11432,10082,8970,8057,7266,6560,5876,5397,4951,4454,3839,3079,2231,1584,1157,1119,1398,1834,2238,2434,2469,2336,2154,2012,1870,1665,1277,829,445,98,-162,-314,-366,-418,-557,-748,-907,-1006,-1124,-1175,-1230,-1309,-1434,-1682,-2081,-2595,-3166,-3738,-4272,-44066
0,2,2094,532434,13059,11374,10327,9538,8765,8204,7636,7264,7039,6819,6592,6400,6149,6259,7046,8773,11144,13953,15529,17301,18049,18368,18945,20257,21885,23127,23906,23840,22837,21219,19384,17607,16186,15043,13933,12729,11435,10081,8971,8053,7261,6555,5870,5391,4946,4447,3831,3069,2222,1571,1144,1107,1389,1824,2231,2425,2464,2328,2147,2005,1862,1657,1268,818,433,85,-174,-327,-383,-431,-572,-729,-935,-1026,-1142,-1192,-1244,-1323,-1449,-1698,-2098,-2614,-3182,-3750,-4286,-44387
0,2,2095,531833,13053,11372,10333,9543,8767,8206,7637,7263,7038,6817,6589,6393,6148,6254,7046,8777,11149,13961,15544,17318,18064,18380,18955,20268,21897,23140,23923,23856,22849,21232,19392,17612,16191,15045,13938,12729,11438,10085,8968,8050,7256,6551,5867,5385,4937,4441,3826,3061,2213,1560,1133,1096,1380,1814,2223,2420,2459,2322,2139,1998,1856,1648,1258,809,421,73,-188,-339,-395,-447,-586,-742,-914,-1049,-1161,-1211,-1259,-1340,-1464,-1716,-2117,-2631,-3207,-3771,-4300,-44696
0,2,2096,531158,13049,11372,10337,9544,8769,8206,7636,7263,7033,6814,6585,6389,6142,6249,7042,8774,11152,13971,15560,17334,18077,18394,18965,20275,21911,23155,23939,23872,22862,21242,19399,17618,16192,15049,13939,12730,11441,10083,8965,8045,7252,6542,5859,5378,4933,4433,3818,3051,2201,1548,1122,1084,1366,1806,2216,2412,2449,2313,2134,1990,1847,1641,1249,798,409,60,-201,-352,-410,-462,-601,-756,-929,-1031,-1185,-1230,-1277,-1355,-1479,-1730,-2132,-2652,-3227,-3796,-4324,-44998
0,2,2097,530459,13039,11369,10339,9549,8770,8208,7631,7260,7030,6809,6580,6385,6137,6245,7038,8775,11154,13980,15573,17348,18090,18402,18973,20289,21923,23167,23952,23886,22874,21248,19406,17621,16196,15046,13936,12732,11441,10084,8964,8044,7244,6535,5854,5372,4927,4426,3813,3044,2191,1536,1108,1072,1358,1798,2209,2405,2445,2306,2127,1981,1838,1632,1238,786,397,49,-213,-365,-423,-476,-615,-770,-943,-1046,-1168,-1252,-1297,-1376,-1496,-1746,-2151,-2672,-3252,-3819,-4352,-45293
0,2,2098,529711,13031,11369,10341,9553,8771,8207,7631,7255,7026,6804,6575,6379,6131,6240,7037,8772,11156,13988,15582,17360,18104,18414,18983,20294,21928,23176,23965,23897,22884,21253,19411,17622,16198,15047,13938,12728,11438,10083,8961,8036,7241,6530,5846,5366,4920,4420,3805,3036,2181,1524,1096,1061,1349,1790,2203,2400,2438,2298,2120,1975,1831,1623,1227,774,387,35,-226,-379,-436,-492,-629,-784,-956,-1060,-1179,-1233,-1318,-1393,-1517,-1765,-2169,-2694,-3275,-3849,-4379,-45600
0,2,2099,528887,13022,11364,10342,9552,8771,8205,7629,7253,7022,6800,6570,6374,6124,6233,7034,8770,11160,13995,15592,17371,18113,18421,18987,20301,21933,23181,23970,23907,22891,21257,19414,17623,16196,15044,13933,12729,11438,10078,8956,8033,7232,6521,5840,5356,4913,4413,3798,3028,2173,1511,1081,1050,1337,1780,2195,2393,2430,2293,2110,1967,1823,1616,1221,764,375,22,-238,-392,-450,-505,-643,-798,-971,-1071,-1193,-1246,-1303,-1415,-1536,-1787,-2190,-2715,-3301,-3876,-4413,-45900
0,2,2100,528020,13010,11359,10341,9554,8773,8203,7628,7249,7015,6793,6563,6368,6117,6228,7027,8770,11162,13999,15601,17382,18122,18426,18992,20305,21939,23188,23978,23914,22894,21261,19411,17621,16193,15044,13931,12727,11438,10079,8952,8026,7223,6514,5830,5351,4902,4405,3789,3018,2162,1498,1071,1041,1327,1771,2187,2385,2423,2286,2105,1961,1816,1604,1212,756,362,11,-253,-404,-464,-520,-659,-814,-985,-1085,-1206,-1261,-1315,-1401,-1557,-1809,-2212,-2739,-3324,-3905,-4444,-46216
1,0,2023,444233,13278,9182,8382,7976,7856,7868,7853,7727,7759,7775,7520,7534,7410,7583,8070,9020,10404,11951,11779,12753,13668,13784,13420,14069,15181,16292,16727,16614,16295,15930,15117,13846,12420,11332,10441,9356,7841,6250,5236,4297,3384,2649,2502,2327,2818,2621,1986,1323,541,47,-430,-756,-789,-518,67,285,711,692,602,648,187,202,-90,-208,-276,-160,-100,65,478,646,785,844,654,520,520,505,257,410,135,-18,-172,-336,-610,-729,-784,-6998
1,0,2024,441189,13329,10497,7868,7663,7623,7713,7743,7674,7699,7725,7508,7476,7385,7594,8106,9059,10443,11909,11882,12739,13637,14069,13616,13969,15109,16181,16721,16753,16446,16015,15389,14008,12613,11465,10413,9538,7916,6540,5352,4336,3823,2799,2556,2536,2511,2635,1974,1207,553,-96,-453,-663,-720,-620,-256,221,496,707,556,420,240,-52,-211,-429,-431,-538,-236,-93,240,485,609,563,599,370,321,293,274,-35,98,-148,-356,-495,-650,-821,-907,-7408
1,0,2025,438500,13387,10540,8930,7245,7376,7537,7617,7599,7654,7666,7415,7441,7331,7556,8120,9113,10506,11968,11838,12840,13666,14012,13879,14180,15004,16079,16633,16728,16546,16153,15461,14255,12760,11658,10536,9488,8102,6637,5623,4487,3828,3206,2691,2591,2704,2357,1998,1211,434,-79,-585,-650,-648,-561,-340,-51,479,533,572,401,53,-69,-429,-569,-658,-659,-579,-234,53,330,453,421,297,315,180,95,118,-29,-329,-188,-503,-639,-829,-874,-1010,-7874
1,0,2026,439147,13454,10599,8983,8115,7084,7395,7522,7555,7639,7675,7467,7380,7379,7575,8150,9211,10610,12092,11956,12853,13785,14112,13882,14518,15268,16047,16606,16749,16599,16287,15624,14417,13035,11869,10770,9642,8092,6849,5789,4820,4022,3261,3077,2787,2781,2572,1773,1260,469,-153,-544,-773,-602,-455,-276,-115,243,532,460,408,76,-195,-469,-748,-799,-860,-698,-506,-72,133,358,286,177,36,126,-1,-96,-114,-302,-617,-531,-788,-940,-1069,-1073,-8348
1,0,2027,439802,13524,10656,9034,8158,7763,7184,7432,7498,7622,7679,7483,7478,7330,7608,8204,9259,10745,12215,12118,12962,13788,14187,14016,14517,15614,16323,16587,16705,16656,16359,15766,14592,13224,12110,10988,9848,8275,6796,5975,4955,4328,3453,3129,3100,2969,2646,1969,1025,503,-141,-616,-728,-721,-428,-164,-78,176,327,434,307,48,-180,-582,-813,-986,-1000,-888,-619,-317,-3,140,206,57,-105,-133,-85,-152,-351,-388,-600,-985,-810,-1065,-1150,-1286,-8874
1,0,2028,439930,13593,10713,9083,8205,7804,7697,7287,7446,7604,7674,7527,7463,7383,7569,8202,9321,10800,12382,12240,13168,13898,14204,14079,14635,15611,16614,16852,16714,16584,16397,15828,14684,13399,12298,11213,10040,8418,6983,5899,5148,4442,3723,3319,3148,3233,2818,2033,1213,250,-102,-614,-806,-702,-538,-157,40,205,253,242,257,-63,-231,-606,-945,-1077,-1195,-1017,-817,-426,-226,8,-24,-16,-208,-303,-331,-285,-410,-623,-682,-968,-1298,-1091,-1265,-1345,-9542
1,0,2029,439678,13662,10771,9132,8251,7844,7734,7667,7350,7575,7694,7328,7459,7384,7576,8181,9325,10864,12435,12417,13262,14118,14288,14080,14683,15705,16669,17087,16955,16614,16332,15825,14728,13466,12445,11370,10249,8631,7115,6092,5069,4636,3832,3556,3335,3273,3055,2202,1265,435,-351,-578,-804,-752,-517,-262,34,308,270,173,77,-142,-362,-660,-968,-1196,-1310,-1198,-921,-618,-309,-178,-129,-278,-294,-397,-498,-507,-557,-678,-890,-1044,-1281,-1615,-1310,-1448,-10153
1,0,2030,439446,13729,10828,9183,8290,7883,7776,7705,7630,7497,7693,7414,7361,7370,7631,8204,9340,10887,12522,12490,13457,14227,14539,14163,14720,15761,16756,17238,17191,16873,16380,15774,14716,13474,12522,11516,10393,8805,7328,6200,5250,4546,4004,3650,3530,3446,3092,2421,1421,475,-189,-829,-787,-780,-589,-245,-76,281,345,173,-13,-332,-462,-815,-1058,-1245,-1420,-1342,-1085,-716,-502,-279,-282,-355,-572,-538,-617,-659,-748,-828,-950,-1210,-1350,-1604,-1876,-1503,-10798
1,0,2031,438742,13795,10884,9231,8334,7920,7810,7736,7665,7693,7665,7347,7413,7368,7629,8243,9361,10910,12544,12566,13554,14399,14666,14410,14814,15838,16827,17309,17343,17117,16685,15850,14698,13495,12528,11565,10527,8949,7471,6403,5334,4703,3919,3780,3612,3605,3233,2452,1622,606,-191,-722,-1058,-786,-641,-350,-83,153,284,207,-25,-462,-684,-934,-1210,-1352,-1494,-1473,-1259,-860,-612,-441,-451,-509,-638,-744,-762,-814,-900,-985,-1098,-1293,-1471,-1664,-1836,-2101,-11427
1,0,2032,436668,13860,10938,9275,8376,7957,7845,7770,7699,7721,7696,7341,7414,7391,7643,8258,9385,10920,12560,12588,13617,14518,14809,14549,15034,15949,16909,17380,17425,17218,16888,16153,14772,13473,12547,11585,10572,9058,7606,6522,5515,4767,4033,3699,3711,3678,3365,2559,1628,780,-94,-740,-987,-1065,-680,-423,-213,111,143,113,-46,-477,-858,-1207,-1382,-1528,-1616,-1562,-1417,-1058,-763,-615,-609,-726,-822,-877,-956,-975,-1094,-1163,-1256,-1449,-1602,-1776,-1901,-2043,-12675
1,0,2033,438659,13925,10993,9323,8415,7995,7881,7802,7730,7755,7724,7559,7360,7371,7630,8260,9399,10950,12575,12617,13658,14589,14936,14704,15185,16162,17047,17486,17523,17339,17000,16359,15076,13559,12528,11612,10606,9131,7736,6689,5668,4974,4123,3828,3674,3789,3460,2715,1769,825,149,-581,-939,-942,-863,-392,-204,72,179,62,-38,-411,-760,-1286,-1574,-1626,-1714,-1592,-1401,-1115,-851,-654,-688,-768,-935,-946,-1011,-1068,-1154,-1279,-1354,-1532,-1689,-1863,-1967,-2079,-13541
1,0,2034,440484,13988,11043,9366,8452,8027,7913,7834,7762,7783,7754,7586,7538,7333,7618,8250,9408,10962,12613,12640,13686,14630,15010,14827,15339,16309,17257,17624,17626,17431,17108,16456,15262,13848,12605,11587,10616,9157,7799,6812,5834,5118,4325,3912,3786,3748,3565,2803,1921,963,191,-346,-789,-898,-750,-560,-172,80,138,96,-91,-403,-695,-1192,-1668,-1832,-1816,-1686,-1431,-1095,-895,-733,-719,-846,-982,-1066,-1087,-1125,-1242,-1334,-1473,-1636,-1773,-1950,-2061,-2147,-14362
1,0,2035,442150,14047,11095,9408,8490,8062,7945,7864,7788,7812,7783,7613,7564,7482,7593,8238,9409,10980,12635,12681,13711,14660,15045,14902,15456,16455,17394,17815,17756,17527,17194,16559,15351,14024,12880,11656,10588,9165,7820,6872,5955,5273,4457,4084,3864,3857,3524,2899,2004,1113,329,-313,-563,-761,-711,-454,-323,100,141,63,-54,-457,-691,-1122,-1567,-1936,-2019,-1783,-1518,-1119,-877,-774,-802,-886,-1063,-1111,-1212,-1205,-1307,-1428,-1533,-1755,-1881,-2041,-2159,-2247,-15160
1,0,2036,443629,14105,11143,9449,8526,8097,7974,7891,7822,7839,7806,7640,7592,7504,7721,8215,9401,10980,12650,12704,13750,14676,15071,14934,15522,16575,17534,17954,17943,17652,17288,16637,15442,14104,13041,11915,10647,9127,7816,6882,6004,5383,4601,4205,4025,3926,3620,2861,2095,1195,479,-181,-530,-550,-586,-420,-227,-34,167,71,-101,-427,-753,-1122,-1494,-1827,-2125,-1981,-1605,-1190,-897,-754,-833,-962,-1101,-1201,-1259,-1335,-1392,-1500,-1636,-1819,-2006,-2157,-2256,-2351,-15960
1,0,2037,444931,14160,11189,9493,8561,8126,8005,7919,7849,7865,7831,7664,7614,7531,7744,8342,9384,10973,12651,12716,13766,14710,15086,14964,15568,16643,17646,18087,18070,17829,17402,16721,15512,14188,13112,12070,10899,9179,7768,6879,6016,5426,4699,4333,4133,4067,3684,2949,2048,1279,554,-31,-404,-521,-399,-307,-198,53,49,91,-95,-468,-718,-1189,-1498,-1752,-2020,-2083,-1785,-1272,-957,-773,-817,-1003,-1181,-1247,-1352,-1388,-1523,-1577,-1703,-1925,-2073,-2291,-2375,-2452,-16789
1,0,2038,446065,14215,11234,9528,8596,8159,8035,7946,7871,7892,7858,7690,7636,7556,7769,8362,9513,10954,12645,12712,13782,14735,15119,14980,15597,16685,17721,18196,18198,17952,17562,16826,15585,14245,13192,12132,11040,9427,7817,6813,5997,5433,4741,4423,4244,4165,3814,3011,2135,1231,640,42,-267,-407,-375,-148,-100,83,126,-30,-72,-464,-767,-1150,-1567,-1759,-1941,-1978,-1872,-1428,-1029,-823,-838,-993,-1227,-1330,-1403,-1479,-1575,-1715,-1788,-1997,-2190,-2365,-2517,-2576,-17625
1,0,2039,447008,14266,11277,9567,8630,8184,8062,7969,7895,7913,7879,7711,7654,7571,7781,8386,9542,11097,12625,12710,13780,14744,15131,15011,15613,16719,17760,18266,18301,18074,17683,16979,15680,14311,13242,12199,11096,9556,8059,6861,5938,5410,4738,4456,4325,4261,3905,3139,2195,1316,582,127,-197,-280,-269,-122,49,172,153,44,-191,-447,-765,-1211,-1534,-1831,-1943,-1905,-1773,-1508,-1166,-895,-890,-1008,-1216,-1382,-1491,-1533,-1676,-1770,-1927,-2082,-2265,-2485,-2593,-2726,-18505
1,0,2040,447835,14316,11320,9605,8659,8214,8085,7994,7923,7938,7902,7733,7679,7592,7804,8410,9565,11137,12792,12682,13769,14732,15135,15032,15652,16740,17795,18310,18368,18171,17798,17084,15817,14398,13301,12248,11153,9609,8189,7093,5973,5343,4715,4452,4348,4330,3998,3216,2318,1371,665,67,-123,-214,-152,-29,68,301,230,67,-123,-572,-744,-1207,-1594,-1801,-2024,-1908,-1712,-1418,-1234,-1012,-953,-1064,-1242,-1377,-1542,-1627,-1732,-1875,-1985,-2229,-2355,-2560,-2722,-2803,-19438
1,0,2041,447741,14361,11356,9630,8680,8226,8103,8000,7932,7947,7904,7736,7678,7598,7811,8412,9581,11156,12821,12860,13727,14712,15116,15028,15651,16762,17797,18327,18390,18217,17864,17160,15889,14512,13363,12283,11173,9646,8213,7206,6201,5359,4638,4416,4331,4341,4047,3296,2386,1483,714,135,-191,-153,-104,65,146,311,342,140,-106,-503,-887,-1194,-1598,-1867,-1994,-1988,-1720,-1361,-1153,-1081,-1071,-1128,-1303,-1406,-1549,-1685,-1825,-1933,-2091,-2294,-2505,-2654,-2806,-2941,-20347
1,0,2042,447561,14405,11389,9659,8702,8243,8113,8010,7938,7951,7903,7742,7681,7598,7803,8412,9592,11171,12843,12892,13920,14663,15084,15008,15652,16769,17812,18329,18397,18233,17902,17223,15963,14583,13463,12336,11190,9665,8248,7225,6308,5570,4654,4334,4303,4328,4052,3348,2460,1546,827,179,-121,-218,-48,111,232,377,354,253,-38,-486,-815,-1343,-1584,-1874,-2066,-1964,-1794,-1367,-1099,-1011,-1134,-1244,-1365,-1470,-1578,-1687,-1881,-2032,-2149,-2403,-2575,-2818,-2905,-3030,-21288
1,0,2043,447319,14446,11422,9685,8716,8253,8122,8010,7943,7959,7905,7745,7681,7603,7807,8414,9602,11182,12868,12922,13956,14869,15033,14981,15633,16767,17816,18344,18406,18245,17919,17247,16011,14647,13530,12434,11237,9683,8251,7250,6329,5668,4848,4343,4231,4294,4035,3360,2508,1622,891,290,-74,-154,-109,162,272,454,414,264,68,-412,-798,-1275,-1751,-1867,-2079,-2040,-1766,-1438,-1100,-960,-1067,-1307,-1483,-1540,-1642,-1719,-1891,-2094,-2251,-2461,-2688,-2891,-3074,-3131,-22216
1,0,2044,446987,14482,11453,9706,8735,8266,8133,8015,7950,7962,7905,7745,7678,7606,7805,8417,9611,11197,12886,12943,13986,14900,15229,14938,15609,16754,17816,18350,18423,18249,17920,17253,16027,14696,13589,12487,11314,9726,8272,7249,6353,5678,4940,4514,4244,4227,4004,3339,2518,1664,966,357,30,-120,-53,108,318,491,486,320,77,-301,-725,-1259,-1674,-2040,-2072,-2051,-1841,-1420,-1162,-965,-1023,-1253,-1549,-1663,-1712,-1788,-1922,-2102,-2314,-2565,-2749,-3007,-3156,-3312,-23131
1,0,2045,446570,14517,11479,9729,8749,8274,8142,8022,7956,7964,7902,7744,7677,7603,7802,8413,9615,11211,12906,12968,14017,14931,15250,15118,15565,16729,17798,18345,18421,18260,17927,17251,16028,14717,13628,12544,11362,9811,8303,7256,6359,5694,4952,4593,4399,4230,3935,3305,2489,1665,1012,429,83,-23,-21,153,273,532,517,386,131,-295,-605,-1179,-1658,-1962,-2239,-2046,-1853,-1485,-1145,-1025,-1029,-1209,-1490,-1733,-1839,-1862,-1992,-2136,-2320,-2631,-2860,-3071,-3279,-3396,-24118
1,0,2046,446075,14550,11506,9749,8766,8284,8147,8021,7962,7968,7897,7744,7675,7601,7798,8410,9623,11222,12924,12991,14043,14957,15278,15150,15737,16687,17775,18328,18421,18261,17935,17237,16019,14713,13646,12580,11400,9848,8381,7287,6365,5688,4967,4594,4466,4367,3933,3244,2452,1637,1009,463,154,36,66,181,314,486,551,415,197,-238,-603,-1050,-1573,-1949,-2168,-2211,-1850,-1503,-1204,-1011,-1085,-1221,-1450,-1682,-1904,-1991,-2066,-2206,-2356,-2637,-2927,-3185,-3349,-3525,-25087
1,0,2047,445446,14578,11529,9768,8778,8291,8153,8023,7963,7967,7892,7741,7669,7595,7795,8406,9628,11229,12937,13006,14067,14985,15294,15169,15757,16842,17736,18304,18405,18254,17922,17234,15996,14703,13637,12585,11424,9891,8415,7361,6394,5686,4962,4602,4469,4423,4060,3244,2384,1588,971,459,183,93,116,259,338,521,511,451,224,-169,-539,-1044,-1436,-1863,-2152,-2142,-1999,-1502,-1219,-1066,-1073,-1274,-1466,-1647,-1859,-2065,-2203,-2275,-2433,-2675,-2929,-3254,-3470,-3595,-26072
1,0,2048,444841,14604,11548,9785,8787,8299,8158,8022,7964,7966,7890,7738,7668,7593,7791,8401,9630,11234,12949,13026,14087,15007,15312,15190,15774,16862,17874,18264,18380,18235,17910,17217,15989,14686,13621,12578,11420,9915,8449,7393,6468,5708,4957,4589,4478,4423,4115,3368,2381,1509,926,422,180,123,167,298,402,541,547,414,254,-139,-471,-978,-1426,-1720,-2063,-2136,-1941,-1641,-1225,-1090,-1126,-1263,-1513,-1656,-1828,-2016,-2275,-2415,-2509,-2747,-2966,-3252,-3536,-3726,-26987
1,0,2049,444130,14630,11568,9799,8797,8302,8164,8021,7963,7967,7886,7736,7662,7588,7783,8395,9633,11238,12960,13044,14106,15024,15324,15211,15796,16880,17887,18395,18335,18207,17883,17198,15966,14676,13604,12554,11397,9911,8472,7417,6504,5771,4977,4581,4466,4422,4112,3417,2499,1501,847,370,144,117,197,342,441,601,567,443,218,-104,-442,-906,-1356,-1712,-1929,-2054,-1938,-1593,-1347,-1092,-1146,-1319,-1503,-1718,-1841,-1982,-2222,-2495,-2654,-2832,-3045,-3290,-3533,-3793,-27940
1,0,2050,443308,14650,11585,9813,8807,8307,8165,8020,7961,7962,7878,7728,7654,7584,7775,8389,9630,11242,12967,13052,14121,15040,15339,15224,15804,16895,17899,18402,18457,18165,17852,17161,15938,14655,13586,12536,11368,9888,8456,7432,6529,5794,5038,4596,4456,4410,4107,3413,2548,1621,835,293,93,78,185,367,485,631,621,464,247,-150,-408,-873,-1280,-1644,-1919,-1926,-1866,-1593,-1307,-1201,-1151,-1332,-1558,-1710,-1899,-1999,-2191,-2439,-2728,-2977,-3137,-3376,-3578,-3786,-28862
1,0,2051,442437,14668,11599,9824,8811,8308,8163,8016,7957,7957,7867,7721,7645,7578,7766,8379,9631,11243,12978,13063,14133,15055,15345,15237,15815,16904,17907,18411,18466,18272,17808,17121,15899,14628,13566,12513,11333,9856,8432,7416,6544,5821,5062,4644,4472,4401,4094,3414,2542,1668,957,279,13,31,156,353,504,664,647,514,263,-112,-458,-837,-1245,-1564,-1852,-1921,-1752,-1538,-1307,-1172,-1254,-1346,-1568,-1761,-1894,-2056,-2205,-2401,-2670,-3057,-3294,-3469,-3663,-3834,-29667
1,0,2052,441469,14684,11612,9834,8819,8309,8164,8007,7954,7951,7860,7715,7635,7570,7755,8372,9627,11245,12978,13070,14144,15068,15354,15244,15825,16917,17911,18414,18469,18281,17908,17067,15855,14592,13535,12490,11307,9822,8394,7378,6528,5825,5079,4659,4513,4405,4086,3396,2539,1654,1002,398,-5,-46,115,327,497,679,677,546,314,-92,-423,-888,-1208,-1531,-1776,-1860,-1755,-1439,-1257,-1171,-1228,-1445,-1570,-1780,-1944,-2048,-2263,-2420,-2632,-2996,-3379,-3634,-3770,-3924,-30422
1,0,2053,440424,14696,11624,9842,8822,8310,8162,8006,7950,7947,7853,7707,7626,7559,7745,8358,9623,11245,12982,13078,14152,15074,15361,15252,15833,16922,17913,18420,18476,18283,17904,17155,15798,14549,13499,12458,11268,9792,8352,7340,6496,5802,5081,4671,4527,4442,4090,3386,2521,1649,987,439,113,-59,45,288,470,673,694,576,342,-40,-402,-851,-1265,-1497,-1745,-1791,-1699,-1444,-1172,-1132,-1232,-1415,-1674,-1784,-1957,-2102,-2255,-2482,-2652,-2959,-3308,-3726,-3952,-4036,-31173
1,0,2054,439236,14707,11632,9848,8826,8310,8159,8001,7945,7938,7842,7700,7615,7551,7732,8347,9620,11241,12985,13080,14158,15081,15360,15253,15831,16919,17910,18417,18471,18281,17905,17147,15879,14497,13454,12412,11226,9754,8317,7292,6447,5764,5061,4670,4537,4455,4116,3395,2507,1621,978,423,151,47,26,225,436,650,687,589,369,-11,-349,-833,-1228,-1557,-1712,-1762,-1634,-1402,-1179,-1059,-1194,-1420,-1646,-1888,-1963,-2117,-2311,-2474,-2720,-2974,-3264,-3654,-4047,-4227,-31936
1,0,2055,438054,14716,11639,9853,8825,8307,8155,7989,7938,7932,7826,7690,7605,7543,7723,8336,9613,11233,12983,13081,14161,15085,15362,15255,15834,16923,17905,18411,18467,18279,17897,17137,15869,14573,13396,12366,11177,9713,8275,7258,6408,5717,5023,4645,4537,4461,4123,3428,2511,1607,955,414,136,88,125,212,384,619,665,581,385,19,-320,-774,-1207,-1518,-1770,-1731,-1614,-1350,-1142,-1069,-1130,-1383,-1650,-1855,-2069,-2120,-2326,-2535,-2713,-3043,-3285,-3603,-3969,-4331,-32812
1,0,2056,436823,14722,11644,9857,8827,8302,8152,7982,7928,7922,7814,7678,7592,7530,7709,8322,9604,11227,12982,13086,14165,15094,15359,15255,15834,16919,17903,18406,18462,18270,17890,17124,15854,14564,13470,12309,11126,9664,8233,7209,6375,5666,4982,4604,4514,4457,4128,3437,2544,1604,937,387,126,67,156,296,372,561,629,557,374,31,-288,-743,-1146,-1502,-1737,-1792,-1587,-1329,-1093,-1037,-1137,-1318,-1608,-1856,-2036,-2233,-2331,-2552,-2772,-3036,-3360,-3624,-3913,-4242,-33699
1,0,2057,435546,14726,11647,9861,8824,8298,8145,7975,7921,7913,7799,7663,7578,7515,7697,8307,9597,11223,12981,13078,14167,15090,15356,15251,15829,16911,17894,18395,18452,18264,17882,17109,15833,14548,13453,12378,11058,9612,8178,7157,6326,5621,4933,4560,4478,4434,4126,3443,2549,1635,939,368,100,54,139,322,441,551,584,526,352,23,-275,-710,-1114,-1437,-1720,-1763,-1640,-1314,-1082,-999,-1109,-1328,-1541,-1820,-2034,-2192,-2442,-2558,-2795,-3099,-3351,-3700,-3932,-4188,-34380
1,0,2058,434294,14728,11648,9860,8821,8295,8140,7963,7912,7902,7786,7653,7566,7505,7681,8293,9585,11215,12976,13076,14166,15089,15346,15253,15825,16905,17881,18384,18442,18253,17868,17089,15818,14534,13439,12358,11118,9544,8120,7099,6276,5572,4893,4512,4442,4401,4106,3441,2554,1640,968,367,81,30,129,307,471,614,573,487,320,2,-287,-695,-1079,-1407,-1655,-1745,-1614,-1363,-1067,-988,-1075,-1302,-1548,-1754,-1995,-2195,-2406,-2674,-2796,-3123,-3422,-3690,-4019,-4207,-34922
1,0,2059,433005,14729,11649,9862,8820,8286,8133,7951,7904,7891,7771,7637,7549,7490,7664,8279,9572,11206,12968,13073,14163,15085,15342,15244,15817,16896,17871,18371,18428,18246,17853,17074,15796,14517,13420,12346,11095,9610,8050,7037,6217,5523,4847,4477,4400,4360,4072,3421,2553,1643,976,396,80,11,107,297,456,638,631,474,272,-28,-307,-707,-1063,-1373,-1622,-1683,-1600,-1343,-1108,-978,-1066,-1269,-1519,-1760,-1922,-2152,-2407,-2638,-2921,-3133,-3449,-3769,-4009,-4300,-35415
1,0,2060,431634,14728,11649,9858,8817,8279,8124,7941,7888,7878,7754,7624,7535,7480,7649,8263,9565,11197,12956,13064,14156,15082,15332,15233,15807,16883,17860,18361,18416,18225,17835,17053,15775,14500,13404,12327,11068,9588,8109,6963,6156,5458,4802,4426,4364,4320,4033,3388,2529,1638,978,401,108,10,90,275,447,621,650,527,264,-75,-341,-737,-1075,-1356,-1588,-1660,-1547,-1331,-1089,-1023,-1054,-1257,-1483,-1727,-1928,-2080,-2368,-2639,-2887,-3265,-3456,-3796,-4094,-4292,-35929
1,1,2023,214223,6594,4487,4197,4054,4028,4109,4184,4163,4201,4104,3979,3941,3906,4012,4215,4677,5395,6275,6288,6657,7101,7083,6854,7159,7588,8364,8630,8509,8421,8300,8072,7476,6699,6011,5612,5017,4015,3056,2380,1702,1229,711,693,675,1108,1087,747,354,-130,-447,-705,-875,-901,-836,-479,-353,-149,-92,-51,-111,-334,-335,-410,-451,-405,-405,-404,-336,-156,-95,55,145,68,29,12,46,-124,-26,-168,-260,-293,-361,-475,-472,-457,-3155
1,1,2024,212736,6617,5259,3934,3888,3905,4024,4123,4130,4161,4086,3948,3933,3888,3997,4245,4681,5426,6219,6409,6642,7051,7312,6950,7099,7606,8261,8599,8602,8540,8384,8232,7570,6770,6180,5494,5131,4075,3228,2379,1772,1455,813,716,828,896,1083,751,272,-122,-525,-723,-826,-877,-839,-702,-385,-245,-108,-135,-156,-320,-486,-472,-528,-538,-568,-474,-433,-284,-154,-69,-63,73,-82,-45,-87,-84,-276,-218,-302,-433,-414,-487,-558,-531,-3352
1,1,2025,211619,6644,5281,4546,3672,3777,3934,4055,4087,4126,4050,3921,3882,3881,3965,4245,4711,5444,6265,6348,6760,7070,7234,7162,7224,7550,8265,8510,8596,8586,8503,8298,7704,6889,6249,5682,5009,4214,3300,2557,1820,1494,1037,807,854,1031,894,753,284,-203,-519,-794,-817,-841,-815,-692,-572,-255,-195,-153,-223,-355,-488,-634,-597,-611,-683,-628,-511,-394,-226,-117,-159,-121,-79,-163,-149,-168,-244,-457,-350,-481,-517,-553,-583,-603,-3601
1,1,2026,212125,6677,5310,4572,4169,3629,3857,3999,4062,4113,4052,3922,3876,3882,3995,4251,4767,5494,6310,6429,6716,7179,7281,7117,7451,7713,8244,8551,8573,8628,8563,8433,7817,7026,6382,5780,5206,4139,3449,2669,2030,1573,1094,1026,964,1075,1037,586,300,-181,-567,-785,-890,-809,-756,-671,-560,-414,-200,-208,-252,-402,-511,-636,-738,-694,-727,-737,-634,-473,-348,-151,-201,-212,-236,-165,-251,-246,-286,-419,-602,-528,-571,-630,-661,-637,-3854
1,1,2027,212523,6711,5338,4599,4189,4012,3747,3954,4026,4104,4047,3934,3903,3868,3998,4287,4785,5578,6374,6501,6802,7142,7362,7200,7403,7931,8407,8535,8583,8626,8619,8486,7943,7155,6497,5893,5285,4306,3364,2799,2120,1764,1180,1066,1146,1176,1076,728,120,-169,-572,-824,-873,-890,-742,-603,-554,-420,-330,-230,-297,-447,-546,-669,-752,-814,-831,-785,-729,-590,-433,-286,-230,-253,-349,-305,-278,-319,-384,-461,-570,-790,-614,-672,-708,-725,-4102
1,1,2028,212591,6745,5368,4623,4212,4034,4035,3875,3996,4087,4055,3953,3895,3880,3974,4272,4816,5595,6474,6555,6914,7232,7347,7269,7491,7891,8590,8684,8589,8626,8599,8540,7966,7259,6625,6005,5391,4371,3502,2706,2240,1842,1348,1160,1173,1333,1172,758,264,-361,-553,-841,-920,-882,-818,-608,-472,-410,-358,-332,-334,-497,-603,-706,-814,-855,-928,-891,-799,-677,-557,-359,-363,-276,-383,-411,-411,-390,-453,-568,-616,-765,-898,-714,-746,-752,-4419
1,1,2029,212508,6781,5397,4647,4236,4054,4056,4088,3943,4073,4047,3866,3904,3882,3972,4258,4811,5630,6493,6663,6938,7358,7409,7247,7534,7969,8579,8838,8718,8625,8613,8513,8019,7272,6705,6111,5491,4489,3584,2849,2164,1953,1422,1306,1273,1351,1315,849,291,-218,-736,-827,-938,-911,-806,-674,-490,-339,-338,-377,-428,-540,-665,-754,-833,-922,-998,-960,-889,-737,-624,-472,-430,-431,-401,-456,-499,-506,-544,-634,-712,-810,-872,-1012,-795,-788,-4712
1,1,2030,212390,6814,5425,4673,4255,4074,4075,4107,4098,4023,4046,3903,3856,3881,4008,4270,4818,5637,6545,6701,7067,7396,7561,7305,7542,8001,8657,8875,8863,8764,8609,8515,7989,7302,6730,6173,5575,4571,3684,2911,2282,1886,1518,1368,1391,1445,1325,984,372,-196,-616,-998,-938,-942,-849,-659,-558,-358,-292,-354,-470,-644,-712,-830,-890,-946,-1056,-1050,-950,-833,-694,-542,-507,-480,-581,-503,-573,-592,-641,-726,-776,-892,-911,-988,-1100,-835,-4998
1,1,2031,211978,6847,5453,4697,4277,4094,4095,4125,4117,4133,4035,3867,3877,3878,4005,4294,4831,5653,6551,6751,7128,7515,7626,7455,7604,8041,8686,8933,8916,8901,8779,8533,7982,7285,6727,6180,5616,4634,3747,2999,2324,1970,1458,1436,1440,1540,1405,985,492,-129,-617,-917,-1112,-956,-895,-725,-554,-434,-317,-325,-453,-686,-825,-882,-966,-1003,-1093,-1119,-1048,-886,-772,-614,-608,-553,-609,-638,-632,-681,-737,-812,-866,-960,-981,-1022,-1070,-1152,-5290
1,1,2032,210792,6880,5482,4719,4298,4112,4111,4141,4134,4147,4053,3861,3876,3886,4009,4300,4844,5657,6562,6759,7163,7591,7719,7534,7735,8100,8728,8963,8960,8941,8875,8690,8009,7257,6714,6166,5613,4659,3793,3040,2396,1995,1516,1383,1498,1584,1487,1049,479,-34,-574,-933,-1061,-1134,-922,-782,-628,-448,-390,-360,-444,-675,-886,-1013,-1038,-1087,-1146,-1167,-1137,-995,-843,-707,-683,-673,-705,-702,-745,-763,-843,-913,-955,-1047,-1059,-1085,-1102,-1114,-5883
1,1,2033,211819,6913,5509,4744,4318,4132,4132,4158,4152,4164,4068,3979,3855,3879,4004,4299,4848,5667,6564,6769,7178,7623,7792,7623,7819,8228,8798,9020,9009,9003,8941,8793,8177,7316,6701,6191,5631,4698,3863,3134,2486,2114,1573,1464,1480,1654,1541,1142,560,-21,-435,-848,-1032,-1052,-1041,-762,-635,-469,-368,-396,-444,-638,-834,-1047,-1143,-1137,-1205,-1178,-1137,-1038,-899,-732,-731,-699,-776,-748,-780,-821,-883,-991,-1017,-1101,-1114,-1139,-1144,-1132,-6320
1,1,2034,212741,6944,5536,4766,4338,4148,4148,4175,4167,4182,4083,3993,3949,3866,4001,4298,4853,5671,6578,6773,7186,7640,7827,7692,7907,8311,8925,9091,9067,9049,8994,8848,8267,7475,6755,6173,5647,4712,3893,3197,2577,2192,1687,1518,1551,1636,1606,1192,652,61,-424,-715,-953,-1023,-966,-873,-615,-476,-392,-377,-481,-639,-799,-995,-1181,-1247,-1258,-1237,-1150,-1034,-935,-783,-752,-748,-802,-818,-828,-857,-939,-1032,-1100,-1169,-1167,-1195,-1198,-1171,-6727
1,1,2035,213521,6976,5561,4787,4356,4166,4162,4191,4180,4195,4099,4008,3962,3944,3990,4292,4853,5678,6587,6790,7190,7646,7836,7726,7973,8393,9000,9203,9131,9100,9037,8899,8318,7559,6908,6224,5628,4725,3902,3228,2641,2281,1760,1615,1599,1700,1592,1253,700,150,-348,-709,-826,-954,-944,-801,-717,-464,-401,-396,-459,-673,-802,-958,-1124,-1290,-1365,-1288,-1201,-1045,-931,-814,-803,-771,-852,-843,-906,-911,-985,-1094,-1143,-1253,-1238,-1249,-1259,-1228,-7128
1,1,2036,214241,7005,5587,4807,4375,4184,4179,4205,4199,4209,4111,4022,3978,3955,4060,4282,4849,5678,6593,6799,7203,7645,7842,7737,8005,8459,9077,9279,9238,9162,9089,8940,8363,7604,6984,6365,5672,4700,3907,3228,2664,2337,1843,1683,1688,1747,1648,1238,757,195,-256,-634,-821,-834,-876,-782,-651,-551,-384,-399,-484,-657,-842,-961,-1082,-1227,-1408,-1392,-1249,-1091,-940,-812,-831,-816,-869,-898,-928,-993,-1041,-1142,-1216,-1299,-1325,-1320,-1313,-1286,-7525
1,1,2037,214849,7033,5611,4829,4391,4200,4194,4219,4213,4222,4124,4034,3990,3968,4069,4348,4841,5671,6589,6802,7207,7657,7840,7744,8022,8490,9139,9350,9305,9261,9147,8986,8400,7647,7023,6438,5813,4741,3877,3236,2670,2357,1893,1755,1749,1822,1689,1290,736,250,-216,-543,-750,-831,-769,-722,-634,-491,-461,-381,-487,-678,-820,-1001,-1085,-1181,-1345,-1436,-1347,-1136,-982,-820,-827,-847,-919,-921,-984,-1022,-1128,-1199,-1263,-1372,-1373,-1409,-1383,-1340,-7930
1,1,2038,215308,7061,5634,4845,4409,4216,4210,4233,4225,4234,4139,4049,4000,3980,4081,4359,4909,5662,6583,6796,7212,7665,7849,7743,8025,8504,9174,9410,9374,9326,9234,9040,8439,7674,7062,6475,5877,4879,3913,3194,2665,2356,1912,1801,1813,1879,1759,1327,788,229,-160,-507,-667,-766,-768,-633,-580,-472,-408,-464,-468,-682,-845,-982,-1129,-1187,-1298,-1371,-1387,-1223,-1023,-857,-838,-845,-952,-970,-1012,-1077,-1156,-1294,-1326,-1425,-1449,-1460,-1473,-1412,-8349
1,1,2039,215721,7087,5656,4866,4426,4230,4226,4244,4236,4246,4152,4059,4010,3988,4088,4369,4925,5741,6571,6788,7206,7663,7853,7755,8024,8515,9186,9441,9428,9389,9298,9122,8487,7713,7087,6506,5908,4939,4049,3231,2628,2349,1909,1819,1854,1934,1810,1396,825,278,-185,-452,-629,-690,-708,-628,-495,-426,-391,-410,-549,-666,-850,-1012,-1111,-1232,-1302,-1327,-1325,-1262,-1102,-897,-872,-853,-948,-1004,-1062,-1105,-1220,-1327,-1425,-1488,-1500,-1538,-1522,-1500,-8776
1,1,2040,216061,7114,5677,4887,4441,4245,4237,4258,4253,4258,4163,4069,4022,3998,4099,4382,4937,5762,6667,6775,7198,7653,7849,7760,8038,8517,9196,9456,9461,9440,9360,9178,8562,7756,7119,6529,5934,4966,4109,3365,2657,2311,1906,1816,1867,1971,1863,1439,889,311,-138,-478,-582,-654,-639,-575,-492,-349,-350,-392,-495,-750,-835,-1020,-1142,-1214,-1350,-1332,-1288,-1206,-1135,-968,-907,-889,-960,-1005,-1096,-1161,-1252,-1396,-1463,-1591,-1569,-1590,-1602,-1550,-9244
1,1,2041,215921,7136,5697,4898,4450,4250,4247,4263,4258,4261,4165,4071,4022,4000,4102,4382,4944,5768,6681,6877,7170,7641,7833,7753,8029,8522,9190,9458,9466,9459,9393,9216,8600,7821,7149,6553,5941,4986,4121,3418,2791,2329,1861,1803,1856,1975,1887,1485,928,370,-109,-437,-615,-616,-612,-516,-448,-349,-279,-350,-481,-698,-927,-1008,-1154,-1250,-1331,-1380,-1294,-1170,-1085,-1002,-977,-926,-996,-1015,-1103,-1199,-1312,-1432,-1533,-1628,-1673,-1657,-1653,-1631,-9709
1,1,2042,215765,7159,5715,4914,4460,4261,4252,4268,4260,4265,4167,4076,4025,3999,4096,4379,4948,5776,6688,6894,7286,7614,7813,7737,8026,8520,9188,9450,9464,9460,9413,9250,8638,7857,7204,6580,5954,4991,4134,3430,2840,2450,1881,1759,1847,1968,1892,1511,969,410,-49,-409,-575,-643,-574,-491,-395,-311,-276,-280,-441,-685,-873,-1101,-1143,-1266,-1370,-1365,-1339,-1175,-1051,-961,-1007,-989,-1030,-1055,-1116,-1204,-1352,-1497,-1568,-1705,-1716,-1764,-1722,-1684,-10191
1,1,2043,215561,7180,5732,4925,4466,4267,4258,4268,4262,4267,4172,4077,4023,4003,4097,4380,4951,5780,6701,6907,7302,7736,7780,7720,8008,8514,9186,9452,9467,9459,9420,9260,8662,7892,7239,6632,5974,5003,4131,3440,2853,2494,1993,1772,1807,1956,1882,1516,994,452,-11,-353,-546,-607,-600,-458,-373,-263,-241,-278,-374,-642,-858,-1052,-1244,-1260,-1388,-1406,-1321,-1217,-1054,-928,-964,-1021,-1098,-1094,-1155,-1218,-1360,-1540,-1638,-1740,-1790,-1806,-1828,-1750,-10675
1,1,2044,215329,7200,5748,4937,4477,4275,4264,4271,4267,4267,4171,4077,4021,4002,4094,4378,4955,5787,6709,6917,7316,7752,7899,7695,7990,8502,9180,9450,9469,9455,9416,9259,8667,7919,7269,6662,6017,5023,4142,3435,2861,2499,2038,1875,1822,1917,1873,1504,998,473,30,-317,-493,-585,-566,-483,-345,-241,-196,-243,-370,-573,-817,-1039,-1190,-1363,-1381,-1424,-1364,-1205,-1091,-932,-934,-984,-1129,-1162,-1195,-1260,-1376,-1550,-1688,-1812,-1828,-1879,-1873,-1858,-11149
1,1,2045,215071,7218,5764,4948,4483,4280,4270,4277,4268,4267,4170,4078,4021,3997,4092,4378,4958,5794,6719,6929,7330,7767,7907,7803,7964,8485,9165,9441,9466,9458,9420,9254,8666,7929,7290,6690,6043,5072,4155,3442,2863,2503,2044,1913,1911,1927,1834,1494,982,473,54,-276,-463,-536,-546,-458,-364,-211,-178,-200,-338,-574,-744,-997,-1179,-1310,-1482,-1420,-1383,-1242,-1080,-973,-938,-954,-1088,-1195,-1263,-1301,-1420,-1568,-1697,-1860,-1905,-1919,-1948,-1903,-11672
1,1,2046,214784,7236,5779,4959,4492,4284,4271,4277,4274,4268,4171,4078,4021,3997,4089,4376,4962,5798,6726,6941,7344,7779,7919,7820,8066,8461,9146,9429,9462,9454,9422,9243,8661,7927,7300,6712,6062,5091,4199,3453,2865,2494,2048,1912,1940,2008,1841,1458,970,459,51,-258,-425,-505,-501,-438,-341,-232,-153,-181,-293,-538,-747,-923,-1135,-1300,-1432,-1519,-1378,-1259,-1115,-962,-972,-961,-1061,-1157,-1293,-1374,-1463,-1614,-1717,-1869,-1954,-1994,-1986,-1978,-12183
1,1,2047,214425,7252,5791,4968,4497,4289,4274,4278,4274,4266,4168,4076,4017,3992,4086,4373,4963,5801,6729,6948,7355,7794,7925,7828,8075,8557,9122,9412,9452,9448,9414,9242,8648,7923,7293,6714,6073,5115,4215,3496,2879,2491,2044,1915,1944,2031,1916,1468,934,442,30,-261,-413,-474,-474,-397,-325,-210,-174,-154,-273,-493,-707,-925,-1060,-1258,-1420,-1474,-1470,-1257,-1130,-995,-963,-994,-1070,-1133,-1261,-1407,-1545,-1656,-1770,-1891,-1963,-2043,-2060,-2014,-12698
1,1,2048,214054,7266,5804,4977,4500,4296,4279,4277,4274,4266,4168,4075,4019,3991,4082,4368,4964,5801,6734,6958,7366,7804,7934,7838,8079,8565,9203,9387,9438,9434,9408,9233,8643,7911,7282,6709,6071,5127,4230,3514,2922,2500,2041,1905,1945,2032,1940,1535,941,399,15,-281,-417,-460,-445,-375,-293,-197,-154,-174,-249,-473,-663,-887,-1062,-1180,-1377,-1469,-1431,-1344,-1132,-1016,-993,-986,-1099,-1141,-1237,-1372,-1581,-1743,-1820,-1943,-1982,-2047,-2108,-2089,-13176
1,1,2049,213677,7282,5814,4984,4507,4297,4282,4275,4274,4264,4169,4073,4014,3988,4078,4367,4963,5802,6740,6966,7373,7810,7938,7848,8091,8571,9208,9464,9413,9418,9397,9222,8629,7908,7274,6698,6054,5125,4242,3525,2943,2535,2052,1905,1941,2031,1941,1556,1006,403,-28,-303,-437,-464,-430,-349,-270,-165,-141,-155,-264,-446,-646,-843,-1019,-1185,-1306,-1430,-1424,-1310,-1209,-1017,-1011,-1017,-1092,-1173,-1243,-1346,-1542,-1787,-1912,-1995,-2036,-2067,-2111,-2135,-13675
1,1,2050,213231,7293,5824,4992,4511,4302,4285,4279,4274,4261,4167,4068,4012,3985,4072,4361,4961,5805,6741,6970,7381,7820,7944,7854,8092,8578,9211,9464,9484,9397,9383,9202,8616,7897,7261,6686,6038,5109,4229,3535,2956,2547,2087,1912,1934,2024,1934,1554,1027,470,-25,-343,-456,-485,-439,-339,-247,-150,-111,-141,-245,-468,-619,-821,-975,-1145,-1309,-1358,-1390,-1307,-1180,-1086,-1010,-1032,-1123,-1170,-1278,-1357,-1519,-1745,-1953,-2089,-2094,-2124,-2132,-2138,-14155
1,1,2051,212776,7305,5834,4998,4514,4302,4284,4277,4271,4258,4160,4067,4006,3983,4068,4356,4962,5804,6746,6975,7385,7827,7946,7861,8095,8580,9211,9466,9487,9454,9362,9183,8597,7884,7249,6674,6017,5091,4212,3522,2964,2559,2102,1941,1941,2022,1925,1554,1027,490,43,-341,-499,-503,-453,-345,-236,-128,-96,-112,-234,-443,-642,-796,-955,-1098,-1268,-1363,-1328,-1277,-1178,-1065,-1078,-1035,-1139,-1198,-1276,-1391,-1529,-1717,-1911,-2130,-2194,-2179,-2186,-2158,-14584
1,1,2052,212297,7313,5841,5004,4517,4305,4285,4272,4270,4255,4160,4062,4002,3977,4061,4351,4960,5805,6743,6977,7391,7834,7949,7864,8099,8587,9209,9462,9489,9457,9416,9158,8577,7868,7235,6663,6001,5070,4190,3501,2953,2563,2109,1950,1968,2022,1924,1543,1022,486,59,-274,-502,-544,-467,-361,-242,-120,-77,-94,-205,-432,-619,-818,-930,-1081,-1224,-1332,-1335,-1221,-1148,-1062,-1054,-1097,-1138,-1214,-1305,-1384,-1566,-1729,-1884,-2086,-2241,-2277,-2244,-2211,-14964
1,1,2053,211786,7321,5849,5008,4519,4306,4285,4272,4270,4253,4157,4061,3996,3974,4056,4345,4957,5805,6744,6981,7393,7835,7953,7866,8100,8587,9209,9468,9491,9457,9416,9207,8552,7849,7218,6646,5980,5053,4161,3480,2932,2545,2112,1955,1975,2045,1926,1540,1012,484,55,-262,-437,-543,-504,-376,-255,-124,-68,-77,-187,-402,-603,-798,-953,-1058,-1207,-1288,-1304,-1229,-1099,-1039,-1055,-1075,-1202,-1217,-1320,-1416,-1557,-1769,-1897,-2060,-2190,-2326,-2348,-2272,-15358
1,1,2054,211205,7329,5856,5012,4521,4306,4285,4272,4267,4248,4154,4056,3992,3966,4048,4338,4954,5802,6746,6979,7394,7840,7951,7865,8097,8586,9202,9461,9490,9452,9416,9199,8594,7828,7198,6625,5957,5033,4142,3452,2906,2521,2100,1958,1980,2052,1942,1543,1008,469,50,-265,-424,-486,-507,-409,-269,-135,-73,-66,-169,-384,-577,-785,-931,-1084,-1184,-1272,-1266,-1203,-1106,-993,-1032,-1074,-1182,-1280,-1323,-1432,-1593,-1763,-1943,-2070,-2157,-2277,-2395,-2375,-15753
1,1,2055,210608,7337,5862,5016,4521,4307,4283,4265,4261,4241,4145,4050,3987,3960,4043,4332,4951,5797,6744,6980,7396,7841,7952,7866,8098,8585,9197,9456,9484,9450,9412,9195,8589,7871,7170,6602,5930,5012,4116,3430,2884,2493,2079,1942,1980,2055,1947,1562,1008,464,36,-271,-430,-472,-452,-409,-297,-146,-83,-70,-160,-366,-558,-755,-918,-1061,-1209,-1253,-1256,-1171,-1080,-1004,-991,-1055,-1180,-1257,-1389,-1433,-1611,-1802,-1937,-2116,-2172,-2243,-2341,-2423,-16205
1,1,2056,210013,7341,5865,5019,4520,4304,4282,4263,4259,4237,4142,4046,3980,3955,4034,4323,4946,5792,6743,6981,7395,7846,7948,7866,8097,8583,9194,9451,9478,9441,9409,9187,8581,7867,7212,6576,5908,4986,4095,3405,2863,2463,2056,1921,1967,2054,1948,1567,1025,460,29,-287,-438,-479,-442,-362,-297,-179,-98,-81,-162,-358,-539,-736,-888,-1051,-1190,-1279,-1237,-1159,-1049,-984,-998,-1015,-1159,-1257,-1366,-1503,-1610,-1818,-1975,-2109,-2223,-2257,-2303,-2365,-16644
1,1,2057,209371,7346,5870,5021,4520,4305,4280,4259,4255,4232,4135,4038,3973,3947,4028,4315,4941,5790,6740,6977,7396,7843,7944,7863,8092,8578,9186,9440,9474,9439,9404,9177,8569,7859,7200,6615,5873,4961,4064,3377,2837,2433,2026,1895,1946,2040,1948,1568,1030,478,28,-294,-456,-487,-446,-353,-259,-179,-122,-92,-171,-361,-530,-720,-869,-1020,-1178,-1262,-1260,-1143,-1044,-958,-980,-1026,-1120,-1240,-1362,-1475,-1684,-1820,-1994,-2148,-2215,-2306,-2315,-2328,-16967
1,1,2058,208754,7349,5871,5022,4519,4304,4278,4256,4251,4225,4129,4031,3968,3942,4019,4306,4936,5786,6736,6973,7395,7842,7938,7862,8085,8573,9176,9434,9468,9430,9400,9167,8562,7852,7196,6605,5906,4927,4033,3347,2809,2408,2005,1868,1925,2022,1936,1568,1031,483,44,-298,-462,-501,-455,-358,-246,-143,-124,-116,-185,-369,-535,-711,-852,-1005,-1146,-1251,-1246,-1167,-1030,-951,-955,-1007,-1128,-1201,-1341,-1475,-1656,-1900,-1993,-2167,-2260,-2298,-2368,-2339,-17205
1,1,2059,208145,7351,5873,5023,4519,4300,4274,4248,4248,4220,4123,4024,3960,3934,4011,4300,4929,5780,6732,6972,7393,7840,7936,7859,8083,8568,9170,9425,9459,9426,9390,9158,8552,7845,7186,6600,5896,4965,3996,3316,2780,2379,1981,1850,1903,1999,1918,1556,1032,483,50,-281,-464,-511,-467,-365,-252,-131,-88,-115,-209,-380,-543,-716,-843,-987,-1130,-1220,-1235,-1157,-1050,-943,-948,-986,-1109,-1207,-1300,-1453,-1654,-1869,-2081,-2173,-2283,-2345,-2359,-2393,-17423
1,1,2060,207487,7354,5877,5023,4519,4298,4270,4243,4240,4211,4116,4019,3954,3929,4004,4291,4925,5775,6724,6967,7389,7839,7929,7854,8076,8562,9163,9418,9454,9412,9382,9149,8539,7835,7179,6592,5878,4954,4031,3279,2749,2344,1956,1823,1881,1977,1898,1537,1019,483,50,-279,-450,-513,-474,-377,-257,-137,-81,-82,-207,-404,-552,-729,-848,-980,-1114,-1208,-1210,-1147,-1038,-967,-939,-977,-1085,-1189,-1309,-1407,-1635,-1867,-2051,-2263,-2286,-2368,-2409,-2387,-17657
1,2,2023,230010,6684,4695,4185,3922,3828,3759,3669,3564,3558,3671,3541,3593,3504,3571,3855,4343,5009,5676,5491,6096,6567,6701,6566,6910,7593,7928,8097,8105,7874,7630,7045,6370,5721,5321,4829,4339,3826,3194,2856,2595,2155,1938,1809,1652,1710,1534,1239,969,671,494,275,119,112,318,546,638,860,784,653,759,521,537,320,243,129,245,304,401,634,741,730,699,586,491,508,459,381,436,303,242,121,25,-135,-257,-327,-3843
1,2,2024,228453,6712,5238,3934,3775,3718,3689,3620,3544,3538,3639,3560,3543,3497,3597,3861,4378,5017,5690,5473,6097,6586,6757,6666,6870,7503,7920,8122,8151,7906,7631,7157,6438,5843,5285,4919,4407,3841,3312,2973,2564,2368,1986,1840,1708,1615,1552,1223,935,675,429,270,163,157,219,446,606,741,815,691,576,560,434,261,99,107,30,238,340,524,639,678,626,526,452,366,380,358,241,316,154,77,-81,-163,-263,-376,-4056
1,2,2025,226881,6743,5259,4384,3573,3599,3603,3562,3512,3528,3616,3494,3559,3450,3591,3875,4402,5062,5703,5490,6080,6596,6778,6717,6956,7454,7814,8123,8132,7960,7650,7163,6551,5871,5409,4854,4479,3888,3337,3066,2667,2334,2169,1884,1737,1673,1463,1245,927,637,440,209,167,193,254,352,521,734,728,725,624,408,419,205,28,-47,24,49,277,447,556,570,580,418,394,343,244,286,215,128,162,-22,-122,-276,-291,-407,-4273
1,2,2026,227022,6777,5289,4411,3946,3455,3538,3523,3493,3526,3623,3545,3504,3497,3580,3899,4444,5116,5782,5527,6137,6606,6831,6765,7067,7555,7803,8055,8176,7971,7724,7191,6600,6009,5487,4990,4436,3953,3400,3120,2790,2449,2167,2051,1823,1706,1535,1187,960,650,414,241,117,207,301,395,445,657,732,668,660,478,316,167,-10,-105,-133,39,128,401,481,509,487,389,272,291,250,150,172,117,-15,-3,-217,-310,-408,-436,-4494
1,2,2027,227279,6813,5318,4435,3969,3751,3437,3478,3472,3518,3632,3549,3575,3462,3610,3917,4474,5167,5841,5617,6160,6646,6825,6816,7114,7683,7916,8052,8122,8030,7740,7280,6649,6069,5613,5095,4563,3969,3432,3176,2835,2564,2273,2063,1954,1793,1570,1241,905,672,431,208,145,169,314,439,476,596,657,664,604,495,366,87,-61,-172,-169,-103,110,273,430,426,436,310,244,172,193,167,33,73,-30,-195,-196,-393,-442,-561,-4772
1,2,2028,227339,6848,5345,4460,3993,3770,3662,3412,3450,3517,3619,3574,3568,3503,3595,3930,4505,5205,5908,5685,6254,6666,6857,6810,7144,7720,8024,8168,8125,7958,7798,7288,6718,6140,5673,5208,4649,4047,3481,3193,2908,2600,2375,2159,1975,1900,1646,1275,949,611,451,227,114,180,280,451,512,615,611,574,591,434,372,100,-131,-222,-267,-126,-18,251,331,367,339,260,175,108,80,105,43,-55,-66,-203,-400,-377,-519,-593,-5123
1,2,2029,227170,6881,5374,4485,4015,3790,3678,3579,3407,3502,3647,3462,3555,3502,3604,3923,4514,5234,5942,5754,6324,6760,6879,6833,7149,7736,8090,8249,8237,7989,7719,7312,6709,6194,5740,5259,4758,4142,3531,3243,2905,2683,2410,2250,2062,1922,1740,1353,974,653,385,249,134,159,289,412,524,647,608,550,505,398,303,94,-135,-274,-312,-238,-32,119,315,294,301,153,107,59,1,-1,-13,-44,-178,-234,-409,-603,-515,-660,-5441
1,2,2030,227056,6915,5403,4510,4035,3809,3701,3598,3532,3474,3647,3511,3505,3489,3623,3934,4522,5250,5977,5789,6390,6831,6978,6858,7178,7760,8099,8363,8328,8109,7771,7259,6727,6172,5792,5343,4818,4234,3644,3289,2968,2660,2486,2282,2139,2001,1767,1437,1049,671,427,169,151,162,260,414,482,639,637,527,457,312,250,15,-168,-299,-364,-292,-135,117,192,263,225,125,9,-35,-44,-67,-107,-102,-174,-318,-439,-616,-776,-668,-5800
1,2,2031,226764,6948,5431,4534,4057,3826,3715,3611,3548,3560,3630,3480,3536,3490,3624,3949,4530,5257,5993,5815,6426,6884,7040,6955,7210,7797,8141,8376,8427,8216,7906,7317,6716,6210,5801,5385,4911,4315,3724,3404,3010,2733,2461,2344,2172,2065,1828,1467,1130,735,426,195,54,170,254,375,471,587,601,532,428,224,141,-52,-244,-349,-401,-354,-211,26,160,173,157,44,-29,-106,-130,-133,-163,-173,-232,-333,-490,-642,-766,-949,-6137
1,2,2032,225876,6980,5456,4556,4078,3845,3734,3629,3565,3574,3643,3480,3538,3505,3634,3958,4541,5263,5998,5829,6454,6927,7090,7015,7299,7849,8181,8417,8465,8277,8013,7463,6763,6216,5833,5419,4959,4399,3813,3482,3119,2772,2517,2316,2213,2094,1878,1510,1149,814,480,193,74,69,242,359,415,559,533,473,398,198,28,-194,-344,-441,-470,-395,-280,-63,80,92,74,-53,-117,-175,-211,-212,-251,-250,-301,-402,-543,-691,-799,-929,-6792
1,2,2033,226840,7012,5484,4579,4097,3863,3749,3644,3578,3591,3656,3580,3505,3492,3626,3961,4551,5283,6011,5848,6480,6966,7144,7081,7366,7934,8249,8466,8514,8336,8059,7566,6899,6243,5827,5421,4975,4433,3873,3555,3182,2860,2550,2364,2194,2135,1919,1573,1209,846,584,267,93,110,178,370,431,541,547,458,406,227,74,-239,-431,-489,-509,-414,-264,-77,48,78,43,-69,-159,-198,-231,-247,-271,-288,-337,-431,-575,-724,-823,-947,-7221
1,2,2034,227743,7044,5507,4600,4114,3879,3765,3659,3595,3601,3671,3593,3589,3467,3617,3952,4555,5291,6035,5867,6500,6990,7183,7135,7432,7998,8332,8533,8559,8382,8114,7608,6995,6373,5850,5414,4969,4445,3906,3615,3257,2926,2638,2394,2235,2112,1959,1611,1269,902,615,369,164,125,216,313,443,556,530,473,390,236,104,-197,-487,-585,-558,-449,-281,-61,40,50,33,-98,-180,-248,-259,-268,-303,-302,-373,-467,-606,-755,-863,-976,-7635
1,2,2035,228629,7071,5534,4621,4134,3896,3783,3673,3608,3617,3684,3605,3602,3538,3603,3946,4556,5302,6048,5891,6521,7014,7209,7176,7483,8062,8394,8612,8625,8427,8157,7660,7033,6465,5972,5432,4960,4440,3918,3644,3314,2992,2697,2469,2265,2157,1932,1646,1304,963,677,396,263,193,233,347,394,564,542,459,405,216,111,-164,-443,-646,-654,-495,-317,-74,54,40,1,-115,-211,-268,-306,-294,-322,-334,-390,-502,-643,-792,-900,-1019,-8032
1,2,2036,229388,7100,5556,4642,4151,3913,3795,3686,3623,3630,3695,3618,3614,3549,3661,3933,4552,5302,6057,5905,6547,7031,7229,7197,7517,8116,8457,8675,8705,8490,8199,7697,7079,6500,6057,5550,4975,4427,3909,3654,3340,3046,2758,2522,2337,2179,1972,1623,1338,1000,735,453,291,284,290,362,424,517,551,470,383,230,89,-161,-412,-600,-717,-589,-356,-99,43,58,-2,-146,-232,-303,-331,-342,-351,-358,-420,-520,-681,-837,-943,-1065,-8435
1,2,2037,230082,7127,5578,4664,4170,3926,3811,3700,3636,3643,3707,3630,3624,3563,3675,3994,4543,5302,6062,5914,6559,7053,7246,7220,7546,8153,8507,8737,8765,8568,8255,7735,7112,6541,6089,5632,5086,4438,3891,3643,3346,3069,2806,2578,2384,2245,1995,1659,1312,1029,770,512,346,310,370,415,436,544,510,472,392,210,102,-188,-413,-571,-675,-647,-438,-136,25,47,10,-156,-262,-326,-368,-366,-395,-378,-440,-553,-700,-882,-992,-1112,-8859
1,2,2038,230757,7154,5600,4683,4187,3943,3825,3713,3646,3658,3719,3641,3636,3576,3688,4003,4604,5292,6062,5916,6570,7070,7270,7237,7572,8181,8547,8786,8824,8626,8328,7786,7146,6571,6130,5657,5163,4548,3904,3619,3332,3077,2829,2622,2431,2286,2055,1684,1347,1002,800,549,400,359,393,485,480,555,534,434,396,218,78,-168,-438,-572,-643,-607,-485,-205,-6,34,0,-148,-275,-360,-391,-402,-419,-421,-462,-572,-741,-905,-1044,-1164,-9276
1,2,2039,231287,7179,5621,4701,4204,3954,3836,3725,3659,3667,3727,3652,3644,3583,3693,4017,4617,5356,6054,5922,6574,7081,7278,7256,7589,8204,8574,8825,8873,8685,8385,7857,7193,6598,6155,5693,5188,4617,4010,3630,3310,3061,2829,2637,2471,2327,2095,1743,1370,1038,767,579,432,410,439,506,544,598,544,454,358,219,85,-199,-423,-599,-641,-578,-448,-246,-64,2,-18,-155,-268,-378,-429,-428,-456,-443,-502,-594,-765,-947,-1071,-1226,-9729
1,2,2040,231774,7202,5643,4718,4218,3969,3848,3736,3670,3680,3739,3664,3657,3594,3705,4028,4628,5375,6125,5907,6571,7079,7286,7272,7614,8223,8599,8854,8907,8731,8438,7906,7255,6642,6182,5719,5219,4643,4080,3728,3316,3032,2809,2636,2481,2359,2135,1777,1429,1060,803,545,459,440,487,546,560,650,580,459,372,178,91,-187,-452,-587,-674,-576,-424,-212,-99,-44,-46,-175,-282,-372,-446,-466,-480,-479,-522,-638,-786,-970,-1120,-1253,-10194
1,2,2041,231820,7225,5659,4732,4230,3976,3856,3737,3674,3686,3739,3665,3656,3598,3709,4030,4637,5388,6140,5983,6557,7071,7283,7275,7622,8240,8607,8869,8924,8758,8471,7944,7289,6691,6214,5730,5232,4660,4092,3788,3410,3030,2777,2613,2475,2366,2160,1811,1458,1113,823,572,424,463,508,581,594,660,621,490,375,195,40,-186,-444,-617,-663,-608,-426,-191,-68,-79,-94,-202,-307,-391,-446,-486,-513,-501,-558,-666,-832,-997,-1153,-1310,-10638
1,2,2042,231796,7246,5674,4745,4242,3982,3861,3742,3678,3686,3736,3666,3656,3599,3707,4033,4644,5395,6155,5998,6634,7049,7271,7271,7626,8249,8624,8879,8933,8773,8489,7973,7325,6726,6259,5756,5236,4674,4114,3795,3468,3120,2773,2575,2456,2360,2160,1837,1491,1136,876,588,454,425,526,602,627,688,630,533,403,199,58,-242,-441,-608,-696,-599,-455,-192,-48,-50,-127,-255,-335,-415,-462,-483,-529,-535,-581,-698,-859,-1054,-1183,-1346,-11097
1,2,2043,231758,7266,5690,4760,4250,3986,3864,3742,3681,3692,3733,3668,3658,3600,3710,4034,4651,5402,6167,6015,6654,7133,7253,7261,7625,8253,8630,8892,8939,8786,8499,7987,7349,6755,6291,5802,5263,4680,4120,3810,3476,3174,2855,2571,2424,2338,2153,1844,1514,1170,902,643,472,453,491,620,645,717,655,542,442,230,60,-223,-507,-607,-691,-634,-445,-221,-46,-32,-103,-286,-385,-446,-487,-501,-531,-554,-613,-721,-898,-1085,-1246,-1381,-11541
1,2,2044,231658,7282,5705,4769,4258,3991,3869,3744,3683,3695,3734,3668,3657,3604,3711,4039,4656,5410,6177,6026,6670,7148,7330,7243,7619,8252,8636,8900,8954,8794,8504,7994,7360,6777,6320,5825,5297,4703,4130,3814,3492,3179,2902,2639,2422,2310,2131,1835,1520,1191,936,674,523,465,513,591,663,732,682,563,447,272,92,-220,-484,-677,-691,-627,-477,-215,-71,-33,-89,-269,-420,-501,-517,-528,-546,-552,-626,-753,-921,-1128,-1283,-1454,-11982
1,2,2045,231499,7299,5715,4781,4266,3994,3872,3745,3688,3697,3732,3666,3656,3606,3710,4035,4657,5417,6187,6039,6687,7164,7343,7315,7601,8244,8633,8904,8955,8802,8507,7997,7362,6788,6338,5854,5319,4739,4148,3814,3496,3191,2908,2680,2488,2303,2101,1811,1507,1192,958,705,546,513,525,611,637,743,695,586,469,279,139,-182,-479,-652,-757,-626,-470,-243,-65,-52,-91,-255,-402,-538,-576,-561,-572,-568,-623,-771,-955,-1152,-1331,-1493,-12446
1,2,2046,231291,7314,5727,4790,4274,4000,3876,3744,3688,3700,3726,3666,3654,3604,3709,4034,4661,5424,6198,6050,6699,7178,7359,7330,7671,8226,8629,8899,8959,8807,8513,7994,7358,6786,6346,5868,5338,4757,4182,3834,3500,3194,2919,2682,2526,2359,2092,1786,1482,1178,958,721,579,541,567,619,655,718,704,596,490,300,144,-127,-438,-649,-736,-692,-472,-244,-89,-49,-113,-260,-389,-525,-611,-617,-603,-592,-639,-768,-973,-1191,-1363,-1547,-12904
1,2,2047,231021,7326,5738,4800,4281,4002,3879,3745,3689,3701,3724,3665,3652,3603,3709,4033,4665,5428,6208,6058,6712,7191,7369,7341,7682,8285,8614,8892,8953,8806,8508,7992,7348,6780,6344,5871,5351,4776,4200,3865,3515,3195,2918,2687,2525,2392,2144,1776,1450,1146,941,720,596,567,590,656,663,731,685,605,497,324,168,-119,-376,-605,-732,-668,-529,-245,-89,-71,-110,-280,-396,-514,-598,-658,-658,-619,-663,-784,-966,-1211,-1410,-1581,-13374
1,2,2048,230787,7338,5744,4808,4287,4003,3879,3745,3690,3700,3722,3663,3649,3602,3709,4033,4666,5433,6215,6068,6721,7203,7378,7352,7695,8297,8671,8877,8942,8801,8502,7984,7346,6775,6339,5869,5349,4788,4219,3879,3546,3208,2916,2684,2533,2391,2175,1833,1440,1110,911,703,597,583,612,673,695,738,701,588,503,334,192,-91,-364,-540,-686,-667,-510,-297,-93,-74,-133,-277,-414,-515,-591,-644,-694,-672,-689,-804,-984,-1205,-1428,-1637,-13811
1,2,2049,230453,7348,5754,4815,4290,4005,3882,3746,3689,3703,3717,3663,3648,3600,3705,4028,4670,5436,6220,6078,6733,7214,7386,7363,7705,8309,8679,8931,8922,8789,8486,7976,7337,6768,6330,5856,5343,4786,4230,3892,3561,3236,2925,2676,2525,2391,2171,1861,1493,1098,875,673,581,581,627,691,711,766,708,598,482,342,204,-63,-337,-527,-623,-624,-514,-283,-138,-75,-135,-302,-411,-545,-598,-636,-680,-708,-742,-837,-1009,-1223,-1422,-1658,-14265
1,2,2050,230077,7357,5761,4821,4296,4005,3880,3741,3687,3701,3711,3660,3642,3599,3703,4028,4669,5437,6226,6082,6740,7220,7395,7370,7712,8317,8688,8938,8973,8768,8469,7959,7322,6758,6325,5850,5330,4779,4227,3897,3573,3247,2951,2684,2522,2386,2173,1859,1521,1151,860,636,549,563,624,706,732,781,732,605,492,318,211,-52,-305,-499,-610,-568,-476,-286,-127,-115,-141,-300,-435,-540,-621,-642,-672,-694,-775,-888,-1043,-1252,-1446,-1648,-14707
1,2,2051,229661,7363,5765,4826,4297,4006,3879,3739,3686,3699,3707,3654,3639,3595,3698,4023,4669,5439,6232,6088,6748,7228,7399,7376,7720,8324,8696,8945,8979,8818,8446,7938,7302,6744,6317,5839,5316,4765,4220,3894,3580,3262,2960,2703,2531,2379,2169,1860,1515,1178,914,620,512,534,609,698,740,792,743,626,497,331,184,-41,-290,-466,-584,-558,-424,-261,-129,-107,-176,-311,-429,-563,-618,-665,-676,-684,-759,-927,-1100,-1290,-1477,-1676,-15083
1,2,2052,229172,7371,5771,4830,4302,4004,3879,3735,3684,3696,3700,3653,3633,3593,3694,4021,4667,5440,6235,6093,6753,7234,7405,7380,7726,8330,8702,8952,8980,8824,8492,7909,7278,6724,6300,5827,5306,4752,4204,3877,3575,3262,2970,2709,2545,2383,2162,1853,1517,1168,943,672,497,498,582,688,739,799,754,640,519,340,196,-70,-278,-450,-552,-528,-420,-218,-109,-109,-174,-348,-432,-566,-639,-664,-697,-691,-748,-910,-1138,-1357,-1526,-1713,-15458
1,2,2053,228638,7375,5775,4834,4303,4004,3877,3734,3680,3694,3696,3646,3630,3585,3689,4013,4666,5440,6238,6097,6759,7239,7408,7386,7733,8335,8704,8952,8985,8826,8488,7948,7246,6700,6281,5812,5288,4739,4191,3860,3564,3257,2969,2716,2552,2397,2164,1846,1509,1165,932,701,550,484,549,664,725,797,762,653,529,362,201,-53,-312,-439,-538,-503,-395,-215,-73,-93,-177,-340,-472,-567,-637,-686,-698,-713,-755,-899,-1118,-1400,-1604,-1764,-15815
1,2,2054,228031,7378,5776,4836,4305,4004,3874,3729,3678,3690,3688,3644,3623,3585,3684,4009,4666,5439,6239,6101,6764,7241,7409,7388,7734,8333,8708,8956,8981,8829,8489,7948,7285,6669,6256,5787,5269,4721,4175,3840,3541,3243,2961,2712,2557,2403,2174,1852,1499,1152,928,688,575,533,533,634,705,785,760,655,538,373,228,-48,-297,-473,-528,-490,-368,-199,-73,-66,-162,-346,-464,-608,-640,-685,-718,-711,-777,-904,-1107,-1377,-1652,-1852,-16183
1,2,2055,227446,7379,5777,4837,4304,4000,3872,3724,3677,3691,3681,3640,3618,3583,3680,4004,4662,5436,6239,6101,6765,7244,7410,7389,7736,8338,8708,8955,8983,8829,8485,7942,7280,6702,6226,5764,5247,4701,4159,3828,3524,3224,2944,2703,2557,2406,2176,1866,1503,1143,919,685,566,560,577,621,681,765,748,651,545,385,238,-19,-289,-457,-561,-478,-358,-179,-62,-65,-139,-328,-470,-598,-680,-687,-715,-733,-776,-927,-1113,-1360,-1628,-1908,-16607
1,2,2056,226810,7381,5779,4838,4307,3998,3870,3719,3669,3685,3672,3632,3612,3575,3675,3999,4658,5435,6239,6105,6770,7248,7411,7389,7737,8336,8709,8955,8984,8829,8481,7937,7273,6697,6258,5733,5218,4678,4138,3804,3512,3203,2926,2683,2547,2403,2180,1870,1519,1144,908,674,564,546,598,658,669,740,727,638,536,389,251,-7,-258,-451,-547,-513,-350,-170,-44,-53,-139,-303,-449,-599,-670,-730,-721,-734,-797,-927,-1137,-1367,-1610,-1877,-17055
1,2,2057,226175,7380,5777,4840,4304,3993,3865,3716,3666,3681,3664,3625,3605,3568,3669,3992,4656,5433,6241,6101,6771,7247,7412,7388,7737,8333,8708,8955,8978,8825,8478,7932,7264,6689,6253,5763,5185,4651,4114,3780,3489,3188,2907,2665,2532,2394,2178,1875,1519,1157,911,662,556,541,585,675,700,730,706,618,523,384,255,10,-245,-417,-542,-501,-380,-171,-38,-41,-129,-302,-421,-580,-672,-717,-758,-738,-801,-951,-1136,-1394,-1617,-1860,-17413
1,2,2058,225540,7379,5777,4838,4302,3991,3862,3707,3661,3677,3657,3622,3598,3563,3662,3987,4649,5429,6240,6103,6771,7247,7408,7391,7740,8332,8705,8950,8974,8823,8468,7922,7256,6682,6243,5753,5212,4617,4087,3752,3467,3164,2888,2644,2517,2379,2170,1873,1523,1157,924,665,543,531,584,665,717,757,697,603,505,371,248,16,-227,-402,-509,-494,-368,-196,-37,-37,-120,-295,-420,-553,-654,-720,-750,-774,-803,-956,-1162,-1392,-1651,-1868,-17717
1,2,2059,224860,7378,5776,4839,4301,3986,3859,3703,3656,3671,3648,3613,3589,3556,3653,3979,4643,5426,6236,6101,6770,7245,7406,7385,7734,8328,8701,8946,8969,8820,8463,7916,7244,6672,6234,5746,5199,4645,4054,3721,3437,3144,2866,2627,2497,2361,2154,1865,1521,1160,926,677,544,522,574,662,708,769,719,589,481,352,236,9,-220,-386,-492,-463,-365,-186,-58,-35,-118,-283,-410,-553,-622,-699,-753,-769,-840,-960,-1166,-1424,-1650,-1907,-17992
1,2,2060,224147,7374,5772,4835,4298,3981,3854,3698,3648,3667,3638,3605,3581,3551,3645,3972,4640,5422,6232,6097,6767,7243,7403,7379,7731,8321,8697,8943,8962,8813,8453,7904,7236,6665,6225,5735,5190,4634,4078,3684,3407,3114,2846,2603,2483,2343,2135,1851,1510,1155,928,680,558,523,564,652,704,758,731,609,471,329,211,-8,-227,-376,-474,-452,-337,-184,-51,-56,-115,-280,-398,-538,-619,-673,-733,-772,-836,-1002,-1170,-1428,-1685,-1905,-18272
2,0,2023,90203,2174,1371,1331,1372,1325,1272,1264,1201,1134,1148,1120,1110,1139,1119,1223,1512,1783,2166,2348,2582,2665,2649,2621,2804,3119,3061,3426,3369,3306,3098,2885,2617,2207,2085,2012,1932,1679,1374,1253,1071,909,801,749,704,728,690,599,450,255,151,39,11,-51,87,191,284,274,316,304,256,344,335,235,173,239,148,158,282,312,277,249,328,209,199,231,108,69,129,178,116,35,29,9,-54,-66,-743
2,0,2024,93769,2218,1990,1351,1389,1362,1323,1296,1242,1203,1189,1155,1110,1175,1174,1251,1544,1899,2233,2412,2689,2728,2812,2846,2926,3097,3363,3322,3562,3419,3317,3090,2759,2495,2187,2038,1914,1734,1512,1253,1120,988,851,784,761,716,677,624,445,281,112,102,31,70,5,174,253,348,320,352,325,273,312,298,189,147,189,128,149,250,262,240,209,269,179,159,205,73,32,91,105,59,-25,-15,-44,-89,-794
2,0,2025,97263,2263,2034,1884,1406,1378,1356,1335,1268,1233,1253,1181,1147,1175,1216,1306,1573,1944,2379,2496,2758,2826,2886,3021,3099,3198,3372,3561,3528,3564,3448,3271,2968,2621,2460,2160,1986,1700,1561,1369,1137,1034,921,835,792,779,664,604,466,283,138,57,98,68,124,96,245,319,394,359,367,346,249,270,239,169,144,183,130,133,216,207,187,146,224,125,142,150,31,-13,31,49,-11,-62,-69,-81,-836
2,0,2026,101475,2311,2082,1927,1869,1396,1375,1363,1311,1248,1269,1244,1187,1223,1243,1371,1665,2006,2463,2691,2884,2943,3014,3117,3328,3375,3489,3609,3731,3587,3573,3427,3126,2844,2562,2409,2102,1822,1552,1411,1251,1071,977,913,850,807,744,593,457,296,154,84,75,158,136,219,181,303,363,420,375,376,325,212,237,204,142,147,183,103,141,182,170,135,124,168,104,105,95,-11,-61,-2,-15,-59,-110,-108,-888
2,0,2027,105590,2361,2129,1971,1909,1784,1394,1384,1341,1294,1292,1251,1244,1269,1294,1420,1733,2122,2550,2788,3092,3080,3141,3262,3417,3570,3659,3739,3782,3766,3622,3516,3274,2968,2767,2504,2269,1911,1642,1433,1272,1172,1028,954,937,866,763,673,438,286,160,96,105,143,236,245,305,265,336,396,428,399,363,290,171,211,172,106,142,157,90,127,152,121,113,95,128,75,53,43,-45,-80,-52,-61,-114,-147,-967
2,0,2028,108926,2409,2177,2018,1949,1827,1719,1402,1355,1322,1343,1285,1250,1312,1325,1445,1806,2196,2687,2886,3172,3238,3259,3335,3520,3672,3790,3893,3930,3786,3757,3576,3331,3098,2875,2658,2399,2018,1718,1490,1290,1175,1091,1012,964,939,818,697,512,263,134,99,95,170,214,318,316,367,316,367,419,441,389,324,235,144,160,140,102,132,129,69,81,97,90,77,66,77,29,10,-25,-73,-122,-89,-119,-150,-1092
2,0,2029,111892,2460,2225,2067,1995,1866,1752,1672,1373,1344,1405,1334,1299,1331,1370,1481,1823,2275,2762,3042,3298,3307,3375,3444,3585,3754,3923,3984,4053,3934,3764,3661,3406,3140,2979,2755,2500,2160,1819,1552,1335,1184,1107,1053,1019,963,886,744,539,331,114,78,97,151,227,309,370,373,395,364,390,441,410,339,251,184,92,126,119,93,95,85,53,36,61,42,47,28,26,-18,-56,-77,-137,-157,-138,-162,-1189
2,0,2030,114141,2511,2277,2114,2040,1905,1792,1705,1599,1346,1417,1372,1333,1371,1397,1525,1870,2312,2852,3108,3427,3441,3458,3532,3678,3813,4000,4101,4126,4014,3868,3669,3460,3195,3024,2831,2584,2225,1927,1629,1381,1211,1105,1063,1045,1003,903,800,570,348,169,49,70,147,215,324,360,415,408,408,371,400,410,352,260,189,130,50,97,73,72,48,39,22,10,14,4,-1,-13,-25,-83,-110,-152,-180,-209,-179,-1290
2,0,2031,115867,2562,2326,2162,2084,1946,1832,1740,1632,1536,1445,1396,1353,1382,1412,1547,1907,2356,2900,3198,3504,3550,3570,3633,3757,3891,4049,4172,4220,4093,3940,3741,3470,3238,3062,2871,2641,2294,1976,1711,1444,1253,1106,1068,1052,1024,932,809,618,373,173,91,43,118,207,299,366,401,431,424,408,375,362,342,257,197,116,69,42,51,35,17,-3,-18,-8,-33,-23,-40,-48,-66,-95,-134,-183,-202,-232,-252,-1398
2,0,2032,116948,2615,2378,2211,2128,1989,1871,1776,1665,1568,1522,1421,1374,1400,1426,1556,1927,2388,2945,3253,3578,3625,3657,3723,3850,3968,4118,4235,4279,4157,4019,3817,3520,3253,3081,2901,2666,2342,2033,1753,1501,1296,1140,1058,1047,1030,949,824,620,413,195,91,74,88,181,279,336,392,410,431,413,394,340,291,240,174,120,60,25,10,-1,-28,-37,-66,-59,-67,-68,-76,-90,-105,-132,-161,-209,-238,-263,-275,-1587
2,0,2033,120091,2667,2429,2262,2176,2031,1909,1806,1699,1596,1551,1504,1401,1425,1450,1589,1965,2445,3020,3341,3676,3727,3757,3831,3973,4095,4224,4336,4385,4260,4118,3939,3648,3340,3150,2964,2736,2403,2122,1842,1578,1377,1211,1106,1057,1044,970,859,648,418,243,122,88,131,165,280,340,390,427,435,441,431,377,292,221,191,123,86,45,10,-2,-30,-43,-67,-71,-79,-70,-86,-104,-124,-155,-175,-221,-254,-290,-300,-1736
2,0,2034,123214,2720,2482,2313,2222,2075,1948,1845,1731,1630,1579,1533,1475,1448,1473,1617,2004,2497,3083,3426,3773,3826,3859,3937,4080,4214,4352,4445,4488,4365,4218,4035,3766,3468,3235,3029,2796,2467,2178,1927,1662,1451,1287,1170,1104,1060,982,877,676,446,247,172,121,149,203,270,344,398,424,452,448,455,410,331,218,163,134,83,73,30,-4,-39,-52,-77,-71,-94,-88,-96,-119,-137,-177,-201,-240,-268,-302,-326,-1894
2,0,2035,126373,2775,2535,2363,2271,2121,1989,1883,1764,1660,1608,1561,1501,1515,1497,1646,2039,2546,3152,3516,3866,3929,3964,4041,4195,4325,4477,4576,4600,4467,4320,4133,3855,3574,3358,3108,2851,2524,2236,1978,1744,1529,1355,1243,1170,1102,993,882,690,471,273,173,166,179,227,306,336,402,438,450,464,464,439,367,253,157,108,99,72,50,9,-39,-62,-82,-80,-96,-97,-106,-126,-158,-192,-224,-268,-286,-322,-346,-2073
2,0,2036,129526,2832,2590,2417,2319,2164,2030,1919,1796,1688,1638,1590,1531,1543,1562,1671,2075,2594,3215,3596,3966,4032,4067,4149,4305,4439,4594,4699,4730,4577,4417,4224,3948,3663,3456,3222,2927,2572,2284,2031,1788,1608,1432,1310,1234,1159,1036,892,693,484,292,196,169,223,256,330,374,397,440,461,466,483,446,394,293,202,103,68,83,51,28,-26,-64,-89,-88,-103,-101,-123,-141,-162,-210,-242,-295,-322,-344,-366,-2261
2,0,2037,132650,2887,2643,2468,2368,2208,2068,1956,1830,1725,1669,1616,1555,1564,1588,1742,2111,2640,3282,3679,4055,4130,4172,4253,4411,4554,4708,4819,4852,4705,4520,4321,4036,3747,3538,3317,3036,2643,2329,2072,1834,1651,1502,1379,1300,1222,1092,929,694,478,301,215,193,224,298,358,396,429,436,467,478,481,462,401,321,238,141,62,50,62,30,-10,-55,-92,-97,-109,-111,-123,-154,-179,-221,-262,-316,-351,-379,-385,-2447
2,0,2038,135825,2943,2700,2521,2418,2254,2111,1991,1865,1756,1698,1647,1586,1593,1611,1772,2194,2688,3349,3764,4152,4226,4271,4360,4521,4662,4824,4937,4968,4827,4647,4417,4122,3834,3619,3395,3126,2744,2391,2109,1871,1693,1541,1445,1362,1284,1152,983,736,475,295,221,208,250,305,400,424,452,471,461,481,495,461,421,323,264,176,98,48,32,37,-12,-36,-80,-103,-118,-114,-133,-158,-196,-240,-273,-340,-373,-413,-428,-2636
2,0,2039,138959,3000,2754,2576,2467,2302,2154,2033,1900,1788,1728,1677,1612,1622,1640,1798,2230,2794,3410,3840,4245,4323,4369,4463,4629,4780,4942,5053,5090,4943,4766,4535,4217,3913,3695,3468,3191,2827,2487,2168,1905,1728,1587,1482,1428,1347,1209,1038,783,511,284,211,215,267,326,405,460,475,489,499,483,499,472,414,338,262,204,132,79,28,7,-7,-44,-69,-93,-125,-126,-142,-167,-198,-255,-297,-350,-404,-441,-471,-2848
2,0,2040,142118,3058,2811,2629,2519,2345,2195,2070,1932,1821,1759,1703,1644,1645,1667,1829,2270,2838,3536,3921,4333,4419,4467,4566,4738,4892,5058,5171,5210,5058,4875,4649,4327,4005,3772,3546,3263,2889,2562,2253,1958,1757,1617,1523,1466,1408,1268,1097,842,558,317,199,205,269,341,428,468,512,519,518,516,497,476,426,334,275,200,159,110,52,-3,-36,-40,-75,-83,-113,-130,-149,-177,-213,-263,-317,-379,-420,-472,-497,-3075
2,0,2041,145271,3115,2868,2684,2570,2392,2235,2103,1966,1853,1788,1733,1667,1671,1689,1856,2305,2890,3599,4067,4420,4512,4569,4670,4844,5006,5172,5287,5324,5171,4985,4754,4436,4109,3857,3612,3333,2953,2619,2323,2037,1805,1638,1546,1501,1442,1327,1156,891,609,363,229,194,263,352,449,494,523,550,544,537,535,476,428,340,268,214,150,133,84,27,-44,-64,-73,-84,-110,-122,-159,-185,-221,-277,-323,-403,-446,-492,-530,-3308
2,0,2042,148407,3173,2922,2739,2618,2438,2277,2141,2003,1883,1814,1759,1695,1694,1717,1884,2340,2936,3671,4149,4586,4603,4660,4771,4949,5111,5286,5406,5441,5287,5096,4858,4534,4208,3957,3689,3393,3009,2673,2369,2104,1879,1688,1574,1528,1471,1358,1207,945,663,412,273,224,258,346,457,513,547,561,577,563,556,514,419,341,276,201,164,127,105,52,-21,-77,-100,-82,-112,-116,-151,-198,-235,-284,-339,-410,-476,-520,-551,-3563
2,0,2043,151587,3230,2980,2794,2669,2484,2320,2179,2035,1912,1843,1788,1720,1717,1737,1916,2381,2991,3735,4233,4677,4775,4756,4871,5055,5225,5400,5524,5559,5405,5205,4959,4631,4304,4050,3784,3463,3066,2726,2417,2143,1937,1759,1614,1551,1500,1391,1237,1001,714,461,325,262,281,342,458,523,563,581,589,599,582,531,459,332,269,210,151,137,100,71,0,-59,-106,-112,-109,-120,-145,-189,-241,-300,-351,-430,-485,-555,-586,-3814
2,0,2044,154804,3288,3037,2848,2721,2531,2363,2214,2069,1947,1876,1815,1750,1743,1763,1941,2416,3040,3806,4319,4773,4872,4926,4967,5158,5335,5517,5638,5676,5520,5314,5066,4730,4396,4138,3872,3551,3132,2776,2463,2187,1981,1817,1681,1589,1521,1412,1264,1023,767,512,370,313,319,372,456,524,576,598,608,608,620,562,478,368,256,200,156,123,109,62,16,-38,-91,-124,-136,-119,-147,-181,-238,-307,-367,-443,-506,-564,-620,-4070
2,0,2045,158016,3348,3096,2905,2773,2579,2406,2252,2101,1979,1901,1841,1776,1766,1790,1969,2455,3090,3870,4404,4868,4969,5025,5138,5263,5447,5628,5754,5796,5636,5424,5168,4828,4490,4225,3954,3633,3211,2832,2505,2225,2020,1850,1732,1656,1557,1435,1282,1051,786,558,418,353,364,411,486,526,581,610,627,634,630,598,510,389,293,187,147,124,92,71,6,-25,-75,-106,-144,-142,-150,-190,-229,-307,-378,-459,-525,-586,-629,-4343
2,0,2046,161258,3407,3155,2962,2826,2626,2448,2290,2136,2010,1934,1873,1803,1791,1814,1999,2495,3143,3935,4487,4962,5065,5122,5241,5422,5554,5742,5873,5909,5748,5532,5271,4925,4580,4315,4036,3706,3287,2906,2553,2264,2053,1888,1767,1703,1620,1471,1301,1062,805,572,466,399,405,453,524,555,581,618,641,653,653,613,549,418,313,222,132,114,95,53,17,-33,-62,-92,-130,-155,-173,-188,-239,-299,-378,-474,-546,-605,-654,-4577
2,0,2047,164520,3468,3214,3018,2878,2674,2492,2327,2170,2045,1963,1902,1831,1818,1843,2030,2531,3192,4011,4573,5059,5166,5224,5347,5531,5710,5858,5988,6027,5865,5643,5372,5021,4675,4397,4119,3782,3351,2976,2621,2306,2085,1924,1801,1738,1669,1528,1334,1077,815,591,476,446,451,492,564,587,612,616,647,665,676,635,558,457,339,239,164,96,82,55,-2,-28,-73,-80,-116,-139,-182,-216,-241,-307,-366,-472,-560,-633,-674,-4828
2,0,2048,167759,3527,3273,3075,2932,2721,2534,2367,2204,2077,1993,1927,1859,1841,1866,2059,2570,3245,4079,4661,5156,5265,5326,5446,5642,5825,6013,6105,6144,5979,5751,5474,5119,4765,4487,4195,3856,3422,3038,2681,2368,2125,1957,1832,1769,1695,1572,1391,1101,824,598,490,458,492,536,602,628,642,647,651,673,691,655,585,463,377,264,179,125,67,45,-4,-45,-72,-93,-110,-126,-171,-223,-267,-311,-379,-461,-555,-652,-698,-5075
2,0,2049,170997,3588,3331,3133,2984,2769,2579,2405,2241,2110,2024,1958,1885,1869,1892,2090,2608,3299,4145,4748,5252,5365,5429,5552,5747,5939,6133,6260,6262,6092,5859,5576,5212,4857,4570,4280,3928,3489,3097,2732,2420,2183,1992,1862,1802,1731,1601,1432,1159,845,601,497,472,503,576,645,665,678,675,677,677,696,672,601,488,383,302,203,140,93,30,-17,-51,-87,-91,-113,-120,-160,-216,-281,-340,-386,-485,-555,-650,-723,-5318
2,0,2050,174318,3649,3391,3191,3036,2819,2624,2444,2276,2144,2055,1988,1915,1892,1917,2117,2648,3348,4220,4837,5352,5469,5531,5658,5861,6054,6247,6376,6417,6205,5968,5678,5311,4945,4658,4357,4001,3551,3154,2785,2470,2234,2044,1894,1829,1757,1632,1456,1199,901,620,494,480,521,595,683,707,713,713,710,705,705,672,615,507,403,299,236,161,104,50,-32,-63,-92,-103,-116,-129,-151,-198,-269,-356,-416,-485,-569,-640,-721,-5540
2,0,2051,177630,3711,3453,3248,3091,2867,2668,2482,2312,2177,2082,2019,1943,1920,1945,2147,2689,3403,4288,4924,5450,5570,5634,5765,5970,6170,6366,6500,6538,6360,6075,5782,5405,5037,4741,4438,4072,3620,3213,2839,2513,2274,2091,1947,1863,1790,1662,1483,1220,937,669,517,477,522,610,706,740,753,745,745,737,730,682,613,515,422,326,238,191,121,58,-11,-80,-103,-114,-133,-128,-163,-200,-256,-341,-433,-521,-574,-664,-713,-5747
2,0,2052,180883,3771,3512,3308,3145,2917,2712,2522,2348,2211,2116,2047,1971,1944,1970,2176,2727,3454,4358,5011,5550,5669,5738,5870,6084,6284,6485,6619,6657,6477,6222,5882,5501,5126,4826,4515,4145,3688,3270,2887,2561,2319,2133,1989,1909,1815,1685,1506,1239,955,702,557,496,526,614,719,763,785,776,774,774,769,708,620,518,428,339,253,192,147,71,-9,-62,-119,-130,-137,-144,-166,-207,-252,-335,-422,-547,-624,-670,-732,-5918
2,0,2053,184233,3833,3572,3366,3199,2965,2757,2562,2386,2246,2145,2079,2000,1972,1999,2208,2766,3509,4432,5102,5648,5772,5839,5981,6191,6398,6607,6745,6776,6596,6334,6021,5593,5215,4908,4593,4215,3753,3331,2935,2602,2360,2176,2029,1953,1863,1717,1528,1263,972,713,594,539,541,620,730,776,805,813,810,812,804,747,649,516,424,344,269,205,146,98,3,-58,-107,-144,-150,-153,-178,-210,-263,-327,-407,-532,-644,-721,-746,-6097
2,0,2054,187568,3896,3636,3425,3253,3017,2804,2602,2421,2279,2175,2104,2029,1996,2025,2238,2807,3559,4502,5192,5752,5878,5948,6091,6308,6517,6728,6865,6901,6712,6443,6125,5728,5305,4990,4670,4288,3816,3386,2987,2650,2400,2214,2065,1989,1902,1759,1551,1277,986,725,600,574,584,640,737,791,819,830,850,844,842,786,687,544,419,341,272,215,157,93,25,-50,-103,-130,-169,-165,-185,-227,-270,-343,-409,-518,-632,-744,-800,-6253
2,0,2055,190972,3959,3697,3488,3309,3066,2850,2642,2457,2315,2210,2137,2059,2026,2050,2269,2845,3618,4577,5283,5853,5986,6054,6199,6422,6635,6852,6991,7028,6834,6557,6231,5826,5433,5074,4749,4359,3877,3443,3035,2693,2441,2251,2103,2028,1938,1797,1595,1300,995,736,613,581,614,679,756,799,835,847,862,882,879,819,727,580,448,335,264,215,166,103,19,-35,-96,-129,-156,-180,-200,-231,-283,-346,-422,-516,-621,-729,-829,-6450
2,0,2056,194385,4022,3758,3545,3366,3120,2895,2681,2496,2350,2242,2167,2088,2050,2078,2300,2887,3671,4647,5374,5957,6091,6161,6309,6542,6756,6974,7115,7150,6957,6669,6338,5926,5527,5195,4826,4429,3944,3500,3085,2733,2485,2289,2139,2062,1976,1829,1630,1337,1014,745,620,588,624,710,801,819,846,862,881,900,913,860,763,620,483,357,257,209,165,108,23,-42,-84,-121,-154,-167,-214,-245,-294,-367,-428,-536,-614,-720,-814,-6651
2,0,2057,197815,4087,3823,3605,3421,3169,2941,2722,2534,2385,2272,2200,2118,2076,2106,2332,2928,3727,4723,5467,6058,6194,6273,6422,6655,6880,7101,7241,7281,7076,6785,6445,6027,5620,5284,4939,4500,4001,3554,3134,2777,2523,2327,2175,2098,2011,1863,1661,1366,1048,758,623,596,636,723,826,861,862,870,896,916,932,899,803,655,521,394,281,198,153,106,27,-38,-91,-106,-147,-167,-202,-270,-307,-377,-452,-543,-638,-717,-801,-6820
2,0,2058,201312,4151,3887,3668,3479,3220,2989,2763,2572,2421,2306,2231,2146,2104,2135,2365,2967,3782,4800,5558,6161,6305,6380,6537,6773,7002,7228,7368,7407,7200,6903,6552,6125,5715,5369,5018,4604,4067,3609,3181,2820,2562,2368,2210,2132,2047,1894,1688,1397,1075,789,636,600,644,736,846,889,901,888,905,933,952,916,838,700,561,429,307,217,146,92,25,-34,-84,-115,-133,-162,-204,-254,-331,-391,-463,-569,-649,-740,-796,-6954
2,0,2059,204781,4217,3950,3730,3537,3272,3035,2806,2605,2456,2340,2263,2177,2131,2165,2395,3014,3838,4869,5657,6270,6413,6490,6652,6890,7126,7354,7497,7534,7324,7018,6659,6228,5808,5456,5101,4679,4168,3661,3229,2862,2597,2401,2245,2168,2076,1928,1721,1420,1094,810,663,609,648,750,858,901,928,926,927,944,965,938,859,735,597,465,346,244,161,81,11,-38,-86,-112,-136,-149,-199,-258,-324,-417,-486,-583,-680,-749,-823,-7071
2,0,2060,208264,4281,4013,3793,3593,3326,3084,2849,2648,2490,2371,2294,2204,2159,2191,2425,3048,3893,4946,5749,6377,6524,6603,6766,7013,7249,7481,7629,7661,7447,7134,6769,6331,5902,5544,5182,4751,4229,3754,3271,2899,2634,2437,2278,2200,2109,1955,1747,1444,1116,829,684,634,658,754,873,919,944,950,960,965,982,950,881,755,636,503,378,274,186,97,1,-54,-92,-112,-136,-159,-188,-252,-320,-405,-507,-607,-697,-786,-835,-7192
2,1,2023,40603,1099,731,718,719,723,688,685,652,603,599,567,562,596,561,603,788,894,1063,1145,1281,1307,1261,1174,1258,1386,1294,1461,1431,1456,1413,1395,1273,1030,943,894,881,710,571,478,385,325,284,291,305,318,321,293,192,80,28,-60,-87,-151,-76,-14,21,28,64,86,150,120,132,58,30,61,24,27,76,85,64,54,118,62,120,93,6,31,66,68,28,-10,-11,-15,-49,-40,-271
2,1,2024,42262,1121,1021,729,730,739,713,700,670,637,629,581,550,608,591,615,788,974,1092,1194,1308,1332,1395,1335,1271,1339,1455,1365,1555,1489,1536,1478,1367,1195,1018,891,852,743,632,482,406,370,292,318,332,319,307,299,181,96,-4,-8,-80,-86,-131,-40,13,70,50,114,120,152,93,106,34,-3,39,18,24,63,66,50,43,90,41,101,90,-11,7,39,33,0,-38,-29,-39,-58,-307
2,1,2025,43892,1145,1043,975,738,749,729,715,680,651,660,604,565,602,605,645,796,977,1185,1241,1347,1365,1423,1460,1402,1347,1431,1507,1480,1597,1586,1565,1467,1287,1182,987,876,713,655,536,423,382,338,332,349,352,306,280,185,88,9,-41,-24,-97,-59,-96,-3,58,96,101,141,129,120,59,71,14,-10,30,19,18,49,38,33,18,72,22,80,54,-30,-21,10,4,-32,-49,-48,-49,-347
2,1,2026,45932,1168,1067,996,951,757,736,729,700,655,671,638,593,621,619,670,843,1006,1211,1351,1429,1422,1481,1515,1547,1468,1457,1511,1617,1569,1664,1644,1524,1408,1251,1141,959,774,639,553,471,411,352,378,371,368,343,281,173,87,7,-29,-49,-26,-69,-26,-46,40,84,138,134,140,95,87,39,40,11,-13,32,7,16,27,25,9,12,55,15,44,25,-50,-39,-8,-28,-51,-64,-62,-380
2,1,2027,47963,1194,1090,1018,970,935,747,738,713,672,673,634,626,652,636,701,872,1063,1252,1388,1535,1529,1537,1584,1602,1593,1571,1553,1618,1683,1675,1691,1603,1432,1367,1185,1062,837,685,554,480,450,386,386,416,397,356,314,175,77,8,-34,-38,-49,2,-21,17,23,66,127,159,145,122,77,54,27,25,-7,-3,24,7,0,22,9,5,8,34,-2,11,-4,-55,-49,-37,-48,-70,-77,-422
2,1,2028,49579,1217,1114,1041,989,955,896,748,722,685,696,653,616,677,664,701,916,1098,1326,1431,1568,1594,1631,1607,1646,1656,1645,1656,1681,1671,1747,1715,1639,1506,1382,1278,1126,893,740,590,470,453,410,425,421,435,383,332,205,74,-11,-37,-49,-40,-21,27,19,65,57,116,158,164,129,99,52,21,8,4,-4,-5,11,-6,-15,1,0,5,0,6,-23,-22,-39,-61,-73,-57,-71,-82,-471
2,1,2029,50899,1242,1137,1065,1010,975,913,871,730,696,721,680,646,678,690,730,911,1140,1354,1518,1615,1625,1666,1679,1665,1677,1716,1694,1762,1735,1739,1757,1668,1541,1450,1297,1191,972,780,630,510,441,416,437,461,440,418,352,220,104,-14,-48,-51,-50,-17,17,49,68,86,121,150,167,134,98,58,6,-6,-16,-5,-8,-20,-15,-14,-33,-11,-15,-12,-20,-19,-50,-58,-67,-92,-94,-79,-86,-520
2,1,2030,51798,1268,1163,1087,1032,994,932,887,832,698,723,688,663,699,699,752,938,1147,1399,1536,1684,1671,1704,1707,1712,1697,1735,1745,1780,1778,1782,1756,1696,1555,1480,1348,1217,1003,844,656,532,464,409,441,468,465,425,382,239,113,12,-60,-66,-57,-25,16,41,88,100,129,152,150,136,99,55,17,-13,-30,-21,-27,-22,-42,-31,-35,-42,-29,-33,-39,-39,-49,-78,-87,-104,-110,-115,-95,-573
2,1,2031,52441,1293,1187,1110,1053,1013,951,902,846,786,741,700,668,703,704,758,952,1167,1413,1578,1717,1731,1750,1754,1741,1727,1752,1766,1816,1801,1815,1788,1699,1581,1488,1368,1249,1035,863,697,556,481,408,443,469,471,441,386,260,126,10,-43,-84,-73,-34,2,39,78,105,139,156,147,118,98,51,13,-15,-42,-41,-37,-41,-53,-54,-57,-50,-55,-47,-59,-62,-71,-83,-99,-121,-121,-125,-132,-620
2,1,2032,52789,1320,1212,1134,1074,1033,970,921,863,802,773,716,680,710,708,759,959,1179,1430,1601,1751,1766,1792,1792,1781,1757,1773,1786,1831,1823,1841,1818,1722,1588,1497,1381,1259,1056,890,718,577,497,421,436,467,476,448,394,260,144,18,-44,-71,-96,-52,-16,21,73,94,140,154,148,110,77,44,0,-15,-47,-56,-58,-59,-72,-67,-78,-75,-69,-68,-77,-84,-94,-102,-113,-131,-143,-142,-140,-707
2,1,2033,54161,1346,1238,1159,1098,1054,987,934,878,814,789,753,693,722,719,774,977,1206,1463,1639,1799,1814,1839,1842,1840,1814,1817,1824,1873,1865,1882,1870,1782,1629,1533,1409,1295,1085,938,764,618,533,453,453,468,480,458,412,272,144,40,-30,-67,-77,-69,-17,16,68,101,141,167,166,125,76,34,7,-17,-33,-46,-60,-62,-72,-74,-78,-82,-79,-72,-84,-92,-106,-117,-121,-138,-148,-158,-155,-774
2,1,2034,55520,1372,1264,1184,1119,1075,1006,953,894,830,801,768,724,732,731,787,993,1225,1492,1679,1841,1860,1887,1893,1888,1868,1871,1867,1914,1910,1926,1913,1832,1691,1576,1440,1320,1118,962,809,665,573,489,484,488,487,464,418,285,153,40,-7,-51,-72,-49,-31,16,67,97,146,169,171,137,94,36,-8,-13,-38,-34,-51,-63,-81,-77,-85,-82,-86,-82,-92,-102,-114,-130,-140,-150,-156,-161,-168,-851
2,1,2035,56885,1399,1290,1207,1144,1097,1026,972,909,845,815,780,736,762,743,800,1009,1249,1522,1716,1883,1908,1936,1941,1942,1915,1926,1924,1958,1949,1970,1958,1872,1738,1633,1480,1348,1143,992,831,705,614,525,518,518,506,464,419,290,166,52,-11,-31,-57,-42,-15,5,67,99,142,171,174,149,109,50,-10,-28,-31,-41,-41,-59,-81,-84,-88,-88,-87,-87,-99,-108,-128,-139,-153,-168,-166,-171,-175,-938
2,1,2036,58248,1428,1317,1234,1166,1118,1046,989,925,857,828,794,752,773,768,812,1025,1269,1548,1755,1929,1957,1984,1994,1992,1964,1974,1969,2010,1995,2009,1996,1915,1779,1678,1536,1387,1165,1012,857,725,656,568,553,549,531,484,421,291,172,58,-4,-31,-38,-30,-7,22,59,99,146,173,181,150,119,67,10,-30,-51,-33,-42,-48,-74,-82,-97,-92,-94,-91,-109,-119,-133,-151,-163,-184,-188,-186,-188,-1027
2,1,2037,59585,1454,1342,1258,1190,1140,1065,1007,941,876,842,803,761,782,782,841,1040,1290,1579,1789,1969,2001,2035,2042,2041,2016,2022,2020,2061,2046,2051,2037,1957,1816,1713,1577,1437,1200,1034,876,749,674,604,592,584,562,512,439,289,165,61,6,-24,-42,-12,5,29,70,90,145,175,179,154,119,78,26,-13,-49,-53,-39,-50,-67,-82,-96,-100,-95,-97,-109,-127,-144,-160,-177,-194,-206,-206,-197,-1116
2,1,2038,60943,1482,1370,1283,1214,1161,1084,1025,957,889,856,822,774,796,794,854,1078,1311,1606,1828,2014,2045,2080,2091,2087,2061,2069,2067,2103,2097,2107,2079,1994,1857,1754,1614,1479,1249,1063,892,765,697,621,627,618,596,539,464,304,162,56,8,-18,-34,-14,21,38,77,105,140,177,183,154,125,74,36,2,-35,-52,-57,-47,-70,-70,-93,-101,-103,-98,-116,-130,-155,-172,-186,-210,-216,-227,-220,-1208
2,1,2039,62306,1510,1396,1310,1237,1183,1106,1044,974,903,871,833,789,809,806,867,1093,1357,1634,1861,2058,2089,2127,2139,2138,2111,2118,2114,2152,2142,2157,2132,2035,1891,1790,1648,1508,1287,1112,922,778,710,643,644,656,629,570,487,327,176,48,-1,-18,-26,-7,19,53,88,111,155,174,184,156,122,80,31,12,-19,-38,-56,-64,-66,-76,-85,-98,-106,-108,-121,-135,-155,-182,-198,-221,-233,-241,-245,-1301
2,1,2040,63641,1539,1424,1335,1262,1204,1124,1062,988,919,883,845,802,821,817,883,1109,1378,1690,1897,2096,2134,2173,2185,2184,2159,2164,2160,2200,2189,2201,2181,2086,1934,1822,1686,1540,1316,1144,963,804,723,658,663,670,664,601,518,352,195,58,-9,-27,-29,-2,28,53,101,126,162,189,180,157,124,76,33,9,-8,-24,-46,-67,-83,-74,-89,-92,-101,-107,-127,-142,-167,-185,-212,-234,-248,-258,-258,-1413
2,1,2041,64986,1567,1452,1362,1287,1227,1144,1077,1003,933,897,860,813,831,828,894,1126,1396,1718,1965,2135,2175,2220,2234,2234,2208,2210,2206,2243,2234,2247,2228,2135,1982,1862,1714,1575,1343,1169,991,842,745,668,674,690,678,633,549,379,215,78,-2,-36,-35,-1,33,62,103,136,173,194,196,154,125,75,29,13,-15,-13,-29,-51,-85,-87,-90,-94,-100,-105,-132,-147,-171,-197,-214,-247,-260,-272,-276,-1524
2,1,2042,66313,1596,1479,1388,1310,1249,1164,1096,1021,948,908,874,827,842,841,907,1139,1417,1750,1999,2213,2217,2261,2282,2278,2252,2257,2253,2288,2282,2293,2271,2179,2027,1909,1747,1598,1370,1190,1012,871,781,691,687,704,694,648,575,408,244,96,16,-25,-43,-6,35,69,111,137,188,206,204,172,116,73,29,5,-10,-19,-21,-40,-74,-94,-105,-93,-100,-101,-128,-156,-182,-200,-225,-254,-276,-287,-293,-1649
2,1,2043,67667,1624,1507,1416,1333,1270,1185,1114,1037,961,921,888,839,851,850,923,1157,1440,1776,2038,2253,2300,2308,2328,2326,2301,2300,2294,2331,2329,2338,2315,2222,2071,1951,1795,1632,1392,1214,1032,887,806,727,708,714,708,665,589,436,271,122,38,-11,-37,-16,32,69,115,146,190,221,215,176,135,64,24,3,-17,-17,-26,-31,-62,-83,-106,-111,-101,-103,-124,-152,-183,-211,-231,-266,-280,-303,-310,-1775
2,1,2044,69028,1652,1534,1441,1359,1293,1204,1129,1053,977,936,898,851,862,864,934,1169,1461,1808,2076,2296,2343,2387,2372,2373,2345,2349,2341,2379,2375,2381,2361,2265,2114,1992,1833,1672,1423,1233,1052,905,822,752,740,735,720,677,603,447,299,148,60,9,-22,-7,23,68,118,149,196,222,231,189,139,81,12,-3,-19,-25,-23,-38,-55,-72,-99,-114,-115,-103,-127,-146,-183,-215,-243,-271,-296,-307,-325,-1896
2,1,2045,70370,1681,1563,1468,1381,1313,1225,1147,1067,991,946,910,864,873,875,948,1187,1481,1832,2112,2339,2388,2432,2455,2419,2394,2393,2385,2424,2419,2424,2404,2308,2158,2033,1874,1710,1460,1257,1065,920,837,765,762,768,741,688,611,462,307,171,86,29,-6,8,34,63,115,155,203,231,235,203,153,87,29,-14,-27,-28,-32,-35,-64,-65,-90,-105,-119,-118,-129,-154,-177,-217,-249,-284,-304,-321,-328,-2032
2,1,2046,71759,1710,1592,1497,1407,1338,1245,1165,1081,1005,961,926,877,883,884,960,1203,1504,1860,2147,2380,2429,2477,2502,2492,2438,2437,2430,2466,2462,2470,2450,2353,2197,2074,1910,1746,1496,1291,1086,934,852,783,778,790,771,708,621,466,317,176,109,53,16,23,48,74,113,155,209,241,243,211,170,101,34,1,-40,-34,-34,-46,-59,-75,-84,-98,-111,-124,-143,-150,-185,-209,-249,-291,-317,-332,-343,-2145
2,1,2047,73125,1740,1620,1522,1432,1360,1265,1183,1097,1022,975,941,890,895,897,974,1219,1524,1891,2186,2425,2476,2525,2550,2541,2506,2484,2473,2510,2510,2514,2491,2392,2240,2111,1951,1779,1525,1324,1118,949,860,798,790,805,794,736,639,475,322,187,111,74,38,43,61,83,122,152,208,245,254,217,171,116,45,7,-25,-50,-43,-48,-70,-72,-92,-92,-103,-116,-146,-170,-188,-219,-240,-289,-323,-350,-353,-2266
2,1,2048,74488,1768,1649,1548,1458,1381,1286,1200,1113,1037,987,952,903,905,909,986,1234,1545,1922,2222,2467,2522,2570,2595,2592,2554,2549,2519,2553,2555,2557,2535,2434,2280,2153,1983,1811,1558,1350,1145,978,874,808,805,820,806,756,665,489,325,191,119,77,56,62,77,96,133,161,210,247,259,226,182,117,60,16,-21,-36,-56,-55,-71,-82,-92,-98,-99,-108,-140,-170,-202,-220,-252,-281,-323,-357,-368,-2383
2,1,2049,75866,1798,1676,1578,1481,1405,1307,1219,1131,1052,1003,965,915,917,922,1001,1251,1569,1950,2259,2510,2566,2617,2643,2635,2602,2597,2582,2599,2598,2600,2578,2475,2321,2190,2024,1845,1587,1375,1167,1000,903,823,816,834,823,768,682,516,338,191,122,84,60,82,96,112,143,172,219,247,261,234,188,127,60,32,-11,-32,-43,-66,-81,-86,-100,-100,-102,-104,-133,-168,-211,-238,-253,-297,-318,-357,-379,-2498
2,1,2050,77251,1827,1706,1604,1506,1427,1327,1237,1147,1066,1014,980,929,927,934,1012,1266,1588,1982,2296,2553,2613,2663,2692,2685,2650,2639,2626,2658,2642,2644,2620,2521,2361,2229,2057,1877,1616,1400,1188,1021,925,847,829,844,837,785,694,532,364,201,119,86,67,86,113,132,159,186,231,257,266,230,194,131,65,26,2,-22,-39,-56,-92,-93,-105,-104,-103,-112,-131,-159,-201,-245,-272,-297,-326,-349,-377,-2604
2,1,2051,78642,1858,1735,1631,1531,1449,1348,1255,1162,1081,1026,994,942,939,945,1025,1284,1610,2010,2336,2597,2659,2713,2739,2734,2699,2686,2673,2705,2706,2686,2665,2561,2402,2265,2094,1910,1645,1424,1212,1039,943,869,855,861,849,799,704,541,379,221,132,83,66,92,121,145,176,199,243,270,271,235,189,133,73,37,1,-8,-30,-53,-81,-105,-113,-113,-114,-112,-136,-159,-196,-237,-279,-317,-330,-362,-372,-2703
2,1,2052,79984,1886,1764,1660,1556,1473,1370,1273,1179,1098,1041,1006,954,951,956,1038,1299,1631,2040,2373,2641,2702,2760,2788,2783,2746,2734,2717,2748,2750,2746,2706,2603,2441,2305,2128,1940,1675,1448,1232,1060,959,887,874,882,862,808,715,550,385,236,147,92,65,91,125,151,189,210,253,282,289,243,190,133,72,41,5,-12,-21,-47,-81,-96,-123,-121,-118,-121,-138,-164,-192,-231,-273,-329,-358,-366,-380,-2782
2,1,2053,81366,1917,1791,1687,1581,1495,1389,1291,1195,1111,1054,1021,968,962,970,1051,1316,1654,2070,2412,2684,2749,2805,2837,2831,2792,2782,2766,2792,2797,2791,2766,2644,2480,2340,2165,1972,1705,1475,1250,1074,975,906,893,904,884,822,723,560,392,235,161,112,73,92,127,158,193,227,271,298,298,258,201,129,67,40,11,-9,-23,-35,-75,-97,-117,-132,-125,-127,-148,-168,-203,-228,-264,-322,-367,-393,-389,-2854
2,1,2054,82757,1947,1822,1715,1606,1520,1412,1311,1213,1126,1068,1032,980,972,981,1066,1332,1676,2100,2450,2730,2796,2855,2888,2881,2841,2829,2810,2839,2841,2835,2809,2701,2520,2379,2196,2004,1733,1497,1273,1093,991,923,908,920,903,844,733,564,397,243,162,123,90,101,128,161,198,233,287,311,315,273,215,136,62,35,7,-5,-20,-39,-64,-93,-116,-124,-138,-134,-151,-176,-206,-239,-265,-312,-357,-401,-419,-2926
2,1,2055,84136,1978,1851,1745,1632,1541,1433,1328,1227,1144,1085,1048,995,986,993,1080,1348,1698,2128,2488,2774,2845,2902,2937,2932,2890,2878,2855,2886,2888,2880,2851,2744,2577,2415,2233,2033,1758,1520,1289,1110,1006,936,924,938,921,861,755,576,398,245,166,124,102,116,133,163,203,239,290,327,332,286,228,149,70,29,3,-8,-17,-35,-68,-84,-110,-127,-131,-145,-160,-183,-216,-241,-274,-311,-351,-393,-431,-3024
2,1,2056,85566,2009,1881,1772,1659,1567,1455,1345,1245,1159,1098,1061,1007,996,1005,1092,1364,1722,2158,2527,2820,2891,2949,2985,2984,2939,2925,2902,2932,2936,2924,2898,2789,2621,2471,2266,2065,1787,1543,1310,1125,1024,953,941,953,939,876,770,592,407,246,168,124,102,125,150,168,207,243,300,334,347,305,244,165,82,35,-4,-14,-18,-34,-68,-88,-105,-122,-129,-137,-172,-190,-222,-253,-277,-324,-347,-387,-420,-3107
2,1,2057,86960,2041,1912,1799,1683,1591,1475,1364,1261,1174,1111,1075,1020,1007,1016,1108,1382,1744,2191,2567,2863,2936,3002,3038,3033,2989,2974,2951,2981,2981,2971,2942,2832,2660,2511,2320,2095,1810,1566,1329,1142,1039,967,955,970,955,893,787,607,423,250,165,126,105,127,158,184,211,245,304,341,354,321,263,179,95,47,3,-24,-28,-36,-68,-89,-110,-115,-128,-139,-165,-207,-233,-263,-291,-326,-362,-387,-411,-3179
2,1,2058,88423,2071,1942,1829,1712,1613,1497,1382,1279,1191,1124,1089,1031,1020,1030,1122,1398,1768,2223,2606,2908,2985,3051,3089,3086,3041,3025,2997,3028,3027,3018,2987,2875,2703,2549,2356,2144,1839,1587,1349,1158,1053,983,970,986,972,907,799,622,434,265,170,123,106,130,163,191,226,254,308,349,363,327,278,200,114,59,10,-18,-34,-45,-70,-87,-109,-121,-121,-136,-166,-199,-246,-271,-299,-340,-366,-399,-408,-3233
2,1,2059,89844,2103,1972,1859,1738,1638,1520,1403,1297,1207,1140,1105,1046,1030,1041,1136,1417,1789,2251,2649,2957,3036,3099,3141,3134,3093,3073,3045,3075,3074,3062,3033,2918,2744,2587,2392,2178,1886,1608,1369,1173,1063,996,984,1000,987,924,813,630,442,273,181,127,104,133,165,195,232,266,317,352,369,338,286,214,129,75,24,-7,-32,-55,-78,-91,-110,-120,-123,-129,-162,-201,-240,-289,-313,-352,-384,-405,-423,-3279
2,1,2060,91257,2134,2002,1888,1763,1663,1542,1422,1313,1222,1153,1118,1058,1044,1055,1147,1431,1812,2283,2687,3003,3084,3151,3193,3190,3143,3124,3096,3120,3121,3108,3078,2964,2787,2627,2428,2208,1912,1651,1381,1186,1078,1011,998,1014,1002,935,823,642,451,280,189,136,104,130,169,199,238,273,328,361,375,341,295,221,147,94,38,2,-23,-49,-85,-100,-115,-121,-126,-135,-159,-197,-242,-282,-328,-363,-395,-422,-430,-3337
2,2,2023,49600,1075,640,613,653,602,584,579,549,531,549,553,548,543,558,620,724,889,1103,1203,1301,1358,1388,1447,1546,1733,1767,1965,1938,1850,1685,1490,1344,1177,1142,1118,1051,969,803,775,686,584,517,458,399,410,369,306,258,175,123,99,98,100,163,205,263,246,252,218,106,224,203,177,143,178,124,131,206,227,213,195,210,147,79,138,102,38,63,110,88,45,40,24,-5,-26,-472
2,2,2024,51507,1097,969,622,659,623,610,596,572,566,560,574,560,567,583,636,756,925,1141,1218,1381,1396,1417,1511,1655,1758,1908,1957,2007,1930,1781,1612,1392,1300,1169,1147,1062,991,880,771,714,618,559,466,429,397,370,325,264,185,116,110,111,156,136,214,240,278,270,238,205,121,219,192,155,150,150,110,125,187,196,190,166,179,138,58,115,84,25,52,72,59,13,14,-5,-31,-487
2,2,2025,53371,1118,991,909,668,629,627,620,588,582,593,577,582,573,611,661,777,967,1194,1255,1411,1461,1463,1561,1697,1851,1941,2054,2048,1967,1862,1706,1501,1334,1278,1173,1110,987,906,833,714,652,583,503,443,427,358,324,281,195,129,98,122,165,183,192,248,261,298,258,226,217,129,211,168,155,154,153,111,115,167,169,154,128,152,103,62,96,61,8,21,45,21,-13,-21,-32,-489
2,2,2026,55543,1143,1015,931,918,639,639,634,611,593,598,606,594,602,624,701,822,1000,1252,1340,1455,1521,1533,1602,1781,1907,2032,2098,2114,2018,1909,1783,1602,1436,1311,1268,1143,1048,913,858,780,660,625,535,479,439,401,312,284,209,147,113,124,184,205,245,227,263,279,282,241,236,230,125,198,164,131,160,151,96,125,155,145,126,112,113,89,61,70,39,-22,6,13,-8,-46,-46,-508
2,2,2027,57627,1167,1039,953,939,849,647,646,628,622,619,617,618,617,658,719,861,1059,1298,1400,1557,1551,1604,1678,1815,1977,2088,2186,2164,2083,1947,1825,1671,1536,1400,1319,1207,1074,957,879,792,722,642,568,521,469,407,359,263,209,152,130,143,192,234,266,288,242,270,269,269,254,241,213,117,184,147,113,145,133,83,127,130,112,108,87,94,77,42,47,10,-31,-15,-13,-44,-70,-545
2,2,2028,59347,1192,1063,977,960,872,823,654,633,637,647,632,634,635,661,744,890,1098,1361,1455,1604,1644,1628,1728,1874,2016,2145,2237,2249,2115,2010,1861,1692,1592,1493,1380,1273,1125,978,900,820,722,681,587,543,504,435,365,307,189,145,136,144,210,235,291,297,302,259,251,261,277,260,225,183,123,152,136,106,137,118,75,96,96,90,72,66,71,52,32,14,-12,-49,-32,-48,-68,-621
2,2,2029,60993,1218,1088,1002,985,891,839,801,643,648,684,654,653,653,680,751,912,1135,1408,1524,1683,1682,1709,1765,1920,2077,2207,2290,2291,2199,2025,1904,1738,1599,1529,1458,1309,1188,1039,922,825,743,691,616,558,523,468,392,319,227,128,126,148,201,244,292,321,305,309,243,240,274,276,241,193,178,98,142,124,101,115,100,67,69,72,57,59,48,45,32,2,-10,-45,-63,-59,-76,-669
2,2,2030,62343,1243,1114,1027,1008,911,860,818,767,648,694,684,670,672,698,773,932,1165,1453,1572,1743,1770,1754,1825,1966,2116,2265,2356,2346,2236,2086,1913,1764,1640,1544,1483,1367,1222,1083,973,849,747,696,622,577,538,478,418,331,235,157,109,136,204,240,308,319,327,308,279,219,250,274,253,205,172,143,80,118,100,94,90,70,57,52,43,37,38,26,24,-5,-23,-48,-70,-94,-84,-717
2,2,2031,63426,1269,1139,1052,1031,933,881,838,786,750,704,696,685,679,708,789,955,1189,1487,1620,1787,1819,1820,1879,2016,2164,2297,2406,2404,2292,2125,1953,1771,1657,1574,1503,1392,1259,1113,1014,888,772,698,625,583,553,491,423,358,247,163,134,127,191,241,297,327,323,326,285,252,228,244,244,206,184,131,111,83,88,76,70,51,39,42,22,24,19,14,5,-12,-35,-62,-81,-107,-120,-778
2,2,2032,64159,1295,1166,1077,1054,956,901,855,802,766,749,705,694,690,718,797,968,1209,1515,1652,1827,1859,1865,1931,2069,2211,2345,2449,2448,2334,2178,1999,1798,1665,1584,1520,1407,1286,1143,1035,924,799,719,622,580,554,501,430,360,269,177,135,145,184,233,295,315,319,316,291,259,246,230,214,196,174,135,107,81,68,58,44,30,12,16,2,0,1,-6,-11,-30,-48,-78,-95,-121,-135,-880
2,2,2033,65930,1321,1191,1103,1078,977,922,872,821,782,762,751,708,703,731,815,988,1239,1557,1702,1877,1913,1918,1989,2133,2281,2407,2512,2512,2395,2236,2069,1866,1711,1617,1555,1441,1318,1184,1078,960,844,758,653,589,564,512,447,376,274,203,152,155,208,234,297,324,322,326,294,274,265,252,216,187,184,140,119,91,70,60,42,31,11,11,0,2,-2,-12,-18,-38,-54,-83,-106,-132,-145,-962
2,2,2034,67694,1348,1218,1129,1103,1000,942,892,837,800,778,765,751,716,742,830,1011,1272,1591,1747,1932,1966,1972,2044,2192,2346,2481,2578,2574,2455,2292,2122,1934,1777,1659,1589,1476,1349,1216,1118,997,878,798,686,616,573,518,459,391,293,207,179,172,221,252,301,328,331,327,306,279,284,273,237,182,171,147,121,107,81,59,42,25,8,11,-8,-6,-4,-17,-23,-47,-61,-90,-112,-141,-158,-1043
2,2,2035,69488,1376,1245,1156,1127,1024,963,911,855,815,793,781,765,753,754,846,1030,1297,1630,1800,1983,2021,2028,2100,2253,2410,2551,2652,2642,2518,2350,2175,1983,1836,1725,1628,1503,1381,1244,1147,1039,915,830,725,652,596,529,463,400,305,221,184,197,236,269,321,331,335,339,308,293,290,290,258,203,167,136,130,113,91,68,42,22,6,8,-9,-10,-7,-18,-30,-53,-71,-100,-120,-151,-171,-1135
2,2,2036,71278,1404,1273,1183,1153,1046,984,930,871,831,810,796,779,770,794,859,1050,1325,1667,1841,2037,2075,2083,2155,2313,2475,2620,2730,2720,2582,2408,2228,2033,1884,1778,1686,1540,1407,1272,1174,1063,952,864,757,685,628,552,471,402,312,234,200,200,261,286,337,352,338,341,315,293,302,296,275,226,192,133,119,116,93,76,48,18,8,4,-9,-10,-14,-22,-29,-59,-79,-111,-134,-158,-178,-1234
2,2,2037,73065,1433,1301,1210,1178,1068,1003,949,889,849,827,813,794,782,806,901,1071,1350,1703,1890,2086,2129,2137,2211,2370,2538,2686,2799,2791,2659,2469,2284,2079,1931,1825,1740,1599,1443,1295,1196,1085,977,898,787,716,660,580,490,405,313,240,209,217,266,310,353,367,359,346,322,303,302,308,282,243,212,154,111,103,101,80,57,27,4,3,-14,-14,-14,-27,-35,-61,-85,-122,-145,-173,-188,-1331
2,2,2038,74882,1461,1330,1238,1204,1093,1027,966,908,867,842,825,812,797,817,918,1116,1377,1743,1936,2138,2181,2191,2269,2434,2601,2755,2870,2865,2730,2540,2338,2128,1977,1865,1781,1647,1495,1328,1217,1106,996,920,818,744,688,613,519,432,313,239,213,226,284,319,379,386,375,366,321,304,312,307,296,249,228,174,133,100,89,84,58,34,13,-2,-15,-16,-17,-28,-41,-68,-87,-130,-157,-186,-208,-1428
2,2,2039,76653,1490,1358,1266,1230,1119,1048,989,926,885,857,844,823,813,834,931,1137,1437,1776,1979,2187,2234,2242,2324,2491,2669,2824,2939,2938,2801,2609,2403,2182,2022,1905,1820,1683,1540,1375,1246,1127,1018,944,838,772,718,639,551,456,335,236,212,233,293,333,386,407,387,378,344,309,315,316,292,258,231,192,151,117,84,71,59,32,16,5,-19,-18,-21,-32,-43,-73,-99,-129,-171,-200,-226,-1547
2,2,2040,78477,1519,1387,1294,1257,1141,1071,1008,944,902,876,858,842,824,850,946,1161,1460,1846,2024,2237,2285,2294,2381,2554,2733,2894,3011,3010,2869,2674,2468,2241,2071,1950,1860,1723,1573,1418,1290,1154,1034,959,860,796,744,667,579,490,363,259,208,232,298,343,400,415,411,393,356,327,317,319,302,258,242,191,167,134,98,64,47,34,14,9,-12,-23,-22,-35,-46,-78,-105,-145,-172,-214,-239,-1662
2,2,2041,80285,1548,1416,1322,1283,1165,1091,1026,963,920,891,873,854,840,861,962,1179,1494,1881,2102,2285,2337,2349,2436,2610,2798,2962,3081,3081,2937,2738,2526,2301,2127,1995,1898,1758,1610,1450,1332,1195,1060,970,872,811,764,694,607,512,394,285,231,230,298,353,416,432,420,414,371,343,339,322,303,265,239,201,165,146,113,78,41,23,17,10,-10,-17,-27,-38,-50,-80,-109,-156,-186,-220,-254,-1784
2,2,2042,82094,1577,1443,1351,1308,1189,1113,1045,982,935,906,885,868,852,876,977,1201,1519,1921,2150,2373,2386,2399,2489,2671,2859,3029,3153,3153,3005,2803,2587,2355,2181,2048,1942,1795,1639,1483,1357,1233,1098,997,887,824,777,710,632,537,419,316,257,249,301,352,422,444,436,424,389,357,352,342,303,268,247,196,174,146,126,92,53,17,5,11,-12,-15,-23,-42,-53,-84,-114,-156,-200,-233,-258,-1914
2,2,2043,83920,1606,1473,1378,1336,1214,1135,1065,998,951,922,900,881,866,887,993,1224,1551,1959,2195,2424,2475,2448,2543,2729,2924,3100,3230,3228,3076,2867,2644,2409,2233,2099,1989,1831,1674,1512,1385,1256,1131,1032,906,837,792,726,648,565,443,339,287,273,318,358,426,454,448,435,399,378,367,355,324,268,245,207,168,154,126,102,62,24,0,-1,-8,-17,-21,-37,-58,-89,-120,-164,-205,-252,-276,-2039
2,2,2044,85776,1636,1503,1407,1362,1238,1159,1085,1016,970,940,917,899,881,899,1007,1247,1579,1998,2243,2477,2529,2539,2595,2785,2990,3168,3297,3297,3145,2933,2705,2465,2282,2146,2039,1879,1709,1543,1411,1282,1159,1065,941,854,801,735,661,576,468,364,310,304,341,379,433,456,458,449,412,386,389,373,339,287,244,203,175,148,132,100,71,34,8,-10,-21,-16,-20,-35,-55,-92,-124,-172,-210,-257,-295,-2174
2,2,2045,87646,1667,1533,1437,1392,1266,1181,1105,1034,988,955,931,912,893,915,1021,1268,1609,2038,2292,2529,2581,2593,2683,2844,3053,3235,3369,3372,3217,3000,2764,2520,2332,2192,2080,1923,1751,1575,1440,1305,1183,1085,970,888,816,747,671,589,479,387,332,324,370,403,452,463,466,455,424,403,395,395,357,302,264,201,174,152,124,106,70,40,15,-1,-25,-24,-21,-36,-52,-90,-129,-175,-221,-265,-301,-2311
2,2,2046,89499,1697,1563,1465,1419,1288,1203,1125,1055,1005,973,947,926,908,930,1039,1292,1639,2075,2340,2582,2636,2645,2739,2930,3116,3305,3443,3443,3286,3062,2821,2572,2383,2241,2126,1960,1791,1615,1467,1330,1201,1105,989,913,849,763,680,596,488,396,357,346,389,430,476,481,468,463,432,412,410,402,379,317,279,221,172,148,129,99,76,42,22,6,-19,-31,-30,-38,-54,-90,-129,-183,-229,-273,-311,-2432
2,2,2047,91395,1728,1594,1496,1446,1314,1227,1144,1073,1023,988,961,941,923,946,1056,1312,1668,2120,2387,2634,2690,2699,2797,2990,3204,3374,3515,3517,3355,3129,2881,2629,2435,2286,2168,2003,1826,1652,1503,1357,1225,1126,1011,933,875,792,695,602,493,404,365,372,413,449,503,504,490,464,439,420,422,418,387,341,294,232,189,146,125,103,68,44,19,12,-13,-23,-36,-46,-53,-88,-126,-183,-237,-283,-321,-2562
2,2,2048,93271,1759,1624,1527,1474,1340,1248,1167,1091,1040,1006,975,956,936,957,1073,1336,1700,2157,2439,2689,2743,2756,2851,3050,3271,3464,3586,3591,3424,3194,2939,2685,2485,2334,2212,2045,1864,1688,1536,1390,1251,1149,1027,949,889,816,726,612,499,407,371,381,436,474,525,532,509,486,441,426,432,429,403,346,317,248,200,161,123,100,67,37,20,5,-11,-18,-31,-53,-65,-91,-127,-180,-232,-295,-330,-2692
2,2,2049,95131,1790,1655,1555,1503,1364,1272,1186,1110,1058,1021,993,970,952,970,1089,1357,1730,2195,2489,2742,2799,2812,2909,3112,3337,3536,3678,3663,3494,3259,2998,2737,2536,2380,2256,2083,1902,1722,1565,1420,1280,1169,1046,968,908,833,750,643,507,410,375,388,443,494,549,553,535,503,458,430,435,438,413,361,323,270,214,172,136,96,64,35,13,9,-11,-16,-27,-48,-70,-102,-133,-188,-237,-293,-344,-2820
2,2,2050,97067,1822,1685,1587,1530,1392,1297,1207,1129,1078,1041,1008,986,965,983,1105,1382,1760,2238,2541,2799,2856,2868,2966,3176,3404,3608,3750,3759,3563,3324,3058,2790,2584,2429,2300,2124,1935,1754,1597,1449,1309,1197,1065,985,920,847,762,667,537,419,375,394,454,509,570,575,554,527,479,448,439,442,421,376,338,273,234,183,143,106,60,30,13,1,-13,-17,-20,-39,-68,-111,-144,-188,-243,-291,-344,-2936
2,2,2051,98988,1853,1718,1617,1560,1418,1320,1227,1150,1096,1056,1025,1001,981,1000,1122,1405,1793,2278,2588,2853,2911,2921,3026,3236,3471,3680,3827,3833,3654,3389,3117,2844,2635,2476,2344,2162,1975,1789,1627,1474,1331,1222,1092,1002,941,863,779,679,558,448,385,394,456,518,585,595,577,546,502,467,459,447,424,382,349,289,237,199,151,111,70,25,10,-1,-19,-16,-27,-41,-60,-104,-154,-204,-244,-302,-341,-3044
2,2,2052,100899,1885,1748,1648,1589,1444,1342,1249,1169,1113,1075,1041,1017,993,1014,1138,1428,1823,2318,2638,2909,2967,2978,3082,3301,3538,3751,3902,3909,3727,3476,3176,2898,2685,2521,2387,2205,2013,1822,1655,1501,1360,1246,1115,1027,953,877,791,689,570,466,410,404,461,523,594,612,596,566,521,492,480,465,430,385,356,298,248,204,168,118,72,34,4,-9,-19,-23,-28,-43,-60,-104,-149,-218,-266,-304,-352,-3136
2,2,2053,102867,1916,1781,1679,1618,1470,1368,1271,1191,1135,1091,1058,1032,1010,1029,1157,1450,1855,2362,2690,2964,3023,3034,3144,3360,3606,3825,3979,3984,3799,3543,3255,2949,2735,2568,2428,2243,2048,1856,1685,1528,1385,1270,1136,1049,979,895,805,703,580,478,433,427,468,528,603,618,612,586,539,514,506,489,448,387,357,304,258,214,169,133,78,39,10,-12,-25,-26,-30,-42,-60,-99,-143,-210,-277,-328,-357,-3243
2,2,2054,104811,1949,1814,1710,1647,1497,1392,1291,1208,1153,1107,1072,1049,1024,1044,1172,1475,1883,2402,2742,3022,3082,3093,3203,3427,3676,3899,4055,4062,3871,3608,3316,3027,2785,2611,2474,2284,2083,1889,1714,1557,1409,1291,1157,1069,999,915,818,713,589,482,438,451,494,539,609,630,621,597,563,533,527,513,472,408,357,306,265,220,177,132,89,43,13,-6,-31,-31,-34,-51,-64,-104,-144,-206,-275,-343,-381,-3327
2,2,2055,106836,1981,1846,1743,1677,1525,1417,1314,1230,1171,1125,1089,1064,1040,1057,1189,1497,1920,2449,2795,3079,3141,3152,3262,3490,3745,3974,4136,4142,3946,3677,3380,3082,2856,2659,2516,2326,2119,1923,1746,1583,1435,1315,1179,1090,1017,936,840,724,597,491,447,457,512,563,623,636,632,608,572,555,547,533,499,431,378,306,261,223,183,138,87,49,14,-2,-25,-35,-40,-48,-67,-105,-148,-205,-270,-336,-398,-3426
2,2,2056,108819,2013,1877,1773,1707,1553,1440,1336,1251,1191,1144,1106,1081,1054,1073,1208,1523,1949,2489,2847,3137,3200,3212,3324,3558,3817,4049,4213,4218,4021,3745,3440,3137,2906,2724,2560,2364,2157,1957,1775,1608,1461,1336,1198,1109,1037,953,860,745,607,499,452,464,522,585,651,651,639,619,581,566,566,555,519,455,401,322,261,223,183,142,91,46,21,1,-25,-30,-42,-55,-72,-114,-151,-212,-267,-333,-394,-3544
2,2,2057,110855,2046,1911,1806,1738,1578,1466,1358,1273,1211,1161,1125,1098,1069,1090,1224,1546,1983,2532,2900,3195,3258,3271,3384,3622,3891,4127,4290,4300,4095,3814,3503,3195,2960,2773,2619,2405,2191,1988,1805,1635,1484,1360,1220,1128,1056,970,874,759,625,508,458,470,531,596,668,677,651,625,592,575,578,578,540,476,426,347,278,222,181,142,95,51,19,9,-19,-28,-37,-63,-74,-114,-161,-217,-276,-330,-390,-3641
2,2,2058,112889,2080,1945,1839,1767,1607,1492,1381,1293,1230,1182,1142,1115,1084,1105,1243,1569,2014,2577,2952,3253,3320,3329,3448,3687,3961,4203,4371,4379,4173,3885,3565,3250,3012,2820,2662,2460,2228,2022,1832,1662,1509,1385,1240,1146,1075,987,889,775,641,524,466,477,538,606,683,698,675,634,597,584,589,589,560,500,447,370,297,235,180,137,95,53,25,6,-12,-26,-38,-55,-85,-120,-164,-229,-283,-341,-388,-3721
2,2,2059,114937,2114,1978,1871,1799,1634,1515,1403,1308,1249,1200,1158,1131,1101,1124,1259,1597,2049,2618,3008,3313,3377,3391,3511,3756,4033,4281,4452,4459,4250,3956,3626,3310,3064,2869,2709,2501,2282,2053,1860,1689,1534,1405,1261,1168,1089,1004,908,790,652,537,482,482,544,617,693,706,696,660,610,592,596,600,573,521,468,390,322,251,193,136,89,53,24,8,-13,-20,-37,-57,-84,-128,-173,-231,-296,-344,-400,-3792
2,2,2060,117007,2147,2011,1905,1830,1663,1542,1427,1335,1268,1218,1176,1146,1115,1136,1278,1617,2081,2663,3062,3374,3440,3452,3573,3823,4106,4357,4533,4541,4326,4026,3691,3367,3115,2917,2754,2543,2317,2103,1890,1713,1556,1426,1280,1186,1107,1020,924,802,665,549,495,498,554,624,704,720,706,677,632,604,607,609,586,534,489,409,340,272,209,146,86,46,23,9,-10,-24,-29,-55,-78,-123,-179,-244,-302,-364,-405,-3855
3,0,2023,1604,202,66,51,48,57,76,79,92,92,114,116,107,93,104,101,103,110,121,116,121,116,119,112,109,144,163,173,156,168,157,145,106,98,57,46,26,1,-44,-51,-71,-88,-92,-101,-91,-64,-64,-66,-80,-84,-97,-103,-101,-95,-83,-73,-58,-42,-38,-30,-44,-41,-49,-59,-53,-50,-47,-42,-32,-25,-11,-5,-4,-2,-16,-4,-5,-15,-6,-11,-14,-13,-12,-11,-11,-3,-60
3,0,2024,1767,201,148,56,53,62,81,82,94,93,115,113,109,94,101,103,111,110,117,122,119,120,124,126,124,137,159,175,169,165,162,151,125,103,74,43,35,6,-26,-52,-66,-69,-91,-94,-84,-71,-62,-70,-83,-90,-99,-102,-100,-97,-86,-76,-62,-47,-37,-37,-37,-52,-49,-58,-59,-63,-54,-44,-37,-27,-22,-6,-3,-5,-11,-16,-9,-9,-17,-5,-16,-14,-13,-12,-10,-5,-61
3,0,2025,1858,201,147,121,58,66,85,82,93,91,116,108,105,97,97,96,111,117,121,124,129,119,127,131,132,146,158,172,168,173,164,154,127,116,79,61,34,16,-23,-33,-65,-68,-75,-93,-80,-63,-69,-69,-83,-92,-98,-105,-102,-93,-87,-79,-66,-51,-42,-38,-42,-46,-63,-58,-61,-66,-65,-53,-41,-31,-23,-18,-4,-7,-10,-13,-21,-12,-12,-16,-13,-17,-14,-13,-12,-9,-70
3,0,2026,1986,202,148,120,105,70,87,88,95,92,114,103,104,92,101,97,110,120,127,130,128,136,128,138,138,155,167,164,162,175,168,158,133,120,93,63,47,15,-9,-33,-49,-62,-71,-79,-74,-59,-64,-72,-81,-92,-100,-105,-104,-94,-83,-80,-67,-54,-44,-45,-39,-49,-57,-70,-61,-65,-67,-62,-48,-35,-28,-17,-16,-8,-17,-12,-17,-20,-16,-15,-23,-12,-15,-13,-13,-13,-78
3,0,2027,2119,203,149,123,108,106,90,88,97,94,112,107,102,91,101,100,111,114,129,138,137,131,135,141,146,164,176,175,162,172,171,162,142,128,95,76,57,28,-10,-23,-46,-45,-66,-75,-63,-57,-62,-66,-87,-88,-101,-107,-102,-98,-85,-77,-68,-57,-49,-43,-48,-50,-60,-66,-68,-69,-67,-63,-57,-39,-29,-22,-15,-18,-19,-17,-17,-19,-23,-17,-23,-19,-13,-14,-15,-14,-86
3,0,2028,2257,203,150,124,107,103,117,91,100,95,117,103,101,89,99,101,108,112,127,138,143,141,138,147,147,169,184,187,177,170,172,169,147,138,108,82,67,37,1,-16,-34,-43,-50,-70,-58,-43,-54,-66,-79,-97,-97,-107,-105,-97,-87,-78,-66,-59,-52,-50,-47,-57,-60,-71,-68,-73,-70,-64,-56,-47,-35,-22,-19,-18,-26,-19,-20,-19,-22,-27,-23,-21,-19,-18,-16,-17,-90
3,0,2029,2326,204,150,123,108,106,118,110,101,97,113,101,98,86,97,101,112,119,126,140,145,144,145,145,154,173,192,190,181,184,169,166,148,138,116,93,75,51,6,-11,-32,-32,-50,-57,-54,-41,-46,-60,-77,-89,-105,-105,-106,-98,-84,-81,-66,-56,-52,-52,-54,-57,-69,-70,-73,-77,-77,-69,-59,-46,-39,-27,-20,-22,-27,-25,-23,-23,-23,-24,-30,-23,-23,-26,-17,-13,-109
3,0,2030,2425,205,151,125,109,106,117,109,113,95,118,98,101,89,97,101,111,114,129,134,145,146,150,157,148,178,191,197,190,190,180,168,149,141,119,99,83,57,19,-5,-23,-29,-35,-56,-44,-37,-39,-50,-73,-86,-97,-114,-102,-97,-86,-79,-69,-56,-50,-50,-55,-64,-67,-77,-74,-79,-81,-75,-64,-50,-41,-32,-23,-20,-31,-28,-33,-25,-29,-24,-28,-27,-24,-21,-22,-12,-121
3,0,2031,2549,206,151,125,108,106,117,111,113,100,118,103,98,90,99,103,114,116,131,139,145,151,154,160,159,181,201,203,195,200,191,181,151,147,122,105,89,65,32,6,-16,-23,-31,-43,-41,-26,-36,-44,-64,-85,-97,-104,-111,-97,-87,-81,-67,-58,-50,-50,-56,-64,-75,-79,-78,-81,-82,-77,-69,-53,-44,-34,-28,-27,-33,-33,-35,-34,-32,-30,-32,-26,-27,-22,-23,-23,-129
3,0,2032,2624,207,152,126,109,107,118,111,113,102,124,104,101,90,100,104,116,117,132,141,148,148,156,165,168,188,204,207,198,205,196,190,156,151,126,106,93,69,36,22,-3,-14,-27,-41,-34,-25,-29,-43,-60,-74,-91,-104,-106,-106,-88,-82,-68,-58,-53,-51,-56,-64,-76,-88,-81,-85,-82,-79,-72,-59,-48,-37,-31,-31,-37,-34,-38,-35,-36,-32,-32,-28,-32,-28,-29,-23,-152
3,0,2033,2742,208,152,126,111,107,117,111,113,101,123,116,102,92,102,105,112,118,133,143,153,155,156,165,170,197,210,212,202,209,202,197,167,157,126,115,96,74,40,26,9,-3,-20,-36,-33,-20,-26,-34,-56,-69,-82,-102,-101,-100,-92,-81,-69,-58,-52,-52,-56,-65,-76,-90,-89,-90,-88,-79,-72,-60,-51,-38,-35,-32,-41,-37,-39,-38,-41,-32,-40,-32,-33,-30,-26,-26,-166
3,0,2034,2887,208,151,127,110,106,117,111,116,104,124,118,112,92,103,107,111,117,133,144,154,157,161,167,174,201,215,217,210,214,210,204,174,166,132,111,100,81,49,33,18,7,-12,-28,-26,-17,-20,-32,-48,-63,-75,-90,-98,-99,-86,-86,-68,-59,-52,-52,-57,-64,-75,-85,-90,-97,-91,-84,-71,-60,-52,-41,-36,-36,-41,-41,-43,-37,-44,-39,-45,-35,-33,-32,-31,-27,-181
3,0,2035,2992,209,154,128,110,108,117,112,115,103,124,117,114,102,103,108,116,121,134,147,159,157,162,171,172,202,219,223,212,218,210,206,179,173,140,123,100,83,51,35,21,15,1,-20,-21,-11,-18,-27,-46,-55,-73,-86,-88,-92,-85,-81,-74,-59,-53,-52,-56,-68,-75,-87,-89,-97,-98,-88,-76,-59,-51,-42,-36,-37,-45,-41,-47,-39,-44,-42,-45,-43,-41,-36,-30,-30,-199
3,0,2036,3054,209,153,127,109,107,119,111,114,104,123,118,113,102,113,110,117,120,136,145,158,159,164,173,177,198,220,226,217,222,212,207,183,173,144,128,105,84,56,41,26,19,5,-9,-13,-6,-14,-24,-41,-56,-66,-82,-85,-86,-82,-80,-69,-63,-53,-53,-55,-66,-76,-85,-88,-96,-101,-93,-78,-63,-51,-44,-37,-37,-45,-45,-48,-45,-47,-41,-48,-47,-44,-40,-35,-29,-227
3,0,2037,3122,210,154,127,111,109,117,111,114,106,125,119,113,103,113,115,115,123,138,148,158,156,165,174,177,201,221,226,223,228,217,209,183,174,149,135,114,89,57,46,29,23,10,-5,-6,0,-9,-22,-39,-49,-65,-75,-82,-81,-73,-76,-68,-59,-56,-52,-56,-65,-76,-87,-89,-96,-98,-96,-85,-66,-54,-43,-39,-39,-47,-47,-49,-47,-52,-47,-53,-51,-48,-45,-41,-39,-241
3,0,2038,3223,211,155,129,111,108,117,113,115,104,125,118,113,103,113,117,121,125,139,150,159,157,168,176,180,206,225,227,223,229,223,219,188,177,150,137,118,94,62,44,34,26,15,1,0,7,-3,-18,-35,-48,-59,-72,-72,-76,-69,-69,-65,-57,-54,-56,-56,-67,-78,-86,-89,-97,-97,-94,-87,-72,-55,-47,-39,-40,-48,-49,-52,-52,-54,-52,-55,-51,-50,-49,-47,-41,-252
3,0,2039,3294,211,155,126,112,110,119,115,116,108,122,119,113,102,114,116,126,131,141,153,163,160,166,177,182,201,223,231,221,228,222,223,189,182,155,143,119,105,67,48,33,31,17,4,3,12,3,-9,-31,-44,-57,-65,-71,-70,-66,-66,-58,-54,-52,-52,-59,-66,-78,-85,-90,-98,-98,-94,-85,-74,-60,-47,-41,-40,-50,-50,-54,-54,-57,-53,-61,-54,-52,-52,-51,-43,-282
3,0,2040,3384,212,155,126,111,110,119,113,116,103,124,118,115,103,113,116,123,132,150,153,164,165,170,178,182,208,227,231,225,230,225,221,196,186,156,141,127,107,72,60,37,29,21,7,8,15,7,-3,-25,-41,-52,-65,-67,-67,-60,-62,-55,-49,-49,-51,-58,-71,-78,-86,-89,-98,-100,-94,-84,-72,-63,-50,-43,-42,-50,-51,-55,-56,-60,-57,-61,-60,-52,-53,-57,-50,-287
3,0,2041,3414,212,156,128,111,110,118,114,116,104,121,118,114,103,113,117,121,132,150,161,164,162,169,179,181,205,226,232,230,231,223,223,195,191,160,146,128,108,76,61,45,33,21,10,9,18,9,0,-17,-35,-48,-60,-64,-64,-57,-56,-52,-45,-44,-49,-57,-68,-81,-85,-91,-98,-99,-96,-85,-71,-60,-53,-46,-44,-53,-52,-58,-58,-61,-57,-67,-61,-60,-58,-53,-52,-325
3,0,2042,3476,212,155,128,109,111,119,111,115,107,120,118,114,103,113,118,123,133,148,162,176,168,172,181,184,206,230,231,233,234,224,223,196,190,164,149,128,108,77,65,51,43,24,10,12,21,12,4,-14,-27,-42,-54,-62,-63,-54,-55,-47,-44,-41,-43,-55,-66,-78,-91,-90,-99,-100,-95,-86,-72,-60,-51,-48,-49,-54,-55,-56,-61,-63,-60,-67,-63,-61,-62,-62,-57,-352
3,0,2043,3528,212,156,127,113,110,120,114,115,107,120,118,114,104,114,116,125,132,148,161,175,178,172,184,185,209,231,232,230,233,227,227,197,191,167,151,132,108,80,68,55,45,31,13,13,23,15,5,-10,-22,-35,-50,-57,-58,-54,-50,-47,-40,-39,-40,-49,-63,-78,-86,-97,-99,-102,-94,-86,-73,-61,-51,-48,-51,-58,-56,-60,-61,-64,-63,-68,-65,-65,-64,-65,-63,-383
3,0,2044,3571,213,155,129,112,111,118,114,117,104,121,118,115,103,113,118,124,132,150,162,175,176,182,181,187,210,231,235,231,234,227,222,201,190,167,155,139,110,81,67,52,51,35,20,16,22,17,7,-8,-20,-31,-44,-52,-53,-50,-49,-42,-40,-35,-39,-47,-58,-75,-88,-93,-104,-101,-96,-86,-73,-61,-51,-46,-49,-59,-60,-61,-64,-63,-63,-71,-71,-67,-69,-66,-68,-406
3,0,2045,3609,213,156,128,112,110,119,114,116,105,123,117,115,103,113,118,127,132,150,162,174,179,182,193,188,209,233,234,230,233,227,224,198,192,168,154,138,112,84,70,58,50,38,24,20,25,15,9,-5,-18,-29,-39,-46,-50,-44,-47,-40,-36,-34,-37,-45,-55,-69,-86,-93,-100,-106,-95,-87,-72,-62,-52,-47,-49,-58,-62,-65,-64,-67,-65,-72,-72,-71,-71,-73,-65,-437
3,0,2046,3653,213,156,128,110,110,118,112,115,106,121,117,115,103,114,118,123,132,149,163,174,178,181,192,197,212,234,237,233,235,227,227,197,193,166,152,138,116,89,72,60,51,40,27,25,31,18,9,-5,-18,-26,-37,-43,-42,-39,-45,-38,-35,-30,-34,-40,-53,-66,-79,-88,-99,-102,-101,-86,-73,-61,-53,-47,-50,-58,-59,-68,-68,-70,-67,-70,-73,-72,-71,-74,-73,-468
3,0,2047,3700,213,156,126,109,109,120,112,115,105,121,117,115,103,113,117,121,133,149,162,176,180,182,192,196,223,235,238,233,236,226,227,203,193,169,152,138,116,89,77,62,53,42,28,27,34,22,12,-4,-15,-23,-34,-38,-42,-35,-39,-35,-33,-31,-31,-40,-50,-65,-76,-81,-97,-100,-97,-92,-73,-62,-53,-47,-50,-57,-59,-65,-69,-73,-70,-72,-73,-74,-76,-75,-76,-495
3,0,2048,3731,213,155,127,112,111,119,112,116,105,122,117,115,103,113,117,123,133,149,162,175,178,183,193,195,219,242,236,232,235,229,228,200,195,171,157,140,115,90,76,63,57,43,30,29,36,26,16,-2,-13,-21,-33,-36,-37,-31,-34,-31,-31,-28,-31,-38,-49,-60,-73,-79,-90,-97,-96,-87,-77,-62,-53,-48,-50,-58,-60,-67,-69,-74,-75,-76,-75,-77,-79,-79,-79,-527
3,0,2049,3759,213,155,128,110,110,116,111,115,106,120,117,115,103,113,118,122,133,149,162,175,180,182,190,196,220,241,244,234,238,230,231,201,194,171,154,139,117,88,78,66,59,45,32,30,36,27,18,2,-13,-20,-30,-34,-36,-28,-31,-28,-27,-27,-30,-37,-46,-61,-68,-75,-85,-91,-94,-87,-74,-66,-53,-50,-51,-58,-60,-68,-68,-72,-74,-84,-78,-78,-77,-80,-81,-555
3,0,2050,3782,214,156,130,108,111,117,112,113,106,119,116,116,103,114,118,124,133,149,164,173,179,182,189,196,217,241,243,240,236,230,228,206,193,170,157,140,117,92,77,67,60,47,33,31,36,29,20,4,-10,-19,-31,-35,-33,-27,-28,-25,-23,-23,-29,-34,-45,-55,-66,-71,-82,-88,-87,-85,-73,-64,-56,-50,-53,-59,-60,-68,-71,-73,-76,-82,-83,-80,-81,-80,-81,-588
3,0,2051,3807,213,156,130,110,111,116,111,115,105,120,116,116,103,112,117,121,134,148,162,174,179,181,190,195,217,243,244,241,244,230,229,203,193,168,156,140,120,89,76,66,58,49,36,33,38,29,21,7,-6,-15,-29,-35,-29,-27,-28,-23,-21,-19,-24,-31,-44,-55,-64,-71,-78,-84,-84,-78,-71,-62,-54,-53,-52,-60,-63,-67,-70,-72,-75,-79,-84,-87,-82,-85,-82,-615
3,0,2052,3843,213,156,129,109,109,116,113,116,108,120,116,115,103,112,117,122,132,149,161,174,179,180,191,197,219,242,243,241,246,237,229,204,194,168,155,140,118,92,76,68,58,50,37,36,42,30,22,9,-4,-12,-23,-33,-32,-26,-26,-22,-19,-18,-21,-29,-42,-53,-63,-68,-76,-80,-82,-76,-68,-61,-53,-50,-55,-61,-63,-68,-71,-74,-76,-83,-84,-87,-89,-85,-88,-629
3,0,2053,3852,213,155,130,110,110,116,111,114,106,118,115,116,102,112,118,123,131,149,160,174,180,178,188,191,218,239,241,240,244,238,235,203,195,171,156,140,118,90,77,67,60,49,37,37,42,32,23,10,-3,-11,-21,-27,-30,-23,-25,-21,-17,-16,-19,-26,-37,-52,-62,-66,-73,-80,-79,-72,-64,-57,-52,-49,-53,-65,-65,-68,-70,-75,-77,-83,-81,-86,-90,-90,-90,-655
3,0,2054,3869,213,155,131,108,109,116,109,113,108,117,115,115,102,112,117,120,132,148,162,174,179,178,189,193,220,237,242,238,245,235,234,212,196,170,157,141,118,88,76,67,59,49,36,36,43,34,25,11,-2,-8,-19,-25,-25,-21,-25,-19,-16,-16,-18,-23,-35,-47,-58,-62,-72,-76,-77,-70,-64,-55,-48,-49,-52,-62,-66,-70,-73,-75,-77,-84,-83,-85,-87,-95,-96,-680
3,0,2055,3882,213,155,128,107,108,116,111,115,106,119,115,115,102,112,118,121,132,149,160,173,178,177,189,195,219,238,240,240,244,236,236,207,200,170,155,139,117,89,76,68,59,49,38,35,43,35,27,11,-3,-8,-19,-23,-24,-19,-23,-20,-16,-15,-17,-22,-35,-44,-55,-60,-70,-75,-73,-68,-60,-54,-47,-45,-52,-60,-65,-71,-73,-76,-77,-81,-85,-85,-88,-93,-97,-705
3,0,2056,3903,212,155,129,107,110,116,113,115,105,116,114,115,102,112,118,120,132,149,159,171,178,178,190,193,218,238,242,241,241,237,234,206,200,177,156,140,118,88,75,68,58,50,38,35,42,35,27,14,0,-8,-19,-22,-22,-16,-20,-19,-16,-14,-16,-21,-32,-43,-52,-58,-68,-73,-72,-67,-61,-51,-46,-44,-48,-59,-65,-68,-75,-76,-76,-83,-84,-86,-89,-90,-96,-729
3,0,2057,3924,212,154,129,108,110,115,111,113,105,117,114,114,102,111,117,118,129,149,161,172,178,176,190,193,218,238,241,240,243,236,231,204,201,176,163,140,120,92,75,68,58,50,37,36,43,35,25,13,2,-4,-17,-21,-22,-16,-18,-15,-14,-13,-15,-20,-30,-40,-47,-53,-63,-70,-70,-66,-57,-50,-43,-43,-48,-57,-64,-69,-74,-81,-78,-86,-82,-86,-91,-93,-95,-748
3,0,2058,3957,211,153,130,108,109,115,112,113,106,117,114,114,102,111,117,121,132,147,162,173,178,177,190,190,217,238,241,238,242,234,235,208,199,174,162,145,120,93,75,67,58,50,38,37,44,35,26,12,4,-4,-15,-21,-20,-14,-16,-13,-12,-12,-15,-19,-30,-37,-46,-50,-59,-67,-68,-64,-57,-48,-43,-40,-46,-55,-59,-68,-71,-79,-84,-86,-85,-90,-90,-93,-98,-763
3,0,2059,3960,211,153,128,107,107,115,110,112,108,116,114,114,101,111,116,117,132,147,159,171,177,177,191,191,216,237,238,237,242,234,234,205,199,176,163,143,122,90,77,70,60,48,37,37,44,33,26,13,3,-3,-13,-20,-21,-12,-16,-12,-11,-11,-14,-19,-30,-39,-47,-49,-56,-62,-64,-61,-55,-49,-40,-40,-44,-53,-56,-64,-72,-79,-81,-86,-83,-87,-91,-96,-98,-775
3,0,2060,3966,211,153,129,108,109,114,109,112,107,114,113,114,100,111,116,119,132,147,159,173,176,175,188,191,217,234,238,237,243,235,232,204,198,176,161,146,124,96,75,69,60,49,36,36,44,35,27,14,1,-3,-12,-18,-19,-12,-15,-12,-10,-8,-12,-18,-29,-38,-46,-49,-54,-60,-61,-58,-53,-46,-41,-39,-44,-53,-57,-64,-68,-75,-80,-85,-90,-90,-94,-96,-97,-795
3,1,2023,316,98,23,22,21,28,34,41,50,55,59,63,58,48,55,55,58,59,73,64,75,66,56,55,46,75,84,88,80,84,85,75,63,51,26,17,7,-5,-43,-47,-61,-74,-70,-74,-68,-51,-47,-52,-55,-57,-68,-69,-65,-57,-56,-52,-44,-31,-33,-28,-30,-35,-36,-40,-37,-30,-31,-26,-23,-18,-15,-7,-8,-6,-9,-9,-7,-15,-9,-6,-8,-11,-6,-10,-11,-1,-30
3,1,2024,416,97,71,25,24,30,38,41,51,54,59,61,61,47,55,56,64,59,70,64,74,74,60,63,54,70,85,93,85,78,88,80,68,59,38,19,11,0,-33,-47,-59,-62,-70,-71,-63,-57,-48,-51,-56,-60,-68,-69,-63,-61,-56,-53,-45,-37,-30,-31,-31,-37,-37,-38,-40,-39,-33,-28,-25,-21,-19,-11,-4,-12,-7,-10,-9,-9,-17,-9,-10,-7,-11,-8,-9,-6,-33
3,1,2025,502,97,71,62,26,33,41,42,52,53,60,60,60,47,52,53,64,66,71,68,77,72,66,65,60,71,78,95,87,85,87,85,72,62,45,32,11,1,-26,-35,-53,-61,-60,-71,-59,-49,-53,-52,-54,-60,-68,-71,-67,-59,-59,-52,-47,-39,-35,-30,-32,-37,-41,-39,-40,-40,-42,-32,-27,-22,-21,-16,-7,-11,-9,-8,-11,-10,-11,-18,-14,-10,-8,-9,-9,-8,-35
3,1,2026,601,97,72,61,52,36,42,45,53,54,60,56,59,47,52,53,64,68,76,72,78,82,68,72,65,78,86,86,91,88,89,87,78,68,50,35,22,2,-21,-30,-46,-52,-57,-62,-58,-48,-46,-55,-54,-59,-69,-69,-68,-61,-55,-55,-45,-41,-37,-36,-31,-40,-41,-44,-42,-40,-43,-40,-31,-24,-22,-16,-11,-13,-14,-10,-11,-11,-13,-14,-21,-10,-9,-9,-10,-7,-42
3,1,2027,687,98,72,62,55,56,43,47,55,55,60,61,55,47,53,53,62,64,77,77,83,78,73,76,73,84,93,95,83,93,93,87,81,72,54,39,32,12,-18,-29,-41,-44,-50,-58,-49,-47,-47,-49,-59,-58,-69,-71,-66,-62,-59,-53,-48,-41,-40,-36,-37,-39,-44,-45,-44,-43,-44,-41,-39,-26,-23,-18,-12,-18,-16,-14,-13,-13,-12,-14,-20,-15,-10,-10,-10,-7,-45
3,1,2028,786,98,73,63,54,54,59,48,57,56,63,57,57,44,52,56,61,63,78,78,87,86,73,79,74,88,98,105,93,87,96,94,82,77,59,45,35,20,-10,-21,-36,-42,-43,-53,-46,-35,-43,-50,-53,-65,-66,-70,-68,-59,-59,-55,-46,-43,-39,-40,-38,-43,-43,-48,-47,-45,-45,-40,-37,-35,-26,-18,-14,-19,-19,-16,-15,-14,-15,-17,-19,-14,-15,-14,-11,-8,-46
3,1,2029,849,99,73,63,54,56,60,58,58,57,59,54,55,43,51,56,64,67,76,79,88,88,78,77,79,92,103,106,101,96,93,95,87,76,64,51,42,30,-5,-15,-32,-35,-41,-48,-44,-35,-36,-47,-51,-58,-73,-69,-68,-60,-56,-57,-48,-41,-41,-41,-42,-44,-49,-46,-49,-48,-49,-43,-38,-32,-32,-21,-15,-19,-20,-19,-17,-16,-17,-17,-19,-16,-17,-16,-12,-9,-56
3,1,2030,920,99,73,63,55,55,59,57,64,57,63,54,54,44,51,54,64,65,78,76,89,90,82,85,77,95,103,110,103,102,100,95,87,79,67,56,46,33,2,-10,-25,-32,-32,-44,-37,-33,-32,-39,-49,-56,-66,-78,-65,-59,-56,-53,-48,-42,-39,-41,-42,-50,-48,-52,-50,-50,-52,-46,-42,-34,-31,-24,-17,-19,-22,-22,-23,-18,-20,-18,-21,-18,-15,-13,-16,-9,-58
3,1,2031,988,100,73,63,55,56,59,59,64,60,62,57,54,43,52,56,65,66,80,79,88,92,83,89,84,95,108,114,107,106,106,100,89,82,67,58,48,37,9,-3,-20,-26,-29,-37,-36,-26,-30,-36,-43,-58,-67,-69,-72,-60,-56,-55,-47,-42,-41,-40,-44,-47,-54,-53,-53,-50,-52,-48,-44,-36,-33,-25,-21,-22,-23,-24,-25,-23,-22,-22,-24,-17,-16,-14,-15,-13,-64
3,1,2032,1055,100,73,65,55,56,60,59,64,60,66,58,56,44,53,56,67,66,80,80,91,91,87,92,89,101,109,115,109,109,107,106,90,84,70,58,50,40,13,8,-10,-21,-26,-35,-30,-25,-26,-36,-41,-50,-64,-70,-69,-67,-58,-55,-47,-42,-42,-41,-43,-48,-53,-59,-53,-53,-51,-49,-46,-40,-35,-28,-22,-26,-25,-24,-26,-23,-24,-22,-22,-17,-19,-17,-17,-13,-72
3,1,2033,1122,100,73,63,55,56,60,59,64,60,65,64,57,46,54,57,63,67,81,82,93,95,87,93,90,107,113,118,113,110,113,111,96,89,70,66,51,42,14,8,-3,-13,-20,-31,-29,-23,-24,-30,-40,-47,-59,-68,-65,-63,-61,-54,-47,-43,-41,-41,-43,-48,-54,-59,-59,-55,-55,-49,-46,-41,-37,-28,-25,-26,-28,-26,-26,-25,-28,-23,-29,-21,-20,-18,-17,-15,-80
3,1,2034,1215,101,73,64,56,56,61,59,66,60,66,65,62,47,55,58,62,66,81,82,96,96,90,94,93,108,118,123,114,113,118,114,100,93,74,62,54,45,19,11,2,-6,-14,-25,-24,-20,-20,-29,-35,-44,-54,-60,-64,-62,-57,-58,-47,-43,-41,-41,-43,-48,-53,-56,-57,-60,-56,-52,-45,-41,-38,-30,-25,-28,-28,-29,-28,-24,-30,-27,-33,-23,-22,-19,-19,-17,-87
3,1,2035,1279,101,74,65,55,57,61,60,65,61,65,64,63,51,55,58,65,68,82,84,97,96,91,97,92,110,121,124,118,116,117,114,103,97,78,70,54,46,21,14,3,-2,-5,-19,-20,-15,-19,-26,-33,-39,-54,-59,-58,-57,-56,-56,-52,-43,-41,-41,-42,-51,-53,-57,-58,-57,-61,-54,-48,-40,-37,-31,-25,-29,-30,-29,-30,-25,-29,-29,-32,-29,-25,-22,-20,-17,-99
3,1,2036,1317,100,73,64,55,57,61,60,64,61,64,66,62,51,60,59,67,67,83,82,97,98,90,97,95,107,121,126,121,119,117,116,106,97,80,73,56,48,25,17,6,-1,-4,-12,-14,-11,-15,-23,-30,-40,-49,-57,-57,-54,-55,-55,-49,-47,-41,-41,-43,-50,-52,-56,-56,-58,-61,-57,-48,-43,-37,-33,-26,-30,-30,-31,-31,-30,-31,-28,-34,-31,-29,-24,-22,-18,-107
3,1,2037,1366,101,75,64,56,57,61,60,64,61,66,66,63,52,60,63,69,69,84,84,97,96,92,98,95,109,122,127,123,123,120,116,106,98,84,75,62,50,26,21,8,3,-1,-10,-9,-8,-13,-22,-29,-35,-48,-53,-55,-51,-49,-52,-48,-43,-44,-41,-43,-48,-53,-57,-58,-57,-60,-57,-55,-44,-40,-32,-27,-31,-31,-32,-31,-31,-35,-32,-38,-33,-31,-27,-25,-23,-118
3,1,2038,1423,101,75,66,56,57,61,60,64,61,66,65,62,52,60,63,70,71,84,86,98,97,94,101,98,113,124,127,125,124,124,122,107,98,84,77,63,54,30,19,12,4,2,-7,-7,-3,-7,-19,-25,-34,-45,-51,-49,-50,-47,-48,-46,-42,-42,-45,-43,-50,-56,-56,-57,-59,-59,-57,-54,-49,-40,-35,-27,-32,-32,-33,-34,-33,-35,-36,-39,-32,-33,-30,-28,-23,-125
3,1,2039,1453,101,75,64,56,58,62,61,65,62,63,65,62,52,61,63,71,73,86,87,100,99,92,100,97,111,124,130,124,124,124,123,110,101,86,80,63,59,30,21,10,7,2,-5,-6,0,-3,-12,-22,-30,-43,-47,-49,-45,-45,-46,-42,-40,-41,-42,-46,-49,-54,-55,-59,-59,-61,-56,-54,-49,-44,-35,-29,-32,-34,-34,-35,-35,-38,-37,-43,-35,-32,-33,-32,-26,-137
3,1,2040,1506,102,75,64,56,58,62,60,65,62,65,65,64,52,59,63,70,74,91,88,101,102,95,101,98,113,127,129,127,125,125,124,113,104,86,78,70,60,34,29,14,6,3,-4,-2,1,-2,-8,-18,-28,-39,-47,-47,-44,-42,-44,-40,-37,-40,-41,-45,-54,-55,-56,-58,-60,-61,-57,-52,-48,-45,-37,-29,-34,-34,-35,-36,-37,-40,-39,-43,-39,-35,-31,-34,-30,-147
3,1,2041,1532,102,75,66,56,58,61,61,65,62,61,65,63,52,59,63,69,75,90,93,101,101,95,102,98,112,125,130,128,124,124,124,112,108,88,81,69,59,39,28,18,10,4,-1,-2,3,-1,-7,-13,-24,-36,-42,-44,-42,-40,-40,-38,-35,-36,-40,-44,-51,-58,-56,-59,-60,-61,-58,-54,-46,-43,-39,-32,-34,-36,-35,-38,-38,-40,-39,-47,-40,-38,-34,-32,-31,-163
3,1,2042,1571,102,74,66,55,58,62,60,65,62,61,65,63,52,60,63,69,74,89,94,108,104,97,101,100,112,127,131,130,126,126,125,113,106,90,82,69,61,39,32,21,14,7,-1,1,4,2,-5,-12,-20,-32,-38,-42,-41,-39,-39,-35,-35,-34,-37,-43,-49,-56,-60,-59,-60,-62,-57,-54,-48,-43,-38,-32,-37,-36,-37,-36,-40,-42,-41,-47,-41,-37,-38,-35,-33,-180
3,1,2043,1611,102,75,65,57,58,62,61,64,62,61,65,63,53,61,63,69,74,89,94,108,111,97,103,102,114,129,131,129,125,128,128,113,107,92,83,71,61,39,34,24,15,11,0,1,5,3,-4,-10,-17,-27,-35,-39,-37,-38,-36,-35,-31,-33,-35,-39,-47,-56,-57,-64,-60,-62,-58,-54,-48,-44,-37,-33,-37,-39,-37,-39,-40,-43,-44,-48,-42,-41,-40,-40,-35,-190
3,1,2044,1637,103,75,65,56,59,60,60,66,62,62,65,64,53,60,64,70,74,90,95,106,109,104,102,103,115,128,132,129,125,126,126,116,105,92,87,77,61,41,33,20,20,13,4,4,4,5,-3,-9,-17,-25,-32,-34,-33,-35,-35,-32,-32,-31,-34,-38,-44,-54,-58,-60,-64,-62,-58,-54,-48,-44,-38,-32,-36,-39,-40,-39,-42,-41,-43,-50,-47,-43,-43,-40,-39,-205
3,1,2045,1658,103,75,64,57,59,60,61,65,62,64,65,64,53,60,64,69,74,90,93,107,111,103,109,103,116,129,133,129,126,126,127,115,108,94,85,74,62,40,35,24,19,15,6,5,7,3,-1,-7,-16,-25,-30,-31,-31,-30,-33,-31,-29,-30,-32,-38,-43,-51,-57,-60,-61,-66,-58,-54,-48,-44,-38,-33,-36,-39,-40,-42,-41,-45,-44,-51,-48,-46,-44,-43,-39,-220
3,1,2046,1698,103,75,65,56,59,62,61,65,63,62,65,64,53,62,63,67,74,90,95,107,110,104,108,111,114,129,133,130,127,127,129,113,108,91,84,75,66,44,36,27,19,16,8,7,11,6,-1,-7,-16,-23,-29,-29,-25,-27,-32,-29,-28,-28,-31,-34,-42,-50,-53,-58,-60,-63,-62,-54,-48,-44,-39,-33,-36,-38,-38,-43,-44,-46,-47,-49,-48,-47,-45,-43,-42,-235
3,1,2047,1732,103,75,63,55,59,63,60,65,62,62,65,64,53,61,63,67,74,90,94,108,111,104,109,110,121,130,134,131,129,127,127,117,108,93,83,76,66,44,39,28,21,17,8,9,13,7,1,-6,-14,-21,-25,-27,-27,-24,-27,-27,-25,-28,-29,-34,-40,-49,-52,-53,-59,-62,-59,-58,-48,-44,-39,-33,-36,-38,-38,-41,-44,-48,-47,-51,-48,-49,-49,-45,-43,-250
3,1,2048,1750,103,75,65,57,59,61,61,66,62,63,65,64,54,61,63,68,75,89,94,108,111,104,109,109,120,134,133,130,128,128,128,115,108,96,87,77,65,45,38,28,23,17,9,10,14,9,3,-4,-12,-20,-25,-26,-25,-22,-24,-24,-24,-26,-28,-33,-39,-45,-51,-52,-55,-60,-58,-55,-51,-44,-39,-34,-36,-38,-39,-43,-45,-48,-52,-54,-50,-51,-49,-47,-46,-267
3,1,2049,1771,103,75,65,55,60,61,61,65,62,61,65,64,54,61,64,68,74,89,94,107,112,104,109,111,121,133,137,132,130,128,129,116,108,96,84,76,66,44,40,28,24,18,10,10,13,10,4,-2,-12,-19,-23,-25,-25,-21,-23,-22,-21,-25,-27,-32,-37,-46,-47,-50,-53,-57,-57,-54,-49,-47,-39,-35,-37,-38,-39,-44,-44,-47,-49,-59,-51,-51,-48,-48,-47,-280
3,1,2050,1795,104,76,66,55,60,62,60,64,62,61,64,64,54,62,64,68,74,89,96,106,112,104,107,111,120,133,138,136,129,128,129,119,108,95,87,76,65,47,40,29,25,20,10,11,13,11,6,-1,-12,-18,-24,-26,-22,-20,-22,-20,-19,-22,-26,-29,-36,-42,-46,-47,-51,-55,-53,-53,-48,-45,-42,-36,-37,-39,-39,-43,-47,-47,-52,-56,-55,-51,-52,-48,-48,-296
3,1,2051,1814,104,76,66,55,60,62,58,66,62,62,64,64,54,61,64,67,75,88,94,107,111,105,108,110,119,134,138,136,133,129,130,119,108,94,86,76,69,46,38,29,24,21,12,12,14,11,6,1,-9,-17,-23,-25,-20,-21,-22,-20,-18,-19,-22,-27,-35,-41,-44,-47,-49,-54,-52,-50,-47,-44,-40,-38,-37,-39,-41,-43,-46,-47,-50,-54,-56,-56,-52,-51,-47,-311
3,1,2052,1827,104,76,66,54,60,61,59,67,62,62,65,63,54,61,64,66,75,89,94,107,112,104,107,110,120,133,138,136,134,134,130,119,110,94,85,76,67,46,38,30,24,22,12,14,16,12,7,2,-9,-14,-19,-24,-22,-20,-21,-19,-17,-18,-20,-25,-34,-40,-43,-46,-48,-51,-52,-49,-46,-43,-39,-36,-39,-39,-40,-44,-46,-48,-52,-58,-56,-56,-56,-51,-52,-322
3,1,2053,1835,104,75,66,55,60,61,58,65,62,60,65,64,54,61,64,66,74,89,93,106,112,103,107,110,119,132,134,136,133,133,132,119,110,95,86,76,67,45,39,29,25,19,12,15,16,13,7,2,-8,-14,-18,-21,-21,-17,-20,-18,-16,-17,-19,-23,-30,-39,-42,-44,-46,-51,-49,-47,-43,-41,-39,-35,-38,-42,-41,-43,-46,-50,-52,-59,-54,-56,-55,-55,-50,-334
3,1,2054,1851,104,75,66,55,59,61,57,64,62,60,65,63,54,61,64,66,73,89,95,107,112,102,107,109,119,131,137,135,134,132,132,123,112,96,86,77,66,44,38,29,26,20,12,14,17,14,8,2,-7,-12,-17,-20,-18,-17,-20,-17,-15,-17,-19,-21,-28,-35,-39,-41,-45,-49,-48,-46,-44,-40,-36,-35,-37,-40,-43,-45,-47,-50,-52,-58,-56,-54,-55,-57,-56,-347
3,1,2055,1852,104,76,65,54,58,61,58,66,61,61,65,63,54,61,64,66,74,89,93,106,111,103,106,109,120,131,135,136,132,132,133,121,112,96,84,76,65,45,39,30,26,20,13,14,17,15,9,2,-9,-12,-17,-19,-18,-17,-19,-18,-15,-17,-18,-21,-28,-33,-37,-40,-44,-48,-46,-45,-41,-39,-36,-33,-37,-39,-41,-46,-47,-51,-52,-57,-57,-55,-55,-57,-55,-360
3,1,2056,1879,103,76,65,53,59,61,60,66,61,59,64,63,54,61,64,65,73,89,94,104,111,103,108,109,119,131,135,136,132,132,134,120,114,100,85,76,66,44,38,30,25,21,13,14,18,15,9,4,-6,-13,-18,-18,-16,-15,-17,-17,-15,-16,-17,-20,-26,-33,-35,-38,-42,-46,-45,-44,-42,-37,-35,-32,-35,-39,-41,-43,-49,-50,-51,-58,-56,-55,-56,-54,-56,-371
3,1,2057,1893,104,75,65,54,59,61,60,64,61,60,64,63,54,61,63,65,72,89,94,105,112,102,108,109,119,132,134,135,131,133,133,119,112,99,89,76,66,47,38,30,25,21,12,14,19,15,8,2,-5,-10,-16,-18,-17,-15,-16,-15,-14,-15,-17,-20,-25,-31,-32,-35,-39,-44,-43,-43,-40,-37,-33,-32,-34,-37,-40,-44,-48,-54,-53,-60,-55,-55,-56,-56,-55,-381
3,1,2058,1899,103,75,66,53,58,61,60,64,61,60,63,63,54,61,63,65,73,87,95,106,111,102,108,108,119,131,135,134,132,132,134,120,112,97,89,79,67,47,38,29,24,21,12,15,19,16,9,2,-4,-11,-15,-19,-16,-14,-15,-14,-13,-14,-17,-19,-25,-29,-33,-34,-36,-42,-42,-41,-39,-35,-33,-30,-33,-36,-38,-44,-46,-53,-57,-60,-56,-59,-57,-56,-58,-391
3,1,2059,1911,103,75,65,54,58,61,59,65,61,59,63,63,54,61,62,63,73,87,95,105,111,102,108,108,118,132,134,133,132,131,133,119,111,99,89,77,67,47,38,32,26,19,12,15,19,14,8,3,-5,-10,-14,-18,-17,-13,-15,-13,-13,-14,-16,-19,-25,-31,-32,-33,-35,-39,-39,-39,-38,-36,-31,-30,-32,-35,-37,-41,-47,-53,-55,-60,-54,-55,-57,-57,-57,-397
3,1,2060,1916,103,75,65,53,59,62,59,65,61,58,63,63,54,61,62,63,73,87,94,106,110,102,106,107,117,130,133,134,133,132,132,118,109,99,89,80,67,50,38,32,27,20,11,14,19,15,9,3,-6,-10,-13,-17,-16,-12,-15,-13,-12,-12,-15,-18,-24,-30,-31,-34,-34,-38,-37,-37,-36,-34,-32,-29,-32,-34,-37,-41,-45,-49,-54,-60,-60,-59,-58,-59,-57,-406
3,2,2023,1288,104,43,29,27,29,42,38,42,37,55,53,49,45,49,46,45,51,48,52,46,50,63,57,63,69,79,85,76,84,72,70,43,47,31,29,19,6,-1,-4,-10,-14,-22,-27,-23,-13,-17,-14,-25,-27,-29,-34,-36,-38,-27,-21,-14,-11,-5,-2,-14,-6,-13,-19,-16,-20,-16,-16,-9,-7,4,2,4,4,-7,5,2,0,3,-5,-6,-2,-6,-1,0,-2,-30
3,2,2024,1351,104,77,31,29,32,43,41,43,39,56,52,48,47,46,47,47,51,47,58,45,46,64,63,70,67,74,82,84,87,74,71,57,44,36,24,24,6,7,-5,-7,-7,-21,-23,-21,-14,-14,-19,-27,-30,-31,-33,-37,-36,-30,-23,-17,-10,-7,-6,-6,-15,-12,-20,-19,-24,-21,-16,-12,-6,-3,5,1,7,-4,-6,0,0,0,4,-6,-7,-2,-4,-1,1,-28
3,2,2025,1356,104,76,59,32,33,44,40,41,38,56,48,45,50,45,43,47,51,50,56,52,47,61,66,72,75,80,77,81,88,77,69,55,54,34,29,23,15,3,2,-12,-7,-15,-22,-21,-14,-16,-17,-29,-32,-30,-34,-35,-34,-28,-27,-19,-12,-7,-8,-10,-9,-22,-19,-21,-26,-23,-21,-14,-9,-2,-2,3,4,-1,-5,-10,-2,-1,2,1,-7,-6,-4,-3,-1,-35
3,2,2026,1385,105,76,59,53,34,45,43,42,38,54,47,45,45,49,44,46,52,51,58,50,54,60,66,73,77,81,78,71,87,79,71,55,52,43,28,25,13,12,-3,-3,-10,-14,-17,-16,-11,-18,-17,-27,-33,-31,-36,-36,-33,-28,-25,-22,-13,-7,-9,-8,-9,-16,-26,-19,-25,-24,-22,-17,-11,-6,-1,-5,5,-3,-2,-6,-9,-3,-1,-2,-2,-6,-4,-3,-6,-36
3,2,2027,1432,105,77,61,53,50,47,41,42,39,52,46,47,44,48,47,49,50,52,61,54,53,62,65,73,80,83,80,79,79,78,75,61,56,41,37,25,16,8,6,-5,-1,-16,-17,-14,-10,-15,-17,-28,-30,-32,-36,-36,-36,-26,-24,-20,-16,-9,-7,-11,-11,-16,-21,-24,-26,-23,-22,-18,-13,-6,-4,-3,0,-3,-3,-4,-6,-11,-3,-3,-4,-3,-4,-5,-7,-41
3,2,2028,1471,105,77,61,53,49,58,43,43,39,54,46,44,45,47,45,47,49,49,60,56,55,65,68,73,81,86,82,84,83,76,75,65,61,49,37,32,17,11,5,2,-1,-7,-17,-12,-8,-11,-16,-26,-32,-31,-37,-37,-38,-28,-23,-20,-16,-13,-10,-9,-14,-17,-23,-21,-28,-25,-24,-19,-12,-9,-4,-5,1,-7,-3,-5,-5,-7,-10,-4,-7,-4,-4,-5,-9,-44
3,2,2029,1477,105,77,60,54,50,58,52,43,40,54,47,43,43,46,45,48,52,50,61,57,56,67,68,75,81,89,84,80,88,76,71,61,62,52,42,33,21,11,4,0,3,-9,-9,-10,-6,-10,-13,-26,-31,-32,-36,-38,-38,-28,-24,-18,-15,-11,-11,-12,-13,-20,-24,-24,-29,-28,-26,-21,-14,-7,-6,-5,-3,-7,-6,-6,-7,-6,-7,-11,-7,-6,-10,-5,-4,-53
3,2,2030,1505,106,78,62,54,51,58,52,49,38,55,44,47,45,46,47,47,49,51,58,56,56,68,72,71,83,88,87,87,88,80,73,62,62,52,43,37,24,17,5,2,3,-3,-12,-7,-4,-7,-11,-24,-30,-31,-36,-37,-38,-30,-26,-21,-14,-11,-9,-13,-14,-19,-25,-24,-29,-29,-29,-22,-16,-10,-8,-6,-1,-9,-6,-10,-7,-9,-6,-7,-9,-9,-8,-6,-3,-63
3,2,2031,1561,106,78,62,53,50,58,52,49,40,56,46,44,47,47,47,49,50,51,60,57,59,71,71,75,86,93,89,88,94,85,81,62,65,55,47,41,28,23,9,4,3,-2,-6,-5,0,-6,-8,-21,-27,-30,-35,-39,-37,-31,-26,-20,-16,-9,-10,-12,-17,-21,-26,-25,-31,-30,-29,-25,-17,-11,-9,-7,-5,-10,-9,-10,-11,-10,-8,-8,-9,-11,-8,-8,-10,-65
3,2,2032,1569,107,79,61,54,51,58,52,49,42,58,46,45,46,47,48,49,51,52,61,57,57,69,73,79,87,95,92,89,96,89,84,66,67,56,48,43,29,23,14,7,7,-1,-6,-4,0,-3,-7,-19,-24,-27,-34,-37,-39,-30,-27,-21,-16,-11,-10,-13,-16,-23,-29,-28,-32,-31,-30,-26,-19,-13,-9,-9,-5,-12,-10,-12,-12,-12,-10,-10,-11,-13,-11,-12,-10,-80
3,2,2033,1620,108,79,63,56,51,57,52,49,41,58,52,45,46,48,48,49,51,52,61,60,60,69,72,80,90,97,94,89,99,89,86,71,68,56,49,45,32,26,18,12,10,0,-5,-4,3,-2,-4,-16,-22,-23,-34,-36,-37,-31,-27,-22,-15,-11,-11,-13,-17,-22,-31,-30,-35,-33,-30,-26,-19,-14,-10,-10,-6,-13,-11,-13,-13,-13,-9,-11,-11,-13,-12,-9,-11,-86
3,2,2034,1672,107,78,63,54,50,56,52,50,44,58,53,50,45,48,49,49,51,52,62,58,61,71,73,81,93,97,94,96,101,92,90,74,73,58,49,46,36,30,22,16,13,2,-3,-2,3,0,-3,-13,-19,-21,-30,-34,-37,-29,-28,-21,-16,-11,-11,-14,-16,-22,-29,-33,-37,-35,-32,-26,-19,-14,-11,-11,-8,-13,-12,-15,-13,-14,-12,-12,-12,-11,-13,-12,-10,-94
3,2,2035,1713,108,80,63,55,51,56,52,50,42,59,53,51,51,48,50,51,53,52,63,62,61,71,74,80,92,98,99,94,102,93,92,76,76,62,53,46,37,30,21,18,17,6,-1,-1,4,1,-1,-13,-16,-19,-27,-30,-35,-29,-25,-22,-16,-12,-11,-14,-17,-22,-30,-31,-40,-37,-34,-28,-19,-14,-11,-11,-8,-15,-12,-17,-14,-15,-13,-13,-14,-16,-14,-10,-13,-100
3,2,2036,1737,109,80,63,54,50,58,51,50,43,59,52,51,51,53,51,50,53,53,63,61,61,74,76,82,91,99,100,96,103,95,91,77,76,64,55,49,36,31,24,20,20,9,3,1,5,1,-1,-11,-16,-17,-25,-28,-32,-27,-25,-20,-16,-12,-12,-12,-16,-24,-29,-32,-38,-40,-36,-30,-20,-14,-11,-11,-7,-15,-14,-17,-15,-16,-13,-14,-16,-15,-16,-13,-11,-120
3,2,2037,1756,109,79,63,55,52,56,51,50,45,59,53,50,51,53,52,46,54,54,64,61,60,73,76,82,92,99,99,100,105,97,93,77,76,65,60,52,39,31,25,21,20,11,5,3,8,4,0,-10,-14,-17,-22,-27,-30,-24,-24,-20,-16,-12,-11,-13,-17,-23,-30,-31,-39,-38,-39,-30,-22,-14,-11,-12,-8,-16,-15,-18,-16,-17,-15,-15,-18,-17,-18,-16,-16,-123
3,2,2038,1800,110,80,63,55,51,56,53,51,43,59,53,51,51,53,54,51,54,55,64,61,60,74,75,82,93,101,100,98,105,99,97,81,79,66,60,55,40,32,25,22,22,13,8,7,10,4,1,-10,-14,-14,-21,-23,-26,-22,-21,-19,-15,-12,-11,-13,-17,-22,-30,-32,-38,-38,-37,-33,-23,-15,-12,-12,-8,-16,-16,-18,-19,-19,-16,-16,-19,-17,-19,-19,-18,-127
3,2,2039,1841,110,80,62,56,52,57,54,51,46,59,54,51,50,53,53,55,58,55,66,63,61,74,77,85,90,99,101,97,104,98,100,79,81,69,63,56,46,37,27,23,24,15,9,9,12,6,3,-9,-14,-14,-18,-22,-25,-21,-20,-16,-14,-11,-10,-13,-17,-24,-30,-31,-39,-37,-38,-31,-25,-16,-12,-12,-8,-16,-16,-19,-19,-19,-16,-18,-19,-20,-19,-19,-17,-145
3,2,2040,1878,110,80,62,55,52,57,53,51,41,59,53,51,51,54,53,53,58,59,65,63,63,75,77,84,95,100,102,98,105,100,97,83,82,70,63,57,47,38,31,23,23,18,11,10,14,9,5,-7,-13,-13,-18,-20,-23,-18,-18,-15,-12,-9,-10,-13,-17,-23,-30,-31,-38,-39,-37,-32,-24,-18,-13,-14,-8,-16,-16,-19,-19,-20,-18,-18,-21,-17,-22,-23,-20,-140
3,2,2041,1882,110,81,62,55,52,57,53,51,42,60,53,51,51,54,54,52,57,60,68,63,61,74,77,83,93,101,102,102,107,99,99,83,83,72,65,59,49,37,33,27,23,17,11,11,15,10,7,-4,-11,-12,-18,-20,-22,-17,-16,-14,-10,-8,-9,-13,-17,-23,-29,-32,-38,-38,-38,-31,-25,-17,-14,-14,-10,-17,-17,-20,-20,-21,-18,-20,-21,-22,-24,-21,-21,-162
3,2,2042,1905,110,81,62,54,53,57,51,50,45,59,53,51,51,53,55,54,59,59,68,68,64,75,80,84,94,103,100,103,108,98,98,83,84,74,67,59,47,38,33,30,29,17,11,11,17,10,9,-2,-7,-10,-16,-20,-22,-15,-16,-12,-9,-7,-6,-12,-17,-22,-31,-31,-39,-38,-38,-32,-24,-17,-13,-16,-12,-18,-18,-20,-21,-21,-19,-20,-22,-24,-24,-27,-24,-172
3,2,2043,1917,110,81,62,56,52,58,53,51,45,59,53,51,51,53,53,56,58,59,67,67,67,75,81,83,95,102,101,101,108,99,99,84,84,75,68,61,47,41,34,31,30,20,13,12,18,12,9,0,-5,-8,-15,-18,-21,-16,-14,-12,-9,-6,-5,-10,-16,-22,-29,-33,-39,-40,-36,-32,-25,-17,-14,-15,-14,-19,-19,-21,-21,-21,-19,-20,-23,-24,-24,-25,-28,-193
3,2,2044,1934,110,80,64,56,52,58,54,51,42,59,53,51,50,53,54,54,58,60,67,69,67,78,79,84,95,103,103,102,109,101,96,85,85,75,68,62,49,40,34,32,31,22,16,12,18,12,10,1,-3,-6,-12,-18,-20,-15,-14,-10,-8,-4,-5,-9,-14,-21,-30,-33,-40,-39,-38,-32,-25,-17,-13,-14,-13,-20,-20,-22,-22,-22,-20,-21,-24,-24,-26,-26,-29,-201
3,2,2045,1951,110,81,64,55,51,59,53,51,43,59,52,51,50,53,54,58,58,60,69,67,68,79,84,85,93,104,101,101,107,101,97,83,84,74,69,64,50,44,35,34,31,23,18,15,18,12,10,2,-2,-4,-9,-15,-19,-14,-14,-9,-7,-4,-5,-7,-12,-18,-29,-33,-39,-40,-37,-33,-24,-18,-14,-14,-13,-19,-22,-23,-23,-22,-21,-21,-24,-25,-27,-30,-26,-217
3,2,2046,1955,110,81,63,54,51,56,51,50,43,59,52,51,50,52,55,56,58,59,68,67,68,77,84,86,98,105,104,103,108,100,98,84,85,75,68,63,50,45,36,33,32,24,19,18,20,12,10,2,-2,-3,-8,-14,-17,-12,-13,-9,-7,-2,-3,-6,-11,-16,-26,-30,-39,-39,-39,-32,-25,-17,-14,-14,-14,-20,-21,-25,-24,-24,-20,-21,-25,-25,-26,-31,-31,-233
3,2,2047,1968,110,81,63,54,50,57,52,50,43,59,52,51,50,52,54,54,59,59,68,68,69,78,83,86,102,105,104,102,107,99,100,86,85,76,69,62,50,45,38,34,32,25,20,18,21,15,11,2,-1,-2,-9,-11,-15,-11,-12,-8,-8,-3,-2,-6,-10,-16,-24,-28,-38,-38,-38,-34,-25,-18,-14,-14,-14,-19,-21,-24,-25,-25,-23,-21,-25,-25,-27,-30,-33,-245
3,2,2048,1981,110,80,62,55,52,58,51,50,43,59,52,51,49,52,54,55,58,60,68,67,67,79,84,86,99,108,103,102,107,101,100,85,87,75,70,63,50,45,38,35,34,26,21,19,22,17,13,2,-1,-1,-8,-10,-12,-9,-10,-7,-7,-2,-3,-5,-10,-15,-22,-27,-35,-37,-38,-32,-26,-18,-14,-14,-14,-20,-21,-24,-24,-26,-23,-22,-25,-26,-30,-32,-33,-260
3,2,2049,1988,110,80,63,55,50,55,50,50,44,59,52,51,49,52,54,54,59,60,68,68,68,78,81,85,99,108,107,102,108,102,102,85,86,75,70,63,51,44,38,38,35,27,22,20,23,17,14,4,-1,-1,-7,-9,-11,-7,-8,-6,-6,-2,-3,-5,-9,-15,-21,-25,-32,-34,-37,-33,-25,-19,-14,-15,-14,-20,-21,-24,-24,-25,-25,-25,-27,-27,-29,-32,-34,-275
3,2,2050,1987,110,80,64,53,51,55,52,49,44,58,52,52,49,52,54,56,59,60,68,67,67,78,82,85,97,108,105,104,107,102,99,87,85,75,70,64,52,45,37,38,35,27,23,20,23,18,14,5,2,-1,-7,-9,-11,-7,-6,-5,-4,-1,-3,-5,-9,-13,-20,-24,-31,-33,-34,-32,-25,-19,-14,-14,-16,-20,-21,-25,-24,-26,-24,-26,-28,-29,-29,-32,-33,-292
3,2,2051,1993,109,80,64,55,51,54,53,49,43,58,52,52,49,51,53,54,59,60,68,67,68,76,82,85,98,109,106,105,111,101,99,84,85,74,70,64,51,43,38,37,34,28,24,21,24,18,15,6,3,2,-6,-10,-9,-6,-6,-3,-3,0,-2,-4,-9,-14,-20,-24,-29,-30,-32,-28,-24,-18,-14,-15,-15,-21,-22,-24,-24,-25,-25,-25,-28,-31,-30,-34,-35,-304
3,2,2052,2016,109,80,63,55,49,55,54,49,46,58,51,52,49,51,53,56,57,60,67,67,67,76,84,87,99,109,105,105,112,103,99,85,84,74,70,64,51,46,38,38,34,28,25,22,26,18,15,7,5,2,-4,-9,-10,-6,-5,-3,-2,0,-1,-4,-8,-13,-20,-22,-28,-29,-30,-27,-22,-18,-14,-14,-16,-22,-23,-24,-25,-26,-24,-25,-28,-31,-33,-34,-36,-307
3,2,2053,2017,109,80,64,55,50,55,53,49,44,58,50,52,48,51,54,57,57,60,67,68,68,75,81,81,99,107,107,104,111,105,103,84,85,76,70,64,51,45,38,38,35,30,25,22,26,19,16,8,5,3,-3,-6,-9,-6,-5,-3,-1,1,0,-3,-7,-13,-20,-22,-27,-29,-30,-25,-21,-16,-13,-14,-15,-23,-24,-25,-24,-25,-25,-24,-27,-30,-35,-35,-40,-321
3,2,2054,2018,109,80,65,53,50,55,52,49,46,57,50,52,48,51,53,54,59,59,67,67,67,76,82,84,101,106,105,103,111,103,102,89,84,74,71,64,52,44,38,38,33,29,24,22,26,20,17,9,5,4,-2,-5,-7,-4,-5,-2,-1,1,1,-2,-7,-12,-19,-21,-27,-27,-29,-24,-20,-15,-12,-14,-15,-22,-23,-25,-26,-25,-25,-26,-27,-31,-32,-38,-40,-333
3,2,2055,2030,109,79,63,53,50,55,53,49,45,58,50,52,48,51,54,55,58,60,67,67,67,74,83,86,99,107,105,104,112,104,103,86,88,74,71,63,52,44,37,38,33,29,25,21,26,20,18,9,6,4,-2,-4,-6,-2,-4,-2,-1,2,1,-1,-7,-11,-18,-20,-26,-27,-27,-23,-19,-15,-11,-12,-15,-21,-24,-25,-26,-25,-25,-24,-28,-30,-33,-36,-42,-345
3,2,2056,2024,109,79,64,54,51,55,53,49,44,57,50,52,48,51,54,55,59,60,65,67,67,75,82,84,99,107,107,105,109,105,100,86,86,77,71,64,52,44,37,38,33,29,25,21,24,20,18,10,6,5,-1,-4,-6,-1,-3,-2,-1,2,1,-1,-6,-10,-17,-20,-26,-27,-27,-23,-19,-14,-11,-12,-13,-20,-24,-25,-26,-26,-25,-25,-28,-31,-33,-36,-40,-358
3,2,2057,2031,108,79,64,54,51,54,51,49,44,57,50,51,48,50,54,53,57,60,67,67,66,74,82,84,99,106,107,105,112,103,98,85,89,77,74,64,54,45,37,38,33,29,25,22,24,20,17,11,7,6,-1,-3,-5,-1,-2,0,0,2,2,0,-5,-9,-15,-18,-24,-26,-27,-23,-17,-13,-10,-11,-14,-20,-24,-25,-26,-27,-25,-26,-27,-31,-35,-37,-40,-367
3,2,2058,2058,108,78,64,55,51,54,52,49,45,57,51,51,48,50,54,56,59,60,67,67,67,75,82,82,98,107,106,104,110,102,101,88,87,77,73,66,53,46,37,38,34,29,26,22,25,19,17,10,8,7,0,-2,-4,0,-1,1,1,2,2,0,-5,-8,-13,-16,-23,-25,-26,-23,-18,-13,-10,-10,-13,-19,-21,-24,-25,-26,-27,-26,-29,-31,-33,-37,-40,-372
3,2,2059,2049,108,78,63,53,49,54,51,47,47,57,51,51,47,50,54,54,59,60,64,66,66,75,83,83,98,105,104,104,110,103,101,86,88,77,74,66,55,43,39,38,34,29,25,22,25,19,18,10,8,7,1,-2,-4,1,-1,1,2,3,2,0,-5,-8,-15,-16,-21,-23,-25,-22,-17,-13,-9,-10,-12,-18,-19,-23,-25,-26,-26,-26,-29,-32,-34,-39,-41,-378
3,2,2060,2050,108,78,64,55,50,52,50,47,46,56,50,51,46,50,54,56,59,60,65,67,66,73,82,84,100,104,105,103,110,103,100,86,89,77,72,66,57,46,37,37,33,29,25,22,25,20,18,11,7,7,1,-1,-3,0,0,1,2,4,3,0,-5,-8,-15,-15,-20,-22,-24,-21,-17,-12,-9,-10,-12,-19,-20,-23,-23,-26,-26,-25,-30,-31,-36,-37,-40,-389
4,0,2023,288692,5041,4180,4254,4100,3821,3439,3035,2789,2578,2520,2356,2244,2044,1930,2169,2773,4021,5708,7402,8536,9006,9670,10434,11368,11881,11993,12059,11842,11086,10349,9535,8840,8095,7500,6880,6325,5546,4789,3950,3210,2850,2591,2472,2349,2295,2119,1828,1397,856,499,211,190,343,645,1001,1222,1443,1457,1490,1590,1838,1943,1848,1634,1526,1191,1152,1009,814,690,509,500,380,287,289,379,222,222,115,0,-85,-148,-350,-428,-529,-4462
4,0,2024,290063,5078,5035,4153,4051,3778,3457,3094,2782,2637,2546,2425,2216,2056,1998,2218,2878,4028,5745,7481,8681,9200,9624,10595,11257,11844,12151,12073,11884,11306,10413,9692,9076,8385,7646,7030,6353,5645,4794,4034,3366,2834,2613,2422,2347,2246,2106,1824,1416,916,466,286,203,346,598,911,1173,1286,1469,1564,1656,1729,1832,1830,1616,1378,1231,909,899,792,585,502,319,382,237,209,214,227,86,99,-39,-148,-273,-329,-485,-535,-4591
4,0,2025,291855,5112,5070,4909,3960,3732,3422,3111,2834,2643,2593,2446,2286,2038,1997,2278,2951,4116,5796,7506,8791,9365,9816,10561,11412,11795,12131,12219,11944,11414,10625,9831,9205,8654,7900,7153,6510,5689,4892,4046,3445,2964,2614,2450,2312,2236,2060,1812,1413,948,520,268,277,380,624,874,1107,1248,1354,1564,1707,1811,1749,1693,1609,1349,1107,939,662,665,571,392,337,186,254,124,142,94,83,-69,-33,-197,-321,-429,-486,-572,-4735
4,0,2026,293812,5149,5106,4944,4624,3660,3386,3080,2850,2671,2611,2470,2296,2103,1990,2295,3010,4226,5886,7606,8819,9480,10003,10738,11378,11905,12097,12217,12061,11454,10744,9979,9316,8783,8128,7382,6643,5826,4925,4145,3458,3028,2739,2455,2353,2199,2061,1781,1398,942,564,327,271,443,686,922,1089,1193,1307,1479,1717,1844,1822,1620,1464,1343,1098,827,691,489,437,374,215,222,96,155,56,46,-39,-62,-209,-201,-369,-475,-566,-593,-4871
4,0,2027,294675,5183,5142,4978,4656,4231,3321,3049,2825,2688,2618,2494,2322,2124,2051,2295,3041,4293,6017,7712,8913,9522,10102,10926,11555,11878,12175,12159,12029,11535,10736,10052,9392,8785,8224,7514,6777,5952,5017,4164,3538,3059,2784,2574,2356,2248,2027,1779,1355,907,549,362,316,447,709,995,1125,1187,1249,1426,1624,1849,1857,1691,1366,1182,1060,797,582,454,295,212,175,61,111,6,77,-44,-89,-174,-237,-379,-397,-540,-610,-661,-5032
4,0,2028,294673,5218,5176,5010,4684,4259,3810,2997,2797,2686,2643,2509,2355,2141,2076,2345,3042,4333,6081,7845,9041,9569,10146,10963,11730,12013,12165,12185,11994,11486,10787,10027,9425,8798,8191,7582,6874,6009,5119,4222,3529,3098,2819,2616,2439,2241,2059,1740,1355,851,497,337,344,467,717,984,1185,1220,1232,1358,1576,1773,1837,1727,1451,1081,887,753,520,347,232,87,14,30,-54,20,-47,-46,-175,-227,-321,-425,-569,-578,-678,-711,-5252
4,0,2029,295290,5251,5209,5043,4715,4286,3835,3409,2752,2650,2645,2569,2371,2177,2085,2373,3095,4350,6152,7922,9170,9718,10184,11027,11759,12168,12241,12226,12002,11499,10743,10049,9416,8849,8190,7566,6933,6114,5184,4291,3581,3087,2843,2648,2499,2309,2071,1767,1314,872,444,303,337,513,750,1008,1190,1265,1281,1357,1509,1714,1801,1710,1484,1166,843,581,471,300,137,34,-71,-106,-63,-122,-54,-104,-162,-279,-368,-477,-606,-740,-721,-771,-5473
4,0,2030,294329,5283,5241,5073,4745,4312,3856,3428,3107,2625,2654,2541,2399,2164,2102,2379,3117,4396,6169,7982,9245,9817,10306,11066,11778,12189,12365,12212,11979,11456,10741,9941,9352,8803,8184,7529,6864,6134,5238,4343,3616,3101,2803,2637,2502,2349,2106,1776,1321,796,451,234,294,505,773,1026,1192,1263,1285,1372,1512,1645,1700,1639,1466,1171,865,553,303,240,101,-55,-134,-175,-166,-135,-190,-158,-204,-286,-387,-538,-678,-794,-901,-824,-5758
4,0,2031,291229,5316,5272,5104,4775,4339,3880,3448,3123,2898,2673,2540,2364,2152,2078,2363,3103,4387,6195,7988,9270,9852,10360,11144,11801,12167,12352,12315,11971,11408,10700,9930,9248,8705,8121,7479,6811,6044,5190,4335,3619,3094,2769,2559,2454,2329,2105,1772,1312,783,348,204,198,426,745,1005,1184,1234,1267,1348,1471,1605,1606,1511,1325,1130,825,517,237,49,-4,-113,-248,-249,-271,-235,-227,-275,-287,-353,-441,-548,-764,-879,-975,-1030,-6104
4,0,2032,286122,5347,5303,5135,4802,4364,3903,3465,3141,2913,2736,2518,2325,2111,2051,2341,3077,4375,6170,7993,9256,9857,10383,11171,11851,12178,12332,12281,11975,11366,10632,9889,9150,8563,7996,7372,6713,5945,5100,4245,3567,3068,2729,2503,2360,2259,2076,1754,1283,756,305,79,150,329,648,966,1137,1204,1216,1308,1425,1535,1531,1391,1185,952,764,439,179,-40,-220,-264,-334,-412,-365,-365,-331,-355,-408,-452,-530,-639,-766,-986,-1064,-1112,-6658
4,0,2033,286875,5376,5334,5163,4828,4388,3923,3488,3158,2932,2753,2601,2327,2115,2057,2354,3102,4392,6218,8039,9330,9912,10447,11255,11934,12284,12411,12356,12055,11431,10674,9942,9264,8584,7986,7404,6754,5994,5128,4300,3611,3134,2813,2557,2390,2243,2070,1775,1314,769,324,83,69,326,609,928,1154,1213,1242,1313,1446,1550,1520,1379,1127,888,663,458,176,-23,-219,-360,-376,-384,-419,-367,-363,-359,-414,-497,-569,-673,-820,-949,-1151,-1176,-7143
4,0,2034,287490,5405,5363,5190,4853,4411,3945,3503,3175,2943,2765,2614,2396,2116,2059,2363,3120,4425,6242,8094,9380,9988,10502,11319,12011,12363,12509,12431,12121,11503,10733,9978,9307,8689,8003,7391,6783,6027,5166,4320,3656,3177,2875,2635,2440,2272,2051,1764,1331,791,334,98,72,249,605,896,1120,1223,1251,1340,1452,1573,1537,1365,1114,830,595,353,194,-32,-201,-358,-469,-425,-398,-409,-358,-387,-427,-509,-610,-714,-863,-1009,-1108,-1270,-7662
4,0,2035,288074,5433,5389,5218,4879,4433,3964,3521,3192,2960,2779,2626,2408,2185,2058,2367,3126,4447,6280,8127,9441,10031,10573,11378,12079,12439,12584,12519,12192,11570,10803,10030,9343,8727,8101,7404,6767,6046,5198,4353,3675,3219,2912,2689,2512,2316,2078,1742,1314,809,354,112,88,255,543,897,1093,1196,1261,1345,1477,1577,1555,1382,1099,813,533,283,87,-12,-204,-344,-466,-510,-432,-394,-404,-391,-456,-518,-631,-765,-907,-1058,-1175,-1225,-8220
4,0,2036,288575,5460,5417,5245,4902,4455,3983,3538,3204,2975,2791,2639,2420,2194,2123,2366,3132,4458,6313,8179,9478,10092,10620,11446,12135,12503,12653,12590,12279,11632,10860,10095,9386,8759,8136,7492,6774,6022,5212,4372,3704,3228,2951,2726,2567,2385,2120,1764,1286,789,373,131,96,269,548,841,1095,1172,1237,1358,1483,1604,1562,1404,1115,788,511,219,17,-112,-192,-350,-455,-508,-514,-427,-390,-436,-459,-551,-639,-784,-966,-1109,-1228,-1299,-8679
4,0,2037,289035,5485,5442,5268,4924,4474,4003,3554,3220,2984,2802,2649,2430,2201,2133,2430,3136,4469,6330,8213,9531,10132,10684,11496,12205,12561,12719,12660,12346,11713,10916,10144,9443,8799,8157,7520,6855,6025,5186,4384,3726,3257,2961,2759,2595,2438,2188,1810,1309,756,347,142,113,280,559,845,1047,1174,1212,1329,1496,1607,1589,1408,1131,805,492,196,-45,-180,-290,-340,-461,-498,-518,-500,-418,-420,-502,-556,-673,-797,-989,-1170,-1286,-1355,-9161
4,0,2038,289405,5509,5466,5291,4946,4493,4018,3567,3231,2998,2813,2658,2439,2208,2141,2439,3210,4475,6347,8239,9572,10186,10718,11555,12254,12624,12772,12718,12411,11776,10992,10194,9487,8849,8192,7540,6879,6105,5182,4352,3729,3272,2985,2768,2629,2465,2233,1876,1352,775,306,113,124,296,571,861,1053,1129,1213,1308,1468,1617,1595,1431,1134,827,505,168,-74,-240,-352,-434,-453,-508,-500,-501,-490,-451,-488,-606,-675,-837,-1001,-1195,-1358,-1420,-9661
4,0,2039,289762,5532,5489,5315,4966,4511,4035,3580,3247,3009,2827,2670,2452,2218,2151,2452,3223,4566,6355,8261,9595,10226,10772,11599,12313,12673,12831,12770,12465,11833,11047,10265,9530,8889,8238,7570,6895,6124,5253,4341,3690,3278,2999,2790,2635,2493,2259,1922,1422,818,325,73,96,307,585,868,1064,1137,1172,1309,1444,1592,1604,1436,1160,822,517,179,-97,-267,-413,-489,-539,-503,-511,-494,-493,-523,-521,-585,-728,-838,-1045,-1216,-1386,-1500,-10174
4,0,2040,290125,5555,5510,5335,4987,4532,4050,3597,3255,3023,2834,2681,2459,2227,2155,2459,3237,4584,6466,8272,9621,10254,10816,11648,12356,12730,12882,12829,12512,11885,11101,10317,9599,8923,8271,7608,6917,6133,5273,4413,3679,3236,2999,2801,2654,2496,2286,1953,1468,892,370,92,60,280,594,880,1073,1146,1176,1269,1447,1571,1569,1444,1162,851,514,193,-90,-294,-437,-549,-594,-578,-503,-502,-485,-524,-593,-616,-710,-899,-1049,-1265,-1407,-1529,-10712
4,0,2041,290420,5576,5531,5356,5005,4547,4065,3612,3267,3031,2845,2691,2466,2235,2161,2468,3250,4599,6487,8404,9636,10272,10838,11688,12409,12771,12935,12873,12567,11925,11143,10361,9639,8987,8304,7638,6953,6154,5272,4423,3746,3222,2960,2802,2662,2514,2294,1972,1491,939,442,132,77,246,575,893,1085,1151,1185,1276,1406,1565,1544,1411,1170,852,542,190,-79,-288,-461,-570,-647,-631,-580,-495,-495,-519,-596,-701,-749,-878,-1118,-1270,-1460,-1554,-11217
4,0,2042,290734,5596,5552,5374,5024,4563,4079,3623,3276,3040,2857,2698,2475,2243,2168,2476,3261,4615,6512,8428,9773,10291,10862,11719,12450,12819,12976,12926,12608,11975,11178,10397,9682,9028,8362,7668,6981,6182,5294,4420,3753,3284,2942,2761,2662,2524,2305,1975,1519,964,489,204,117,262,544,877,1093,1166,1194,1284,1408,1524,1542,1377,1127,857,537,212,-85,-278,-461,-595,-674,-683,-628,-562,-485,-526,-589,-703,-831,-920,-1092,-1345,-1466,-1609,-11688
4,0,2043,290972,5615,5569,5393,5038,4578,4092,3633,3288,3053,2863,2704,2483,2248,2176,2482,3267,4630,6533,8457,9806,10429,10877,11743,12478,12862,13024,12963,12654,12012,11224,10430,9719,9066,8397,7720,7006,6209,5315,4435,3745,3293,3005,2746,2623,2517,2310,1985,1514,982,508,250,184,299,558,848,1077,1172,1204,1289,1420,1527,1499,1373,1093,812,541,211,-61,-283,-451,-597,-698,-705,-674,-612,-555,-517,-596,-691,-837,-1017,-1141,-1317,-1553,-1617,-12162
4,0,2044,291130,5633,5588,5410,5055,4593,4106,3647,3294,3059,2869,2713,2488,2251,2181,2490,3276,4643,6551,8483,9834,10460,11006,11757,12506,12894,13062,13003,12686,12053,11255,10470,9740,9093,8429,7752,7052,6228,5333,4459,3758,3282,3004,2803,2605,2482,2304,1991,1522,975,530,267,223,358,591,859,1057,1160,1213,1302,1425,1533,1498,1322,1088,770,496,210,-64,-262,-461,-592,-697,-728,-696,-651,-594,-585,-589,-701,-829,-1016,-1250,-1371,-1523,-1709,-12582
4,0,2045,291231,5649,5603,5427,5070,4606,4115,3654,3305,3068,2879,2722,2495,2257,2186,2495,3285,4655,6565,8504,9862,10485,11039,11880,12527,12920,13094,13042,12730,12082,11289,10493,9778,9115,8451,7779,7080,6271,5352,4472,3776,3289,2994,2801,2660,2461,2267,1984,1526,983,522,287,247,397,645,891,1069,1137,1201,1302,1436,1540,1506,1320,1028,761,451,161,-63,-269,-443,-597,-689,-724,-721,-672,-639,-632,-658,-694,-836,-1009,-1250,-1490,-1584,-1681,-13041
4,0,2046,291249,5665,5619,5441,5083,4615,4128,3663,3311,3074,2885,2726,2504,2262,2192,2499,3296,4667,6582,8527,9887,10512,11064,11907,12634,12939,13120,13069,12760,12118,11310,10526,9797,9146,8468,7798,7105,6293,5391,4483,3786,3307,3003,2793,2659,2510,2248,1940,1518,982,529,279,265,417,683,942,1095,1150,1180,1292,1439,1551,1513,1328,1023,691,440,115,-118,-270,-445,-581,-693,-718,-715,-692,-664,-674,-703,-766,-832,-1017,-1240,-1497,-1718,-1746,-13406
4,0,2047,291129,5679,5633,5456,5097,4628,4137,3673,3318,3082,2892,2733,2509,2267,2196,2508,3305,4678,6599,8549,9907,10536,11091,11935,12662,13032,13139,13094,12785,12141,11343,10544,9820,9161,8495,7814,7120,6313,5409,4519,3798,3316,3013,2797,2647,2510,2291,1917,1464,971,524,284,258,433,701,970,1136,1174,1186,1274,1425,1556,1524,1333,1031,692,369,103,-160,-322,-450,-586,-686,-729,-715,-696,-678,-693,-747,-817,-911,-1011,-1255,-1485,-1721,-1894,-13811
4,0,2048,290969,5693,5648,5467,5108,4638,4144,3679,3327,3091,2895,2741,2511,2273,2201,2512,3310,4688,6613,8567,9930,10555,11114,11959,12686,13059,13221,13114,12805,12163,11364,10572,9837,9182,8510,7835,7130,6325,5428,4534,3828,3323,3023,2810,2648,2498,2288,1965,1440,915,507,283,260,426,716,983,1165,1211,1209,1285,1408,1545,1529,1339,1031,695,365,31,-177,-364,-498,-588,-688,-716,-720,-693,-676,-710,-767,-863,-963,-1100,-1249,-1502,-1708,-1902,-14302
4,0,2049,290712,5704,5658,5479,5119,4646,4155,3685,3332,3093,2900,2743,2515,2278,2203,2514,3315,4697,6624,8581,9951,10575,11135,11977,12713,13084,13247,13187,12821,12180,11379,10587,9859,9192,8529,7846,7150,6334,5433,4548,3843,3354,3030,2814,2660,2501,2276,1961,1488,885,447,263,253,428,708,997,1181,1237,1247,1300,1416,1520,1509,1343,1043,697,369,25,-245,-380,-538,-638,-691,-722,-712,-700,-679,-710,-790,-885,-1011,-1159,-1342,-1494,-1725,-1889,-14741
4,0,2050,290400,5715,5670,5490,5129,4655,4163,3693,3340,3098,2906,2750,2518,2282,2207,2518,3321,4706,6634,8592,9966,10592,11148,12003,12729,13108,13270,13213,12893,12190,11390,10597,9869,9212,8537,7862,7156,6347,5441,4557,3855,3364,3057,2821,2666,2511,2278,1945,1479,934,412,200,235,426,710,993,1187,1248,1271,1338,1438,1526,1482,1324,1043,703,366,26,-251,-448,-555,-680,-734,-726,-716,-692,-683,-707,-792,-908,-1037,-1216,-1410,-1607,-1718,-1904,-15121
4,0,2051,290002,5725,5680,5501,5137,4663,4170,3699,3343,3102,2912,2749,2522,2283,2209,2522,3324,4713,6646,8610,9979,10606,11164,12012,12750,13123,13286,13227,12908,12258,11393,10600,9877,9219,8548,7865,7167,6351,5453,4556,3860,3375,3064,2842,2672,2512,2285,1945,1463,921,464,162,178,411,705,996,1182,1257,1282,1360,1471,1550,1493,1296,1018,705,374,22,-255,-458,-620,-692,-773,-765,-719,-693,-671,-721,-785,-907,-1057,-1243,-1470,-1682,-1841,-1897,-15466
4,0,2052,289532,5734,5687,5505,5141,4670,4173,3705,3345,3107,2912,2754,2525,2286,2212,2525,3331,4718,6654,8623,9992,10622,11178,12031,12764,13137,13302,13244,12924,12270,11460,10600,9875,9222,8557,7877,7169,6363,5452,4566,3855,3376,3073,2853,2693,2513,2283,1951,1460,901,455,212,143,355,692,989,1182,1252,1288,1369,1494,1584,1515,1300,982,674,372,28,-256,-457,-627,-748,-785,-805,-759,-700,-678,-710,-793,-905,-1057,-1265,-1501,-1753,-1926,-2030,-15769
4,0,2053,289014,5742,5696,5514,5151,4675,4178,3708,3348,3112,2914,2756,2528,2286,2213,2528,3334,4722,6660,8629,10002,10631,11192,12041,12777,13153,13317,13257,12933,12281,11467,10667,9877,9218,8554,7879,7177,6357,5461,4563,3863,3375,3077,2858,2700,2537,2282,1954,1464,895,435,201,190,320,641,977,1182,1251,1283,1374,1501,1604,1553,1325,990,642,345,25,-254,-466,-630,-761,-847,-816,-792,-734,-682,-711,-785,-909,-1056,-1266,-1529,-1785,-2005,-2123,-16177
4,0,2054,288454,5749,5700,5519,5156,4680,4181,3713,3352,3113,2918,2758,2530,2288,2217,2530,3337,4727,6666,8639,10007,10642,11196,12048,12788,13163,13328,13268,12949,12293,11478,10670,9933,9213,8548,7877,7178,6365,5455,4567,3862,3381,3071,2858,2706,2542,2305,1950,1465,900,423,180,176,366,613,936,1171,1247,1283,1364,1505,1614,1573,1362,1014,649,307,-6,-257,-461,-636,-765,-854,-867,-804,-767,-716,-714,-791,-899,-1068,-1262,-1534,-1817,-2046,-2213,-16631
4,0,2055,287851,5752,5706,5524,5161,4684,4186,3713,3352,3116,2919,2759,2533,2288,2217,2531,3338,4731,6668,8641,10016,10647,11202,12056,12794,13172,13337,13278,12956,12298,11484,10672,9938,9270,8541,7872,7174,6363,5460,4561,3863,3373,3077,2854,2705,2544,2312,1968,1463,899,425,171,149,349,655,907,1128,1235,1277,1365,1495,1620,1585,1389,1053,668,309,-40,-291,-462,-633,-771,-859,-873,-850,-776,-746,-747,-795,-904,-1058,-1272,-1530,-1818,-2084,-2254,-17134
4,0,2056,287170,5756,5710,5529,5163,4687,4187,3714,3351,3115,2920,2761,2536,2285,2218,2530,3341,4729,6671,8645,10020,10647,11208,12057,12799,13177,13339,13285,12960,12306,11483,10675,9937,9271,8592,7858,7163,6356,5454,4567,3854,3378,3071,2858,2700,2540,2311,1973,1484,895,419,175,143,328,641,941,1105,1198,1267,1356,1493,1611,1583,1394,1081,712,333,-41,-328,-495,-638,-765,-865,-880,-861,-824,-760,-782,-830,-914,-1062,-1263,-1543,-1816,-2086,-2295,-17628
4,0,2057,286513,5759,5713,5531,5167,4689,4190,3716,3353,3115,2920,2762,2536,2288,2215,2530,3341,4731,6674,8648,10023,10651,11207,12061,12799,13181,13342,13283,12962,12303,11487,10678,9939,9267,8590,7906,7155,6346,5443,4558,3857,3366,3067,2850,2703,2537,2307,1974,1484,915,417,169,143,321,620,931,1134,1177,1234,1345,1488,1607,1574,1399,1087,741,374,-18,-327,-532,-666,-776,-866,-883,-866,-835,-807,-794,-859,-948,-1067,-1268,-1527,-1830,-2081,-2300,-18117
4,0,2058,285824,5762,5714,5533,5168,4689,4190,3716,3355,3114,2920,2759,2535,2286,2216,2531,3343,4732,6673,8649,10023,10652,11209,12061,12803,13183,13343,13287,12961,12304,11486,10671,9935,9263,8586,7905,7199,6331,5431,4544,3848,3364,3057,2849,2695,2535,2300,1970,1486,914,436,164,144,324,615,914,1126,1205,1211,1313,1474,1597,1572,1387,1092,745,396,20,-305,-531,-705,-802,-869,-886,-871,-833,-811,-837,-874,-983,-1110,-1275,-1535,-1815,-2099,-2296,-18554
4,0,2059,285081,5762,5715,5534,5167,4690,4189,3715,3354,3113,2918,2760,2534,2286,2214,2530,3340,4733,6673,8646,10020,10651,11208,12055,12799,13177,13343,13284,12962,12297,11478,10666,9930,9260,8582,7901,7196,6373,5414,4531,3836,3357,3056,2841,2692,2531,2301,1962,1478,916,439,184,135,320,614,902,1108,1196,1234,1293,1439,1585,1561,1381,1079,748,401,43,-269,-514,-705,-836,-892,-892,-872,-842,-813,-843,-921,-993,-1141,-1319,-1543,-1826,-2080,-2311,-18939
4,0,2060,284295,5762,5715,5533,5167,4689,4188,3715,3352,3114,2919,2758,2532,2285,2213,2528,3339,4730,6670,8646,10016,10646,11205,12051,12795,13174,13339,13276,12956,12295,11475,10662,9921,9253,8573,7892,7188,6367,5459,4513,3821,3346,3048,2837,2680,2527,2292,1965,1467,910,438,183,155,312,608,903,1102,1180,1222,1317,1417,1548,1541,1372,1078,735,409,49,-246,-478,-690,-835,-930,-916,-872,-839,-820,-843,-927,-1044,-1159,-1358,-1594,-1834,-2092,-2294,-19307
4,1,2023,126664,2734,2313,2295,2174,1988,1755,1533,1397,1292,1281,1188,1162,1074,991,1080,1298,1852,2655,3501,4162,4366,4846,5203,5552,5410,5131,4899,4748,4456,4386,4224,4035,3784,3463,3158,2855,2414,2082,1586,1107,920,885,938,980,1026,1026,857,576,269,50,-110,-188,-134,-69,85,219,368,396,470,571,672,763,709,522,508,257,267,303,309,199,100,106,90,56,59,120,76,33,-2,-23,-77,-72,-219,-243,-292,-2122
4,1,2024,127332,2752,2713,2237,2139,1961,1762,1556,1387,1328,1268,1246,1120,1075,1043,1084,1368,1861,2670,3532,4222,4580,4752,5289,5439,5450,5201,4903,4720,4597,4368,4320,4156,3905,3576,3230,2885,2497,2017,1648,1246,894,860,906,986,1015,970,875,604,282,40,-78,-163,-168,-66,41,183,285,430,492,595,671,681,695,574,381,365,172,218,228,205,110,12,51,48,32,41,40,-19,-24,-65,-74,-159,-171,-282,-295,-2189
4,1,2025,128257,2768,2730,2592,2087,1930,1738,1561,1408,1319,1302,1240,1175,1048,1033,1125,1380,1906,2699,3552,4256,4642,4957,5207,5504,5359,5247,4975,4741,4613,4504,4353,4259,4049,3690,3318,2964,2539,2092,1606,1284,1022,846,886,963,1027,965,824,618,320,50,-83,-123,-131,-80,53,149,254,365,522,602,696,706,610,567,416,254,261,116,163,138,101,30,-41,-2,9,11,-21,-43,-97,-73,-123,-157,-236,-253,-316,-2260
4,1,2026,129295,2786,2748,2609,2401,1885,1713,1539,1413,1329,1295,1260,1175,1101,1013,1129,1425,1938,2737,3604,4292,4690,5022,5390,5426,5394,5161,5028,4809,4633,4537,4466,4271,4147,3821,3441,3053,2598,2126,1678,1266,1031,963,875,959,996,983,818,573,327,93,-67,-122,-103,-35,52,183,230,334,467,641,701,715,632,479,421,290,165,197,87,76,55,0,-26,-65,-26,-14,-41,-93,-111,-160,-140,-195,-242,-311,-311,-2335
4,1,2027,129753,2803,2765,2625,2414,2156,1673,1516,1396,1339,1296,1263,1186,1110,1063,1113,1432,1986,2782,3647,4345,4720,5072,5447,5604,5337,5181,4928,4841,4674,4544,4459,4342,4099,3881,3506,3123,2684,2158,1696,1333,1041,957,986,950,1006,950,835,555,277,95,-33,-117,-88,-35,99,176,266,324,443,583,736,724,641,480,325,276,183,119,131,20,-26,-40,-75,-59,-93,-41,-70,-123,-153,-185,-231,-226,-280,-317,-354,-2418
4,1,2028,129692,2819,2782,2640,2428,2168,1907,1484,1372,1325,1323,1271,1204,1107,1073,1153,1422,1994,2826,3696,4382,4752,5094,5473,5648,5478,5150,4933,4754,4690,4574,4455,4306,4106,3827,3542,3152,2701,2225,1708,1325,1078,979,977,1031,990,960,804,566,249,44,-36,-84,-104,-5,78,211,263,334,434,563,689,740,663,508,321,180,165,102,69,37,-71,-127,-111,-117,-73,-99,-99,-147,-191,-211,-262,-311,-313,-352,-368,-2531
4,1,2029,129996,2835,2798,2655,2443,2181,1918,1681,1347,1307,1291,1307,1208,1135,1070,1168,1459,1993,2852,3740,4438,4805,5123,5507,5675,5520,5222,4934,4760,4651,4565,4480,4311,4112,3811,3513,3188,2738,2250,1753,1322,1063,996,1003,1031,1052,960,818,539,268,17,-72,-85,-58,-16,115,204,292,350,442,556,671,727,670,532,362,200,75,93,44,-5,-65,-144,-180,-143,-135,-83,-120,-164,-199,-246,-275,-340,-396,-385,-397,-2642
4,1,2030,129479,2850,2813,2669,2455,2193,1927,1691,1518,1290,1305,1272,1224,1118,1083,1165,1469,2026,2849,3761,4479,4846,5170,5530,5674,5531,5262,4932,4725,4624,4542,4417,4283,4099,3809,3472,3141,2752,2274,1766,1350,1046,958,990,1041,1053,986,816,543,225,28,-113,-117,-66,13,110,215,287,363,456,569,664,696,649,527,363,213,95,5,33,-29,-103,-161,-185,-182,-155,-153,-138,-179,-216,-239,-310,-363,-425,-477,-433,-2777
4,1,2031,127900,2866,2828,2683,2470,2206,1938,1698,1524,1423,1312,1276,1199,1111,1059,1152,1454,2013,2866,3755,4485,4864,5187,5555,5683,5506,5250,4970,4715,4574,4507,4410,4229,4041,3778,3452,3097,2700,2235,1762,1338,1043,931,940,1014,1049,980,817,534,223,-29,-122,-173,-113,-8,104,207,273,352,450,559,653,670,605,474,345,197,82,1,-58,-66,-125,-211,-221,-220,-191,-174,-194,-216,-251,-275,-304,-403,-458,-508,-531,-2923
4,1,2032,125278,2881,2842,2698,2482,2216,1948,1706,1532,1431,1341,1261,1173,1083,1042,1135,1434,2002,2846,3751,4469,4855,5191,5562,5697,5504,5228,4940,4705,4542,4460,4369,4174,3966,3707,3395,3054,2644,2189,1699,1305,1022,905,905,962,1015,971,804,520,202,-53,-193,-199,-169,-67,75,184,256,327,428,542,632,639,563,422,275,174,53,-19,-79,-160,-192,-241,-291,-261,-248,-220,-235,-275,-298,-322,-353,-397,-503,-543,-565,-3174
4,1,2033,125498,2895,2856,2711,2494,2227,1957,1716,1540,1438,1349,1298,1173,1087,1047,1139,1445,2007,2866,3771,4497,4881,5219,5595,5733,5549,5257,4966,4730,4564,4468,4389,4222,3975,3697,3409,3075,2670,2200,1735,1322,1054,948,929,974,1005,966,817,533,209,-46,-190,-244,-173,-91,55,187,261,337,431,548,636,642,555,398,244,130,63,-22,-73,-158,-242,-268,-280,-292,-250,-238,-239,-281,-322,-341,-371,-428,-481,-582,-588,-3393
4,1,2034,125636,2909,2869,2723,2505,2237,1966,1723,1546,1443,1354,1304,1201,1086,1044,1144,1452,2021,2872,3792,4519,4912,5243,5622,5762,5579,5296,4993,4751,4587,4491,4401,4240,4022,3704,3396,3086,2689,2223,1744,1351,1069,977,969,994,1015,956,811,543,213,-43,-189,-244,-218,-95,36,169,263,343,443,550,644,651,553,389,219,95,15,-11,-78,-150,-238,-315,-306,-280,-275,-237,-255,-289,-331,-363,-392,-452,-515,-556,-630,-3621
4,1,2035,125775,2922,2882,2737,2517,2246,1975,1731,1554,1451,1358,1308,1207,1113,1044,1146,1454,2029,2887,3804,4546,4928,5273,5650,5791,5608,5323,5024,4776,4609,4515,4421,4249,4038,3750,3400,3070,2697,2240,1763,1358,1098,992,993,1031,1032,965,798,533,225,-40,-182,-240,-215,-130,32,152,249,345,449,562,648,656,562,387,208,69,-20,-60,-66,-153,-234,-313,-348,-305,-267,-260,-259,-305,-336,-379,-421,-474,-542,-592,-603,-3861
4,1,2036,125851,2935,2895,2749,2527,2256,1984,1737,1558,1458,1365,1313,1212,1116,1071,1141,1453,2031,2900,3825,4559,4954,5291,5676,5813,5633,5344,5052,4807,4633,4534,4444,4267,4046,3765,3442,3071,2675,2246,1773,1378,1101,1015,1009,1056,1068,982,803,516,214,-27,-176,-237,-213,-128,1,150,235,334,451,568,660,658,569,393,202,53,-50,-96,-111,-144,-236,-310,-347,-348,-288,-255,-283,-308,-357,-384,-434,-505,-568,-622,-643,-4046
4,1,2037,125936,2946,2906,2759,2537,2263,1990,1745,1564,1460,1369,1321,1215,1120,1075,1169,1453,2035,2905,3840,4580,4970,5319,5699,5842,5655,5369,5071,4829,4662,4555,4461,4287,4067,3768,3453,3110,2673,2224,1777,1389,1119,1021,1031,1069,1094,1015,823,523,196,-41,-169,-237,-208,-129,1,124,234,322,440,572,665,673,571,400,209,50,-64,-123,-148,-192,-230,-314,-343,-347,-329,-275,-276,-332,-359,-400,-441,-522,-599,-649,-674,-4247
4,1,2038,125944,2957,2918,2769,2547,2272,1997,1749,1569,1466,1373,1320,1219,1123,1077,1172,1486,2034,2908,3847,4595,4993,5333,5722,5860,5677,5388,5092,4850,4683,4583,4480,4304,4084,3782,3455,3121,2714,2219,1751,1388,1129,1033,1035,1090,1103,1038,855,540,198,-63,-187,-228,-205,-123,6,126,211,321,429,560,667,679,585,400,218,56,-72,-140,-176,-223,-275,-306,-351,-342,-329,-313,-297,-326,-386,-404,-464,-527,-616,-687,-706,-4466
4,1,2039,125982,2967,2929,2781,2556,2280,2006,1755,1576,1472,1379,1326,1225,1127,1082,1178,1491,2075,2907,3852,4603,5010,5354,5739,5885,5695,5408,5108,4868,4700,4601,4509,4320,4099,3799,3469,3121,2722,2255,1744,1360,1128,1046,1050,1094,1124,1047,877,573,215,-60,-206,-242,-199,-124,6,128,213,300,429,550,657,679,590,417,217,61,-66,-147,-192,-251,-303,-349,-345,-345,-326,-316,-337,-349,-377,-435,-464,-552,-626,-703,-745,-4693
4,1,2040,126023,2978,2938,2789,2564,2289,2010,1762,1579,1476,1382,1333,1229,1130,1084,1180,1496,2082,2961,3853,4610,5019,5373,5760,5901,5719,5424,5126,4881,4717,4621,4527,4350,4112,3811,3482,3131,2718,2263,1781,1352,1099,1044,1058,1106,1126,1066,889,595,251,-45,-205,-263,-215,-118,5,129,214,303,413,550,651,668,593,423,233,60,-60,-142,-199,-267,-332,-380,-382,-340,-329,-312,-335,-389,-400,-427,-498,-554,-653,-714,-763,-4924
4,1,2041,126038,2988,2948,2800,2572,2295,2016,1767,1582,1480,1387,1336,1231,1132,1086,1183,1500,2089,2969,3917,4611,5021,5379,5775,5921,5732,5442,5140,4899,4730,4634,4541,4365,4139,3824,3491,3144,2728,2253,1783,1388,1090,1018,1058,1113,1140,1073,906,603,272,-8,-189,-258,-233,-127,14,131,214,303,414,536,647,657,578,422,240,80,-63,-137,-197,-274,-347,-403,-410,-380,-326,-318,-333,-389,-448,-452,-489,-592,-656,-743,-774,-5143
4,1,2042,126061,2997,2958,2807,2580,2303,2023,1773,1586,1483,1392,1336,1234,1138,1089,1187,1505,2094,2978,3924,4679,5027,5387,5787,5937,5748,5456,5157,4909,4746,4644,4554,4379,4155,3850,3505,3154,2737,2263,1776,1389,1123,1005,1030,1113,1146,1081,909,622,281,12,-155,-244,-230,-146,5,135,217,305,416,537,633,656,564,405,237,81,-46,-139,-191,-274,-353,-420,-438,-407,-361,-310,-339,-386,-447,-496,-516,-579,-697,-747,-803,-5354
4,1,2043,126062,3006,2965,2815,2587,2309,2028,1777,1592,1488,1394,1339,1238,1139,1092,1189,1507,2098,2984,3935,4693,5092,5389,5796,5948,5763,5471,5166,4923,4755,4660,4566,4393,4168,3864,3528,3164,2747,2273,1781,1377,1126,1040,1023,1088,1143,1088,917,621,296,17,-134,-212,-217,-141,-12,127,220,308,416,541,634,639,560,387,216,79,-41,-122,-194,-267,-355,-430,-449,-428,-386,-347,-334,-390,-443,-499,-568,-612,-684,-791,-808,-5559
4,1,2044,126033,3014,2972,2822,2595,2316,2034,1782,1592,1491,1395,1344,1240,1141,1093,1194,1511,2104,2992,3946,4703,5105,5451,5795,5956,5773,5482,5177,4929,4769,4671,4580,4399,4178,3875,3542,3186,2755,2275,1792,1383,1112,1037,1054,1080,1124,1085,924,632,295,36,-128,-197,-190,-131,-11,115,214,314,418,542,634,639,538,384,197,58,-44,-116,-177,-270,-351,-428,-458,-443,-409,-371,-368,-385,-447,-497,-566,-670,-718,-777,-853,-5748
4,1,2045,125963,3021,2978,2830,2601,2321,2037,1783,1597,1493,1399,1348,1243,1142,1096,1194,1514,2109,2996,3953,4714,5115,5466,5857,5960,5779,5491,5191,4945,4777,4679,4587,4414,4186,3882,3550,3198,2776,2285,1794,1390,1117,1025,1049,1109,1113,1064,921,636,304,36,-114,-187,-173,-106,-1,117,203,307,420,544,637,639,538,357,190,34,-68,-121,-174,-257,-352,-425,-457,-452,-423,-394,-395,-422,-441,-501,-565,-668,-778,-816,-843,-5955
4,1,2046,125858,3028,2987,2835,2607,2324,2043,1788,1599,1496,1402,1350,1247,1144,1098,1194,1517,2111,3002,3961,4722,5126,5474,5866,6010,5782,5498,5195,4952,4787,4685,4598,4419,4197,3888,3558,3205,2785,2304,1798,1389,1119,1028,1042,1110,1137,1056,897,635,307,44,-114,-173,-167,-90,25,124,205,297,416,546,640,641,539,354,157,27,-93,-147,-179,-254,-339,-423,-451,-449,-428,-407,-418,-450,-480,-497,-570,-664,-779,-884,-885,-6118
4,1,2047,125697,3034,2992,2842,2612,2329,2047,1793,1602,1499,1406,1351,1251,1148,1100,1197,1520,2116,3008,3968,4729,5135,5484,5879,6019,5823,5502,5201,4959,4790,4696,4602,4426,4201,3897,3562,3211,2791,2311,1815,1395,1122,1032,1043,1097,1135,1078,886,605,303,45,-105,-174,-153,-85,33,143,214,297,409,541,644,644,542,356,158,-9,-99,-170,-203,-258,-337,-419,-456,-449,-429,-414,-431,-472,-508,-537,-564,-669,-776,-883,-957,-6316
4,1,2048,125524,3040,2998,2846,2616,2333,2048,1796,1604,1502,1405,1355,1251,1150,1101,1200,1522,2119,3013,3975,4737,5140,5494,5887,6028,5833,5535,5204,4963,4797,4700,4612,4432,4209,3902,3569,3212,2794,2318,1822,1410,1125,1033,1049,1097,1128,1077,913,596,275,38,-102,-166,-153,-72,38,154,228,303,412,535,640,648,541,356,158,-9,-137,-179,-226,-282,-338,-412,-447,-450,-430,-412,-437,-485,-536,-567,-611,-665,-785,-880,-958,-6553
4,1,2049,125287,3044,3003,2851,2621,2334,2053,1796,1607,1503,1407,1355,1250,1151,1100,1201,1523,2122,3017,3978,4744,5148,5502,5892,6038,5839,5542,5234,4962,4798,4705,4615,4439,4210,3907,3572,3219,2795,2318,1826,1417,1142,1038,1046,1103,1130,1067,911,620,262,9,-111,-164,-147,-75,49,157,238,317,414,536,632,642,546,359,158,-11,-139,-216,-231,-304,-366,-418,-446,-443,-430,-412,-438,-495,-550,-594,-644,-712,-779,-888,-955,-6759
4,1,2050,125038,3049,3007,2856,2624,2340,2057,1799,1609,1505,1410,1360,1250,1153,1102,1202,1525,2125,3017,3982,4751,5153,5506,5902,6042,5846,5551,5241,4991,4797,4705,4618,4442,4217,3909,3577,3219,2800,2318,1827,1419,1145,1051,1050,1103,1133,1069,898,615,287,-6,-143,-172,-145,-68,47,165,240,326,427,542,630,631,536,362,156,-11,-140,-217,-271,-312,-388,-441,-450,-441,-421,-415,-434,-495,-557,-610,-673,-749,-835,-883,-962,-6939
4,1,2051,124743,3053,3011,2861,2628,2342,2059,1802,1611,1505,1412,1356,1252,1154,1102,1203,1527,2127,3022,3989,4752,5159,5510,5904,6049,5851,5552,5242,4994,4825,4700,4613,4443,4217,3913,3575,3223,2799,2323,1826,1420,1147,1053,1063,1106,1131,1070,900,604,281,20,-159,-203,-150,-67,53,163,248,330,434,553,637,631,526,351,158,-11,-143,-221,-274,-346,-396,-460,-468,-443,-420,-404,-442,-492,-556,-617,-691,-782,-876,-941,-956,-7104
4,1,2052,124419,3056,3013,2861,2629,2344,2058,1804,1609,1508,1412,1360,1253,1154,1103,1204,1529,2129,3024,3992,4756,5162,5515,5911,6051,5852,5557,5246,4997,4826,4728,4612,4438,4215,3913,3579,3221,2803,2319,1830,1416,1146,1054,1066,1118,1132,1067,902,603,269,17,-133,-216,-179,-73,55,167,245,337,436,560,647,637,524,335,145,-9,-143,-221,-277,-349,-424,-467,-491,-464,-424,-404,-432,-494,-557,-616,-699,-801,-911,-984,-1020,-7244
4,1,2053,124075,3059,3017,2864,2632,2347,2059,1804,1610,1509,1411,1358,1255,1153,1105,1205,1531,2129,3025,3993,4760,5166,5519,5913,6056,5857,5558,5247,4996,4828,4728,4640,4436,4210,3909,3576,3222,2796,2323,1823,1418,1145,1056,1066,1121,1146,1068,902,604,265,3,-137,-194,-195,-101,49,170,248,336,443,561,655,650,533,334,129,-23,-141,-224,-278,-353,-429,-500,-498,-484,-444,-408,-428,-487,-558,-615,-697,-811,-931,-1024,-1067,-7429
4,1,2054,123726,3061,3018,2866,2634,2347,2060,1806,1610,1509,1412,1359,1256,1154,1105,1204,1531,2131,3025,3995,4758,5169,5519,5915,6059,5860,5559,5247,5000,4830,4730,4638,4460,4205,3903,3573,3222,2799,2317,1825,1416,1146,1053,1066,1122,1148,1080,900,604,266,-2,-151,-200,-170,-111,27,166,250,339,439,566,657,659,546,341,131,-41,-156,-221,-279,-356,-435,-504,-525,-492,-463,-427,-434,-486,-548,-620,-696,-813,-942,-1049,-1109,-7637
4,1,2055,123367,3062,3020,2867,2635,2348,2062,1805,1609,1509,1413,1359,1257,1153,1105,1203,1531,2130,3025,3995,4760,5169,5518,5916,6059,5860,5560,5250,5000,4828,4730,4635,4461,4232,3896,3569,3218,2796,2318,1819,1414,1139,1053,1063,1121,1148,1083,910,603,264,-2,-154,-216,-180,-90,14,145,246,338,443,565,663,660,556,360,136,-43,-174,-238,-278,-356,-436,-507,-528,-518,-466,-442,-453,-489,-546,-610,-699,-810,-942,-1062,-1133,-7867
4,1,2056,122970,3063,3021,2869,2635,2349,2061,1804,1608,1509,1412,1360,1258,1153,1105,1204,1531,2128,3026,3996,4760,5166,5520,5914,6057,5860,5558,5250,4998,4830,4727,4635,4458,4230,3921,3559,3208,2790,2312,1820,1409,1141,1050,1063,1118,1143,1082,912,614,264,-6,-155,-217,-193,-95,33,135,228,336,442,566,661,664,557,370,155,-36,-176,-257,-293,-358,-437,-510,-534,-523,-496,-454,-470,-511,-553,-608,-691,-816,-940,-1062,-1146,-8101
4,1,2057,122632,3063,3021,2869,2636,2349,2062,1804,1609,1508,1413,1360,1257,1154,1105,1203,1531,2128,3025,3995,4762,5166,5519,5913,6055,5859,5555,5245,4996,4826,4727,4635,4458,4227,3920,3584,3200,2781,2304,1816,1410,1133,1047,1058,1119,1142,1079,911,615,276,-6,-160,-219,-194,-109,28,150,219,321,440,566,663,663,562,371,166,-15,-168,-260,-313,-369,-439,-511,-533,-524,-499,-480,-477,-528,-574,-612,-689,-801,-945,-1057,-1149,-8316
4,1,2058,122256,3063,3021,2870,2635,2349,2062,1803,1609,1507,1413,1358,1257,1152,1104,1202,1531,2127,3023,3994,4759,5164,5517,5911,6055,5857,5553,5245,4992,4823,4725,4629,4454,4223,3916,3581,3226,2770,2296,1804,1404,1132,1039,1058,1115,1140,1075,909,614,275,5,-159,-218,-194,-110,16,146,233,312,427,563,663,665,560,378,167,-7,-150,-252,-316,-390,-451,-511,-537,-527,-502,-482,-503,-536,-593,-636,-695,-799,-932,-1066,-1146,-8508
4,1,2059,121877,3063,3020,2869,2634,2349,2061,1803,1607,1506,1411,1357,1256,1152,1103,1201,1528,2126,3023,3990,4754,5161,5514,5906,6050,5853,5550,5239,4990,4817,4719,4625,4450,4221,3913,3577,3222,2796,2284,1794,1395,1127,1039,1053,1112,1138,1074,904,610,275,7,-148,-223,-198,-113,12,134,229,323,421,551,660,664,561,375,176,-5,-139,-233,-308,-391,-469,-523,-538,-529,-505,-483,-507,-563,-601,-655,-719,-808,-929,-1050,-1150,-8670
4,1,2060,121487,3062,3019,2867,2634,2346,2060,1803,1606,1506,1411,1355,1253,1150,1101,1200,1527,2125,3019,3988,4752,5158,5510,5902,6046,5848,5546,5234,4985,4815,4715,4622,4444,4218,3906,3574,3216,2792,2311,1783,1384,1119,1034,1051,1106,1135,1071,906,605,271,5,-146,-211,-199,-117,12,133,220,319,430,544,646,658,561,379,173,4,-139,-222,-291,-386,-472,-545,-551,-528,-504,-488,-507,-566,-630,-665,-741,-835,-937,-1049,-1135,-8824
4,2,2023,162028,2307,1867,1959,1926,1833,1684,1502,1392,1286,1239,1168,1082,970,939,1089,1475,2169,3053,3901,4374,4640,4824,5231,5816,6471,6862,7160,7094,6630,5963,5311,4805,4311,4037,3722,3470,3132,2707,2364,2103,1930,1706,1534,1369,1269,1093,971,821,587,449,321,378,477,714,916,1003,1075,1061,1020,1019,1166,1180,1139,1112,1018,934,885,706,505,491,409,394,290,231,230,259,146,189,117,23,-8,-76,-131,-185,-237,-2340
4,2,2024,162731,2326,2322,1916,1912,1817,1695,1538,1395,1309,1278,1179,1096,981,955,1134,1510,2167,3075,3949,4459,4620,4872,5306,5818,6394,6950,7170,7164,6709,6045,5372,4920,4480,4070,3800,3468,3148,2777,2386,2120,1940,1753,1516,1361,1231,1136,949,812,634,426,364,366,514,664,870,990,1001,1039,1072,1061,1058,1151,1135,1042,997,866,737,681,564,380,392,307,331,189,177,173,187,105,123,26,-74,-114,-158,-203,-240,-2402
4,2,2025,163598,2344,2340,2317,1873,1802,1684,1550,1426,1324,1291,1206,1111,990,964,1153,1571,2210,3097,3954,4535,4723,4859,5354,5908,6436,6884,7244,7203,6801,6121,5478,4946,4605,4210,3835,3546,3150,2800,2440,2161,1942,1768,1564,1349,1209,1095,988,795,628,470,351,400,511,704,821,958,994,989,1042,1105,1115,1043,1083,1042,933,853,678,546,502,433,291,307,227,256,115,131,115,126,28,40,-74,-164,-193,-233,-256,-2475
4,2,2026,164517,2363,2358,2335,2223,1775,1673,1541,1437,1342,1316,1210,1121,1002,977,1166,1585,2288,3149,4002,4527,4790,4981,5348,5952,6511,6936,7189,7252,6821,6207,5513,5045,4636,4307,3941,3590,3228,2799,2467,2192,1997,1776,1580,1394,1203,1078,963,825,615,471,394,393,546,721,870,906,963,973,1012,1076,1143,1107,988,985,922,808,662,494,402,361,319,215,248,161,181,70,87,54,49,-49,-61,-174,-233,-255,-282,-2536
4,2,2027,164922,2380,2377,2353,2242,2075,1648,1533,1429,1349,1322,1231,1136,1014,988,1182,1609,2307,3235,4065,4568,4802,5030,5479,5951,6541,6994,7231,7188,6861,6192,5593,5050,4686,4343,4008,3654,3268,2859,2468,2205,2018,1827,1588,1406,1242,1077,944,800,630,454,395,433,535,744,896,949,921,925,983,1041,1113,1133,1050,886,857,784,614,463,323,275,238,215,136,170,99,118,26,34,-21,-52,-148,-171,-260,-293,-307,-2614
4,2,2028,164981,2399,2394,2370,2256,2091,1903,1513,1425,1361,1320,1238,1151,1034,1003,1192,1620,2339,3255,4149,4659,4817,5052,5490,6082,6535,7015,7252,7240,6796,6213,5572,5119,4692,4364,4040,3722,3308,2894,2514,2204,2020,1840,1639,1408,1251,1099,936,789,602,453,373,428,571,722,906,974,957,898,924,1013,1084,1097,1064,943,760,707,588,418,278,195,158,141,141,63,93,52,53,-28,-36,-110,-163,-258,-265,-326,-343,-2721
4,2,2029,165294,2416,2411,2388,2272,2105,1917,1728,1405,1343,1354,1262,1163,1042,1015,1205,1636,2357,3300,4182,4732,4913,5061,5520,6084,6648,7019,7292,7242,6848,6178,5569,5105,4737,4379,4053,3745,3376,2934,2538,2259,2024,1847,1645,1468,1257,1111,949,775,604,427,375,422,571,766,893,986,973,931,915,953,1043,1074,1040,952,804,643,506,378,256,142,99,73,74,80,13,29,16,2,-80,-122,-202,-266,-344,-336,-374,-2831
4,2,2030,164850,2433,2428,2404,2290,2119,1929,1737,1589,1335,1349,1269,1175,1046,1019,1214,1648,2370,3320,4221,4766,4971,5136,5536,6104,6658,7103,7280,7254,6832,6199,5524,5069,4704,4375,4057,3723,3382,2964,2577,2266,2055,1845,1647,1461,1296,1120,960,778,571,423,347,411,571,760,916,977,976,922,916,943,981,1004,990,939,808,652,458,298,207,130,48,27,10,16,20,-37,-20,-25,-70,-148,-228,-315,-369,-424,-391,-2981
4,2,2031,163329,2450,2444,2421,2305,2133,1942,1750,1599,1475,1361,1264,1165,1041,1019,1211,1649,2374,3329,4233,4785,4988,5173,5589,6118,6661,7102,7345,7256,6834,6193,5520,5019,4664,4343,4027,3714,3344,2955,2573,2281,2051,1838,1619,1440,1280,1125,955,778,560,377,326,371,539,753,901,977,961,915,898,912,952,936,906,851,785,628,435,236,107,62,12,-37,-28,-51,-44,-53,-81,-71,-102,-166,-244,-361,-421,-467,-499,-3181
4,2,2032,160844,2466,2461,2437,2320,2148,1955,1759,1609,1482,1395,1257,1152,1028,1009,1206,1643,2373,3324,4242,4787,5002,5192,5609,6154,6674,7104,7341,7270,6824,6172,5520,4976,4597,4289,3977,3659,3301,2911,2546,2262,2046,1824,1598,1398,1244,1105,950,763,554,358,272,349,498,715,891,953,948,889,880,883,903,892,828,763,677,590,386,198,39,-60,-72,-93,-121,-104,-117,-111,-120,-133,-154,-208,-286,-369,-483,-521,-547,-3484
4,2,2033,161377,2481,2478,2452,2334,2161,1966,1772,1618,1494,1404,1303,1154,1028,1010,1215,1657,2385,3352,4268,4833,5031,5228,5660,6201,6735,7154,7390,7325,6867,6206,5553,5042,4609,4289,3995,3679,3324,2928,2565,2289,2080,1865,1628,1416,1238,1104,958,781,560,370,273,313,499,700,873,967,952,905,882,898,914,878,824,729,644,533,395,198,50,-61,-118,-108,-104,-127,-117,-125,-120,-133,-175,-228,-302,-392,-468,-569,-588,-3750
4,2,2034,161854,2496,2494,2467,2348,2174,1979,1780,1629,1500,1411,1310,1195,1030,1015,1219,1668,2404,3370,4302,4861,5076,5259,5697,6249,6784,7213,7438,7370,6916,6242,5577,5067,4667,4299,3995,3697,3338,2943,2576,2305,2108,1898,1666,1446,1257,1095,953,788,578,377,287,316,467,700,860,951,960,908,897,902,929,886,812,725,611,500,338,205,46,-51,-120,-154,-119,-118,-134,-121,-132,-138,-178,-247,-322,-411,-494,-552,-640,-4041
4,2,2035,162299,2511,2507,2481,2362,2187,1989,1790,1638,1509,1421,1318,1201,1072,1014,1221,1672,2418,3393,4323,4895,5103,5300,5728,6288,6831,7261,7495,7416,6961,6288,5609,5094,4689,4351,4004,3697,3349,2958,2590,2317,2121,1920,1696,1481,1284,1113,944,781,584,394,294,328,470,673,865,941,947,916,896,915,929,899,820,712,605,464,303,147,54,-51,-110,-153,-162,-127,-127,-144,-132,-151,-182,-252,-344,-433,-516,-583,-622,-4359
4,2,2036,162724,2525,2522,2496,2375,2199,1999,1801,1646,1517,1426,1326,1208,1078,1052,1225,1679,2427,3413,4354,4919,5138,5329,5770,6322,6870,7309,7538,7472,6999,6326,5651,5119,4713,4371,4050,3703,3347,2966,2599,2326,2127,1936,1717,1511,1317,1138,961,770,575,400,307,333,482,676,840,945,937,903,907,915,944,904,835,722,586,458,269,113,-1,-48,-114,-145,-161,-166,-139,-135,-153,-151,-194,-255,-350,-461,-541,-606,-656,-4633
4,2,2037,163099,2539,2536,2509,2387,2211,2013,1809,1656,1524,1433,1328,1215,1081,1058,1261,1683,2434,3425,4373,4951,5162,5365,5797,6363,6906,7350,7589,7517,7051,6361,5683,5156,4732,4389,4067,3745,3352,2962,2607,2337,2138,1940,1728,1526,1344,1173,987,786,560,388,311,350,488,688,844,923,940,890,889,924,942,916,837,731,596,442,260,78,-32,-98,-110,-147,-155,-171,-171,-143,-144,-170,-197,-273,-356,-467,-571,-637,-681,-4914
4,2,2038,163461,2552,2548,2522,2399,2221,2021,1818,1662,1532,1440,1338,1220,1085,1064,1267,1724,2441,3439,4392,4977,5193,5385,5833,6394,6947,7384,7626,7561,7093,6409,5714,5183,4765,4410,4085,3758,3391,2963,2601,2341,2143,1952,1733,1539,1362,1195,1021,812,577,369,300,352,501,694,855,927,918,892,879,908,950,916,846,734,609,449,240,66,-64,-129,-159,-147,-157,-158,-172,-177,-154,-162,-220,-271,-373,-474,-579,-671,-714,-5195
4,2,2039,163780,2565,2560,2534,2410,2231,2029,1825,1671,1537,1448,1344,1227,1091,1069,1274,1732,2491,3448,4409,4992,5216,5418,5860,6428,6978,7423,7662,7597,7133,6446,5756,5210,4790,4439,4101,3774,3402,2998,2597,2330,2150,1953,1740,1541,1369,1212,1045,849,603,385,279,338,506,709,862,936,924,872,880,894,935,925,846,743,605,456,245,50,-75,-162,-186,-190,-158,-166,-168,-177,-186,-172,-208,-293,-374,-493,-590,-683,-755,-5481
4,2,2040,164102,2577,2572,2546,2423,2243,2040,1835,1676,1547,1452,1348,1230,1097,1071,1279,1741,2502,3505,4419,5011,5235,5443,5888,6455,7011,7458,7703,7631,7168,6480,5790,5249,4811,4460,4126,3786,3415,3010,2632,2327,2137,1955,1743,1548,1370,1220,1064,873,641,415,297,323,495,712,875,944,932,873,856,897,920,901,851,739,618,454,253,52,-95,-170,-217,-214,-196,-163,-173,-173,-189,-204,-216,-283,-401,-495,-612,-693,-766,-5788
4,2,2041,164382,2588,2583,2556,2433,2252,2049,1845,1685,1551,1458,1355,1235,1103,1075,1285,1750,2510,3518,4487,5025,5251,5459,5913,6488,7039,7493,7733,7668,7195,6509,5820,5274,4848,4480,4147,3809,3426,3019,2640,2358,2132,1942,1744,1549,1374,1221,1066,888,667,450,321,335,479,702,879,954,937,882,862,870,918,887,833,748,612,462,253,58,-91,-187,-223,-244,-221,-200,-169,-177,-186,-207,-253,-297,-389,-526,-614,-717,-780,-6074
4,2,2042,164673,2599,2594,2567,2444,2260,2056,1850,1690,1557,1465,1362,1241,1105,1079,1289,1756,2521,3534,4504,5094,5264,5475,5932,6513,7071,7520,7769,7699,7229,6534,5843,5303,4873,4512,4163,3827,3445,3031,2644,2364,2161,1937,1731,1549,1378,1224,1066,897,683,477,359,361,492,690,872,958,949,889,868,871,891,886,813,722,620,456,258,54,-87,-187,-242,-254,-245,-221,-201,-175,-187,-203,-256,-335,-404,-513,-648,-719,-806,-6334
4,2,2043,164910,2609,2604,2578,2451,2269,2064,1856,1696,1565,1469,1365,1245,1109,1084,1293,1760,2532,3549,4522,5113,5337,5488,5947,6530,7099,7553,7797,7731,7257,6564,5864,5326,4898,4533,4192,3842,3462,3042,2654,2368,2167,1965,1723,1535,1374,1222,1068,893,686,491,384,396,516,699,860,950,952,896,873,879,893,860,813,706,596,462,252,61,-89,-184,-242,-268,-256,-246,-226,-208,-183,-206,-248,-338,-449,-529,-633,-762,-809,-6603
4,2,2044,165097,2619,2616,2588,2460,2277,2072,1865,1702,1568,1474,1369,1248,1110,1088,1296,1765,2539,3559,4537,5131,5355,5555,5962,6550,7121,7580,7826,7757,7284,6584,5890,5341,4915,4554,4210,3866,3473,3058,2667,2375,2170,1967,1749,1525,1358,1219,1067,890,680,494,395,420,548,722,870,942,946,899,884,883,899,859,784,704,573,438,254,52,-85,-191,-241,-269,-270,-253,-242,-223,-217,-204,-254,-332,-450,-580,-653,-746,-856,-6834
4,2,2045,165268,2628,2625,2597,2469,2285,2078,1871,1708,1575,1480,1374,1252,1115,1090,1301,1771,2546,3569,4551,5148,5370,5573,6023,6567,7141,7603,7851,7785,7305,6610,5906,5364,4929,4569,4229,3882,3495,3067,2678,2386,2172,1969,1752,1551,1348,1203,1063,890,679,486,401,434,570,751,892,952,934,894,882,892,903,867,782,671,571,417,229,58,-95,-186,-245,-264,-267,-269,-249,-245,-237,-236,-253,-335,-444,-582,-712,-768,-838,-7086
4,2,2046,165391,2637,2632,2606,2476,2291,2085,1875,1712,1578,1483,1376,1257,1118,1094,1305,1779,2556,3580,4566,5165,5386,5590,6041,6624,7157,7622,7874,7808,7331,6625,5928,5378,4949,4580,4240,3900,3508,3087,2685,2397,2188,1975,1751,1549,1373,1192,1043,883,675,485,393,438,584,773,917,971,945,883,876,893,911,872,789,669,534,413,208,29,-91,-191,-242,-270,-267,-266,-264,-257,-256,-253,-286,-335,-447,-576,-718,-834,-861,-7288
4,2,2047,165432,2645,2641,2614,2485,2299,2090,1880,1716,1583,1486,1382,1258,1119,1096,1311,1785,2562,3591,4581,5178,5401,5607,6056,6643,7209,7637,7893,7826,7351,6647,5942,5394,4960,4598,4252,3909,3522,3098,2704,2403,2194,1981,1754,1550,1375,1213,1031,859,668,479,389,432,586,786,937,993,960,889,865,884,912,880,791,675,534,378,202,10,-119,-192,-249,-267,-273,-266,-267,-264,-262,-275,-309,-374,-447,-586,-709,-838,-937,-7495
4,2,2048,165445,2653,2650,2621,2492,2305,2096,1883,1723,1589,1490,1386,1260,1123,1100,1312,1788,2569,3600,4592,5193,5415,5620,6072,6658,7226,7686,7910,7842,7366,6664,5960,5405,4973,4608,4266,3918,3531,3110,2712,2418,2198,1990,1761,1551,1370,1211,1052,844,640,469,385,426,579,788,945,1011,983,906,873,873,905,881,798,675,537,374,168,2,-138,-216,-250,-276,-269,-270,-263,-264,-273,-282,-327,-396,-489,-584,-717,-828,-944,-7749
4,2,2049,165425,2660,2655,2628,2498,2312,2102,1889,1725,1590,1493,1388,1265,1127,1103,1313,1792,2575,3607,4603,5207,5427,5633,6085,6675,7245,7705,7953,7859,7382,6674,5972,5420,4982,4622,4274,3931,3539,3115,2722,2426,2212,1992,1768,1557,1371,1209,1050,868,623,438,374,417,575,783,948,1024,999,930,886,880,888,867,797,684,539,380,164,-29,-149,-234,-272,-273,-276,-269,-270,-267,-272,-295,-335,-417,-515,-630,-715,-837,-934,-7982
4,2,2050,165362,2666,2663,2634,2505,2315,2106,1894,1731,1593,1496,1390,1268,1129,1105,1316,1796,2581,3617,4610,5215,5439,5642,6101,6687,7262,7719,7972,7902,7393,6685,5979,5427,4995,4628,4285,3937,3547,3123,2730,2436,2219,2006,1771,1563,1378,1209,1047,864,647,418,343,407,571,778,946,1022,1008,945,911,896,896,851,788,681,547,377,166,-34,-177,-243,-292,-293,-276,-275,-271,-268,-273,-297,-351,-427,-543,-661,-772,-835,-942,-8182
4,2,2051,165259,2672,2669,2640,2509,2321,2111,1897,1732,1597,1500,1393,1270,1129,1107,1319,1797,2586,3624,4621,5227,5447,5654,6108,6701,7272,7734,7985,7914,7433,6693,5987,5434,5002,4635,4290,3944,3552,3130,2730,2440,2228,2011,1779,1566,1381,1215,1045,859,640,444,321,381,561,772,943,1019,1009,952,926,918,913,862,770,667,547,385,165,-34,-184,-274,-296,-313,-297,-276,-273,-267,-279,-293,-351,-440,-552,-688,-806,-900,-941,-8362
4,2,2052,165113,2678,2674,2644,2512,2326,2115,1901,1736,1599,1500,1394,1272,1132,1109,1321,1802,2589,3630,4631,5236,5460,5663,6120,6713,7285,7745,7998,7927,7444,6732,5988,5437,5007,4644,4298,3948,3560,3133,2736,2439,2230,2019,1787,1575,1381,1216,1049,857,632,438,345,359,534,765,934,1015,1007,951,933,934,937,878,776,647,529,381,171,-35,-180,-278,-324,-318,-314,-295,-276,-274,-278,-299,-348,-441,-566,-700,-842,-942,-1010,-8525
4,2,2053,164939,2683,2679,2650,2519,2328,2119,1904,1738,1603,1503,1398,1273,1133,1108,1323,1803,2593,3635,4636,5242,5465,5673,6128,6721,7296,7759,8010,7937,7453,6739,6027,5441,5008,4645,4303,3955,3561,3138,2740,2445,2230,2021,1792,1579,1391,1214,1052,860,630,432,338,384,515,742,928,1012,1003,947,931,940,949,903,792,656,513,368,166,-30,-188,-277,-332,-347,-318,-308,-290,-274,-283,-298,-351,-441,-569,-718,-854,-981,-1056,-8748
4,2,2054,164728,2688,2682,2653,2522,2333,2121,1907,1742,1604,1506,1399,1274,1134,1112,1326,1806,2596,3641,4644,5249,5473,5677,6133,6729,7303,7769,8021,7949,7463,6748,6032,5473,5008,4645,4304,3956,3566,3138,2742,2446,2235,2018,1792,1584,1394,1225,1050,861,634,425,331,376,536,724,909,1005,997,944,925,939,957,914,816,673,518,348,150,-36,-182,-280,-330,-350,-342,-312,-304,-289,-280,-305,-351,-448,-566,-721,-875,-997,-1104,-8994
4,2,2055,164484,2690,2686,2657,2526,2336,2124,1908,1743,1607,1506,1400,1276,1135,1112,1328,1807,2601,3643,4646,5256,5478,5684,6140,6735,7312,7777,8028,7956,7470,6754,6037,5477,5038,4645,4303,3956,3567,3142,2742,2449,2234,2024,1791,1584,1396,1229,1058,860,635,427,325,365,529,745,893,983,989,939,922,930,957,925,833,693,532,352,134,-53,-184,-277,-335,-352,-345,-332,-310,-304,-294,-306,-358,-448,-573,-720,-876,-1022,-1121,-9267
4,2,2056,164200,2693,2689,2660,2528,2338,2126,1910,1743,1606,1508,1401,1278,1132,1113,1326,1810,2601,3645,4649,5260,5481,5688,6143,6742,7317,7781,8035,7962,7476,6756,6040,5479,5041,4671,4299,3955,3566,3142,2747,2445,2237,2021,1795,1582,1397,1229,1061,870,631,425,330,360,521,736,908,970,970,931,914,927,950,919,837,711,557,369,135,-71,-202,-280,-328,-355,-346,-338,-328,-306,-312,-319,-361,-454,-572,-727,-876,-1024,-1149,-9527
4,2,2057,163881,2696,2692,2662,2531,2340,2128,1912,1744,1607,1507,1402,1279,1134,1110,1327,1810,2603,3649,4653,5261,5485,5688,6148,6744,7322,7787,8038,7966,7477,6760,6043,5481,5040,4670,4322,3955,3565,3139,2742,2447,2233,2020,1792,1584,1395,1228,1063,869,639,423,329,362,515,729,903,984,958,913,905,922,944,911,837,716,575,389,150,-67,-219,-297,-337,-355,-350,-342,-336,-327,-317,-331,-374,-455,-579,-726,-885,-1024,-1151,-9801
4,2,2058,163568,2699,2693,2663,2533,2340,2128,1913,1746,1607,1507,1401,1278,1134,1112,1329,1812,2605,3650,4655,5264,5488,5692,6150,6748,7326,7790,8042,7969,7481,6761,6042,5481,5040,4670,4324,3973,3561,3135,2740,2444,2232,2018,1791,1580,1395,1225,1061,872,639,431,323,362,518,725,898,980,972,899,886,911,934,907,827,714,578,403,170,-53,-215,-315,-351,-358,-349,-344,-331,-329,-334,-338,-390,-474,-580,-736,-883,-1033,-1150,-10046
4,2,2059,163204,2699,2695,2665,2533,2341,2128,1912,1747,1607,1507,1403,1278,1134,1111,1329,1812,2607,3650,4656,5266,5490,5694,6149,6749,7324,7793,8045,7972,7480,6759,6041,5480,5039,4669,4324,3974,3577,3130,2737,2441,2230,2017,1788,1580,1393,1227,1058,868,641,432,332,358,518,727,890,974,967,911,872,888,925,897,820,704,572,406,182,-36,-206,-314,-367,-369,-354,-343,-337,-330,-336,-358,-392,-486,-600,-735,-897,-1030,-1161,-10269
4,2,2060,162808,2700,2696,2666,2533,2343,2128,1912,1746,1608,1508,1403,1279,1135,1112,1328,1812,2605,3651,4658,5264,5488,5695,6149,6749,7326,7793,8042,7971,7480,6760,6040,5477,5035,4667,4318,3972,3575,3148,2730,2437,2227,2014,1786,1574,1392,1221,1059,862,639,433,329,366,511,725,891,969,960,903,887,873,902,883,811,699,562,405,188,-24,-187,-304,-363,-385,-365,-344,-335,-332,-336,-361,-414,-494,-617,-759,-897,-1043,-1159,-10483
5,0,2023,5101,121,70,62,55,53,54,44,48,45,49,41,47,50,46,55,78,97,128,151,164,147,152,145,160,157,169,189,166,166,176,148,123,134,123,114,107,89,75,59,45,48,39,33,33,34,39,37,33,26,15,15,14,9,14,26,19,25,32,11,27,12,23,15,23,29,29,37,45,24,6,48,33,39,16,18,34,30,19,10,18,15,8,6,1,-4,-64
5,0,2024,5005,122,100,60,53,54,53,46,51,44,46,40,41,41,54,54,79,101,124,143,153,161,149,151,143,162,159,173,180,166,161,160,132,119,125,111,104,96,66,63,45,39,41,31,37,30,36,36,32,24,16,13,14,14,11,16,29,16,27,34,11,25,8,21,16,19,26,30,39,43,22,-2,41,30,33,11,14,26,20,14,2,12,7,3,4,-5,-46
5,0,2025,4985,120,100,85,54,57,54,48,52,46,48,43,40,38,50,62,79,101,130,135,147,148,161,151,151,151,167,162,165,179,161,148,145,124,120,114,100,90,75,57,48,41,38,34,35,34,32,30,28,20,15,15,15,13,17,11,18,25,20,27,33,13,22,10,20,14,16,30,30,35,40,18,0,35,27,27,11,10,17,15,8,-1,4,1,3,2,-29
5,0,2026,4983,121,101,86,73,56,54,50,50,51,49,44,43,38,44,57,84,104,131,150,139,143,153,157,149,157,153,174,159,169,173,154,133,137,119,112,103,90,73,66,45,42,38,34,35,31,33,27,24,22,10,15,14,14,16,18,10,15,27,25,28,32,13,22,16,20,13,17,34,29,32,30,15,-2,26,24,22,14,9,15,9,2,-8,-1,0,1,-23
5,0,2027,4989,122,102,86,75,75,57,48,49,52,49,42,42,40,49,52,81,109,134,148,156,137,145,153,156,156,160,158,173,163,167,162,146,128,129,111,101,92,74,65,53,42,39,37,36,32,32,30,20,18,10,8,13,15,15,18,20,8,18,28,25,29,25,7,22,16,18,16,17,31,30,26,27,8,6,18,17,14,13,10,8,4,-2,-10,-3,2,-21
5,0,2028,4991,122,102,88,75,75,70,47,53,48,57,43,42,43,45,61,81,107,139,151,151,154,148,144,156,167,160,164,160,173,166,157,149,137,120,120,100,89,75,63,54,48,42,34,39,36,31,27,25,12,9,8,8,13,15,15,21,19,12,17,26,25,22,21,10,16,15,22,16,15,28,25,20,19,5,14,12,11,12,11,4,0,-5,-6,-12,-1,-21
5,0,2029,4997,123,103,87,75,76,71,59,51,51,51,49,46,37,49,53,84,110,137,158,160,154,154,158,149,165,168,172,163,169,170,154,144,137,126,115,106,90,76,65,50,48,43,36,38,36,36,28,23,16,3,7,7,8,14,15,18,19,22,13,19,24,22,19,19,6,15,21,22,21,13,22,18,15,12,4,9,7,9,9,3,-2,-7,-9,-10,-7,-22
5,0,2030,4997,124,103,88,77,76,71,59,60,52,54,43,47,43,45,58,79,109,140,158,164,161,159,156,160,161,169,178,169,167,167,160,141,132,127,120,103,95,78,69,54,45,44,38,39,36,35,29,23,14,5,1,6,8,10,13,16,17,21,22,21,23,18,20,19,15,6,17,20,22,21,7,16,13,10,6,3,5,4,5,1,-3,-9,-13,-12,-6,-30
5,0,2031,4953,124,103,89,79,75,72,60,61,59,54,47,44,43,48,57,83,107,140,158,163,161,160,160,159,164,167,177,172,168,169,153,142,133,126,121,107,94,83,70,57,47,40,37,40,37,34,30,24,12,2,3,2,5,9,10,15,15,19,20,21,22,16,17,15,13,11,12,18,20,18,13,11,10,7,4,3,1,1,3,-2,-5,-12,-15,-15,-9,-35
5,0,2032,4855,125,104,89,78,77,72,60,60,59,55,45,44,41,47,55,81,107,139,158,165,161,160,160,158,162,165,171,169,168,166,153,140,129,126,118,105,94,82,70,56,51,40,36,41,36,35,29,23,14,4,0,2,1,7,9,12,14,17,19,19,19,15,13,12,12,10,15,15,15,18,15,14,9,5,1,0,-3,-1,1,-3,-7,-15,-17,-17,-10,-44
5,0,2033,4867,125,104,90,78,77,73,61,60,56,55,48,44,41,47,56,82,107,139,158,165,163,162,160,163,165,165,171,170,168,166,153,143,132,124,119,106,94,79,72,60,52,45,39,41,37,34,30,23,13,5,2,1,2,3,7,13,12,18,19,19,21,15,14,12,13,10,13,15,16,17,13,12,8,5,2,-1,-4,-3,-1,-4,-9,-15,-18,-16,-12,-52
5,0,2034,4910,126,105,90,81,77,73,61,59,59,56,50,46,42,47,56,82,110,140,159,167,164,163,161,162,164,170,175,170,171,170,153,144,131,123,120,107,96,83,74,61,54,47,43,42,36,37,32,25,16,4,3,2,1,5,5,13,12,15,19,19,20,16,14,13,9,8,14,16,17,17,14,12,7,5,0,0,-5,-5,-2,-5,-9,-17,-20,-19,-12,-56
5,0,2035,4925,127,104,91,80,78,74,62,60,60,56,50,47,44,47,56,83,109,141,160,168,166,165,161,165,166,170,175,170,174,170,157,143,133,126,120,106,96,83,74,61,54,47,44,46,38,36,33,25,16,5,3,5,3,4,7,10,12,16,18,20,18,15,16,13,10,6,13,17,16,17,13,10,9,2,2,-2,-6,-5,-2,-7,-11,-15,-21,-22,-11,-70
5,0,2036,4940,127,105,91,80,78,74,62,61,61,56,50,47,44,50,57,83,111,142,160,169,165,166,163,167,167,170,177,173,174,171,155,144,133,129,122,108,94,81,76,62,57,51,45,48,41,37,32,27,16,7,5,3,5,5,6,9,9,15,17,18,19,15,16,13,9,8,12,17,16,17,10,9,7,2,0,-2,-8,-5,-3,-8,-12,-18,-20,-21,-12,-79
5,0,2037,4951,128,105,91,81,79,74,62,59,59,57,50,48,44,49,60,84,111,142,162,170,168,168,164,168,167,172,178,174,174,172,156,146,135,126,123,108,98,81,78,63,57,52,46,47,43,41,33,25,18,7,6,4,4,7,6,11,10,13,17,18,18,15,13,14,11,7,11,13,15,17,9,10,6,3,0,-4,-7,-7,-6,-8,-14,-19,-22,-22,-15,-86
5,0,2038,4954,128,106,91,79,78,75,63,62,57,57,50,48,44,50,60,87,110,145,163,170,167,169,166,167,168,173,180,175,176,173,156,145,135,126,123,110,97,82,76,63,59,51,46,51,45,43,36,27,17,8,6,5,5,5,9,10,10,14,16,18,18,14,13,11,10,9,13,17,11,17,10,10,5,1,-2,-4,-9,-8,-4,-9,-15,-21,-25,-24,-15,-100
5,0,2039,4988,129,105,92,82,79,75,63,61,59,57,51,49,45,51,62,87,113,145,164,173,168,169,166,169,168,174,180,177,175,175,159,146,138,126,122,110,99,81,79,62,57,53,48,50,45,43,39,30,18,7,6,6,7,6,8,11,11,14,17,16,17,16,9,12,7,9,11,17,15,15,10,10,7,0,-1,-6,-9,-9,-4,-10,-15,-21,-25,-26,-19,-99
5,0,2040,4997,129,106,93,81,79,76,63,61,59,58,50,49,45,50,62,87,114,147,164,174,169,171,168,171,170,175,181,179,176,173,160,148,138,127,124,109,99,82,78,62,60,51,48,52,47,44,39,32,23,9,7,5,6,8,7,11,12,14,15,17,14,14,11,11,7,7,12,16,15,15,8,9,7,0,-1,-6,-9,-9,-5,-10,-15,-22,-25,-27,-21,-113
5,0,2041,5015,130,106,93,83,80,76,64,61,58,58,51,49,45,51,62,87,115,147,170,172,171,171,168,171,171,176,181,180,178,177,160,149,140,128,123,111,97,82,78,63,58,51,49,52,47,43,39,33,24,12,7,6,7,8,9,13,11,17,16,17,16,11,11,9,5,7,9,16,15,14,9,8,5,0,-1,-5,-9,-8,-5,-12,-15,-23,-26,-29,-21,-118
5,0,2042,5006,129,107,93,81,78,76,64,61,60,58,51,48,46,51,62,88,115,148,168,178,172,171,169,170,172,178,181,180,179,175,161,149,141,130,123,111,99,81,79,64,60,51,47,52,46,46,40,33,24,15,10,7,7,8,10,13,12,15,17,17,15,12,7,10,8,6,10,14,13,14,10,10,4,1,-1,-7,-8,-14,-8,-11,-17,-23,-28,-31,-23,-134
5,0,2043,5004,129,107,92,83,79,77,64,62,56,58,51,50,46,50,63,88,115,147,170,178,177,171,167,170,173,179,182,181,179,175,162,151,140,130,126,111,98,83,79,63,60,54,49,51,48,46,41,33,25,13,13,10,8,9,11,14,14,14,17,19,16,11,9,6,3,7,8,14,13,13,9,8,5,1,-4,-7,-12,-13,-8,-13,-18,-25,-28,-33,-23,-146
5,0,2044,5000,129,108,92,83,78,76,65,61,59,59,52,49,46,51,62,90,116,148,171,179,177,175,169,171,174,176,181,183,179,175,163,152,141,132,126,113,98,81,78,66,57,54,48,53,48,46,42,34,25,14,13,11,10,9,9,14,13,15,17,19,17,11,9,7,2,4,9,10,14,11,9,9,5,1,-6,-8,-11,-13,-9,-13,-18,-26,-31,-34,-26,-158
5,0,2045,5011,130,108,92,83,80,77,65,60,58,59,52,49,45,51,63,90,116,150,170,180,179,177,172,171,175,176,181,184,179,176,161,152,141,133,125,114,98,82,79,66,61,53,50,53,46,45,40,34,24,14,14,13,11,11,10,12,14,17,18,17,17,11,12,7,4,1,7,11,13,14,10,8,5,1,-6,-10,-11,-11,-10,-13,-19,-27,-30,-35,-28,-166
5,0,2046,5006,130,109,93,83,82,76,65,60,59,58,52,48,46,51,63,89,116,150,171,180,178,177,172,176,176,178,183,183,180,178,160,153,143,130,127,112,98,83,78,67,60,52,50,53,50,46,40,34,26,16,15,14,13,13,13,14,13,17,20,18,18,11,10,6,3,6,5,12,12,11,10,6,4,1,-5,-9,-15,-17,-10,-14,-19,-28,-32,-36,-30,-184
5,0,2047,5015,130,109,93,85,80,77,66,60,60,58,52,49,47,51,62,90,117,151,172,180,179,177,174,175,179,179,182,182,181,179,163,153,144,132,126,114,98,84,78,67,60,55,49,52,49,46,41,33,24,15,13,14,14,13,14,15,13,17,19,20,19,12,10,6,5,3,5,7,12,10,8,6,4,2,-5,-9,-12,-14,-11,-14,-20,-27,-32,-36,-29,-196
5,0,2048,5001,131,109,94,84,81,77,66,61,59,59,52,48,47,51,64,90,117,150,172,181,177,177,173,176,180,181,182,184,181,180,163,153,143,134,126,114,100,83,79,67,59,53,49,52,48,45,41,33,24,15,15,13,15,15,14,17,16,16,19,19,17,14,11,6,5,2,3,9,8,10,8,5,5,0,-5,-9,-13,-18,-11,-15,-20,-28,-32,-39,-31,-205
5,0,2049,5019,131,110,94,85,81,77,66,59,58,59,52,49,47,51,63,90,118,150,173,181,180,178,174,177,180,180,186,184,181,181,163,153,145,132,127,116,100,84,80,68,62,54,49,52,48,46,40,34,24,14,15,14,14,15,14,16,16,19,20,19,19,14,12,8,3,5,3,9,8,8,6,5,5,-1,-7,-9,-12,-16,-9,-16,-21,-28,-33,-39,-32,-211
5,0,2050,5002,130,110,94,86,79,77,66,61,56,59,53,50,46,52,64,90,118,151,173,182,180,177,175,178,179,182,186,185,182,178,165,154,144,132,126,115,102,84,79,69,62,54,52,54,49,46,40,34,25,13,13,14,13,16,14,16,18,18,20,19,19,14,11,7,4,2,4,9,6,9,4,5,3,-2,-6,-9,-14,-16,-9,-16,-22,-28,-33,-40,-32,-227
5,0,2051,5017,131,110,94,86,80,78,66,60,58,59,53,50,47,52,64,91,118,151,173,183,179,178,175,179,180,180,185,187,182,180,165,156,145,134,127,115,101,85,79,68,62,54,51,53,47,46,40,32,25,15,13,12,14,15,15,17,18,18,21,22,19,14,13,8,5,4,6,9,9,8,6,3,3,-2,-7,-9,-14,-17,-9,-15,-22,-29,-35,-38,-33,-234
5,0,2052,5008,131,110,95,87,80,77,67,60,58,59,52,49,48,53,63,91,119,153,173,183,180,178,177,177,179,183,185,186,184,182,166,153,145,133,126,116,101,85,79,70,63,55,50,54,47,46,40,32,24,16,13,13,12,14,15,19,18,20,22,22,21,14,10,7,6,5,6,9,11,8,4,4,0,-2,-7,-10,-14,-22,-9,-15,-22,-30,-36,-39,-36,-243
5,0,2053,4994,131,111,95,87,80,76,67,61,56,59,52,49,48,53,63,91,119,152,174,183,181,180,175,178,178,182,185,187,183,182,167,156,145,135,127,116,101,86,79,68,62,55,51,53,47,45,39,32,24,14,14,13,13,15,16,19,17,19,22,21,21,16,12,7,4,4,6,8,9,8,5,2,1,-5,-8,-10,-16,-18,-10,-15,-21,-30,-36,-42,-34,-253
5,0,2054,4988,131,110,95,87,79,76,67,60,57,60,53,51,48,53,63,90,119,151,173,184,180,178,176,178,179,183,186,188,183,183,168,157,146,133,127,117,101,86,80,70,63,56,50,53,50,48,39,32,24,14,14,13,14,14,14,18,17,19,22,22,20,17,14,6,3,5,4,8,10,8,6,2,0,-3,-10,-10,-16,-18,-10,-16,-21,-29,-36,-42,-35,-271
5,0,2055,4997,132,110,95,87,81,77,67,61,55,60,52,50,47,53,64,90,119,151,173,183,180,181,176,178,180,183,184,187,183,183,168,156,147,135,127,117,102,86,80,70,64,57,52,55,50,48,40,32,24,14,14,13,13,14,15,17,17,20,24,22,21,18,15,9,6,3,6,9,11,9,5,2,0,-5,-9,-12,-15,-18,-14,-15,-22,-29,-36,-39,-38,-280
5,0,2056,5004,132,110,95,87,79,78,67,62,57,60,52,49,48,53,64,91,119,153,173,184,181,181,176,177,180,183,184,186,184,182,168,157,149,137,129,116,102,87,79,70,64,56,51,54,50,48,42,33,24,14,15,13,13,15,14,17,17,20,23,23,23,18,16,11,8,5,4,10,10,10,4,1,0,-5,-9,-13,-18,-20,-13,-17,-22,-32,-36,-40,-39,-279
5,0,2057,4993,132,110,95,88,80,76,67,62,57,60,53,49,48,52,64,92,120,153,173,184,184,181,177,179,180,182,185,185,184,182,167,155,148,137,130,116,102,88,78,71,64,57,53,54,49,49,41,33,24,14,13,13,13,13,14,17,18,19,23,24,20,18,15,10,7,5,6,10,9,9,5,1,0,-5,-9,-12,-17,-22,-13,-17,-23,-31,-38,-42,-39,-285
5,0,2058,4980,132,111,95,87,77,75,68,61,58,59,53,49,48,52,63,91,120,153,174,184,179,182,177,177,181,182,185,186,184,183,167,155,149,136,129,119,102,88,79,72,65,56,53,53,49,49,42,32,24,14,13,13,13,13,14,16,17,19,23,24,22,19,14,12,5,7,9,8,9,9,5,2,0,-4,-9,-12,-17,-22,-17,-19,-24,-33,-38,-44,-37,-289
5,0,2059,4982,131,111,95,88,80,76,68,61,57,59,53,49,48,53,63,91,120,154,173,186,181,181,177,177,181,183,186,187,185,181,169,155,149,137,130,119,104,88,80,72,63,57,50,53,49,49,42,32,24,14,13,12,13,13,15,16,17,20,23,23,23,18,15,13,5,9,10,12,10,9,6,1,1,-4,-9,-12,-18,-23,-16,-21,-25,-33,-39,-44,-41,-301
5,0,2060,4975,131,111,96,88,78,76,68,60,57,59,53,49,47,54,63,93,120,153,174,184,182,183,178,178,181,183,185,187,185,182,168,156,149,136,131,119,103,88,80,72,64,56,51,54,49,49,42,34,24,15,13,12,11,13,15,15,17,20,22,23,21,17,14,12,5,8,10,13,12,8,5,0,1,-3,-9,-13,-18,-21,-17,-20,-27,-34,-40,-44,-39,-305
5,1,2023,2120,60,32,25,22,22,25,19,24,17,19,17,19,25,16,22,28,37,50,58,60,49,63,50,70,67,74,86,73,77,86,72,49,57,60,48,51,38,33,27,12,19,11,8,12,17,17,16,13,7,7,3,0,1,2,9,11,8,13,6,8,8,12,-3,12,8,9,12,17,9,-4,20,11,19,17,2,16,15,5,11,8,6,1,2,1,-7,-14
5,1,2024,2059,60,53,25,22,25,24,18,24,18,18,16,13,18,23,21,30,37,47,52,60,57,53,65,53,69,72,72,82,77,78,78,61,52,52,51,44,43,25,26,18,12,14,10,13,11,18,15,13,7,3,6,1,0,3,2,13,8,8,14,5,7,7,10,-1,9,9,10,12,18,9,-6,17,8,16,14,1,13,9,2,7,5,2,0,1,-5,-23
5,1,2025,2045,60,53,42,24,28,23,20,25,18,18,19,14,14,19,28,30,39,50,48,57,56,60,56,69,56,77,71,69,81,79,75,67,63,52,44,45,35,33,19,17,17,11,13,15,13,11,14,9,5,3,2,5,1,3,3,6,10,7,9,13,3,6,4,9,-1,9,11,8,10,15,7,-3,14,10,13,11,1,6,6,1,3,0,-1,1,-1,-20
5,1,2026,2050,61,53,42,37,28,25,22,24,22,19,18,16,13,13,23,34,39,53,58,52,54,61,61,59,68,62,78,68,71,83,76,64,70,62,50,41,39,27,29,11,16,14,12,15,13,12,9,9,4,1,3,1,4,3,4,6,3,11,8,10,12,2,7,5,6,-1,7,11,9,8,13,4,-3,11,10,10,7,2,6,4,-3,-1,-2,-1,0,-17
5,1,2027,2063,61,54,42,39,40,26,20,26,23,19,17,16,15,17,18,33,44,53,59,63,49,57,63,64,62,73,63,77,74,75,78,66,64,64,54,45,38,30,23,20,13,14,15,16,15,13,11,3,3,-1,0,2,2,5,5,7,4,4,11,8,12,9,-2,9,5,4,0,7,11,10,7,11,0,1,8,8,5,4,5,3,0,-4,-3,-3,0,-18
5,1,2028,2092,61,54,44,39,40,36,20,28,21,25,19,14,19,15,25,31,42,55,59,65,59,59,61,68,68,72,72,67,77,77,72,68,67,59,57,47,39,32,25,18,19,14,13,17,17,13,11,9,-2,0,-3,0,2,2,4,8,6,6,3,11,7,7,7,0,6,5,6,1,7,9,10,5,8,0,5,5,5,4,4,2,-2,-5,-6,-5,-3,-16
5,1,2029,2106,62,54,43,38,41,36,28,26,22,20,22,17,12,19,20,33,42,55,61,67,61,61,66,69,71,75,76,71,78,79,70,63,68,62,52,50,40,33,27,19,17,15,14,17,17,16,12,8,2,-4,-1,-2,0,4,2,7,6,6,4,6,9,8,6,6,-4,6,6,6,5,7,9,6,4,5,0,4,3,2,3,0,-3,-6,-7,-7,-3,-14
5,1,2030,2125,62,54,43,40,41,36,28,34,22,22,19,19,19,15,25,29,42,56,62,67,64,64,65,70,71,78,78,73,75,82,77,63,63,63,56,47,44,35,30,20,17,17,16,17,17,15,13,8,1,-3,-5,-2,-2,1,2,5,5,6,8,6,8,6,7,6,4,-3,4,6,6,7,6,5,4,3,3,1,2,0,1,-1,-3,-7,-9,-8,-3,-15
5,1,2031,2114,62,54,44,40,41,36,29,34,28,22,22,17,18,18,23,32,41,55,61,66,63,66,68,72,71,77,78,76,76,80,76,65,66,62,57,50,44,40,31,22,18,15,16,18,17,15,12,9,-1,-4,-4,-5,-3,0,1,6,3,5,7,7,7,5,5,4,3,2,0,6,4,5,5,5,2,1,1,3,0,0,0,-2,-4,-9,-10,-9,-5,-20
5,1,2032,2066,62,55,44,39,41,37,29,33,28,24,20,17,17,17,22,31,41,55,61,67,63,65,67,71,70,76,75,74,75,79,74,66,64,63,55,49,44,38,33,23,21,14,15,19,17,16,12,8,1,-3,-5,-5,-5,-1,0,4,4,4,6,6,6,5,3,3,3,1,3,3,4,5,4,4,1,1,-1,0,-1,-2,-2,-2,-6,-10,-11,-10,-4,-23
5,1,2033,2082,62,54,44,40,42,37,29,33,28,24,21,18,17,17,22,32,41,55,61,68,64,67,68,74,71,76,76,74,75,79,74,66,67,62,56,50,44,36,34,26,21,17,18,20,19,15,13,8,0,-3,-4,-5,-4,-4,-1,4,3,5,6,6,7,5,3,2,2,1,2,3,4,4,3,3,1,0,0,0,-1,-3,-3,-2,-7,-10,-11,-9,-4,-26
5,1,2034,2095,62,55,45,41,42,37,29,32,28,25,22,19,17,17,22,32,42,55,61,68,64,67,69,72,72,79,78,76,75,81,75,68,65,62,56,50,45,39,35,26,24,19,19,21,18,17,14,9,2,-4,-4,-4,-5,-3,-3,4,3,4,6,6,7,4,4,2,1,0,3,3,4,4,3,3,0,1,-1,0,-2,-4,-4,-3,-7,-11,-12,-10,-5,-33
5,1,2035,2114,63,54,46,41,42,37,30,33,28,25,22,19,18,18,22,32,42,56,62,69,66,68,69,75,72,78,79,75,78,82,76,67,67,64,57,50,44,40,35,26,24,19,21,23,19,17,15,9,3,-3,-4,-2,-3,-3,-2,2,2,4,5,7,5,4,4,3,1,-1,2,3,4,3,3,1,2,0,1,0,-3,-4,-4,-4,-8,-10,-13,-12,-5,-38
5,1,2036,2119,63,55,46,40,42,37,30,33,29,25,22,19,18,19,22,32,42,56,63,69,65,69,69,76,72,78,79,76,77,82,75,67,67,65,57,51,44,37,36,27,24,22,21,24,21,18,14,12,3,-1,-2,-3,-2,-2,-2,1,0,4,4,6,6,4,5,2,1,-1,0,3,3,4,3,1,1,0,0,0,-4,-4,-4,-5,-9,-12,-12,-12,-5,-39
5,1,2037,2129,64,54,46,41,43,37,30,31,29,25,22,20,19,19,24,33,43,56,63,69,67,70,70,76,73,79,78,77,78,82,76,68,69,64,58,50,45,37,37,28,25,22,22,24,23,20,15,10,5,-1,-1,-3,-3,-1,-2,2,1,2,5,6,5,4,4,3,2,-2,1,1,2,4,3,1,0,0,0,-2,-2,-5,-7,-5,-10,-13,-14,-12,-7,-43
5,1,2038,2132,63,55,46,39,42,38,30,33,29,25,22,20,19,19,24,35,43,57,64,70,66,71,70,75,73,80,80,77,79,83,76,67,69,63,59,52,45,39,36,27,26,22,21,27,24,21,17,11,4,0,-2,-2,-3,-2,0,2,1,3,4,5,5,4,3,1,1,1,2,3,2,4,3,1,0,-2,-3,-2,-4,-5,-5,-7,-11,-14,-15,-14,-7,-48
5,1,2039,2151,64,54,46,42,43,38,30,33,29,25,23,20,19,19,25,35,45,58,64,71,67,71,70,75,74,80,79,77,78,84,78,68,70,63,57,53,46,39,38,27,26,24,22,26,24,22,19,14,5,-1,-1,-2,-1,-1,-1,2,1,3,5,4,5,5,1,4,-1,1,1,3,3,3,3,2,0,-3,-3,-4,-4,-5,-5,-8,-11,-14,-16,-15,-7,-51
5,1,2040,2166,64,55,47,41,43,38,30,33,29,26,22,20,19,19,25,35,45,59,64,72,67,72,71,77,74,81,81,79,78,82,79,69,70,64,59,51,47,38,37,29,26,22,22,27,26,23,20,14,8,1,-1,-2,-2,0,-1,3,2,3,4,5,3,4,2,3,1,0,1,3,2,3,1,0,0,-3,-2,-4,-4,-5,-5,-7,-11,-15,-15,-15,-9,-53
5,1,2041,2182,65,55,47,42,43,38,31,33,29,26,22,20,19,20,25,35,46,59,68,71,69,72,73,76,76,80,81,79,79,85,79,70,72,65,58,53,45,37,39,29,26,22,23,27,25,22,20,16,9,3,0,-1,-1,-1,1,4,2,5,4,5,4,1,2,2,-2,0,0,2,3,3,1,1,0,-3,-2,-4,-4,-5,-5,-8,-10,-16,-16,-18,-9,-57
5,1,2042,2172,65,55,47,40,42,38,31,32,29,26,22,19,19,19,25,35,46,60,68,75,69,71,72,75,76,83,82,80,79,83,79,69,72,66,58,53,46,37,39,29,27,23,22,27,26,23,20,16,9,5,2,0,0,0,0,4,2,3,5,6,4,2,-1,1,0,-2,0,1,2,2,3,1,-1,-3,-2,-4,-3,-8,-7,-7,-11,-15,-17,-18,-10,-66
5,1,2043,2176,65,55,46,41,44,39,31,32,29,26,22,21,19,19,25,35,46,59,68,74,73,72,72,76,77,83,82,80,79,83,79,71,71,66,59,52,46,38,39,29,27,24,24,27,27,23,20,16,10,4,4,1,1,1,1,5,3,4,5,7,4,2,1,-1,-2,-2,-1,1,1,2,1,1,0,-3,-4,-4,-6,-8,-7,-9,-12,-16,-16,-19,-11,-73
5,1,2044,2179,65,56,47,42,42,39,32,32,30,26,23,20,19,19,25,36,46,60,69,75,72,74,72,76,78,82,81,81,80,83,80,71,72,66,61,53,45,37,38,31,26,24,22,29,27,23,21,16,10,5,4,2,2,1,0,5,3,5,5,7,4,3,1,1,-2,-3,0,0,2,0,1,1,0,-3,-5,-5,-5,-8,-8,-9,-12,-17,-19,-20,-14,-77
5,1,2045,2184,66,56,47,42,43,39,31,31,29,26,23,20,19,20,26,36,46,61,69,75,73,75,74,76,78,82,81,81,80,84,79,71,72,68,60,54,45,37,38,31,28,24,24,28,26,23,19,16,10,5,4,3,3,3,1,4,4,5,6,6,5,3,3,1,-4,-4,-1,0,1,1,1,1,-1,-3,-5,-6,-5,-8,-9,-9,-13,-17,-18,-19,-13,-83
5,1,2046,2182,66,56,47,42,45,38,31,31,29,26,23,19,19,20,26,36,46,61,69,75,73,74,75,79,79,83,82,82,79,84,77,73,73,66,60,53,45,39,37,31,28,24,24,28,28,24,19,16,10,6,4,4,4,4,3,5,3,5,7,7,6,3,2,0,-3,-2,-3,0,1,0,2,-1,-1,-3,-4,-7,-8,-8,-9,-10,-13,-18,-19,-21,-16,-88
5,1,2047,2194,66,56,48,43,43,38,32,31,30,26,23,19,19,20,25,36,46,62,70,75,73,75,76,80,81,82,81,82,79,85,80,72,73,67,61,54,46,39,37,30,28,25,23,28,28,24,21,16,10,6,3,4,4,4,4,5,4,5,7,7,6,3,2,0,-2,-3,-2,-2,0,1,1,0,-2,-2,-4,-6,-7,-7,-10,-10,-14,-17,-19,-20,-15,-94
5,1,2048,2185,67,56,48,42,43,38,32,32,29,27,23,19,19,20,26,36,46,61,69,75,73,76,75,80,81,82,82,82,80,86,79,72,73,68,61,54,46,38,38,30,27,25,23,28,27,24,21,16,10,6,5,3,5,6,4,6,5,5,7,7,6,5,3,-1,-2,-3,-2,-1,-2,0,1,-1,-2,-4,-4,-6,-7,-10,-11,-10,-14,-18,-19,-22,-15,-100
5,1,2049,2200,67,57,47,43,44,38,32,30,29,27,23,19,19,20,25,36,47,61,70,76,74,75,76,80,82,83,82,83,80,86,78,73,74,67,61,56,46,39,37,31,27,24,23,29,28,24,21,17,11,5,5,5,4,5,4,6,5,7,8,7,7,5,4,1,-3,-1,-3,-1,-1,-1,0,-1,-1,-4,-7,-6,-6,-8,-9,-11,-14,-18,-20,-22,-15,-103
5,1,2050,2189,67,57,48,43,43,39,32,31,28,27,23,20,19,20,25,36,47,61,70,76,74,75,76,81,81,83,83,84,81,84,80,73,74,67,61,55,47,39,37,31,28,25,25,30,28,24,20,17,11,5,4,4,4,5,4,6,6,6,8,7,7,6,2,1,-2,-4,-3,-2,-3,-1,-1,0,-2,-4,-6,-6,-8,-8,-9,-11,-15,-18,-20,-23,-16,-110
5,1,2051,2196,67,57,48,43,44,39,32,30,29,27,23,20,19,20,25,37,47,61,69,76,74,76,76,82,81,83,82,84,82,86,80,74,74,68,61,55,46,39,37,31,28,24,24,29,28,24,20,16,11,6,5,3,4,5,5,7,6,7,9,9,7,6,3,2,-3,-3,-2,-1,-1,-1,-1,-2,-2,-4,-7,-6,-7,-9,-9,-10,-15,-19,-21,-22,-16,-115
5,1,2052,2187,67,57,49,44,43,39,33,30,29,27,22,19,20,20,25,37,47,62,69,76,74,75,77,81,81,84,82,83,82,86,80,73,74,68,62,55,46,39,36,32,28,25,23,30,28,24,20,17,11,7,4,4,4,4,5,8,6,7,9,9,8,5,3,1,0,-2,-3,-1,1,-1,-1,-1,-5,-4,-7,-7,-7,-13,-9,-10,-15,-19,-21,-23,-19,-121
5,1,2053,2193,67,57,49,44,43,39,33,31,28,27,22,19,20,20,25,37,47,62,70,77,75,76,77,80,82,84,82,84,81,86,81,73,74,69,62,55,46,40,37,32,28,25,24,29,28,23,20,17,11,6,5,4,5,5,5,8,7,8,9,10,8,6,4,1,-1,-3,-2,-1,-2,-1,-1,-2,-4,-6,-7,-7,-9,-10,-9,-10,-14,-19,-22,-25,-17,-124
5,1,2054,2195,67,56,49,44,42,39,32,30,29,27,23,21,20,20,25,36,47,61,70,77,74,75,77,80,82,84,83,83,82,87,82,76,74,67,62,56,46,40,38,32,29,27,23,29,28,25,20,16,11,6,5,4,5,5,4,7,7,8,9,10,9,7,6,1,-1,-2,-3,-1,-1,-1,0,-2,-4,-5,-8,-8,-9,-10,-9,-11,-14,-19,-21,-25,-16,-131
5,1,2055,2204,68,56,49,44,44,39,32,31,29,27,22,20,20,20,26,36,47,61,70,77,74,77,77,80,82,84,82,84,82,87,82,74,75,68,62,56,46,40,37,32,29,27,25,31,28,25,20,15,11,6,5,4,5,5,5,7,7,9,10,10,9,8,7,2,1,-3,-2,-1,0,-2,-1,-2,-4,-6,-7,-9,-8,-9,-12,-10,-15,-19,-21,-22,-19,-134
5,1,2056,2200,68,56,49,45,42,39,33,32,29,27,22,20,20,20,26,36,47,63,70,77,75,77,77,81,82,84,82,84,82,87,82,74,76,69,62,55,46,41,36,32,29,26,24,30,28,25,21,16,11,6,5,4,5,6,4,7,7,9,10,10,9,8,6,4,3,-1,-3,0,-1,0,-1,-2,-4,-6,-7,-10,-10,-11,-11,-11,-15,-21,-21,-25,-20,-138
5,1,2057,2204,68,56,49,45,42,39,33,32,29,27,23,20,20,20,26,36,48,63,70,77,76,77,78,82,82,85,82,83,82,86,82,73,76,70,65,55,46,41,35,32,29,27,26,30,28,26,20,17,11,6,5,4,5,5,4,7,8,9,10,11,9,8,6,3,3,-2,-1,0,-1,-1,-2,-2,-4,-7,-7,-9,-10,-12,-11,-12,-15,-20,-23,-25,-20,-140
5,1,2058,2201,68,57,48,45,41,39,34,31,29,27,23,20,20,20,26,36,48,62,70,77,73,77,78,81,83,85,82,84,82,86,81,74,77,69,65,57,46,41,36,33,29,27,26,29,28,26,22,15,10,6,5,4,5,5,4,7,7,9,10,11,10,8,6,4,0,-1,1,0,-1,-1,-1,-1,-4,-6,-7,-9,-9,-12,-14,-12,-16,-21,-23,-26,-18,-142
5,1,2059,2206,68,57,48,45,42,39,34,31,29,27,23,20,20,20,26,36,48,63,69,78,74,76,78,81,83,85,84,84,83,85,83,74,76,70,65,57,49,41,37,33,29,27,23,29,28,26,22,16,10,6,5,3,5,5,5,7,7,9,10,11,10,8,6,5,0,2,2,2,1,-1,0,-2,-3,-6,-8,-8,-10,-13,-13,-14,-16,-21,-23,-26,-22,-148
5,1,2060,2205,68,57,49,45,42,39,34,30,29,27,23,20,20,21,26,37,48,63,70,77,76,77,78,82,82,85,83,84,83,86,82,74,76,69,65,57,48,41,37,33,30,26,24,29,28,26,22,17,10,6,5,4,4,5,5,6,7,9,9,11,10,8,5,5,0,1,2,2,2,0,0,-2,-3,-5,-8,-9,-10,-12,-14,-13,-18,-22,-24,-27,-20,-149
5,2,2023,2981,61,38,37,33,31,29,25,24,28,30,24,28,25,30,33,50,60,78,93,104,98,89,95,90,90,95,103,93,89,90,76,74,77,63,66,56,51,42,32,33,29,28,25,21,17,22,21,20,19,8,12,14,8,12,17,8,17,19,5,19,4,11,18,11,21,20,25,28,15,10,28,22,20,-1,16,18,15,14,-1,10,9,7,4,0,3,-50
5,2,2024,2946,62,47,35,31,29,29,28,27,26,28,24,28,23,31,33,49,64,77,91,93,104,96,86,90,93,87,101,98,89,83,82,71,67,73,60,60,53,41,37,27,27,27,21,24,19,18,21,19,17,13,7,13,14,8,14,16,8,19,20,6,18,1,11,17,10,17,20,27,25,13,4,24,22,17,-3,13,13,11,12,-5,7,5,3,3,0,-23
5,2,2025,2940,60,47,43,30,29,31,28,27,28,30,24,26,24,31,34,49,62,80,87,90,92,101,95,82,95,90,91,96,98,82,73,78,61,68,70,55,55,42,38,31,24,27,21,20,21,21,16,19,15,12,13,10,12,14,8,12,15,13,18,20,10,16,6,11,15,7,19,22,25,25,11,3,21,17,14,0,9,11,9,7,-4,4,2,2,3,-9
5,2,2026,2933,60,48,44,36,28,29,28,26,29,30,26,27,25,31,34,50,65,78,92,87,89,92,96,90,89,91,96,91,98,90,78,69,67,57,62,62,51,46,37,34,26,24,22,20,18,21,18,15,18,9,12,13,10,13,14,4,12,16,17,18,20,11,15,11,14,14,10,23,20,24,17,11,1,15,14,12,7,7,9,5,5,-7,1,1,1,-6
5,2,2027,2926,61,48,44,36,35,31,28,23,29,30,25,26,25,32,34,48,65,81,89,93,88,88,90,92,94,87,95,96,89,92,84,80,64,65,57,56,54,44,42,33,29,25,22,20,17,19,19,17,15,11,8,11,13,10,13,13,4,14,17,17,17,16,9,13,11,14,16,10,20,20,19,16,8,5,10,9,9,9,5,5,4,2,-7,0,2,-3
5,2,2028,2899,61,48,44,36,35,34,27,25,27,32,24,28,24,30,36,50,65,84,92,86,95,89,83,88,99,88,92,93,96,89,85,81,70,61,63,53,50,43,38,36,29,28,21,22,19,18,16,16,14,9,11,8,11,13,11,13,13,6,14,15,18,15,14,10,10,10,16,15,8,19,15,15,11,5,9,7,6,8,7,2,2,0,0,-7,2,-5
5,2,2029,2891,61,49,44,37,35,35,31,25,29,31,27,29,25,30,33,51,68,82,97,93,93,93,92,80,94,93,96,92,91,91,84,81,69,64,63,56,50,43,38,31,31,28,22,21,19,20,16,15,14,7,8,9,8,10,13,11,13,16,9,13,15,14,13,13,10,9,15,16,16,6,13,12,11,7,4,5,4,7,6,3,1,-1,-2,-3,-4,-8
5,2,2030,2872,62,49,45,37,35,35,31,26,30,32,24,28,24,30,33,50,67,84,96,97,97,95,91,90,90,91,100,96,92,85,83,78,69,64,64,56,51,43,39,34,28,27,22,22,19,20,16,15,13,8,6,8,10,9,11,11,12,15,14,15,15,12,13,13,11,9,13,14,16,14,1,11,9,7,3,2,3,4,4,2,0,-2,-4,-4,-3,-15
5,2,2031,2839,62,49,45,39,34,36,31,27,31,32,25,27,25,30,34,51,66,85,97,97,98,94,92,87,93,90,99,96,92,89,77,77,67,64,64,57,50,43,39,35,29,25,21,22,20,19,18,15,13,6,7,7,8,9,9,9,12,14,13,14,15,11,12,11,10,9,12,12,16,13,8,6,8,6,3,0,1,1,3,0,-1,-3,-5,-6,-4,-15
5,2,2032,2789,63,49,45,39,36,35,31,27,31,31,25,27,24,30,33,50,66,84,97,98,98,95,93,87,92,89,96,95,93,87,79,74,65,63,63,56,50,44,37,33,30,26,21,22,19,19,17,15,13,7,5,7,6,8,9,8,10,13,13,13,13,10,10,9,9,9,12,12,11,13,11,10,8,4,2,0,-2,1,3,-1,-1,-5,-6,-7,-6,-21
5,2,2033,2785,63,50,46,38,35,36,32,27,28,31,27,26,24,30,34,50,66,84,97,97,99,95,92,89,94,89,95,96,93,87,79,77,65,62,63,56,50,43,38,34,31,28,21,21,18,19,17,15,13,8,6,6,6,7,8,9,9,13,13,13,14,10,11,10,11,9,11,12,12,13,10,9,7,5,2,-1,-3,0,2,-2,-2,-5,-7,-7,-8,-26
5,2,2034,2815,64,50,45,40,35,36,32,27,31,31,28,27,25,30,34,50,68,85,98,99,100,96,92,90,92,91,97,94,96,89,78,76,66,61,64,57,51,44,39,35,30,28,24,21,18,20,18,16,14,8,7,6,6,8,8,9,9,11,13,13,13,12,10,11,8,8,11,13,13,13,11,9,7,4,1,0,-3,-1,2,-2,-2,-6,-8,-9,-7,-23
5,2,2035,2811,64,50,45,39,36,37,32,27,32,31,28,28,26,29,34,51,67,85,98,99,100,97,92,90,94,92,96,95,96,88,81,76,66,62,63,56,52,43,39,35,30,28,23,23,19,19,18,16,13,8,7,7,6,7,9,8,10,12,13,13,13,11,12,10,9,7,11,14,12,14,10,9,7,2,1,-2,-3,-1,2,-3,-3,-5,-8,-10,-6,-32
5,2,2036,2821,64,50,45,40,36,37,32,28,32,31,28,28,26,31,35,51,69,86,97,100,100,97,94,91,95,92,98,97,97,89,80,77,66,64,65,57,50,44,40,35,33,29,24,24,20,19,18,15,13,8,7,6,7,7,8,8,9,11,13,12,13,11,11,11,8,9,12,14,13,13,7,8,6,2,0,-2,-4,-1,1,-3,-3,-6,-8,-9,-7,-40
5,2,2037,2822,64,51,45,40,36,37,32,28,30,32,28,28,25,30,36,51,68,86,99,101,101,98,94,92,94,93,100,97,96,90,80,78,66,62,65,58,53,44,41,35,32,30,24,23,20,21,18,15,13,8,7,7,7,8,8,9,9,11,12,12,13,11,9,11,9,9,10,12,13,13,6,9,6,3,0,-2,-5,-2,1,-3,-4,-6,-8,-10,-8,-43
5,2,2038,2822,65,51,45,40,36,37,33,29,28,32,28,28,25,31,36,52,67,88,99,100,101,98,96,92,95,93,100,98,97,90,80,78,66,63,64,58,52,43,40,36,33,29,25,24,21,22,19,16,13,8,8,7,8,7,9,8,9,11,12,13,13,10,10,10,9,8,11,14,9,13,7,9,5,3,1,-2,-5,-3,1,-2,-4,-7,-10,-10,-8,-52
5,2,2039,2837,65,51,46,40,36,37,33,28,30,32,28,29,26,32,37,52,68,87,100,102,101,98,96,94,94,94,101,100,97,91,81,78,68,63,65,57,53,42,41,35,31,29,26,24,21,21,20,16,13,8,7,8,8,7,9,9,10,11,12,12,12,11,8,8,8,8,10,14,12,12,7,8,7,3,2,-2,-5,-4,1,-2,-4,-7,-9,-11,-12,-48
5,2,2040,2831,65,51,46,40,36,38,33,28,30,32,28,29,26,31,37,52,69,88,100,102,102,99,97,94,96,94,100,100,98,91,81,79,68,63,65,58,52,44,41,33,34,29,26,25,21,21,19,18,15,8,8,7,8,8,8,8,10,11,11,12,11,10,9,8,6,7,11,13,13,12,7,9,7,3,1,-2,-5,-4,0,-3,-4,-7,-10,-12,-12,-60
5,2,2041,2833,65,51,46,41,37,38,33,28,29,32,29,29,26,31,37,52,69,88,102,101,102,99,95,95,95,96,100,101,99,92,81,79,68,63,65,58,52,45,39,34,32,29,26,25,22,21,19,17,15,9,7,7,8,9,8,9,9,12,12,12,12,10,9,7,7,7,9,14,12,11,8,7,5,3,1,-1,-5,-3,0,-4,-5,-7,-10,-11,-12,-61
5,2,2042,2834,64,52,46,41,36,38,33,29,31,32,29,29,27,32,37,53,69,88,100,103,103,100,97,95,96,95,99,100,100,92,82,80,69,64,65,58,53,44,40,35,33,28,25,25,20,23,20,17,15,10,8,7,7,8,10,9,10,12,12,11,11,10,8,9,8,8,10,13,11,12,7,9,5,4,1,-3,-5,-6,-1,-4,-6,-8,-11,-13,-13,-68
5,2,2043,2828,64,52,46,42,35,38,33,30,27,32,29,29,27,31,38,53,69,88,102,104,104,99,95,94,96,96,100,101,100,92,83,80,69,64,67,59,52,45,40,34,33,30,25,24,21,23,21,17,15,9,9,9,7,8,10,9,11,10,12,12,12,9,8,7,5,9,9,13,12,11,8,7,5,4,0,-3,-6,-5,-1,-4,-6,-9,-12,-14,-12,-73
5,2,2044,2821,64,52,45,41,36,37,33,29,29,33,29,29,27,32,37,54,70,88,102,104,105,101,97,95,96,94,100,102,99,92,83,81,69,66,65,60,53,44,40,35,31,30,26,24,21,23,21,18,15,9,9,9,8,8,9,9,10,10,12,12,13,8,8,6,4,7,9,10,12,11,8,8,5,4,-1,-3,-6,-5,-1,-4,-6,-9,-12,-14,-12,-81
5,2,2045,2827,64,52,45,41,37,38,34,29,29,33,29,29,26,31,37,54,70,89,101,105,106,102,98,95,97,94,100,103,99,92,82,81,69,65,65,60,53,45,41,35,33,29,26,25,20,22,21,18,14,9,10,10,8,8,9,8,10,12,12,11,12,8,9,6,8,5,8,11,12,13,9,7,6,4,-1,-4,-6,-3,-1,-4,-6,-10,-12,-16,-15,-83
5,2,2046,2824,64,53,46,41,37,38,34,29,30,32,29,29,27,31,37,53,70,89,102,105,105,103,97,97,97,95,101,101,101,94,83,80,70,64,67,59,53,44,41,36,32,28,26,25,22,22,21,18,16,10,11,10,9,9,10,9,10,12,13,11,12,8,8,6,6,8,8,12,11,11,8,7,5,4,-1,-2,-7,-9,-1,-4,-6,-10,-13,-15,-14,-96
5,2,2047,2821,64,53,45,42,37,39,34,29,30,32,29,30,28,31,37,54,71,89,102,105,106,102,98,95,98,97,101,100,102,94,83,81,71,65,65,60,52,45,41,37,32,30,26,24,21,22,20,17,14,9,10,10,10,9,10,10,9,12,12,13,13,9,8,6,7,6,7,9,12,9,7,6,6,4,-1,-3,-5,-7,-1,-4,-6,-10,-13,-16,-14,-102
5,2,2048,2816,64,53,46,42,38,39,34,29,30,32,29,29,28,31,38,54,71,89,103,106,104,101,98,96,99,99,100,102,101,94,84,81,70,66,65,60,54,45,41,37,32,28,26,24,21,21,20,17,14,9,10,10,10,9,10,11,11,11,12,12,11,9,8,7,7,5,5,10,10,10,7,6,7,4,-1,-3,-6,-8,0,-5,-6,-10,-13,-17,-16,-105
5,2,2049,2819,64,53,47,42,37,39,34,29,29,32,29,30,28,31,38,54,71,89,103,105,106,103,98,97,98,97,104,101,101,95,85,80,71,65,66,60,54,45,43,37,35,30,26,23,20,22,19,17,13,9,10,9,10,10,10,10,11,12,12,12,12,9,8,7,6,6,6,10,9,9,6,6,6,3,0,-3,-6,-8,0,-5,-7,-10,-13,-17,-17,-108
5,2,2050,2813,63,53,46,43,36,38,34,30,28,32,30,30,27,32,39,54,71,90,103,106,106,102,99,97,98,99,103,101,101,94,85,81,70,65,65,60,55,45,42,38,34,29,27,24,21,22,20,17,14,8,9,10,9,11,10,10,12,12,12,12,12,8,9,6,6,6,7,11,9,10,5,5,5,2,0,-3,-6,-8,0,-5,-7,-10,-13,-17,-16,-117
5,2,2051,2821,64,53,46,43,36,39,34,30,29,32,30,30,28,32,39,54,71,90,104,107,105,102,99,97,99,97,103,103,100,94,85,82,71,66,66,60,55,46,42,37,34,30,27,24,19,22,20,16,14,9,8,9,10,10,10,10,12,11,12,13,12,8,10,6,8,7,8,10,10,9,7,5,5,2,0,-3,-7,-8,0,-5,-7,-10,-14,-16,-17,-119
5,2,2052,2821,64,53,46,43,37,38,34,30,29,32,30,30,28,33,38,54,72,91,104,107,106,103,100,96,98,99,103,103,102,96,86,80,71,65,64,61,55,46,43,38,35,30,27,24,19,22,20,15,13,9,9,9,8,10,10,11,12,13,13,13,13,9,7,6,6,7,9,10,10,9,5,5,5,2,0,-3,-7,-9,0,-5,-7,-11,-15,-16,-17,-122
5,2,2053,2801,64,54,46,43,37,37,34,30,28,32,30,30,28,33,38,54,72,90,104,106,106,104,98,98,96,98,103,103,102,96,86,83,71,66,65,61,55,46,42,36,34,30,27,24,19,22,19,15,13,8,9,9,8,10,11,11,10,11,13,11,13,10,8,6,5,7,8,9,11,9,6,4,5,1,-1,-3,-7,-8,-1,-5,-7,-11,-14,-17,-17,-129
5,2,2054,2793,64,54,46,43,37,37,35,30,28,33,30,30,28,33,38,54,72,90,103,107,106,103,99,98,97,99,103,105,101,96,86,81,72,66,65,61,55,46,42,38,34,29,27,24,22,23,19,16,13,8,9,9,9,9,10,11,10,11,13,12,11,10,8,5,4,7,7,9,11,9,6,4,4,2,-2,-2,-7,-8,-1,-5,-7,-10,-15,-17,-19,-140
5,2,2055,2793,64,54,46,43,37,38,35,30,26,33,30,30,27,33,38,54,72,90,103,106,106,104,99,98,98,99,102,103,101,96,86,82,72,67,65,61,56,46,43,38,35,30,27,24,22,23,20,17,13,8,9,9,8,9,10,10,10,11,14,12,12,10,8,7,5,6,8,10,11,11,6,4,4,1,-2,-3,-7,-9,-2,-5,-7,-10,-15,-17,-19,-146
5,2,2056,2804,64,54,46,42,37,39,34,30,28,33,30,29,28,33,38,55,72,90,103,107,106,104,99,96,98,99,102,102,102,95,86,83,73,68,67,61,56,46,43,38,35,30,27,24,22,23,21,17,13,8,10,9,8,9,10,10,10,11,13,13,14,10,10,7,5,6,7,10,11,10,5,3,4,1,-2,-3,-8,-9,-2,-6,-7,-11,-15,-15,-19,-141
5,2,2057,2789,64,54,46,43,38,37,34,30,28,33,30,29,28,32,38,56,72,90,103,107,108,104,99,97,98,97,103,102,102,96,85,82,72,67,65,61,56,47,43,39,35,30,27,24,21,23,21,16,13,8,8,9,8,8,10,10,10,10,13,13,11,10,9,7,4,7,7,10,10,10,7,3,4,2,-2,-3,-7,-10,-2,-5,-8,-11,-15,-17,-19,-145
5,2,2058,2779,64,54,47,42,36,36,34,30,29,32,30,29,28,32,37,55,72,91,104,107,106,105,99,96,98,97,103,102,102,97,86,81,72,67,64,62,56,47,43,39,36,29,27,24,21,23,20,17,14,8,8,9,8,8,10,9,10,10,13,13,12,11,8,8,5,8,8,8,10,10,6,3,4,2,-2,-3,-8,-10,-3,-7,-8,-12,-15,-18,-19,-147
5,2,2059,2776,63,54,47,43,38,37,34,30,28,32,30,29,28,33,37,55,72,91,104,108,107,105,99,96,98,98,102,103,102,96,86,81,73,67,65,62,55,47,43,39,34,30,27,24,21,23,20,16,14,8,8,9,8,8,10,9,10,11,13,12,13,10,9,8,5,7,8,10,9,10,6,3,4,2,-1,-4,-8,-10,-3,-7,-9,-12,-16,-18,-19,-153
5,2,2060,2770,63,54,47,43,36,37,34,30,28,32,30,29,27,33,37,56,72,90,104,107,106,106,100,96,99,98,102,103,102,96,86,82,73,67,66,62,55,47,43,39,34,30,27,25,21,23,20,17,14,9,8,8,7,8,10,9,10,11,13,12,11,9,9,7,5,7,8,11,10,8,5,2,4,2,-1,-4,-8,-9,-3,-7,-9,-12,-16,-17,-19,-156
6,0,2023,23387,497,213,229,225,264,255,298,273,289,297,305,266,245,256,270,345,397,495,551,614,628,670,668,674,730,760,794,827,790,769,725,695,631,577,551,526,485,380,354,286,232,213,184,183,187,190,169,140,111,86,81,72,65,76,94,111,99,129,120,123,134,114,141,102,125,107,94,109,113,90,55,61,59,47,56,62,53,34,40,20,28,30,7,-5,-6,-52
6,0,2024,23279,502,379,224,231,264,253,294,270,285,293,297,269,258,246,280,347,405,471,546,611,656,651,703,700,693,770,805,795,817,772,716,677,648,584,542,507,459,401,346,300,233,216,187,183,176,181,160,130,111,60,74,62,73,73,77,107,113,91,125,120,122,117,118,123,78,117,83,81,96,94,75,46,52,45,36,43,55,45,26,30,9,25,3,3,-1,-61
6,0,2025,23243,505,383,362,225,260,252,286,269,281,287,286,264,255,257,282,355,414,491,516,600,666,667,667,742,719,728,809,798,788,784,727,680,642,591,545,494,447,375,358,299,251,224,192,183,175,176,155,124,97,58,54,56,68,87,74,84,110,110,96,123,116,109,121,112,96,76,99,75,82,84,84,66,33,49,41,37,42,50,37,25,17,9,-1,-3,-5,-61
6,0,2026,23362,509,385,367,334,250,250,287,274,286,286,293,258,263,255,292,365,425,498,538,578,651,681,686,711,755,750,796,804,787,776,738,691,650,611,557,501,438,367,336,310,254,231,208,188,178,179,143,110,94,52,52,44,66,84,79,89,94,108,115,99,123,114,105,108,89,91,64,90,69,67,71,70,41,39,39,40,37,35,36,30,13,12,-4,-6,-6,-61
6,0,2027,23418,511,388,367,338,342,248,287,273,282,290,296,268,262,262,289,378,441,513,551,602,633,677,695,721,734,783,799,809,795,759,733,694,648,605,572,517,445,358,334,295,257,234,211,199,177,179,151,102,85,47,41,39,48,82,86,97,91,99,107,115,98,113,115,90,84,84,71,61,76,65,60,61,45,43,38,35,33,30,25,36,10,11,-9,-14,-14,-70
6,0,2028,23433,515,391,372,345,344,313,281,269,282,290,288,265,259,263,301,374,453,523,560,622,663,674,695,735,738,769,823,793,787,767,728,690,657,605,561,522,456,362,324,292,245,238,216,204,189,177,156,112,69,38,37,30,46,63,82,91,104,95,108,106,115,87,112,100,77,76,65,62,53,61,57,57,35,43,39,29,33,29,20,21,14,4,-6,-13,-18,-76
6,0,2029,23380,518,398,376,344,345,319,331,268,279,290,289,261,265,259,301,383,458,536,575,629,675,685,702,727,755,779,808,814,781,757,720,684,651,613,563,516,453,361,327,280,240,228,209,205,194,188,149,117,84,26,33,27,38,57,70,92,100,105,101,101,101,106,94,96,80,73,65,55,56,49,51,51,35,29,25,31,26,24,22,20,1,7,-17,-17,-21,-101
6,0,2030,23346,524,400,375,348,352,319,333,304,285,294,287,261,262,267,301,382,461,542,582,643,683,695,703,737,749,795,818,812,808,757,721,686,653,602,573,513,450,363,331,277,231,226,205,204,194,186,163,112,79,35,19,24,34,50,60,90,96,105,102,95,100,92,100,87,65,66,49,52,50,46,40,42,25,30,26,18,25,21,16,19,1,4,-13,-25,-25,-123
6,0,2031,23216,527,405,378,349,353,318,334,303,311,302,283,263,264,268,308,384,463,540,592,651,697,699,714,738,754,792,831,819,813,775,724,680,656,601,566,519,452,365,327,274,227,216,203,202,189,192,157,120,80,33,26,12,26,42,53,77,92,101,96,101,92,86,88,84,68,62,48,38,45,36,35,27,17,19,17,17,7,11,9,11,-3,-5,-19,-28,-33,-150
6,0,2032,23039,532,408,383,353,353,321,339,304,314,304,280,266,267,271,307,389,471,549,596,655,700,710,722,754,758,791,833,820,810,782,739,681,645,599,566,516,451,365,318,273,226,216,189,203,188,188,166,116,86,34,21,11,11,32,46,65,81,90,91,96,88,81,77,71,51,59,38,28,35,32,26,12,6,9,10,12,10,6,2,1,-5,-6,-21,-28,-37,-169
6,0,2033,23144,533,409,385,356,355,325,340,305,317,306,304,267,270,274,311,393,471,551,601,657,707,728,733,760,769,802,842,828,819,789,746,697,650,602,558,526,451,371,325,274,235,226,188,199,191,188,159,118,89,40,24,14,19,24,42,64,70,83,90,92,89,76,73,61,45,51,39,31,35,29,23,17,-3,7,6,7,1,0,-2,4,-8,-7,-21,-36,-35,-200
6,0,2034,23266,535,413,386,359,360,330,342,306,315,307,303,289,271,275,311,395,473,561,608,663,713,735,751,771,779,811,847,840,829,795,751,708,664,610,565,526,460,370,325,279,236,226,195,197,187,184,158,116,89,38,32,14,22,33,38,56,76,80,87,86,86,81,75,58,39,49,37,27,34,25,22,14,2,6,1,4,-1,-2,-8,-5,-11,-14,-25,-39,-46,-224
6,0,2035,23328,539,416,387,361,361,331,341,308,315,306,305,290,284,273,312,395,475,562,606,669,723,736,753,779,790,821,863,846,831,801,751,711,676,615,566,528,460,377,329,281,241,227,207,196,182,183,161,118,86,44,30,20,23,29,38,58,76,81,76,81,83,80,78,62,36,36,30,30,31,23,21,20,2,4,-2,-5,-5,-4,-12,-10,-16,-17,-30,-39,-44,-254
6,0,2036,23432,543,419,392,363,360,331,347,310,318,313,305,285,284,287,317,401,481,566,609,673,733,746,762,793,799,831,869,856,839,805,766,712,675,628,579,533,465,379,338,290,244,225,201,202,187,179,153,121,84,36,37,17,27,31,34,58,71,73,73,77,80,74,76,60,38,33,21,19,25,25,21,12,-3,1,-2,0,-5,-3,-13,-13,-20,-24,-33,-47,-49,-273
6,0,2037,23507,546,423,396,366,365,333,347,311,320,313,309,290,292,286,327,401,487,566,618,687,740,745,767,797,809,842,879,864,846,815,769,721,682,634,586,541,470,374,327,288,247,234,206,200,194,182,158,116,86,35,29,22,24,35,36,57,74,69,73,73,74,69,68,65,37,34,20,16,18,18,21,12,-4,1,-9,-6,-3,-15,-13,-12,-23,-26,-47,-52,-55,-310
6,0,2038,23545,550,426,400,369,368,335,348,315,324,312,308,292,290,291,334,414,487,568,622,689,742,753,774,801,819,846,889,876,855,829,770,728,688,636,586,551,479,377,336,292,251,231,209,204,187,189,158,110,75,34,29,22,24,34,44,60,68,68,73,74,74,63,60,52,36,29,23,4,10,12,16,8,-3,-4,-12,-9,-9,-10,-22,-18,-23,-30,-46,-61,-63,-345
6,0,2039,23648,552,430,399,371,371,334,350,316,325,314,309,297,290,295,332,415,502,572,621,691,750,767,779,811,826,859,899,886,867,831,782,734,692,643,596,556,493,395,332,288,248,234,209,206,196,188,161,112,73,31,24,18,20,37,44,63,69,67,70,65,70,60,62,49,27,28,22,4,3,8,9,11,-6,-6,-12,-8,-8,-13,-27,-29,-30,-34,-45,-63,-66,-365
6,0,2040,23697,555,431,403,371,369,339,350,320,325,315,313,292,293,296,333,418,502,591,629,697,755,770,780,810,829,861,899,890,874,836,789,742,697,648,596,561,489,401,348,293,242,235,209,209,199,190,156,115,73,23,15,23,23,35,49,65,77,70,73,73,66,61,56,38,27,24,14,13,10,9,5,7,-9,-4,-18,-15,-13,-11,-26,-26,-34,-38,-51,-64,-74,-414
6,0,2041,23684,558,435,405,373,369,336,351,316,325,316,307,298,288,295,333,417,498,594,648,703,759,770,789,818,832,871,905,892,880,850,802,751,701,650,602,553,490,401,355,300,244,238,210,215,197,189,164,117,80,19,18,12,20,31,42,65,78,79,71,72,72,54,46,37,11,14,9,12,9,5,1,-5,-13,-7,-13,-10,-12,-25,-24,-24,-36,-46,-59,-71,-77,-461
6,0,2042,23651,560,438,406,376,368,338,349,319,325,314,306,294,290,297,336,415,503,591,652,729,751,776,789,823,840,874,908,903,885,855,802,751,708,653,607,560,493,400,355,307,253,232,208,207,197,190,162,118,77,27,12,3,10,32,38,64,77,73,72,76,70,54,46,30,2,12,4,9,7,10,0,-2,-17,-16,-23,-13,-18,-22,-24,-37,-38,-48,-61,-75,-82,-491
6,0,2043,23659,565,441,409,378,371,337,350,318,326,316,305,292,291,295,330,415,504,593,651,728,777,775,794,831,842,873,912,905,889,855,806,756,713,656,611,560,495,406,350,308,261,241,207,209,197,191,159,116,77,34,16,-1,8,31,33,64,77,78,68,74,69,56,50,27,8,7,-2,-4,1,3,4,1,-22,-20,-21,-16,-16,-22,-34,-37,-38,-51,-67,-78,-87,-521
6,0,2044,23689,568,441,412,377,369,338,350,321,324,315,304,296,288,296,330,415,505,595,654,730,781,802,796,832,844,877,914,909,894,866,810,767,718,662,616,566,496,403,355,309,261,251,215,206,193,190,159,118,76,29,15,7,12,25,36,58,73,74,73,74,75,57,52,30,4,5,-6,-7,-9,6,0,-2,-15,-17,-30,-28,-23,-27,-28,-42,-46,-50,-70,-82,-90,-558
6,0,2045,23673,572,444,412,378,370,335,350,322,326,313,303,296,295,294,334,417,507,603,657,731,785,804,822,830,849,886,920,914,899,862,816,764,718,669,620,564,503,408,356,305,261,249,225,210,200,189,162,119,79,26,12,9,19,24,31,53,67,70,79,78,73,62,52,32,1,-7,-10,-12,-14,-1,-2,-9,-22,-19,-30,-33,-22,-31,-31,-40,-47,-61,-71,-87,-96,-617
6,0,2046,23624,572,443,416,378,371,333,349,320,327,314,302,291,296,294,334,413,505,605,655,735,791,807,822,855,853,886,920,914,900,863,819,769,724,673,627,573,503,413,356,305,264,248,222,220,201,190,159,119,75,29,13,4,5,26,26,51,67,69,71,77,81,60,53,35,7,-3,-18,-15,-15,-9,-9,-14,-24,-26,-31,-31,-30,-32,-38,-39,-45,-64,-77,-89,-100,-665
6,0,2047,23612,576,446,417,377,373,332,350,321,327,313,299,293,294,290,329,415,509,599,662,738,788,808,827,862,874,886,923,918,907,864,822,775,722,674,630,572,509,415,357,310,262,245,223,217,206,198,158,118,75,32,17,3,8,21,33,57,62,75,68,78,72,60,51,37,5,-5,-18,-25,-19,-12,-12,-17,-24,-24,-29,-36,-33,-39,-48,-45,-45,-58,-79,-94,-104,-706
6,0,2048,23599,578,449,418,378,373,340,351,320,324,312,296,295,292,290,331,416,511,607,662,740,795,809,831,866,880,906,927,921,907,871,820,772,727,669,631,575,511,416,362,315,269,244,224,216,207,202,161,117,72,23,14,6,7,19,37,61,66,64,61,74,68,57,54,36,6,-8,-13,-20,-26,-17,-13,-24,-30,-31,-34,-36,-31,-43,-52,-51,-55,-61,-78,-97,-104,-736
6,0,2049,23596,577,450,420,381,375,337,353,322,324,312,295,295,289,296,332,417,510,612,660,740,796,812,837,863,879,907,941,925,910,872,822,780,727,671,635,578,509,421,366,313,269,247,222,214,206,200,167,124,75,24,10,5,9,19,36,56,67,66,69,70,67,57,54,29,1,-4,-14,-22,-23,-21,-17,-21,-31,-33,-37,-31,-35,-36,-53,-57,-55,-65,-77,-98,-109,-789
6,0,2050,23543,581,451,416,383,373,335,348,320,327,311,294,292,289,293,330,416,514,611,669,742,794,817,834,869,880,907,943,935,910,876,825,775,732,675,634,579,512,424,367,315,273,249,218,216,207,201,168,129,77,26,9,1,7,21,30,53,66,66,66,67,69,59,47,33,5,-1,-10,-25,-22,-18,-22,-28,-36,-37,-39,-40,-35,-41,-50,-62,-68,-74,-79,-100,-115,-816
6,0,2051,23473,582,451,418,380,371,340,347,321,326,312,295,294,289,291,332,416,509,607,666,749,798,823,841,871,884,911,947,939,928,873,824,777,732,676,639,585,510,425,369,319,271,251,228,214,202,194,164,123,81,30,5,0,2,21,31,58,65,66,69,71,64,55,46,27,-1,-9,-18,-20,-20,-19,-25,-30,-38,-40,-43,-47,-35,-42,-58,-69,-69,-88,-90,-104,-113,-854
6,0,2052,23483,584,454,420,384,374,341,349,322,323,312,291,297,291,291,330,416,511,612,666,748,799,821,840,871,885,913,951,943,926,890,825,781,729,676,635,583,504,427,374,320,274,252,228,221,208,198,169,123,79,30,17,-3,2,19,35,57,70,72,67,73,62,52,45,30,0,-7,-16,-24,-20,-21,-26,-35,-40,-41,-44,-51,-38,-49,-57,-62,-69,-86,-98,-112,-118,-892
6,0,2053,23418,586,455,421,384,374,345,346,319,324,313,289,294,290,289,331,415,509,612,668,752,803,823,844,878,884,915,945,947,928,893,841,778,736,673,639,585,513,428,372,323,275,253,231,220,209,198,169,120,73,30,16,2,5,14,32,60,66,65,68,69,67,47,37,24,1,-7,-14,-23,-23,-23,-27,-30,-45,-44,-46,-52,-50,-53,-67,-64,-74,-89,-102,-120,-127,-917
6,0,2054,23398,588,457,422,383,373,345,345,319,324,311,288,293,294,286,329,414,512,614,668,754,803,827,847,878,887,920,950,947,931,889,844,793,727,679,640,586,511,434,375,324,273,254,233,224,209,205,172,123,79,31,14,3,3,16,28,53,69,66,65,73,63,51,38,17,-3,-12,-16,-22,-21,-25,-31,-32,-47,-46,-49,-51,-53,-57,-69,-64,-73,-93,-101,-124,-133,-953
6,0,2055,23274,590,457,423,385,371,341,352,321,320,310,283,289,290,285,328,415,510,616,672,758,802,825,847,880,885,919,953,947,930,890,846,793,747,675,641,584,516,430,370,320,275,254,232,223,210,203,170,122,78,31,9,4,9,17,29,56,60,65,66,68,64,52,38,17,-11,-19,-26,-22,-26,-22,-30,-27,-48,-45,-55,-62,-55,-66,-73,-74,-82,-91,-103,-123,-140,-994
6,0,2056,23237,591,459,424,384,371,341,346,321,324,309,286,287,295,284,329,414,519,617,671,757,802,824,854,877,889,921,949,951,930,896,842,790,742,686,637,581,511,430,365,323,271,251,233,227,213,209,169,123,79,33,7,2,7,23,29,56,65,64,72,70,62,58,38,21,-13,-21,-25,-29,-27,-31,-31,-30,-40,-46,-55,-56,-57,-65,-76,-79,-84,-94,-107,-126,-139,-1043
6,0,2057,23220,593,461,423,387,372,343,348,318,323,311,283,288,294,285,330,416,518,613,673,755,809,827,852,881,890,923,958,950,935,891,842,795,744,685,650,576,509,431,372,321,278,257,233,226,207,209,175,132,82,28,10,3,6,24,36,57,63,61,68,70,66,52,37,21,-13,-22,-32,-33,-26,-29,-29,-26,-45,-43,-50,-58,-61,-66,-80,-79,-94,-105,-110,-127,-139,-1089
6,0,2058,23109,593,461,426,386,373,340,345,318,320,310,282,287,292,286,326,415,515,613,673,757,810,827,846,882,890,925,957,951,938,890,847,795,743,689,655,590,510,430,372,325,278,255,235,225,208,208,175,129,83,31,9,0,2,20,28,56,65,64,61,67,69,51,37,13,-11,-15,-33,-35,-33,-28,-34,-34,-47,-46,-54,-59,-62,-67,-80,-89,-96,-109,-116,-131,-143,-1128
6,0,2059,23043,594,461,423,384,374,341,346,318,318,308,280,289,292,283,326,416,514,619,670,756,809,826,851,886,896,924,958,953,937,894,845,794,745,688,643,589,520,430,368,322,275,255,232,225,212,207,172,130,84,30,13,3,5,18,32,60,64,65,60,70,64,49,41,14,-5,-21,-35,-38,-36,-31,-37,-40,-44,-44,-57,-60,-61,-61,-77,-95,-99,-116,-121,-141,-147,-1161
6,0,2060,23009,595,462,425,385,370,340,342,319,319,307,278,289,287,283,326,414,515,623,675,760,808,823,856,885,898,924,955,954,940,894,848,794,745,688,645,585,521,445,368,322,273,252,237,228,212,211,171,130,83,31,13,5,8,22,32,58,67,70,66,66,61,54,36,11,-11,-22,-32,-34,-39,-36,-39,-34,-49,-51,-59,-54,-60,-66,-82,-90,-104,-118,-125,-148,-157,-1190
6,1,2023,11989,272,121,147,137,160,135,177,158,165,160,172,147,145,134,149,195,208,260,292,338,350,351,369,364,361,376,379,429,410,380,363,370,353,311,302,283,251,199,163,143,110,100,90,92,96,97,90,73,59,48,35,30,18,24,37,51,33,51,42,40,44,47,57,47,45,56,44,41,57,30,15,11,21,16,28,30,23,8,12,-6,8,15,-3,-6,-9,-37
6,1,2024,11926,276,207,143,137,160,135,174,157,159,160,168,149,146,132,152,198,207,254,292,328,366,362,382,375,346,379,387,403,423,398,367,364,353,313,290,266,235,211,164,144,109,101,98,90,91,96,85,67,53,31,33,20,28,20,27,40,43,41,49,45,34,39,47,50,31,49,39,34,35,43,25,11,13,15,11,19,24,16,8,4,-6,10,1,-3,-2,-50
6,1,2025,11925,276,210,212,133,152,136,170,153,157,157,163,144,145,136,160,198,218,255,284,318,364,375,375,398,359,361,389,404,403,402,384,378,351,309,294,262,225,191,176,149,113,101,104,96,87,93,85,60,45,27,20,19,20,27,21,31,35,49,41,51,41,32,44,48,36,35,39,33,31,31,42,18,6,15,16,11,15,21,12,4,4,-1,-5,-4,-6,-44
6,1,2026,11991,278,211,215,187,146,136,174,156,158,155,164,141,150,136,161,209,221,268,286,316,354,379,385,386,384,369,394,405,400,402,385,389,358,328,295,270,217,181,159,156,119,99,107,98,93,93,77,57,44,20,18,7,20,24,29,27,28,41,50,43,47,39,35,45,36,43,27,32,31,23,27,35,9,10,13,14,10,9,7,6,1,1,-6,-7,-6,-48
6,1,2027,11984,278,213,214,189,191,135,171,152,153,158,166,143,152,139,159,211,231,271,298,316,353,371,385,398,374,391,383,425,402,386,391,383,365,320,314,273,229,175,154,143,120,104,101,100,94,93,78,51,43,18,11,4,8,24,32,33,21,36,39,50,39,44,44,29,30,39,29,15,27,25,23,20,23,13,15,11,11,6,2,9,-1,2,-7,-11,-10,-58
6,1,2028,11998,281,213,216,191,193,167,167,152,153,156,163,143,148,144,162,206,238,280,301,332,360,379,385,397,373,382,401,394,412,390,382,389,361,328,305,278,232,186,147,139,110,108,106,101,97,94,80,54,33,17,10,-2,4,13,28,30,30,29,39,44,48,37,48,44,25,37,27,17,17,22,18,22,12,23,12,9,9,5,2,2,0,0,-7,-11,-14,-57
6,1,2029,11938,282,217,218,191,194,168,190,149,150,155,164,142,150,136,163,211,235,284,314,338,368,379,392,388,383,391,391,410,393,398,375,384,365,329,309,276,232,182,150,135,105,100,105,103,95,98,77,54,35,6,8,-1,0,5,19,30,29,41,34,41,41,42,43,43,33,33,27,13,20,13,16,14,12,8,14,10,5,6,3,0,-8,0,-15,-13,-17,-70
6,1,2030,11881,286,220,218,193,195,169,192,168,155,154,159,141,147,141,160,211,239,285,315,343,370,387,388,395,377,395,401,411,412,386,382,383,365,321,309,273,227,182,152,133,99,96,97,104,97,96,83,53,31,10,1,-4,-2,3,12,28,25,38,39,39,40,36,39,40,25,31,16,15,15,14,10,13,7,12,10,7,6,2,-4,-1,-5,-3,-11,-19,-16,-83
6,1,2031,11764,287,223,219,194,196,167,192,166,167,158,158,143,153,141,165,210,239,287,322,346,379,383,391,398,379,394,401,414,415,396,373,380,362,324,306,276,227,181,148,125,97,93,94,100,98,97,80,56,32,8,4,-10,-7,-3,10,18,25,37,35,42,35,33,36,35,27,26,13,7,13,6,8,7,3,2,7,1,-5,-3,-4,-6,-10,-8,-14,-20,-23,-93
6,1,2032,11655,290,225,221,196,199,170,196,169,169,159,156,144,154,144,165,210,241,290,324,349,382,390,397,404,382,388,404,411,412,399,385,373,356,319,305,272,226,180,140,126,95,89,87,99,94,96,83,52,38,13,0,-10,-16,-9,7,12,16,29,35,41,37,32,29,26,16,25,11,0,4,7,3,0,-3,0,3,2,-5,-8,-8,-10,-11,-7,-17,-20,-23,-101
6,1,2033,11692,291,226,223,199,199,172,195,167,171,161,164,145,155,146,167,212,240,289,323,347,385,401,403,409,387,398,408,414,419,402,389,386,360,321,297,279,229,182,142,123,98,98,84,99,95,94,81,53,36,12,0,-11,-9,-11,1,14,11,23,34,38,35,29,31,23,14,21,9,2,7,6,5,1,-7,2,2,0,-10,-10,-13,-11,-16,-9,-18,-23,-22,-122
6,1,2034,11751,290,228,224,200,202,173,195,169,169,162,165,155,153,144,166,217,245,296,327,349,388,405,412,413,391,400,407,418,423,402,391,391,369,326,308,281,232,184,141,128,100,97,88,95,94,94,78,53,39,12,5,-10,-10,-8,-1,6,13,25,31,35,36,29,30,21,10,21,10,5,5,2,0,-1,-5,-2,-3,-1,-11,-11,-12,-17,-14,-12,-19,-25,-28,-132
6,1,2035,11758,293,230,225,199,203,175,194,170,169,160,164,156,159,141,165,215,246,295,328,355,395,404,416,415,395,405,417,420,422,405,393,392,372,331,307,281,231,184,148,130,99,96,94,96,89,94,81,51,36,16,5,-6,-9,-9,0,9,15,24,26,33,30,29,32,25,8,12,6,4,3,3,-2,0,-6,0,-5,-10,-12,-13,-18,-21,-18,-12,-22,-25,-28,-147
6,1,2036,11798,296,232,226,199,202,173,196,171,170,167,165,152,161,148,168,220,248,296,327,356,399,411,420,424,403,405,420,427,423,409,401,392,372,333,311,282,236,188,155,133,100,93,90,101,92,90,77,55,35,9,6,-10,-8,-10,-3,10,10,20,23,31,27,28,31,23,11,15,4,-3,0,0,-1,-5,-8,-3,-2,-7,-11,-14,-18,-21,-21,-17,-23,-28,-29,-158
6,1,2037,11803,297,235,231,203,204,175,195,172,172,169,168,155,163,148,174,218,252,295,329,365,402,411,420,424,407,416,420,429,428,414,399,396,373,336,318,288,238,184,145,132,104,97,89,96,95,91,78,54,35,9,3,-6,-9,-10,-3,7,12,15,23,27,28,24,26,23,7,13,-1,-5,0,-1,-1,-3,-11,-6,-6,-10,-11,-19,-18,-22,-22,-20,-31,-32,-33,-173
6,1,2038,11853,300,235,232,203,206,176,196,174,173,169,168,155,163,150,178,224,249,299,331,362,402,415,426,429,413,416,426,436,430,420,400,399,378,337,315,291,242,185,153,135,106,99,92,98,91,95,78,49,32,7,4,-5,-11,-9,2,9,8,15,24,29,26,22,22,22,8,9,3,-11,-4,-8,-1,-8,-6,-5,-5,-9,-12,-17,-23,-24,-23,-21,-31,-36,-36,-183
6,1,2039,11876,301,235,231,207,207,173,199,176,175,168,173,157,165,154,177,224,260,300,336,363,407,420,429,432,416,424,433,442,433,421,406,400,378,341,319,293,250,192,148,132,109,100,91,100,93,94,77,49,27,7,-3,-11,-12,-8,2,8,9,18,24,24,24,19,23,15,3,10,2,-8,-10,-9,-7,-7,-8,-10,-6,-7,-12,-20,-25,-28,-28,-22,-30,-38,-40,-200
6,1,2040,11878,302,236,235,206,207,178,197,178,173,169,173,155,165,157,175,222,256,309,334,369,407,420,427,431,415,422,433,442,437,421,412,406,383,346,322,297,249,198,156,135,101,98,96,104,94,93,73,53,30,1,-6,-7,-13,-8,3,11,12,20,21,27,21,21,18,10,2,6,-2,-5,-5,-7,-8,-8,-11,-9,-12,-13,-16,-18,-24,-26,-29,-25,-33,-40,-43,-224
6,1,2041,11862,304,239,235,206,206,176,199,177,173,170,168,158,163,155,177,223,256,310,345,375,410,424,435,437,415,428,430,443,440,430,417,408,382,346,321,295,249,198,162,137,101,98,94,107,97,93,77,52,33,-1,-9,-13,-14,-11,-2,11,13,24,23,27,26,16,11,10,-7,-3,-2,-5,-7,-11,-10,-16,-13,-9,-8,-7,-16,-27,-22,-26,-33,-29,-38,-41,-46,-247
6,1,2042,11836,304,242,233,213,208,177,197,175,171,169,169,154,163,155,178,223,259,309,349,386,402,424,434,440,419,426,431,448,441,430,416,411,387,345,327,296,251,200,158,142,107,100,93,102,99,94,77,53,29,3,-11,-19,-18,-10,-6,10,12,22,20,29,23,15,11,6,-9,-1,-8,-9,-7,-7,-9,-13,-18,-14,-14,-10,-18,-25,-23,-36,-31,-33,-39,-44,-48,-251
6,1,2043,11837,307,243,237,211,208,179,195,175,171,171,169,151,164,156,177,224,263,311,352,383,420,423,434,442,420,426,436,446,446,431,418,413,390,350,329,298,252,199,158,139,110,105,94,104,98,96,79,53,30,1,-9,-19,-23,-12,-10,7,12,19,19,27,25,17,16,3,-7,-1,-10,-17,-11,-12,-9,-10,-20,-17,-15,-13,-16,-24,-32,-34,-32,-35,-43,-44,-50,-270
6,1,2044,11827,309,242,237,209,207,177,196,175,170,171,168,157,162,155,177,224,260,309,351,386,422,439,437,444,424,429,436,447,449,437,421,420,391,353,331,300,253,199,158,141,110,108,95,99,99,93,77,53,29,-2,-10,-17,-19,-17,-6,5,12,20,25,28,27,16,17,2,-12,-7,-15,-18,-20,-11,-13,-14,-16,-15,-18,-15,-22,-27,-29,-36,-37,-34,-42,-48,-51,-290
6,1,2045,11866,312,243,237,211,206,178,195,178,173,169,167,158,168,156,177,225,261,312,354,384,425,441,449,443,425,434,439,449,448,434,424,415,389,355,332,302,256,203,162,136,111,108,102,106,101,95,80,54,33,-1,-12,-20,-15,-20,-9,0,8,16,27,32,27,22,19,6,-10,-15,-16,-16,-21,-14,-9,-16,-18,-16,-14,-20,-21,-26,-27,-33,-37,-40,-42,-51,-54,-313
6,1,2046,11779,311,242,238,209,207,178,196,174,173,170,165,155,167,155,178,221,261,316,352,388,425,442,450,456,427,435,440,452,451,432,421,418,395,354,332,303,254,204,163,139,115,108,96,110,102,95,77,53,32,3,-9,-24,-25,-18,-15,-2,7,18,21,31,28,18,17,9,-10,-11,-20,-22,-24,-16,-17,-17,-23,-20,-20,-21,-25,-32,-32,-36,-37,-42,-47,-50,-54,-341
6,1,2047,11791,313,244,239,209,207,178,196,175,172,169,164,154,165,153,175,224,262,313,353,388,424,444,451,456,441,435,440,452,455,435,424,421,392,358,337,304,256,208,165,140,111,102,100,108,106,100,77,51,28,5,-8,-19,-22,-20,-10,0,2,21,23,30,26,19,16,10,-11,-15,-22,-27,-27,-20,-18,-17,-20,-18,-16,-19,-27,-34,-37,-38,-36,-40,-49,-53,-54,-358
6,1,2048,11780,315,246,238,212,208,180,197,175,169,170,160,153,163,153,174,224,264,314,353,387,425,443,453,457,440,448,444,454,455,439,424,422,396,355,337,306,259,209,165,143,114,106,101,108,106,102,77,52,28,-2,-7,-17,-23,-24,-8,4,5,16,18,28,23,16,18,8,-10,-16,-18,-25,-29,-21,-24,-24,-24,-22,-17,-20,-25,-38,-38,-40,-38,-43,-48,-54,-57,-367
6,1,2049,11760,314,247,240,211,208,181,198,178,169,169,161,157,163,157,174,224,264,314,355,388,427,445,455,455,442,447,452,455,457,437,423,425,396,356,339,304,258,210,167,140,113,106,98,106,106,101,82,55,28,-1,-10,-18,-22,-24,-11,1,7,18,20,25,21,15,17,0,-12,-14,-18,-28,-32,-25,-20,-21,-24,-22,-21,-21,-26,-33,-37,-41,-42,-44,-48,-56,-59,-391
6,1,2050,11729,317,248,238,211,207,176,192,177,174,169,161,154,163,155,176,224,262,315,357,389,427,447,452,457,441,446,450,460,458,440,424,420,396,358,340,309,260,211,170,139,119,109,96,109,106,101,81,60,33,-1,-11,-21,-22,-19,-13,-3,6,18,22,23,22,16,13,5,-11,-11,-18,-28,-26,-23,-26,-26,-27,-26,-25,-24,-24,-35,-40,-46,-49,-50,-50,-57,-61,-407
6,1,2051,11691,315,249,239,212,208,181,193,176,173,169,160,154,161,156,176,222,264,312,356,392,427,447,455,457,444,449,454,461,465,440,424,422,395,360,344,305,259,210,173,143,114,108,102,103,103,100,80,56,31,5,-13,-20,-26,-19,-14,0,4,14,21,25,22,16,13,1,-12,-18,-22,-26,-27,-25,-23,-27,-30,-28,-24,-27,-26,-35,-41,-50,-48,-55,-54,-60,-60,-419
6,1,2052,11675,318,249,239,217,209,183,194,175,168,169,158,157,162,155,172,224,261,314,356,393,430,447,455,459,443,447,455,463,463,448,425,422,392,355,338,310,255,213,172,143,118,109,102,107,105,100,81,57,29,3,-7,-22,-27,-22,-12,1,8,19,24,28,22,15,12,3,-14,-17,-17,-28,-24,-26,-29,-32,-32,-31,-26,-31,-30,-38,-42,-46,-48,-52,-61,-64,-63,-435
6,1,2053,11630,319,250,241,212,209,184,194,176,169,168,158,154,160,154,173,219,261,314,356,396,431,448,457,460,442,450,450,464,462,450,430,420,397,358,341,308,260,212,171,147,117,113,104,106,106,103,80,55,28,5,-6,-18,-24,-25,-15,0,8,14,21,23,24,11,7,0,-13,-17,-21,-26,-30,-25,-31,-28,-31,-31,-27,-30,-33,-41,-46,-48,-51,-54,-60,-68,-69,-452
6,1,2054,11597,319,252,240,212,210,186,190,176,170,169,158,154,165,153,172,221,262,313,360,397,433,448,459,460,443,452,453,463,464,449,436,426,390,357,342,308,259,213,172,146,116,108,104,107,107,102,83,55,32,3,-12,-18,-26,-26,-18,-3,8,15,21,26,19,14,10,-4,-15,-21,-22,-26,-26,-27,-31,-28,-35,-31,-29,-31,-34,-45,-50,-49,-49,-60,-61,-69,-72,-467
6,1,2055,11561,321,252,240,212,209,182,194,177,168,168,155,150,163,152,172,222,263,316,363,397,432,449,459,461,443,450,455,464,463,450,438,427,402,354,345,311,260,212,173,142,120,107,104,109,107,103,82,56,30,2,-14,-21,-22,-23,-15,-3,3,15,22,24,22,17,10,-3,-18,-24,-28,-24,-26,-29,-31,-29,-35,-31,-37,-37,-35,-47,-50,-55,-55,-58,-62,-70,-75,-481
6,1,2056,11499,321,252,240,212,209,183,192,177,171,167,156,151,162,152,173,219,267,313,360,398,433,450,461,459,446,452,454,465,462,449,431,426,392,361,343,305,257,211,170,144,116,106,104,111,111,106,80,56,31,3,-13,-21,-26,-22,-15,-1,6,15,22,24,21,18,10,-3,-18,-24,-29,-30,-30,-32,-32,-29,-29,-31,-34,-33,-39,-48,-56,-59,-58,-58,-65,-70,-75,-507
6,1,2057,11498,323,252,239,214,206,185,195,175,170,169,156,151,162,150,172,220,268,311,362,395,433,450,460,460,446,453,458,462,464,449,435,430,397,362,346,306,258,210,171,142,120,112,105,112,108,105,84,59,31,2,-12,-19,-25,-23,-12,-4,8,14,23,27,23,16,9,-3,-20,-24,-34,-29,-29,-35,-30,-27,-33,-31,-30,-36,-40,-49,-54,-56,-63,-69,-66,-72,-75,-527
6,1,2058,11403,322,252,240,212,207,184,190,175,169,169,154,150,160,150,172,219,264,313,362,396,435,449,457,460,444,453,454,464,468,448,437,428,396,363,351,309,256,212,171,144,119,109,106,107,107,103,83,56,32,1,-13,-24,-27,-22,-17,-2,8,14,20,26,24,15,9,-6,-18,-22,-34,-33,-31,-34,-36,-32,-34,-33,-32,-36,-41,-49,-57,-65,-66,-68,-71,-74,-76,-542
6,1,2059,11356,323,253,238,212,207,184,194,174,167,167,155,151,161,150,172,220,266,315,361,394,434,450,458,463,449,452,456,464,467,451,435,427,397,362,342,311,262,209,166,141,118,108,104,109,108,106,82,56,33,1,-12,-22,-26,-24,-13,-2,8,16,19,26,23,14,11,-7,-17,-26,-36,-39,-34,-33,-37,-35,-33,-33,-37,-38,-40,-47,-56,-67,-67,-71,-75,-80,-78,-561
6,1,2060,11349,322,253,239,212,207,183,191,174,169,168,152,151,157,147,172,218,265,318,366,395,431,449,462,463,449,450,451,461,468,453,438,428,395,361,342,312,265,217,170,141,115,107,105,112,109,107,84,56,33,0,-13,-19,-24,-21,-13,-3,7,19,23,27,22,15,9,-7,-20,-26,-35,-35,-35,-37,-36,-31,-37,-38,-37,-34,-39,-50,-56,-64,-70,-73,-77,-82,-84,-570
6,2,2023,11398,225,92,82,88,104,120,121,115,124,137,133,119,100,122,121,150,189,235,259,276,278,319,299,310,369,384,415,398,380,389,362,325,278,266,249,243,234,181,191,143,122,113,94,91,91,93,79,67,52,38,46,42,47,52,57,60,66,78,78,83,90,67,84,55,80,51,50,68,56,60,40,50,38,31,28,32,30,26,28,26,20,15,10,1,3,-15
6,2,2024,11353,226,172,81,94,104,118,120,113,126,133,129,120,112,114,128,149,198,217,254,283,290,289,321,325,347,391,418,392,394,374,349,313,295,271,252,241,224,190,182,156,124,115,89,93,85,85,75,63,58,29,41,42,45,53,50,67,70,50,76,75,88,78,71,73,47,68,44,47,61,51,50,35,39,30,25,24,31,29,18,26,15,15,2,6,1,-11
6,2,2025,11318,229,173,150,92,108,116,116,116,124,130,123,120,110,121,122,157,196,236,232,282,302,292,292,344,360,367,420,394,385,382,343,302,291,282,251,232,222,184,182,150,138,123,88,87,88,83,70,64,52,31,34,37,48,60,53,53,75,61,55,72,75,77,77,64,60,41,60,42,51,53,42,48,27,34,25,26,27,29,25,21,13,10,4,1,1,-17
6,2,2026,11371,231,174,152,147,104,114,113,118,128,131,129,117,113,119,131,156,204,230,252,262,297,302,301,325,371,381,402,399,387,374,353,302,292,283,262,231,221,186,177,154,135,132,101,90,85,86,66,53,50,32,34,37,46,60,50,62,66,67,65,56,76,75,70,63,53,48,37,58,38,44,44,35,32,29,26,26,27,26,29,24,12,11,2,1,0,-13
6,2,2027,11434,233,175,153,149,151,113,116,121,129,132,130,125,110,123,130,167,210,242,253,286,280,306,310,323,360,392,416,384,393,373,342,311,283,285,258,244,216,183,180,152,137,130,110,99,83,86,73,51,42,29,30,35,40,58,54,64,70,63,68,65,59,69,71,61,54,45,42,46,49,40,37,41,22,30,23,24,22,24,23,27,11,9,-2,-3,-4,-12
6,2,2028,11435,234,178,156,154,151,146,114,117,129,134,125,122,111,119,139,168,215,243,259,290,303,295,310,338,365,387,422,399,375,377,346,301,296,277,256,244,224,176,177,153,135,130,110,103,92,83,76,58,36,21,27,32,42,50,54,61,74,66,69,62,67,50,64,56,52,39,38,45,36,39,39,35,23,20,27,20,24,24,18,19,14,4,1,-2,-4,-19
6,2,2029,11442,236,181,158,153,151,151,141,119,129,135,125,119,115,123,138,172,223,252,261,291,307,306,310,339,372,388,417,404,388,359,345,300,286,284,254,240,221,179,177,145,135,128,104,102,99,90,72,63,49,20,25,28,38,52,51,62,71,64,67,60,60,64,51,53,47,40,38,42,36,36,35,37,23,21,11,21,21,18,19,20,9,7,-2,-4,-4,-31
6,2,2030,11465,238,180,157,155,157,150,141,136,130,140,128,120,115,126,141,171,222,257,267,300,313,308,315,342,372,400,417,401,396,371,339,303,288,281,264,240,223,181,179,144,132,130,108,100,97,90,80,59,48,25,18,28,36,47,48,62,71,67,63,56,60,56,61,47,40,35,33,37,35,32,30,29,18,18,16,11,19,19,20,20,6,7,-2,-6,-9,-40
6,2,2031,11452,240,182,159,155,157,151,142,137,144,144,125,120,111,127,143,174,224,253,270,305,318,316,323,340,375,398,430,405,398,379,351,300,294,277,260,243,225,184,179,149,130,123,109,102,91,95,77,64,48,25,22,22,33,45,43,59,67,64,61,59,57,53,52,49,41,36,35,31,32,30,27,20,14,17,10,16,12,14,13,17,7,3,-5,-8,-10,-57
6,2,2032,11384,242,183,162,157,154,151,143,135,145,145,124,122,113,127,142,179,230,259,272,306,318,320,325,350,376,403,429,409,398,383,354,308,289,280,261,244,225,185,178,147,131,127,102,104,94,92,83,64,48,21,21,21,27,41,39,53,65,61,56,55,51,49,48,45,35,34,27,28,31,25,23,12,9,9,7,10,15,14,10,11,6,1,-4,-8,-14,-68
6,2,2033,11452,242,183,162,157,156,153,145,138,146,145,140,122,115,128,144,181,231,262,278,310,322,327,330,351,382,404,434,414,400,387,357,311,290,281,261,247,222,189,183,151,137,128,104,100,96,94,78,65,53,28,24,25,28,35,41,50,59,60,56,54,54,47,42,38,31,30,30,29,28,23,18,16,4,5,4,7,11,10,11,15,8,2,-3,-13,-13,-78
6,2,2034,11515,245,185,162,159,158,157,147,137,146,145,138,134,118,131,145,178,228,265,281,314,325,330,339,358,388,411,440,422,406,393,360,317,295,284,257,245,228,186,184,151,136,129,107,102,93,90,80,63,50,26,27,24,32,41,39,50,63,55,56,51,50,52,45,37,29,28,27,22,29,23,22,15,7,8,4,5,10,9,4,12,3,-2,-6,-14,-18,-92
6,2,2035,11570,246,186,162,162,158,156,147,138,146,146,141,134,125,132,147,180,229,267,278,314,328,332,337,364,395,416,446,426,409,396,358,319,304,284,259,247,229,193,181,151,142,131,113,100,93,89,80,67,50,28,25,26,32,38,38,49,61,57,50,48,53,51,46,37,28,24,24,26,28,20,23,20,8,4,3,5,7,9,6,11,2,-5,-8,-14,-16,-107
6,2,2036,11634,247,187,166,164,158,158,151,139,148,146,140,133,123,139,149,181,233,270,282,317,334,335,342,369,396,426,449,429,416,396,365,320,303,295,268,251,229,191,183,157,144,132,111,101,95,89,76,66,49,27,31,27,35,41,37,48,61,53,50,46,53,46,45,37,27,18,17,22,25,25,22,17,5,4,0,7,6,11,5,8,1,-7,-10,-19,-20,-115
6,2,2037,11704,249,188,165,163,161,158,152,139,148,144,141,135,129,138,153,183,235,271,289,322,338,334,347,373,402,426,459,435,418,401,370,325,309,298,268,253,232,190,182,156,143,137,117,104,99,91,80,62,51,26,26,28,33,45,39,50,62,54,50,46,46,45,42,42,30,21,21,21,18,19,22,15,7,7,-3,4,8,4,5,10,-1,-6,-16,-20,-22,-137
6,2,2038,11692,250,191,168,166,162,159,152,141,151,143,140,137,127,141,156,190,238,269,291,327,340,338,348,372,406,430,463,440,425,409,370,329,310,299,271,260,237,192,183,157,145,132,117,106,96,94,80,61,43,27,25,27,35,43,42,51,60,53,49,45,48,41,38,30,28,20,20,15,14,20,17,16,3,1,-7,0,3,7,1,6,0,-9,-15,-25,-27,-162
6,2,2039,11772,251,195,168,164,164,161,151,140,150,146,136,140,125,141,155,191,242,272,285,328,343,347,350,379,410,435,466,444,434,410,376,334,314,302,277,263,243,203,184,156,139,134,118,106,103,94,84,63,46,24,27,29,32,45,42,55,60,49,46,41,46,41,39,34,24,18,20,12,13,17,16,18,2,4,-6,-1,4,7,-2,-1,-2,-12,-15,-25,-26,-165
6,2,2040,11819,253,195,168,165,162,161,153,142,152,146,140,137,128,139,158,196,246,282,295,328,348,350,353,379,414,439,466,448,437,415,377,336,314,302,274,264,240,203,192,158,141,137,113,105,105,97,83,62,43,22,21,30,36,43,46,54,65,50,52,46,45,40,38,28,25,18,16,18,15,16,13,15,2,5,-6,-2,3,7,-2,0,-5,-13,-18,-24,-31,-190
6,2,2041,11822,254,196,170,167,163,160,152,139,152,146,139,140,125,140,156,194,242,284,303,328,349,346,354,381,417,443,475,449,440,420,385,343,319,304,281,258,241,203,193,163,143,140,116,108,100,96,87,65,47,20,27,25,34,42,44,54,65,55,48,45,46,38,35,27,18,17,11,17,16,16,11,11,0,2,-5,-3,4,2,-2,2,-3,-17,-21,-30,-31,-214
6,2,2042,11815,256,196,173,163,160,161,152,144,154,145,137,140,127,142,158,192,244,282,303,343,349,352,355,383,421,448,477,455,444,425,386,340,321,308,280,264,242,200,197,165,146,132,115,105,98,96,85,65,48,24,23,22,28,42,44,54,65,51,52,47,47,39,35,24,11,13,12,18,14,17,9,11,1,-2,-9,-3,0,3,-1,-1,-7,-15,-22,-31,-34,-240
6,2,2043,11822,258,198,172,167,163,158,155,143,155,145,136,141,127,139,153,191,241,282,299,345,357,352,360,389,422,447,476,459,443,424,388,343,323,306,282,262,243,207,192,169,151,136,113,105,99,95,80,63,47,33,25,18,31,43,43,57,65,59,49,47,44,39,34,24,15,8,8,13,12,15,13,11,-2,-3,-6,-3,0,2,-2,-3,-6,-16,-24,-34,-37,-251
6,2,2044,11862,259,199,175,168,162,161,154,146,154,144,136,139,126,141,153,191,245,286,303,344,359,363,359,388,420,448,478,462,445,429,389,347,327,309,285,266,243,204,197,168,151,143,120,107,94,97,82,65,47,31,25,24,31,42,42,53,61,54,48,46,48,41,35,28,16,12,9,11,11,17,13,12,1,-2,-12,-13,-1,0,1,-6,-9,-16,-28,-34,-39,-268
6,2,2045,11807,260,201,175,167,164,157,155,144,153,144,136,138,127,138,157,192,246,291,303,347,360,363,373,387,424,452,481,465,451,428,392,349,329,314,288,262,247,205,194,169,150,141,123,104,99,94,82,65,46,27,24,29,34,44,40,53,59,54,52,46,46,40,33,26,11,8,6,4,7,13,7,7,-4,-3,-16,-13,-1,-5,-4,-7,-10,-21,-29,-36,-42,-304
6,2,2046,11845,261,201,178,169,164,155,153,146,154,144,137,136,129,139,156,192,244,289,303,347,366,365,372,399,426,451,480,462,449,431,398,351,329,319,295,270,249,209,193,166,149,140,126,110,99,95,82,66,43,26,22,28,30,44,41,53,60,51,50,46,53,42,36,26,17,8,2,7,9,7,8,3,-1,-6,-11,-10,-5,0,-6,-3,-8,-22,-30,-39,-46,-324
6,2,2047,11821,263,202,178,168,166,154,154,146,155,144,135,139,129,137,154,191,247,286,309,350,364,364,376,406,433,451,483,466,452,429,398,354,330,316,293,268,253,207,192,170,151,143,123,109,100,98,81,67,47,27,25,22,30,41,43,57,60,54,45,48,46,41,35,27,16,10,4,2,8,8,6,0,-4,-6,-13,-17,-6,-5,-11,-7,-9,-18,-30,-41,-50,-348
6,2,2048,11819,263,203,180,166,165,160,154,145,155,142,136,142,129,137,157,192,247,293,309,353,370,366,378,409,440,458,483,467,452,432,396,350,331,314,294,269,252,207,197,172,155,138,123,108,101,100,84,65,44,25,21,23,30,43,45,57,61,48,43,46,45,41,36,28,16,8,5,5,3,4,11,0,-6,-9,-17,-16,-6,-5,-14,-11,-17,-18,-30,-43,-47,-369
6,2,2049,11836,263,203,180,170,167,156,155,144,155,143,134,138,126,139,158,193,246,298,305,352,369,367,382,408,437,460,489,470,453,435,399,355,331,315,296,274,251,211,199,173,156,141,124,108,100,99,85,69,47,25,20,23,31,43,47,55,60,48,49,45,46,42,37,29,13,10,4,6,9,4,3,0,-7,-11,-16,-10,-9,-3,-16,-16,-13,-21,-29,-42,-50,-398
6,2,2050,11814,264,203,178,172,166,159,156,143,153,142,133,138,126,138,154,192,252,296,312,353,367,370,382,412,439,461,493,475,452,436,401,355,336,317,294,270,252,213,197,176,154,140,122,107,101,100,87,69,44,27,20,22,29,40,43,56,60,48,44,44,47,43,34,28,16,10,8,3,4,5,4,-2,-9,-11,-14,-16,-11,-6,-10,-16,-19,-24,-29,-43,-54,-409
6,2,2051,11782,267,202,179,168,163,159,154,145,153,143,135,140,128,135,156,194,245,295,310,357,371,376,386,414,440,462,493,478,463,433,400,355,337,316,295,280,251,215,196,176,157,143,126,111,99,94,84,67,50,25,18,20,28,40,45,58,61,52,48,46,42,39,33,26,11,9,4,6,7,6,-2,-3,-8,-12,-19,-20,-9,-7,-17,-19,-21,-33,-36,-44,-53,-435
6,2,2052,11808,266,205,181,167,165,158,155,147,155,143,133,140,129,136,158,192,250,298,310,355,369,374,385,412,442,466,496,480,463,442,400,359,337,321,297,273,249,214,202,177,156,143,126,114,103,98,88,66,50,27,24,19,29,41,47,56,62,53,43,45,40,37,33,27,14,10,1,4,4,5,3,-3,-8,-10,-18,-20,-8,-11,-15,-16,-21,-34,-37,-48,-55,-457
6,2,2053,11788,267,205,180,172,165,161,152,143,155,145,131,140,130,135,158,196,248,298,312,356,372,375,387,418,442,465,495,483,466,443,411,358,339,315,298,277,253,216,201,176,158,140,127,114,103,95,89,65,45,25,22,20,29,39,47,60,58,51,47,46,43,36,30,24,14,10,7,3,7,2,4,-2,-14,-13,-19,-22,-17,-12,-21,-16,-23,-35,-42,-52,-58,-465
6,2,2054,11801,269,205,182,171,163,159,155,143,154,142,130,139,129,133,157,193,250,301,308,357,370,379,388,418,444,468,497,484,467,440,408,367,337,322,298,278,252,221,203,178,157,146,129,117,102,103,89,68,47,28,26,21,29,42,46,56,61,51,44,47,44,37,28,21,12,9,6,4,5,2,0,-4,-12,-15,-20,-20,-19,-12,-19,-15,-24,-33,-40,-55,-61,-486
6,2,2055,11713,269,205,183,173,162,159,158,144,152,142,128,139,127,133,156,193,247,300,309,361,370,376,388,419,442,469,498,483,467,440,408,366,345,321,296,273,256,218,197,178,155,147,128,114,103,100,88,66,48,29,23,25,31,40,44,59,57,50,44,44,42,35,28,20,7,5,2,2,0,7,1,2,-13,-14,-18,-25,-20,-19,-23,-19,-27,-33,-41,-53,-65,-513
6,2,2056,11738,270,207,184,172,162,158,154,144,153,142,130,136,133,132,156,195,252,304,311,359,369,374,393,418,443,469,495,486,468,447,411,364,350,325,294,276,254,219,195,179,155,145,129,116,102,103,89,67,48,30,20,23,33,45,44,57,59,49,50,46,41,40,28,24,5,3,4,1,3,1,1,-1,-11,-15,-21,-23,-18,-17,-20,-20,-26,-36,-42,-56,-64,-536
6,2,2057,11722,270,209,184,173,166,158,153,143,153,142,127,137,132,135,158,196,250,302,311,360,376,377,392,421,444,470,500,488,471,442,407,365,347,323,304,270,251,221,201,179,158,145,128,114,99,104,91,73,51,26,22,22,31,47,48,61,55,47,45,43,43,36,28,24,7,2,2,-4,3,6,1,1,-12,-12,-20,-22,-21,-17,-26,-23,-31,-36,-44,-55,-64,-562
6,2,2058,11706,271,209,186,174,166,156,155,143,151,141,128,137,132,136,154,196,251,300,311,361,375,378,389,422,446,472,503,487,470,442,410,367,347,326,304,281,254,218,201,181,159,146,129,118,101,105,92,73,51,30,22,24,29,42,45,58,57,50,41,41,45,36,28,19,7,7,1,-2,-2,6,2,-2,-13,-13,-22,-23,-21,-18,-23,-24,-30,-41,-45,-57,-67,-586
6,2,2059,11687,271,208,185,172,167,157,152,144,151,141,125,138,131,133,154,196,248,304,309,362,375,376,393,423,447,472,502,489,470,443,410,367,348,326,301,278,258,221,202,181,157,147,128,116,104,101,90,74,51,29,25,25,31,42,45,62,56,49,41,44,41,35,30,21,12,5,1,1,-2,2,0,-5,-11,-11,-20,-22,-21,-14,-21,-28,-32,-45,-46,-61,-69,-600
6,2,2060,11660,273,209,186,173,163,157,151,145,150,139,126,138,130,136,154,196,250,305,309,365,377,374,394,422,449,474,504,493,472,441,410,366,350,327,303,273,256,228,198,181,158,145,132,116,103,104,87,74,50,31,26,24,32,43,45,61,60,51,43,39,39,39,27,18,9,4,3,1,-4,1,-3,-3,-12,-13,-22,-20,-21,-16,-26,-26,-34,-45,-48,-66,-73,-620
7,0,2023,559311,11080,8458,8403,8076,7534,7000,6354,5824,5465,5224,4950,4828,4599,4583,5313,6995,9408,12536,13877,15961,17217,17940,18347,19693,20875,21134,21592,21371,20412,19256,17857,16588,15196,14066,13177,12176,10889,9327,8167,6928,6128,5617,5261,4981,4923,4680,4120,3310,2258,1659,1074,888,875,1414,1919,2252,2543,2576,2616,2692,2854,3075,2736,2459,2282,1938,1883,1907,1822,1532,1331,1380,1090,894,955,943,588,698,515,146,-119,-302,-648,-859,-1067,-9184
7,0,2024,563052,11197,10215,8170,7974,7451,7022,6419,5869,5596,5298,5051,4838,4674,4745,5418,7161,9562,12605,14056,16155,17437,18056,18734,19549,20705,21505,21567,21597,20811,19597,18315,17009,15781,14483,13289,12249,11011,9585,8178,7147,6264,5648,5266,5095,4823,4631,4124,3287,2360,1554,1233,1040,1106,1261,1799,2143,2415,2604,2727,2841,2820,2844,2807,2353,2106,1877,1610,1580,1631,1441,1152,945,1085,834,691,739,634,238,348,119,-239,-552,-711,-965,-1105,-9532
7,0,2025,567569,11312,10327,9729,7774,7361,6950,6443,5943,5635,5419,5124,4942,4698,4826,5599,7302,9728,12834,14133,16359,17664,18286,18838,19896,20638,21419,21875,21684,21021,20005,18689,17457,16240,15037,13720,12434,11103,9719,8411,7213,6440,5790,5322,5099,4933,4539,4076,3294,2348,1646,1139,1209,1246,1496,1653,2042,2347,2528,2741,2936,2988,2820,2556,2431,2001,1771,1575,1306,1284,1310,1042,809,619,826,569,495,497,268,-160,1,-295,-649,-953,-1060,-1206,-9887
7,0,2026,573234,11430,10443,9839,9139,7191,6887,6392,5970,5666,5448,5234,5012,4836,4884,5715,7536,9959,13046,14469,16497,17902,18587,19106,20106,20923,21392,21887,21944,21161,20201,19059,17757,16667,15447,14243,12833,11329,9808,8574,7424,6533,5961,5481,5206,4932,4662,4005,3252,2356,1668,1249,1147,1416,1675,1894,1932,2234,2456,2709,2939,3082,2986,2518,2189,2057,1675,1473,1296,1048,976,944,683,526,409,592,384,283,153,-114,-528,-386,-715,-1029,-1301,-1324,-10293
7,0,2027,577230,11544,10554,9943,9238,8385,6747,6328,5922,5700,5471,5255,5139,4910,5021,5809,7662,10228,13331,14734,16819,18058,18809,19427,20332,21136,21641,21829,21934,21387,20302,19154,18043,16791,15750,14489,13174,11648,9941,8635,7523,6736,6052,5629,5327,5043,4653,4104,3153,2289,1642,1250,1247,1377,1791,2093,2148,2164,2331,2619,2899,3056,3108,2682,2105,1807,1680,1309,1184,975,749,596,580,357,340,200,375,173,-57,-212,-496,-936,-805,-1107,-1354,-1562,-10807
7,0,2028,579153,11659,10667,10052,9338,8472,7768,6219,5882,5697,5520,5318,5150,5002,5067,5900,7782,10369,13624,15005,17114,18280,18964,19538,20597,21303,21779,21996,21922,21294,20454,19244,18038,16986,15826,14693,13365,11811,10186,8680,7547,6755,6195,5729,5424,5128,4738,4096,3246,2152,1546,1200,1210,1445,1765,2153,2312,2342,2259,2475,2824,3028,3039,2802,2258,1703,1407,1311,962,876,621,379,220,263,130,149,24,98,-159,-397,-600,-924,-1366,-1199,-1441,-1600,-11533
7,0,2029,581648,11776,10780,10160,9436,8561,7851,7090,5785,5657,5587,5428,5243,5060,5145,5962,7866,10522,13790,15353,17397,18600,19114,19688,20694,21539,21953,22142,22020,21378,20358,19287,18127,17002,15973,14789,13543,12034,10349,8878,7583,6763,6215,5826,5557,5199,4833,4173,3229,2262,1422,1133,1180,1433,1828,2143,2373,2479,2432,2443,2681,2941,3020,2746,2365,1847,1345,1077,955,678,535,270,65,-72,55,-74,-46,-144,-228,-484,-750,-1019,-1358,-1772,-1532,-1687,-12189
7,0,2030,581292,11891,10891,10265,9536,8653,7928,7162,6534,5566,5600,5425,5307,5075,5197,6025,7934,10603,13951,15486,17694,18849,19399,19801,20780,21609,22133,22233,22071,21356,20378,19131,18052,16968,15947,14828,13525,12117,10472,8988,7685,6746,6180,5802,5597,5299,4861,4245,3263,2189,1484,978,1094,1394,1795,2184,2329,2506,2512,2538,2647,2794,2891,2674,2301,1886,1422,975,745,608,364,134,-52,-186,-237,-167,-263,-264,-420,-579,-809,-1149,-1463,-1787,-2164,-1780,-12870
7,0,2031,577383,12004,11003,10371,9634,8744,8013,7234,6593,6176,5621,5427,5264,5062,5158,6017,7954,10634,14008,15598,17793,19024,19561,20012,20854,21643,22159,22374,22128,21377,20374,19112,17891,16852,15832,14734,13485,12027,10439,8998,7701,6758,6084,5698,5516,5287,4893,4221,3292,2177,1342,960,914,1242,1707,2080,2328,2424,2480,2558,2656,2693,2701,2489,2140,1803,1384,960,589,386,211,-31,-257,-339,-374,-397,-377,-471,-580,-758,-949,-1215,-1604,-1903,-2169,-2468,-13583
7,0,2032,569460,12120,11112,10477,9733,8835,8092,7306,6663,6233,5771,5398,5209,5001,5118,5990,7929,10639,14022,15642,17845,19098,19660,20122,21002,21700,22169,22357,22136,21312,20307,19091,17751,16622,15631,14540,13314,11885,10308,8870,7624,6710,6020,5568,5374,5189,4856,4201,3220,2168,1292,795,843,1042,1517,1963,2177,2362,2364,2485,2613,2647,2544,2240,1906,1570,1275,865,491,192,-80,-280,-468,-613,-577,-614,-604,-646,-792,-949,-1128,-1399,-1688,-2060,-2296,-2466,-15003
7,0,2033,573996,12230,11220,10580,9832,8917,8171,7378,6726,6295,5834,5584,5234,5036,5154,6040,8008,10731,14162,15804,18054,19295,19884,20363,21260,21976,22401,22583,22356,21522,20473,19291,18032,16754,15698,14646,13430,12010,10426,9022,7752,6863,6184,5676,5422,5188,4879,4263,3288,2170,1367,829,769,1067,1449,1909,2192,2350,2422,2497,2677,2738,2635,2227,1808,1498,1194,923,562,245,-75,-359,-508,-606,-646,-614,-643,-682,-817,-1018,-1192,-1455,-1784,-2065,-2394,-2541,-16060
7,0,2034,578386,12338,11329,10682,9925,9005,8249,7451,6791,6355,5887,5637,5399,5059,5181,6077,8072,10834,14281,15975,18231,19509,20084,20585,21497,22228,22675,22809,22575,21738,20671,19443,18221,17026,15816,14704,13523,12107,10528,9123,7887,6987,6325,5833,5523,5229,4869,4272,3336,2234,1366,901,804,1004,1465,1851,2143,2362,2410,2559,2685,2805,2740,2319,1788,1384,1103,835,617,306,-31,-359,-585,-646,-638,-682,-655,-724,-854,-1037,-1263,-1528,-1850,-2168,-2403,-2649,-17104
7,0,2035,582784,12452,11437,10783,10024,9099,8331,7523,6853,6417,5944,5694,5450,5214,5209,6117,8122,10919,14412,16137,18427,19697,20294,20789,21719,22463,22926,23078,22797,21946,20871,19621,18359,17193,16070,14812,13567,12188,10612,9211,7982,7110,6438,5966,5670,5326,4905,4259,3342,2278,1423,893,877,1033,1416,1871,2094,2323,2425,2541,2746,2818,2801,2430,1880,1351,992,748,528,351,26,-326,-592,-723,-681,-673,-708,-727,-898,-1088,-1297,-1610,-1931,-2246,-2527,-2657,-18152
7,0,2036,587144,12564,11545,10886,10115,9180,8411,7592,6920,6478,6000,5744,5500,5261,5366,6144,8170,10991,14529,16292,18595,19887,20481,21005,21929,22689,23160,23323,23063,22160,21066,19809,18523,17321,16225,15045,13666,12215,10679,9278,8058,7190,6553,6071,5798,5469,4993,4287,3319,2272,1455,941,869,1108,1449,1836,2123,2283,2398,2556,2733,2875,2810,2492,1989,1454,950,627,443,269,69,-280,-556,-718,-748,-711,-712,-785,-907,-1132,-1353,-1651,-2027,-2343,-2605,-2789,-19085
7,0,2037,591397,12669,11652,10989,10210,9265,8486,7662,6983,6531,6053,5800,5553,5308,5409,6310,8214,11061,14621,16429,18768,20064,20678,21198,22144,22906,23395,23559,23306,22413,21267,19990,18694,17473,16342,15186,13883,12295,10691,9330,8118,7262,6627,6175,5888,5587,5138,4377,3335,2221,1440,974,917,1103,1519,1873,2090,2307,2354,2527,2750,2862,2874,2498,2055,1565,1053,584,312,181,-19,-250,-513,-691,-757,-783,-751,-787,-965,-1145,-1404,-1709,-2074,-2444,-2710,-2876,-20078
7,0,2038,595644,12778,11760,11090,10303,9351,8560,7728,7044,6591,6107,5850,5603,5354,5459,6366,8414,11121,14721,16556,18929,20242,20852,21398,22343,23122,23604,23786,23535,22647,21514,20177,18856,17630,16479,15293,14013,12504,10757,9322,8152,7310,6688,6248,5994,5680,5252,4507,3419,2229,1377,952,945,1141,1516,1934,2128,2288,2377,2492,2719,2882,2854,2561,2049,1622,1158,677,278,62,-107,-325,-490,-661,-729,-791,-808,-828,-970,-1206,-1413,-1763,-2142,-2498,-2830,-2995,-21050
7,0,2039,599827,12883,11861,11189,10396,9439,8639,7801,7107,6648,6163,5904,5653,5401,5511,6420,8482,11364,14805,16678,19063,20402,21034,21581,22545,23331,23824,23994,23754,22866,21732,20410,19029,17781,16621,15420,14103,12619,10942,9372,8133,7335,6729,6309,6056,5778,5338,4622,3547,2307,1380,887,919,1169,1561,1935,2186,2319,2357,2517,2681,2843,2870,2531,2115,1616,1214,776,355,10,-221,-407,-566,-637,-706,-766,-823,-888,-1008,-1204,-1490,-1780,-2205,-2577,-2893,-3134,-22030
7,0,2040,604070,12989,11966,11288,10490,9520,8715,7867,7171,6711,6215,5957,5702,5450,5550,6476,8554,11455,15099,16783,19205,20545,21202,21759,22740,23540,24026,24216,23964,23078,21937,20617,19251,17942,16764,15547,14218,12695,11041,9554,8170,7307,6754,6339,6119,5833,5427,4707,3660,2440,1453,881,859,1151,1594,1980,2197,2380,2386,2496,2707,2808,2831,2547,2079,1672,1193,826,451,89,-267,-519,-648,-712,-686,-735,-796,-898,-1076,-1252,-1498,-1869,-2225,-2651,-2980,-3201,-23052
7,0,2041,608245,13097,12070,11385,10581,9600,8788,7931,7228,6764,6268,6005,5748,5492,5596,6525,8623,11543,15216,17130,19322,20684,21344,21932,22929,23728,24237,24419,24179,23274,22143,20812,19441,18147,16910,15672,14337,12789,11100,9638,8339,7342,6727,6356,6149,5892,5484,4787,3737,2549,1574,951,849,1098,1574,2013,2241,2385,2440,2522,2687,2835,2784,2493,2083,1627,1257,807,502,179,-194,-567,-748,-790,-754,-724,-777,-880,-1087,-1329,-1546,-1874,-2322,-2671,-3068,-3297,-24017
7,0,2042,612437,13205,12169,11481,10669,9682,8859,8002,7290,6817,6318,6058,5797,5540,5643,6575,8684,11633,15330,17278,19701,20805,21482,22086,23104,23921,24436,24628,24382,23481,22322,20993,19623,18327,17093,15801,14444,12888,11181,9681,8413,7498,6750,6332,6167,5922,5525,4841,3813,2616,1676,1068,918,1094,1536,2007,2271,2425,2452,2578,2724,2813,2809,2437,2023,1628,1209,862,480,220,-126,-507,-799,-891,-821,-787,-762,-855,-1078,-1343,-1629,-1930,-2330,-2788,-3094,-3384,-24955
7,0,2043,616622,13304,12267,11576,10758,9765,8935,8062,7351,6870,6372,6106,5843,5583,5685,6624,8749,11722,15452,17426,19860,21190,21603,22234,23268,24108,24631,24823,24579,23669,22513,21164,19795,18492,17260,15983,14566,12989,11267,9750,8443,7561,6903,6355,6142,5936,5548,4880,3854,2690,1745,1169,1025,1157,1526,1971,2265,2456,2489,2587,2777,2845,2778,2458,1957,1552,1204,817,531,199,-81,-438,-754,-930,-916,-862,-822,-836,-1050,-1323,-1644,-2020,-2394,-2793,-3221,-3413,-25895
7,0,2044,620741,13404,12366,11672,10845,9840,9003,8129,7408,6928,6422,6156,5890,5624,5731,6672,8814,11811,15566,17568,20021,21354,21978,22366,23426,24281,24823,25015,24771,23864,22695,21344,19954,18651,17411,16135,14728,13095,11349,9823,8502,7585,6957,6499,6160,5910,5565,4895,3889,2723,1810,1233,1123,1261,1587,1971,2241,2454,2521,2626,2788,2897,2810,2417,1965,1474,1124,803,475,241,-107,-410,-686,-888,-959,-947,-894,-896,-1037,-1301,-1629,-2037,-2505,-2865,-3234,-3556,-26747
7,0,2045,624767,13506,12464,11762,10931,9920,9071,8191,7467,6977,6471,6205,5935,5670,5772,6720,8878,11899,15680,17710,20183,21517,22142,22717,23576,24445,24998,25208,24968,24045,22873,21509,20116,18788,17557,16276,14862,13241,11440,9885,8565,7632,6975,6551,6289,5925,5539,4894,3898,2742,1836,1293,1180,1352,1689,2033,2250,2432,2520,2656,2828,2911,2867,2450,1924,1488,1044,717,457,182,-69,-439,-662,-833,-913,-994,-977,-969,-1106,-1290,-1604,-2018,-2527,-2989,-3314,-3577,-27646
7,0,2046,628612,13605,12560,11857,11014,9990,9140,8256,7520,7030,6523,6250,5978,5711,5811,6770,8943,11978,15792,17847,20346,21674,22304,22882,23898,24599,25169,25382,25152,24224,23036,21673,20262,18940,17685,16400,14993,13363,11575,9963,8616,7682,7016,6567,6340,6048,5545,4854,3887,2739,1847,1312,1235,1402,1774,2122,2299,2436,2503,2653,2856,2946,2874,2508,1946,1435,1041,625,376,167,-128,-404,-689,-811,-864,-959,-1018,-1058,-1174,-1363,-1596,-1999,-2507,-3018,-3454,-3666,-28426
7,0,2047,632468,13702,12657,11948,11097,10069,9211,8317,7577,7088,6569,6296,6024,5752,5855,6817,9007,12065,15906,17988,20495,21837,22465,23053,24070,24901,25333,25555,25319,24399,23206,21828,20413,19072,17821,16521,15106,13474,11689,10084,8687,7730,7062,6605,6352,6095,5662,4862,3832,2717,1835,1317,1259,1463,1828,2205,2384,2492,2502,2640,2854,2975,2913,2504,2000,1455,978,631,283,80,-147,-456,-659,-842,-847,-907,-982,-1100,-1261,-1432,-1676,-1987,-2484,-2999,-3489,-3815,-29237
7,0,2048,636138,13799,12749,12033,11180,10145,9282,8376,7633,7139,6616,6342,6068,5794,5897,6864,9066,12150,16016,18125,20649,21991,22621,23218,24240,25080,25616,25715,25490,24556,23363,21977,20548,19211,17943,16643,15210,13574,11777,10181,8797,7788,7106,6646,6388,6106,5702,4976,3821,2644,1798,1301,1260,1479,1878,2252,2455,2565,2558,2651,2832,2974,2938,2546,1995,1507,993,555,278,-3,-233,-485,-720,-819,-872,-890,-944,-1058,-1307,-1533,-1755,-2074,-2472,-2974,-3466,-3855,-30068
7,0,2049,639791,13890,12841,12123,11262,10219,9346,8441,7692,7185,6664,6387,6112,5837,5938,6910,9126,12233,16115,18259,20798,22139,22778,23377,24408,25259,25799,25994,25646,24715,23506,22121,20692,19332,18064,16753,15323,13662,11868,10261,8881,7889,7156,6684,6426,6145,5717,5012,3933,2625,1715,1268,1244,1486,1902,2304,2509,2631,2631,2694,2842,2953,2935,2565,2027,1493,1040,569,210,-12,-318,-565,-745,-867,-855,-918,-928,-1021,-1271,-1579,-1860,-2171,-2582,-2960,-3435,-3835,-30848
7,0,2050,643277,13984,12930,12209,11340,10293,9412,8499,7744,7232,6711,6432,6152,5874,5975,6952,9181,12306,16224,18392,20940,22291,22933,23536,24572,25427,25972,26168,25914,24862,23649,22251,20817,19460,18174,16865,15416,13756,11939,10339,8954,7962,7248,6726,6459,6175,5743,5012,3963,2733,1688,1174,1208,1472,1911,2324,2551,2679,2692,2768,2894,2961,2901,2554,2046,1520,1024,608,224,-82,-329,-644,-815,-895,-906,-899,-951,-1010,-1230,-1544,-1916,-2291,-2685,-3084,-3422,-3803,-31514
7,0,2051,646702,14074,13019,12294,11417,10364,9476,8551,7792,7281,6756,6475,6195,5911,6013,6998,9241,12386,16325,18523,21084,22443,23084,23686,24737,25592,26144,26346,26089,25124,23779,22378,20933,19576,18289,16968,15515,13841,12029,10398,9018,8029,7317,6815,6509,6206,5772,5034,3954,2752,1796,1140,1117,1434,1895,2334,2572,2721,2733,2828,2963,3009,2912,2518,2030,1536,1050,587,263,-72,-396,-661,-899,-971,-935,-953,-944,-1043,-1227,-1498,-1878,-2356,-2816,-3205,-3559,-3787,-32068
7,0,2052,649995,14165,13107,12376,11494,10431,9540,8613,7842,7327,6799,6515,6233,5948,6049,7041,9298,12465,16428,18646,21224,22586,23227,23841,24895,25756,26312,26510,26259,25289,24038,22494,21048,19680,18392,17063,15604,13927,12093,10471,9066,8078,7376,6875,6586,6242,5800,5053,3966,2733,1805,1235,1085,1354,1877,2328,2584,2738,2772,2873,3029,3090,2961,2513,1985,1511,1057,608,233,-42,-396,-726,-914,-1045,-1000,-973,-989,-1025,-1253,-1492,-1832,-2319,-2889,-3366,-3698,-3935,-32550
7,0,2053,653291,14252,13191,12460,11571,10501,9601,8670,7896,7375,6841,6555,6276,5988,6088,7085,9352,12538,16524,18772,21367,22728,23374,23987,25045,25918,26483,26684,26421,25447,24187,22743,21150,19784,18483,17158,15694,14000,12166,10522,9128,8125,7424,6930,6644,6322,5835,5077,3983,2734,1775,1245,1180,1330,1809,2312,2583,2750,2792,2912,3071,3152,3039,2567,1973,1457,1029,618,248,-66,-369,-732,-981,-1059,-1079,-1044,-1008,-1069,-1237,-1524,-1821,-2269,-2845,-3442,-3878,-4091,-33116
7,0,2054,656479,14341,13278,12540,11644,10571,9664,8722,7947,7420,6887,6599,6313,6026,6127,7130,9409,12612,16619,18894,21503,22864,23513,24136,25199,26076,26642,26848,26585,25604,24332,22880,21387,19869,18572,17241,15776,14079,12225,10583,9168,8178,7463,6976,6693,6380,5910,5108,3991,2740,1765,1211,1185,1416,1783,2257,2566,2748,2806,2928,3106,3191,3102,2648,2023,1446,975,583,258,-50,-398,-706,-987,-1123,-1097,-1107,-1074,-1092,-1282,-1510,-1863,-2262,-2800,-3396,-3966,-4283,-33786
7,0,2055,659635,14428,13358,12619,11719,10638,9724,8777,7997,7466,6929,6641,6353,6060,6159,7168,9461,12686,16715,19015,21635,23002,23650,24275,25350,26231,26807,27012,26749,25763,24478,23016,21510,20093,18652,17321,15845,14149,12287,10630,9223,8213,7507,7015,6738,6422,5963,5176,4018,2741,1764,1204,1152,1426,1870,2234,2519,2739,2799,2938,3128,3228,3144,2716,2100,1488,953,524,216,-54,-385,-743,-971,-1129,-1153,-1127,-1144,-1160,-1314,-1563,-1851,-2297,-2791,-3340,-3913,-4383,-34573
7,0,2056,662773,14509,13441,12696,11795,10706,9784,8828,8043,7511,6972,6679,6391,6095,6198,7209,9516,12755,16812,19128,21768,23142,23787,24415,25491,26385,26963,27176,26909,25911,24622,23148,21630,20206,18860,17389,15911,14210,12342,10685,9258,8257,7544,7055,6773,6466,5999,5220,4083,2757,1759,1197,1141,1392,1877,2317,2508,2694,2792,2939,3137,3244,3182,2752,2168,1568,995,498,154,-92,-388,-737,-1003,-1115,-1160,-1181,-1160,-1229,-1380,-1592,-1905,-2286,-2840,-3331,-3856,-4333,-35383
7,0,2057,665900,14593,13524,12773,11869,10769,9844,8884,8091,7554,7012,6720,6428,6130,6227,7250,9569,12827,16905,19243,21897,23272,23918,24555,25638,26535,27120,27333,27064,26062,24765,23279,21752,20314,18962,17587,15971,14263,12391,10727,9300,8288,7575,7090,6815,6491,6038,5260,4117,2813,1765,1186,1131,1384,1852,2322,2580,2685,2754,2929,3131,3254,3199,2787,2208,1630,1070,534,128,-157,-426,-737,-998,-1141,-1152,-1186,-1211,-1242,-1449,-1666,-1939,-2353,-2824,-3385,-3842,-4270,-36055
7,0,2058,668969,14673,13605,12851,11939,10832,9900,8936,8140,7597,7051,6759,6467,6164,6262,7286,9618,12896,16998,19362,22023,23403,24047,24691,25776,26685,27273,27486,27221,26209,24900,23407,21871,20423,19061,17679,16153,14310,12435,10760,9334,8326,7604,7123,6841,6529,6061,5288,4151,2848,1818,1186,1121,1380,1848,2309,2593,2753,2742,2893,3123,3253,3203,2799,2249,1666,1136,606,159,-175,-494,-780,-1008,-1150,-1174,-1178,-1222,-1300,-1463,-1737,-2017,-2392,-2901,-3378,-3910,-4251,-36592
7,0,2059,671945,14753,13682,12924,12004,10897,9953,8985,8189,7638,7095,6795,6504,6198,6294,7325,9674,12966,17088,19470,22151,23532,24181,24827,25917,26830,27424,27638,27370,26356,25035,23533,21981,20530,19160,17767,16235,14476,12468,10789,9357,8352,7638,7146,6874,6553,6099,5309,4174,2872,1844,1239,1122,1376,1851,2304,2576,2767,2808,2882,3084,3240,3204,2808,2253,1702,1173,669,229,-157,-520,-841,-1047,-1149,-1176,-1203,-1214,-1307,-1525,-1770,-2105,-2484,-2947,-3463,-3893,-4327,-37066
7,0,2060,674819,14834,13759,13000,12075,10961,10010,9037,8228,7679,7133,6837,6538,6234,6329,7363,9717,13035,17173,19583,22275,23657,24308,24959,26053,26973,27574,27790,27523,26498,25171,23659,22098,20636,19256,17853,16312,14549,12628,10812,9378,8368,7661,7176,6896,6587,6116,5335,4182,2889,1859,1259,1170,1375,1846,2310,2578,2752,2817,2941,3077,3201,3182,2796,2259,1704,1200,695,281,-91,-497,-866,-1101,-1186,-1193,-1207,-1242,-1305,-1538,-1824,-2130,-2575,-3046,-3517,-3999,-4316,-37547
7,1,2023,257338,6003,4745,4631,4376,4086,3728,3376,3073,2827,2679,2502,2451,2356,2276,2563,3284,4344,5843,6588,7650,8298,8828,9085,9686,9693,9411,9327,9113,8868,8697,8367,7977,7406,6732,6365,5832,5017,4256,3616,2793,2433,2302,2319,2360,2440,2417,2028,1539,923,538,193,-24,-98,97,341,537,727,829,983,1120,1084,1289,1050,826,787,490,450,565,646,437,391,453,373,354,347,310,246,262,160,-32,-137,-199,-411,-499,-553,-4103
7,1,2024,258782,6060,5537,4500,4308,4033,3729,3400,3079,2891,2705,2568,2419,2379,2377,2595,3356,4449,5846,6724,7699,8498,8908,9305,9456,9677,9571,9240,9231,9059,8824,8617,8215,7684,7052,6339,5872,5129,4308,3584,3012,2486,2269,2326,2423,2401,2331,2075,1526,956,483,284,77,-13,30,244,479,681,838,1002,1165,1205,1063,1130,837,590,577,353,376,477,487,261,218,335,242,264,273,161,19,69,-31,-200,-342,-400,-560,-603,-4317
7,1,2025,260764,6118,5591,5202,4193,3974,3681,3404,3106,2897,2766,2607,2487,2365,2400,2705,3391,4505,5981,6747,7819,8574,9094,9352,9652,9486,9593,9383,9193,9170,9047,8760,8484,7951,7337,6664,5896,5182,4423,3645,3009,2666,2337,2320,2426,2464,2296,1995,1559,952,506,228,183,78,131,187,401,636,819,999,1171,1262,1198,893,910,606,411,434,264,309,368,296,99,101,195,141,168,156,-38,-197,-90,-223,-390,-533,-576,-654,-4534
7,1,2026,263410,6177,5649,5254,4812,3878,3638,3370,3115,2897,2765,2657,2533,2451,2407,2749,3543,4588,6063,6932,7898,8700,9211,9558,9732,9629,9434,9461,9338,9184,9141,8977,8577,8203,7571,6966,6193,5237,4470,3767,3084,2667,2488,2395,2444,2463,2369,1960,1493,974,524,263,136,175,234,292,383,565,770,1005,1168,1269,1238,1020,690,661,447,280,355,198,201,222,116,-9,-1,115,63,55,-41,-242,-374,-278,-412,-574,-708,-696,-4762
7,1,2027,265217,6234,5704,5305,4859,4419,3555,3325,3079,2913,2756,2655,2585,2506,2492,2780,3582,4758,6174,7044,8074,8813,9327,9700,9917,9724,9552,9299,9389,9301,9172,8991,8735,8197,7733,7072,6377,5473,4475,3780,3166,2746,2486,2520,2501,2498,2352,2027,1433,910,529,276,175,151,289,410,464,573,720,951,1161,1266,1278,1069,773,475,444,277,225,260,109,28,53,-12,-91,-75,26,-31,-142,-239,-407,-573,-477,-595,-726,-820,-5042
7,1,2028,265934,6290,5760,5359,4907,4462,4027,3257,3048,2886,2801,2680,2577,2534,2527,2828,3634,4801,6357,7134,8203,8926,9439,9762,10026,9854,9607,9370,9258,9301,9227,9036,8699,8288,7714,7186,6441,5537,4656,3757,3141,2779,2552,2534,2586,2538,2389,2015,1499,824,456,258,167,167,289,419,568,630,707,920,1124,1260,1249,1123,831,516,284,259,169,159,112,-41,-152,-57,-127,-124,-136,-105,-219,-338,-424,-598,-772,-663,-761,-831,-5398
7,1,2029,266771,6350,5815,5411,4955,4506,4067,3663,2988,2866,2776,2750,2628,2563,2557,2869,3672,4871,6404,7339,8282,9069,9503,9837,10073,9948,9697,9428,9294,9237,9211,9034,8742,8288,7775,7183,6535,5639,4717,3890,3126,2747,2567,2583,2631,2594,2440,2050,1481,897,381,206,149,180,301,437,579,719,771,913,1101,1229,1255,1084,878,562,316,137,146,98,38,-55,-188,-254,-163,-196,-183,-208,-283,-402,-511,-630,-790,-971,-828,-867,-5728
7,1,2030,266080,6407,5869,5460,5001,4549,4102,3695,3340,2810,2782,2704,2666,2557,2579,2893,3706,4902,6477,7374,8449,9133,9627,9889,10089,9967,9763,9446,9294,9201,9154,8966,8681,8262,7760,7178,6494,5666,4778,3919,3194,2709,2516,2567,2651,2630,2459,2091,1501,853,424,117,89,149,296,445,562,726,831,955,1103,1193,1207,1067,827,586,339,142,49,42,-28,-134,-221,-271,-332,-244,-281,-281,-367,-466,-547,-703,-833,-978,-1163,-928,-6052
7,1,2031,263637,6462,5924,5512,5049,4592,4143,3729,3367,3102,2797,2706,2620,2549,2539,2873,3704,4905,6491,7419,8481,9232,9674,9968,10118,9950,9756,9486,9295,9185,9119,8922,8604,8181,7688,7125,6451,5606,4730,3915,3169,2707,2450,2491,2608,2624,2471,2077,1516,850,341,113,-10,54,235,393,558,677,809,972,1103,1166,1145,996,764,531,331,122,12,-51,-100,-210,-324,-341,-377,-368,-333,-380,-459,-559,-628,-736,-903,-1027,-1149,-1283,-6379
7,1,2032,259193,6519,5979,5566,5096,4636,4183,3764,3401,3129,2865,2689,2583,2500,2507,2843,3673,4893,6482,7424,8489,9255,9706,10004,10168,9959,9727,9450,9262,9122,9062,8883,8512,8058,7568,7013,6355,5515,4650,3821,3106,2660,2400,2414,2526,2581,2460,2069,1473,839,312,13,-56,-59,118,309,478,645,751,930,1082,1143,1081,901,671,437,282,90,-36,-128,-224,-318,-418,-467,-470,-460,-447,-468,-566,-656,-725,-833,-936,-1103,-1203,-1261,-7055
7,1,2033,260990,6575,6031,5615,5143,4678,4219,3797,3432,3157,2896,2770,2595,2518,2525,2863,3705,4932,6543,7492,8580,9342,9816,10109,10286,10074,9821,9537,9343,9206,9126,8963,8636,8122,7595,7061,6409,5576,4706,3899,3166,2729,2476,2453,2544,2573,2469,2098,1501,835,344,33,-102,-54,77,278,471,639,776,938,1107,1181,1123,893,628,402,244,118,1,-100,-220,-356,-446,-468,-506,-467,-473,-491,-583,-701,-758,-866,-993,-1099,-1251,-1293,-7573
7,1,2034,262689,6627,6085,5665,5189,4718,4255,3833,3460,3187,2918,2794,2658,2527,2536,2883,3733,4974,6586,7561,8658,9438,9907,10212,10384,10183,9935,9621,9426,9289,9210,9025,8715,8246,7651,7079,6451,5623,4757,3950,3240,2786,2540,2528,2584,2588,2460,2101,1527,860,340,61,-84,-95,76,239,445,635,772,962,1113,1206,1164,936,619,349,198,76,29,-72,-204,-358,-481,-497,-507,-506,-481,-520,-607,-716,-802,-907,-1035,-1159,-1248,-1346,-8069
7,1,2035,264368,6684,6138,5713,5235,4763,4293,3867,3490,3215,2944,2818,2682,2588,2550,2898,3755,5007,6641,7630,8744,9519,9999,10304,10485,10280,10036,9727,9510,9370,9290,9103,8772,8317,7774,7133,6455,5655,4796,3991,3284,2855,2591,2589,2654,2625,2473,2088,1530,882,360,49,-54,-82,45,238,408,611,768,958,1137,1213,1188,982,668,329,141,28,-17,-48,-178,-345,-490,-536,-534,-501,-510,-525,-635,-750,-830,-957,-1077,-1206,-1320,-1345,-8557
7,1,2036,266028,6740,6191,5764,5279,4803,4332,3896,3520,3243,2974,2842,2706,2609,2609,2907,3771,5031,6688,7695,8812,9603,10083,10401,10578,10373,10121,9821,9610,9451,9368,9182,8846,8368,7836,7241,6502,5653,4821,4019,3320,2893,2657,2638,2712,2695,2505,2098,1512,878,374,66,-64,-51,55,215,415,586,755,958,1138,1234,1193,1009,714,384,116,-33,-62,-89,-153,-322,-470,-539,-567,-531,-517,-559,-646,-777,-866,-985,-1136,-1256,-1366,-1418,-8974
7,1,2037,267673,6791,6244,5814,5323,4843,4367,3930,3548,3266,2997,2868,2728,2631,2629,2972,3786,5058,6722,7748,8886,9680,10175,10488,10672,10466,10220,9905,9705,9552,9448,9258,8921,8441,7886,7301,6609,5688,4810,4039,3347,2927,2691,2696,2755,2748,2575,2134,1516,846,365,84,-52,-60,83,228,394,591,733,947,1140,1236,1221,1012,741,433,171,-59,-130,-138,-197,-302,-453,-527,-578,-564,-545,-562,-681,-790,-896,-1022,-1167,-1315,-1421,-1466,-9431
7,1,2038,269283,6844,6296,5861,5369,4882,4401,3962,3577,3293,3020,2889,2750,2651,2648,2998,3873,5081,6757,7800,8953,9757,10251,10576,10754,10552,10301,9997,9790,9642,9550,9338,8989,8509,7950,7345,6663,5790,4839,4016,3354,2949,2720,2730,2816,2793,2627,2192,1542,842,326,70,-35,-53,74,250,406,577,736,931,1131,1240,1222,1039,738,458,223,-6,-151,-198,-244,-344,-438,-510,-567,-571,-575,-591,-685,-824,-906,-1059,-1208,-1350,-1492,-1527,-9883
7,1,2039,270926,6895,6342,5910,5414,4924,4441,3996,3606,3321,3046,2914,2773,2673,2675,3023,3901,5188,6789,7845,9008,9824,10331,10657,10844,10638,10388,10073,9872,9721,9640,9436,9065,8574,8011,7403,6697,5841,4931,4038,3329,2956,2740,2763,2849,2850,2668,2243,1601,868,321,27,-56,-39,88,242,428,585,726,939,1115,1229,1222,1031,771,454,245,44,-104,-226,-301,-385,-478,-492,-553,-562,-588,-625,-711,-826,-951,-1068,-1247,-1394,-1528,-1602,-10340
7,1,2040,272532,6947,6394,5958,5457,4962,4474,4027,3635,3348,3070,2940,2796,2697,2693,3047,3930,5226,6926,7885,9066,9883,10402,10733,10925,10724,10462,10160,9950,9805,9718,9526,9165,8648,8076,7457,6753,5867,4968,4129,3345,2922,2747,2778,2881,2878,2716,2281,1650,924,342,16,-94,-60,100,256,423,608,737,928,1122,1217,1207,1031,757,479,235,67,-55,-178,-328,-445,-526,-535,-543,-548,-570,-633,-750,-860,-960,-1119,-1260,-1440,-1577,-1645,-10818
7,1,2041,274175,7001,6446,6006,5500,4999,4511,4060,3662,3371,3092,2959,2816,2712,2712,3068,3961,5261,6974,8043,9109,9941,10464,10810,11006,10801,10545,10230,10029,9878,9803,9605,9249,8744,8138,7509,6802,5908,4984,4159,3430,2935,2720,2784,2897,2909,2750,2332,1685,970,391,36,-104,-92,84,267,438,603,755,941,1117,1223,1189,1011,750,462,268,58,-29,-131,-278,-469,-575,-578,-580,-538,-561,-621,-759,-904,-994,-1124,-1311,-1457,-1629,-1696,-11268
7,1,2042,275784,7055,6493,6051,5544,5040,4543,4092,3689,3396,3116,2984,2837,2737,2734,3088,3986,5300,7019,8105,9287,9988,10518,10877,11080,10878,10620,10312,10106,9957,9872,9682,9322,8824,8224,7566,6845,5945,5018,4169,3454,3012,2727,2760,2905,2929,2774,2361,1730,1000,433,84,-85,-102,59,257,451,613,756,960,1133,1217,1199,985,722,457,247,85,-44,-110,-247,-432,-603,-633,-615,-572,-550,-610,-755,-913,-1036,-1162,-1325,-1517,-1647,-1747,-11720
7,1,2043,277425,7103,6540,6095,5584,5077,4579,4118,3717,3421,3142,3006,2858,2756,2752,3109,4014,5336,7069,8171,9354,10169,10568,10940,11149,10953,10695,10381,10177,10024,9948,9756,9401,8894,8301,7654,6902,5987,5052,4194,3457,3035,2808,2771,2885,2938,2790,2383,1752,1044,463,125,-43,-85,43,233,439,625,768,960,1151,1228,1187,990,691,421,234,68,-13,-122,-223,-392,-573,-655,-667,-615,-583,-597,-740,-902,-1045,-1209,-1366,-1523,-1709,-1766,-12182
7,1,2044,279048,7153,6586,6140,5627,5115,4610,4148,3745,3447,3162,3029,2880,2773,2773,3131,4041,5376,7119,8234,9425,10243,10745,10993,11216,11019,10771,10453,10246,10100,10022,9830,9468,8969,8367,7726,6980,6032,5082,4221,3479,3032,2824,2844,2896,2919,2797,2397,1773,1063,501,150,-5,-41,60,224,421,622,780,971,1155,1251,1198,973,691,377,193,51,-35,-97,-238,-378,-534,-625,-697,-662,-626,-630,-730,-891,-1040,-1222,-1421,-1569,-1722,-1840,-12588
7,1,2045,280586,7203,6633,6183,5664,5149,4642,4176,3770,3468,3180,3052,2903,2794,2792,3154,4069,5412,7165,8291,9494,10316,10820,11156,11277,11086,10836,10527,10321,10167,10091,9895,9538,9028,8434,7785,7042,6101,5122,4242,3502,3053,2821,2860,2963,2930,2779,2397,1779,1074,518,187,15,-7,98,240,415,606,777,985,1165,1254,1219,987,670,377,147,4,-55,-122,-213,-392,-518,-597,-664,-690,-669,-671,-771,-884,-1029,-1212,-1437,-1629,-1771,-1856,-13027
7,1,2046,282087,7252,6680,6229,5705,5184,4677,4208,3793,3492,3208,3074,2921,2809,2809,3174,4094,5442,7214,8348,9565,10383,10889,11229,11421,11147,10898,10591,10388,10234,10152,9963,9600,9094,8489,7840,7097,6157,5188,4277,3518,3069,2836,2860,2983,2991,2785,2372,1778,1077,526,200,50,9,130,273,426,602,765,983,1179,1266,1220,1011,680,349,142,-42,-98,-138,-241,-372,-535,-580,-635,-661,-699,-726,-809,-924,-1018,-1200,-1426,-1647,-1841,-1914,-13402
7,1,2047,283596,7298,6727,6271,5743,5220,4710,4237,3820,3517,3228,3094,2941,2831,2827,3191,4122,5481,7258,8407,9630,10458,10962,11310,11496,11278,10960,10649,10446,10298,10223,10027,9665,9150,8549,7896,7145,6206,5242,4332,3547,3083,2852,2876,2981,3008,2845,2384,1745,1070,526,205,64,45,147,303,458,616,757,977,1180,1278,1234,1007,699,357,109,-48,-147,-184,-256,-393,-514,-598,-623,-631,-671,-750,-863,-969,-1064,-1192,-1410,-1638,-1861,-1984,-13806
7,1,2048,284971,7346,6771,6309,5782,5254,4742,4262,3841,3541,3248,3113,2960,2849,2846,3213,4147,5515,7303,8465,9695,10523,11030,11382,11569,11350,11074,10704,10507,10355,10281,10088,9722,9214,8603,7951,7193,6247,5277,4376,3601,3106,2868,2892,2997,3010,2862,2439,1745,1026,508,202,66,51,174,321,479,638,772,979,1171,1278,1245,1020,692,378,116,-87,-158,-231,-303,-414,-545,-584,-638,-624,-646,-722,-888,-1024,-1108,-1240,-1401,-1627,-1849,-2005,-14219
7,1,2049,286385,7390,6814,6353,5820,5290,4773,4291,3874,3561,3271,3132,2980,2868,2864,3233,4170,5548,7345,8524,9760,10587,11098,11452,11642,11423,11148,10820,10560,10411,10337,10145,9784,9264,8656,7997,7239,6286,5316,4406,3640,3155,2886,2905,3014,3029,2865,2450,1800,1023,461,185,61,56,184,346,497,659,798,988,1173,1271,1246,1027,704,367,137,-83,-198,-239,-348,-459,-562,-604,-627,-637,-635,-696,-859,-1054,-1168,-1295,-1459,-1612,-1834,-1996,-14609
7,1,2050,287690,7436,6857,6393,5855,5325,4803,4319,3895,3582,3291,3154,2997,2884,2881,3250,4192,5578,7389,8577,9823,10654,11167,11521,11709,11489,11213,10881,10666,10463,10387,10198,9836,9321,8702,8046,7280,6323,5343,4436,3665,3189,2933,2922,3025,3042,2878,2448,1810,1073,456,132,45,51,190,352,519,674,818,1014,1184,1271,1230,1023,711,374,121,-67,-186,-278,-359,-500,-599,-626,-649,-624,-650,-692,-834,-1026,-1201,-1362,-1519,-1676,-1824,-1978,-14926
7,1,2051,288969,7478,6902,6432,5892,5357,4834,4344,3915,3604,3308,3171,3017,2901,2898,3270,4218,5610,7431,8634,9882,10723,11237,11588,11781,11557,11278,10946,10730,10566,10436,10247,9885,9367,8749,8089,7321,6358,5379,4462,3691,3216,2964,2969,3043,3055,2888,2457,1800,1080,507,122,-7,30,181,356,528,698,832,1032,1208,1282,1232,1002,703,379,128,-79,-172,-273,-394,-513,-645,-667,-672,-649,-643,-703,-834,-999,-1174,-1394,-1590,-1744,-1892,-1964,-15203
7,1,2052,290169,7522,6941,6470,5927,5388,4864,4374,3938,3626,3328,3189,3032,2919,2912,3286,4242,5642,7471,8684,9942,10785,11298,11658,11847,11623,11341,11005,10792,10627,10544,10291,9931,9411,8792,8126,7354,6393,5402,4490,3707,3235,2984,2993,3084,3072,2898,2466,1805,1065,505,166,-19,-15,169,355,531,703,851,1046,1230,1308,1247,999,677,365,129,-78,-190,-259,-392,-549,-654,-710,-708,-666,-668,-692,-849,-994,-1143,-1367,-1630,-1827,-1963,-2036,-15419
7,1,2053,291391,7564,6980,6510,5961,5420,4891,4398,3964,3646,3346,3207,3053,2936,2932,3304,4265,5672,7507,8738,10003,10847,11362,11721,11911,11690,11411,11071,10850,10686,10604,10401,9970,9452,8828,8165,7394,6421,5429,4506,3730,3252,3006,3016,3111,3112,2917,2476,1809,1066,483,165,26,-22,128,341,532,709,861,1066,1243,1329,1272,1013,666,337,112,-71,-187,-276,-382,-552,-692,-720,-750,-706,-681,-717,-836,-1014,-1137,-1337,-1597,-1871,-2056,-2118,-15681
7,1,2054,292601,7606,7022,6546,5995,5450,4921,4422,3986,3667,3366,3226,3069,2951,2948,3326,4286,5704,7548,8789,10062,10907,11427,11787,11975,11755,11469,11131,10910,10744,10661,10458,10075,9485,8867,8197,7425,6455,5450,4530,3742,3270,3020,3037,3133,3140,2959,2491,1813,1066,481,142,21,13,116,306,520,706,867,1073,1260,1342,1292,1044,680,328,81,-94,-182,-271,-398,-537,-693,-753,-762,-745,-717,-734,-856,-1002,-1157,-1332,-1566,-1833,-2103,-2212,-15993
7,1,2055,293744,7649,7059,6583,6030,5482,4948,4446,4006,3686,3385,3245,3087,2965,2961,3342,4311,5730,7586,8839,10118,10968,11485,11849,12040,11815,11533,11192,10972,10805,10718,10513,10129,9590,8893,8231,7451,6477,5470,4540,3760,3281,3036,3053,3156,3156,2981,2527,1826,1061,475,138,-1,12,157,296,494,702,863,1080,1271,1361,1307,1067,708,336,66,-127,-209,-271,-395,-558,-691,-753,-794,-757,-759,-773,-882,-1032,-1149,-1350,-1559,-1800,-2062,-2267,-16366
7,1,2056,294910,7687,7096,6620,6062,5512,4974,4470,4028,3708,3403,3261,3103,2981,2978,3358,4328,5758,7626,8887,10174,11029,11545,11910,12101,11878,11592,11254,11028,10858,10774,10568,10179,9637,8996,8253,7472,6496,5487,4560,3770,3296,3047,3070,3171,3179,2997,2547,1855,1068,469,129,-10,-11,152,333,487,677,861,1083,1277,1370,1328,1078,733,365,78,-146,-242,-290,-395,-558,-702,-746,-797,-787,-771,-812,-921,-1052,-1177,-1340,-1585,-1793,-2027,-2225,-16754
7,1,2057,296065,7727,7135,6653,6097,5541,5002,4493,4049,3726,3420,3281,3118,2997,2990,3376,4351,5789,7663,8934,10229,11082,11604,11972,12163,11936,11650,11307,11083,10916,10829,10623,10234,9685,9041,8352,7490,6512,5501,4573,3782,3303,3056,3080,3189,3190,3016,2564,1874,1097,471,121,-19,-16,132,329,516,674,843,1081,1281,1378,1338,1095,742,385,102,-140,-259,-329,-420,-558,-707,-765,-794,-792,-801,-822,-962,-1095,-1201,-1373,-1571,-1822,-2018,-2189,-17045
7,1,2058,297215,7765,7173,6688,6129,5566,5029,4517,4070,3745,3438,3296,3136,3011,3004,3390,4370,5817,7700,8982,10281,11139,11660,12029,12217,11995,11708,11362,11143,10968,10881,10675,10281,9733,9085,8392,7581,6523,5513,4575,3789,3316,3062,3091,3196,3206,3025,2577,1885,1112,497,118,-30,-24,129,315,516,701,840,1066,1280,1382,1341,1104,767,399,125,-109,-255,-343,-454,-577,-711,-770,-808,-785,-806,-857,-972,-1135,-1247,-1398,-1608,-1808,-2053,-2174,-17267
7,1,2059,298361,7803,7208,6722,6161,5597,5051,4542,4093,3765,3457,3312,3153,3027,3016,3408,4393,5844,7736,9026,10336,11196,11717,12091,12279,12056,11766,11417,11194,11024,10933,10727,10328,9779,9127,8428,7616,6608,5516,4578,3791,3318,3072,3099,3209,3215,3045,2586,1896,1120,509,146,-29,-31,123,312,502,700,864,1063,1266,1380,1346,1111,769,420,140,-87,-226,-346,-473,-613,-727,-769,-811,-800,-800,-860,-1008,-1153,-1299,-1452,-1641,-1847,-2036,-2208,-17455
7,1,2060,299444,7842,7244,6757,6191,5627,5078,4565,4108,3781,3473,3332,3168,3042,3033,3424,4411,5873,7771,9073,10387,11252,11773,12149,12336,12110,11822,11472,11249,11075,10988,10779,10377,9825,9169,8466,7648,6639,5601,4577,3789,3317,3077,3108,3216,3229,3051,2597,1899,1126,511,156,-6,-34,116,309,500,690,864,1086,1268,1364,1338,1110,775,422,158,-79,-207,-315,-469,-629,-760,-790,-817,-805,-816,-858,-1015,-1189,-1316,-1504,-1696,-1882,-2083,-2197,-17652
7,2,2023,301973,5077,3713,3772,3700,3448,3272,2978,2751,2638,2545,2448,2377,2243,2307,2750,3711,5064,6693,7289,8311,8919,9112,9262,10007,11182,11723,12265,12258,11544,10559,9490,8611,7790,7334,6812,6344,5872,5071,4551,4135,3695,3315,2942,2621,2483,2263,2092,1771,1335,1121,881,912,973,1317,1578,1715,1816,1747,1633,1572,1770,1786,1686,1633,1495,1448,1433,1342,1176,1095,940,927,717,540,608,633,342,436,355,178,18,-103,-237,-360,-514,-5081
7,2,2024,304270,5137,4678,3670,3666,3418,3293,3019,2790,2705,2593,2483,2419,2295,2368,2823,3805,5113,6759,7332,8456,8939,9148,9429,10093,11028,11934,12327,12366,11752,10773,9698,8794,8097,7431,6950,6377,5882,5277,4594,4135,3778,3379,2940,2672,2422,2300,2049,1761,1404,1071,949,963,1119,1231,1555,1664,1734,1766,1725,1676,1615,1781,1677,1516,1516,1300,1257,1204,1154,954,891,727,750,592,427,466,473,219,279,150,-39,-210,-311,-405,-502,-5215
7,2,2025,306805,5194,4736,4527,3581,3387,3269,3039,2837,2738,2653,2517,2455,2333,2426,2894,3911,5223,6853,7386,8540,9090,9192,9486,10244,11152,11826,12492,12491,11851,10958,9929,8973,8289,7700,7056,6538,5921,5296,4766,4204,3774,3453,3002,2673,2469,2243,2081,1735,1396,1140,911,1026,1168,1365,1466,1641,1711,1709,1742,1765,1726,1622,1663,1521,1395,1360,1141,1042,975,942,746,710,518,631,428,327,341,306,37,91,-72,-259,-420,-484,-552,-5353
7,2,2026,309824,5253,4794,4585,4327,3313,3249,3022,2855,2769,2683,2577,2479,2385,2477,2966,3993,5371,6983,7537,8599,9202,9376,9548,10374,11294,11958,12426,12606,11977,11060,10082,9180,8464,7876,7277,6640,6092,5338,4807,4340,3866,3473,3086,2762,2469,2293,2045,1759,1382,1144,986,1011,1241,1441,1602,1549,1669,1686,1704,1771,1813,1748,1498,1499,1396,1228,1193,941,850,775,722,567,535,410,477,321,228,194,128,-154,-108,-303,-455,-593,-628,-5531
7,2,2027,312013,5310,4850,4638,4379,3966,3192,3003,2843,2787,2715,2600,2554,2404,2529,3029,4080,5470,7157,7690,8745,9245,9482,9727,10415,11412,12089,12530,12545,12086,11130,10163,9308,8594,8017,7417,6797,6175,5466,4855,4357,3990,3566,3109,2826,2545,2301,2077,1720,1379,1113,974,1072,1226,1502,1683,1684,1591,1611,1668,1738,1790,1830,1613,1332,1332,1236,1032,959,715,640,568,527,369,431,275,349,204,85,27,-89,-363,-328,-512,-628,-742,-5765
7,2,2028,313219,5369,4907,4693,4431,4010,3741,2962,2834,2811,2719,2638,2573,2468,2540,3072,4148,5568,7267,7871,8911,9354,9525,9776,10571,11449,12172,12626,12664,11993,11227,10208,9339,8698,8112,7507,6924,6274,5530,4923,4406,3976,3643,3195,2838,2590,2349,2081,1747,1328,1090,942,1043,1278,1476,1734,1744,1712,1552,1555,1700,1768,1790,1679,1427,1187,1123,1052,793,717,509,420,372,320,257,273,160,203,60,-59,-176,-326,-594,-536,-680,-769,-6135
7,2,2029,314877,5426,4965,4749,4481,4055,3784,3427,2797,2791,2811,2678,2615,2497,2588,3093,4194,5651,7386,8014,9115,9531,9611,9851,10621,11591,12256,12714,12726,12141,11147,10253,9385,8714,8198,7606,7008,6395,5632,4988,4457,4016,3648,3243,2926,2605,2393,2123,1748,1365,1041,927,1031,1253,1527,1706,1794,1760,1661,1530,1580,1712,1765,1662,1487,1285,1029,940,809,580,497,325,253,182,218,122,137,64,55,-82,-239,-389,-568,-801,-704,-820,-6461
7,2,2030,315212,5484,5022,4805,4535,4104,3826,3467,3194,2756,2818,2721,2641,2518,2618,3132,4228,5701,7474,8112,9245,9716,9772,9912,10691,11642,12370,12787,12777,12155,11224,10165,9371,8706,8187,7650,7031,6451,5694,5069,4491,4037,3664,3235,2946,2669,2402,2154,1762,1336,1060,861,1005,1245,1499,1739,1767,1780,1681,1583,1544,1601,1684,1607,1474,1300,1083,833,696,566,392,268,169,85,95,77,18,17,-53,-113,-262,-446,-630,-809,-1001,-852,-6818
7,2,2031,313746,5542,5079,4859,4585,4152,3870,3505,3226,3074,2824,2721,2644,2513,2619,3144,4250,5729,7517,8179,9312,9792,9887,10044,10736,11693,12403,12888,12833,12192,11255,10190,9287,8671,8144,7609,7034,6421,5709,5083,4532,4051,3634,3207,2908,2663,2422,2144,1776,1327,1001,847,924,1188,1472,1687,1770,1747,1671,1586,1553,1527,1556,1493,1376,1272,1053,838,577,437,311,179,67,2,3,-29,-44,-91,-121,-199,-321,-479,-701,-876,-1020,-1185,-7204
7,2,2032,310267,5601,5133,4911,4637,4199,3909,3542,3262,3104,2906,2709,2626,2501,2611,3147,4256,5746,7540,8218,9356,9843,9954,10118,10834,11741,12442,12907,12874,12190,11245,10208,9239,8564,8063,7527,6959,6370,5658,5049,4518,4050,3620,3154,2848,2608,2396,2132,1747,1329,980,782,899,1101,1399,1654,1699,1717,1613,1555,1531,1504,1463,1339,1235,1133,993,775,527,320,144,38,-50,-146,-107,-154,-157,-178,-226,-293,-403,-566,-752,-957,-1093,-1205,-7948
7,2,2033,313006,5655,5189,4965,4689,4239,3952,3581,3294,3138,2938,2814,2639,2518,2629,3177,4303,5799,7619,8312,9474,9953,10068,10254,10974,11902,12580,13046,13013,12316,11347,10328,9396,8632,8103,7585,7021,6434,5720,5123,4586,4134,3708,3223,2878,2615,2410,2165,1787,1335,1023,796,871,1121,1372,1631,1721,1711,1646,1559,1570,1557,1512,1334,1180,1096,950,805,561,345,145,-3,-62,-138,-140,-147,-170,-191,-234,-317,-434,-589,-791,-966,-1143,-1248,-8487
7,2,2034,315697,5711,5244,5017,4736,4287,3994,3618,3331,3168,2969,2843,2741,2532,2645,3194,4339,5860,7695,8414,9573,10071,10177,10373,11113,12045,12740,13188,13149,12449,11461,10418,9506,8780,8165,7625,7072,6484,5771,5173,4647,4201,3785,3305,2939,2641,2409,2171,1809,1374,1026,840,888,1099,1389,1612,1698,1727,1638,1597,1572,1599,1576,1383,1169,1035,905,759,588,378,173,-1,-104,-149,-131,-176,-174,-204,-247,-321,-461,-621,-815,-1009,-1155,-1303,-9035
7,2,2035,318416,5768,5299,5070,4789,4336,4038,3656,3363,3202,3000,2876,2768,2626,2659,3219,4367,5912,7771,8507,9683,10178,10295,10485,11234,12183,12890,13351,13287,12576,11581,10518,9587,8876,8296,7679,7112,6533,5816,5220,4698,4255,3847,3377,3016,2701,2432,2171,1812,1396,1063,844,931,1115,1371,1633,1686,1712,1657,1583,1609,1605,1613,1448,1212,1022,851,720,545,399,204,19,-102,-187,-147,-172,-198,-202,-263,-338,-467,-653,-854,-1040,-1207,-1312,-9595
7,2,2036,321116,5824,5354,5122,4836,4377,4079,3696,3400,3235,3026,2902,2794,2652,2757,3237,4399,5960,7841,8597,9783,10284,10398,10604,11351,12316,13039,13502,13453,12709,11698,10627,9677,8953,8389,7804,7164,6562,5858,5259,4738,4297,3896,3433,3086,2774,2488,2189,1807,1394,1081,875,933,1159,1394,1621,1708,1697,1643,1598,1595,1641,1617,1483,1275,1070,834,660,505,358,222,42,-86,-179,-181,-180,-195,-226,-261,-355,-487,-666,-891,-1087,-1239,-1371,-10111
7,2,2037,323724,5878,5408,5175,4887,4422,4119,3732,3435,3265,3056,2932,2825,2677,2780,3338,4428,6003,7899,8681,9882,10384,10503,10710,11472,12440,13175,13654,13601,12861,11819,10732,9773,9032,8456,7885,7274,6607,5881,5291,4771,4335,3936,3479,3133,2839,2563,2243,1819,1375,1075,890,969,1163,1436,1645,1696,1716,1621,1580,1610,1626,1653,1486,1314,1132,882,643,442,319,178,52,-60,-164,-179,-219,-206,-225,-284,-355,-508,-687,-907,-1129,-1289,-1410,-10647
7,2,2038,326361,5934,5464,5229,4934,4469,4159,3766,3467,3298,3087,2961,2853,2703,2811,3368,4541,6040,7964,8756,9976,10485,10601,10822,11589,12570,13303,13789,13745,13005,11964,10839,9867,9121,8529,7948,7350,6714,5918,5306,4798,4361,3968,3518,3178,2887,2625,2315,1877,1387,1051,882,980,1194,1442,1684,1722,1711,1641,1561,1588,1642,1632,1522,1311,1164,935,683,429,260,137,19,-52,-151,-162,-220,-233,-237,-285,-382,-507,-704,-934,-1148,-1338,-1468,-11167
7,2,2039,328901,5988,5519,5279,4982,4515,4198,3805,3501,3327,3117,2990,2880,2728,2836,3397,4581,6176,8016,8833,10055,10578,10703,10924,11701,12693,13436,13921,13882,13145,12092,10974,9964,9207,8610,8017,7406,6778,6011,5334,4804,4379,3989,3546,3207,2928,2670,2379,1946,1439,1059,860,975,1208,1473,1693,1758,1734,1631,1578,1566,1614,1648,1500,1344,1162,969,732,459,236,80,-22,-88,-145,-153,-204,-235,-263,-297,-378,-539,-712,-958,-1183,-1365,-1532,-11690
7,2,2040,331538,6042,5572,5330,5033,4558,4241,3840,3536,3363,3145,3017,2906,2753,2857,3429,4624,6229,8173,8898,10139,10662,10800,11026,11815,12816,13564,14056,14014,13273,12219,11091,10086,9294,8688,8090,7465,6828,6073,5425,4825,4385,4007,3561,3238,2955,2711,2426,2010,1516,1111,865,953,1211,1494,1724,1774,1772,1649,1568,1585,1591,1624,1516,1322,1193,958,759,506,267,61,-74,-122,-177,-143,-187,-226,-265,-326,-392,-538,-750,-965,-1211,-1403,-1556,-12234
7,2,2041,334070,6096,5624,5379,5081,4601,4277,3871,3566,3393,3176,3046,2932,2780,2884,3457,4662,6282,8242,9087,10213,10743,10880,11122,11923,12927,13692,14189,14150,13396,12340,11207,10192,9403,8772,8163,7535,6881,6116,5479,4909,4407,4007,3572,3252,2983,2734,2455,2052,1579,1183,915,953,1190,1490,1746,1803,1782,1685,1581,1570,1612,1595,1482,1333,1165,989,749,531,310,84,-98,-173,-212,-174,-186,-216,-259,-328,-425,-552,-750,-1011,-1214,-1439,-1601,-12749
7,2,2042,336653,6150,5676,5430,5125,4642,4316,3910,3601,3421,3202,3074,2960,2803,2909,3487,4698,6333,8311,9173,10414,10817,10964,11209,12024,13043,13816,14316,14276,13524,12450,11311,10301,9503,8869,8235,7599,6943,6163,5512,4959,4486,4023,3572,3262,2993,2751,2480,2083,1616,1243,984,1003,1196,1477,1750,1820,1812,1696,1618,1591,1596,1610,1452,1301,1171,962,777,524,330,121,-75,-196,-258,-206,-215,-212,-245,-323,-430,-593,-768,-1005,-1271,-1447,-1637,-13235
7,2,2043,339197,6201,5727,5481,5174,4688,4356,3944,3634,3449,3230,3100,2985,2827,2933,3515,4735,6386,8383,9255,10506,11021,11035,11294,12119,13155,13936,14442,14402,13645,12565,11408,10394,9598,8959,8329,7664,7002,6215,5556,4986,4526,4095,3584,3257,2998,2758,2497,2102,1646,1282,1044,1068,1242,1483,1738,1826,1831,1721,1627,1626,1617,1591,1468,1266,1131,970,749,544,321,142,-46,-181,-275,-249,-247,-239,-239,-310,-421,-599,-811,-1028,-1270,-1512,-1647,-13713
7,2,2044,341693,6251,5780,5532,5218,4725,4393,3981,3663,3481,3260,3127,3010,2851,2958,3541,4773,6435,8447,9334,10596,11111,11233,11373,12210,13262,14052,14562,14525,13764,12673,11514,10486,9682,9044,8409,7748,7063,6267,5602,5023,4553,4133,3655,3264,2991,2768,2498,2116,1660,1309,1083,1128,1302,1527,1747,1820,1832,1741,1655,1633,1646,1612,1444,1274,1097,931,752,510,338,131,-32,-152,-263,-262,-285,-268,-266,-307,-410,-589,-815,-1084,-1296,-1512,-1716,-14159
7,2,2045,344181,6303,5831,5579,5267,4771,4429,4015,3697,3509,3291,3153,3032,2876,2980,3566,4809,6487,8515,9419,10689,11201,11322,11561,12299,13359,14162,14681,14647,13878,12782,11614,10578,9760,9123,8491,7820,7140,6318,5643,5063,4579,4154,3691,3326,2995,2760,2497,2119,1668,1318,1106,1165,1359,1591,1793,1835,1826,1743,1671,1663,1657,1648,1463,1254,1111,897,713,512,304,144,-47,-144,-236,-249,-304,-308,-298,-335,-406,-575,-806,-1090,-1360,-1543,-1721,-14619
7,2,2046,346525,6353,5880,5628,5309,4806,4463,4048,3727,3538,3315,3176,3057,2902,3002,3596,4849,6536,8578,9499,10781,11291,11415,11653,12477,13452,14271,14791,14764,13990,12884,11710,10662,9846,9196,8560,7896,7206,6387,5686,5098,4613,4180,3707,3357,3057,2760,2482,2109,1662,1321,1112,1185,1393,1644,1849,1873,1834,1738,1670,1677,1680,1654,1497,1266,1086,899,667,474,305,113,-32,-154,-231,-229,-298,-319,-332,-365,-439,-578,-799,-1081,-1371,-1613,-1752,-15024
7,2,2047,348872,6404,5930,5677,5354,4849,4501,4080,3757,3571,3341,3202,3083,2921,3028,3626,4885,6584,8648,9581,10865,11379,11503,11743,12574,13623,14373,14906,14873,14101,12983,11801,10748,9922,9272,8625,7961,7268,6447,5752,5140,4647,4210,3729,3371,3087,2817,2478,2087,1647,1309,1112,1195,1418,1681,1902,1926,1876,1745,1663,1674,1697,1679,1497,1301,1098,869,679,430,264,109,-63,-145,-244,-224,-276,-311,-350,-398,-463,-612,-795,-1074,-1361,-1628,-1831,-15431
7,2,2048,351167,6453,5978,5724,5398,4891,4540,4114,3792,3598,3368,3229,3108,2945,3051,3651,4919,6635,8713,9660,10954,11468,11591,11836,12671,13730,14542,15011,14983,14201,13082,11889,10826,9997,9340,8692,8017,7327,6500,5805,5196,4682,4238,3754,3391,3096,2840,2537,2076,1618,1290,1099,1194,1428,1704,1931,1976,1927,1786,1672,1661,1696,1693,1526,1303,1129,877,642,436,228,70,-71,-175,-235,-234,-266,-298,-336,-419,-509,-647,-834,-1071,-1347,-1617,-1850,-15849
7,2,2049,353406,6500,6027,5770,5442,4929,4573,4150,3818,3624,3393,3255,3132,2969,3074,3677,4956,6685,8770,9735,11038,11552,11680,11925,12766,13836,14651,15174,15086,14304,13169,11976,10908,10068,9408,8756,8084,7376,6552,5855,5241,4734,4270,3779,3412,3116,2852,2562,2133,1602,1254,1083,1183,1430,1718,1958,2012,1972,1833,1706,1669,1682,1689,1538,1323,1126,903,652,408,227,30,-106,-183,-263,-228,-281,-293,-325,-412,-525,-692,-876,-1123,-1348,-1601,-1839,-16239
7,2,2050,355587,6548,6073,5816,5485,4968,4609,4180,3849,3650,3420,3278,3155,2990,3094,3702,4989,6728,8835,9815,11117,11637,11766,12015,12863,13938,14759,15287,15248,14399,13262,12053,10981,10139,9472,8819,8136,7433,6596,5903,5289,4773,4315,3804,3434,3133,2865,2564,2153,1660,1232,1042,1163,1421,1721,1972,2032,2005,1874,1754,1710,1690,1671,1531,1335,1146,903,675,410,196,30,-144,-216,-269,-257,-275,-301,-318,-396,-518,-715,-929,-1166,-1408,-1598,-1825,-16588
7,2,2051,357733,6596,6117,5862,5525,5007,4642,4207,3877,3677,3448,3304,3178,3010,3115,3728,5023,6776,8894,9889,11202,11720,11847,12098,12956,14035,14866,15400,15359,14558,13343,12131,11048,10209,9540,8879,8194,7483,6650,5936,5327,4813,4353,3846,3466,3151,2884,2577,2154,1672,1289,1018,1124,1404,1714,1978,2044,2023,1901,1796,1755,1727,1680,1516,1327,1157,922,666,435,201,-2,-148,-254,-304,-263,-304,-301,-340,-393,-499,-704,-962,-1226,-1461,-1667,-1823,-16865
7,2,2052,359826,6643,6166,5906,5567,5043,4676,4239,3904,3701,3471,3326,3201,3029,3137,3755,5056,6823,8957,9962,11282,11801,11929,12183,13048,14133,14971,15505,15467,14662,13494,12203,11117,10269,9600,8937,8250,7534,6691,5981,5359,4843,4392,3882,3502,3170,2902,2587,2161,1668,1300,1069,1104,1369,1708,1973,2053,2035,1921,1827,1799,1782,1714,1514,1308,1146,928,686,423,217,-4,-177,-260,-335,-292,-307,-321,-333,-404,-498,-689,-952,-1259,-1539,-1735,-1899,-17131
7,2,2053,361900,6688,6211,5950,5610,5081,4710,4272,3932,3729,3495,3348,3223,3052,3156,3781,5087,6866,9017,10034,11364,11881,12012,12266,13134,14228,15072,15613,15571,14761,13583,12342,11180,10332,9655,8993,8300,7579,6737,6016,5398,4873,4418,3914,3533,3210,2918,2601,2174,1668,1292,1080,1154,1352,1681,1971,2051,2041,1931,1846,1828,1823,1767,1554,1307,1120,917,689,435,210,13,-180,-289,-339,-329,-338,-327,-352,-401,-510,-684,-932,-1248,-1571,-1822,-1973,-17435
7,2,2054,363878,6735,6256,5994,5649,5121,4743,4300,3961,3753,3521,3373,3244,3075,3179,3804,5123,6908,9071,10105,11441,11957,12086,12349,13224,14321,15173,15717,15675,14860,13671,12422,11312,10384,9705,9044,8351,7624,6775,6053,5426,4908,4443,3939,3560,3240,2951,2617,2178,1674,1284,1069,1164,1403,1667,1951,2046,2042,1939,1855,1846,1849,1810,1604,1343,1118,894,677,440,221,0,-169,-294,-370,-335,-362,-357,-358,-426,-508,-706,-930,-1234,-1563,-1863,-2071,-17793
7,2,2055,365891,6779,6299,6036,5689,5156,4776,4331,3991,3780,3544,3396,3266,3095,3198,3826,5150,6956,9129,10176,11517,12034,12165,12426,13310,14416,15274,15820,15777,14958,13760,12503,11381,10503,9759,9090,8394,7672,6817,6090,5463,4932,4471,3962,3582,3266,2982,2649,2192,1680,1289,1066,1153,1414,1713,1938,2025,2037,1936,1858,1857,1867,1837,1649,1392,1152,887,651,425,217,10,-185,-280,-376,-359,-370,-385,-387,-432,-531,-702,-947,-1232,-1540,-1851,-2116,-18207
7,2,2056,367863,6822,6345,6076,5733,5194,4810,4358,4015,3803,3569,3418,3288,3114,3220,3851,5188,6997,9186,10241,11594,12113,12242,12505,13390,14507,15371,15922,15881,15053,13848,12580,11451,10569,9864,9136,8439,7714,6855,6125,5488,4961,4497,3985,3602,3287,3002,2673,2228,1689,1290,1068,1151,1403,1725,1984,2021,2017,1931,1856,1860,1874,1854,1674,1435,1203,917,644,396,198,7,-179,-301,-369,-363,-394,-389,-417,-459,-540,-728,-946,-1255,-1538,-1829,-2108,-18629
7,2,2057,369835,6866,6389,6120,5772,5228,4842,4391,4042,3828,3592,3439,3310,3133,3237,3874,5218,7038,9242,10309,11668,12190,12314,12583,13475,14599,15470,16026,15981,15146,13936,12656,11518,10629,9921,9235,8481,7751,6890,6154,5518,4985,4519,4010,3626,3301,3022,2696,2243,1716,1294,1065,1150,1400,1720,1993,2064,2011,1911,1848,1850,1876,1861,1692,1466,1245,968,674,387,172,-6,-179,-291,-376,-358,-394,-410,-420,-487,-571,-738,-980,-1253,-1563,-1824,-2081,-19010
7,2,2058,371754,6908,6432,6163,5810,5266,4871,4419,4070,3852,3613,3463,3331,3153,3258,3896,5248,7079,9298,10380,11742,12264,12387,12662,13559,14690,15565,16124,16078,15241,14019,12732,11590,10690,9976,9287,8572,7787,6922,6185,5545,5010,4542,4032,3645,3323,3036,2711,2266,1736,1321,1068,1151,1404,1719,1994,2077,2052,1902,1827,1843,1871,1862,1695,1482,1267,1011,715,414,168,-40,-203,-297,-380,-366,-393,-416,-443,-491,-602,-770,-994,-1293,-1570,-1857,-2077,-19325
7,2,2059,373584,6950,6474,6202,5843,5300,4902,4443,4096,3873,3638,3483,3351,3171,3278,3917,5281,7122,9352,10444,11815,12336,12464,12736,13638,14774,15658,16221,16176,15332,14102,12806,11653,10751,10033,9339,8619,7868,6952,6211,5566,5034,4566,4047,3665,3338,3054,2723,2278,1752,1335,1093,1151,1407,1728,1992,2074,2067,1944,1819,1818,1860,1858,1697,1484,1282,1033,756,455,189,-47,-228,-320,-380,-365,-403,-414,-447,-517,-617,-806,-1032,-1306,-1616,-1857,-2119,-19611
7,2,2060,375375,6992,6515,6243,5884,5334,4932,4472,4120,3898,3660,3505,3370,3192,3296,3939,5306,7162,9402,10510,11888,12405,12535,12810,13717,14863,15752,16318,16274,15423,14183,12880,11721,10811,10087,9387,8664,7910,7027,6235,5589,5051,4584,4068,3680,3358,3065,2738,2283,1763,1348,1103,1176,1409,1730,2001,2078,2062,1953,1855,1809,1837,1844,1686,1484,1282,1042,774,488,224,-28,-237,-341,-396,-376,-402,-426,-447,-523,-635,-814,-1071,-1350,-1635,-1916,-2119,-19895
8,0,2023,293909,10233,6624,5906,5700,5842,5964,6219,6306,6432,6679,6508,6480,6382,6455,6575,6836,7404,8033,8470,8809,9013,9104,9053,9491,10337,11304,11776,11603,11399,11223,10698,9639,8389,7608,6867,6096,4752,3497,2634,1910,1207,584,578,524,1075,915,433,-47,-553,-958,-1261,-1458,-1393,-1193,-613,-389,-33,12,-119,-92,-380,-507,-646,-788,-689,-670,-584,-429,-106,166,310,382,249,159,155,140,28,110,-48,-24,-73,-127,-301,-367,-325,-3195
8,0,2024,292020,10253,7934,5542,5466,5692,5858,6136,6244,6365,6616,6487,6383,6335,6422,6594,6857,7424,7994,8530,8837,9065,9373,9303,9570,10337,11278,11702,11746,11508,11243,10883,9768,8582,7598,6888,6202,4845,3702,2818,1954,1584,781,620,685,785,942,424,-140,-565,-1095,-1313,-1493,-1420,-1280,-953,-422,-203,-27,-133,-346,-483,-676,-809,-897,-978,-906,-740,-542,-237,-15,266,230,242,19,29,21,12,-107,-25,-185,-199,-222,-289,-388,-437,-3429
8,0,2025,290135,10276,7947,6562,5174,5508,5756,6036,6172,6313,6544,6355,6341,6236,6347,6545,6880,7470,8051,8482,8906,9126,9383,9572,9820,10375,11216,11681,11647,11643,11330,10903,9923,8677,7771,6849,6178,4941,3798,3009,2138,1610,1138,787,734,932,681,454,-135,-658,-1092,-1435,-1515,-1458,-1292,-1017,-705,-217,-159,-161,-347,-695,-823,-949,-1081,-1097,-1152,-956,-684,-347,-92,94,198,71,33,-85,-89,-95,-128,-215,-171,-357,-323,-380,-381,-469,-3718
8,0,2026,291531,10316,7978,6588,5981,5325,5660,5998,6165,6321,6556,6387,6256,6262,6324,6547,6909,7532,8151,8602,8904,9236,9504,9612,10116,10692,11311,11679,11722,11610,11520,11021,10059,8902,7935,7050,6205,4954,3949,3140,2411,1822,1214,1127,933,1005,863,240,-84,-625,-1141,-1420,-1620,-1431,-1291,-1012,-745,-440,-163,-255,-351,-680,-964,-1098,-1173,-1265,-1258,-1178,-852,-465,-194,54,57,39,-105,-92,-180,-197,-183,-225,-343,-345,-468,-463,-463,-468,-3976
8,0,2027,293363,10360,8012,6616,6006,5916,5547,5960,6161,6332,6569,6418,6317,6206,6344,6551,6941,7596,8227,8721,9043,9233,9578,9766,10180,10980,11635,11788,11726,11700,11512,11237,10197,9090,8180,7276,6395,5055,3936,3313,2544,2077,1420,1201,1238,1192,932,432,-300,-578,-1118,-1466,-1604,-1543,-1262,-990,-747,-494,-351,-271,-448,-683,-990,-1227,-1337,-1369,-1413,-1270,-1058,-613,-301,-53,26,-83,-191,-193,-220,-266,-310,-289,-365,-513,-458,-592,-552,-558,-4243
8,0,2028,295057,10401,8042,6643,6027,5940,5958,5886,6138,6340,6604,6437,6326,6225,6310,6555,6950,7632,8315,8815,9183,9383,9605,9825,10326,11067,11903,12108,11846,11692,11592,11241,10388,9241,8371,7523,6637,5216,4072,3302,2732,2210,1668,1398,1312,1467,1111,491,-108,-804,-1067,-1440,-1644,-1548,-1381,-989,-725,-486,-403,-433,-487,-794,-995,-1295,-1475,-1535,-1534,-1412,-1135,-802,-432,-155,-91,-116,-280,-321,-315,-327,-378,-439,-426,-549,-643,-589,-662,-642,-4540
8,0,2029,295915,10442,8076,6668,6052,5962,5978,6158,6110,6339,6611,6242,6291,6220,6291,6528,6956,7654,8358,8901,9267,9516,9717,9868,10363,11181,12019,12325,12148,11803,11577,11288,10399,9379,8496,7673,6836,5465,4212,3438,2700,2400,1788,1619,1485,1535,1357,657,-48,-613,-1291,-1395,-1622,-1573,-1381,-1084,-735,-470,-411,-487,-639,-860,-1112,-1314,-1556,-1684,-1709,-1551,-1268,-872,-589,-283,-163,-248,-337,-399,-442,-429,-455,-484,-571,-603,-689,-792,-681,-735,-4858
8,0,2030,297392,10485,8109,6693,6073,5981,6003,6177,6279,6334,6630,6330,6195,6224,6342,6543,6965,7676,8403,8968,9387,9626,9908,9976,10441,11242,12143,12511,12396,12152,11715,11302,10452,9430,8631,7840,7015,5649,4481,3579,2870,2359,1967,1735,1679,1692,1422,894,111,-563,-1110,-1618,-1589,-1577,-1422,-1085,-816,-490,-398,-511,-716,-1022,-1200,-1455,-1601,-1770,-1856,-1723,-1422,-989,-667,-405,-290,-304,-482,-488,-552,-549,-549,-563,-619,-738,-746,-838,-881,-769,-5250
8,0,2031,299173,10526,8138,6718,6095,5995,6016,6195,6304,6421,6636,6289,6271,6237,6376,6604,6998,7705,8442,9043,9494,9786,10048,10209,10574,11352,12229,12633,12592,12422,12086,11467,10498,9522,8728,7973,7209,5871,4678,3854,3011,2543,1935,1906,1803,1871,1567,955,340,-408,-1074,-1462,-1828,-1550,-1432,-1144,-836,-587,-428,-513,-736,-1125,-1390,-1544,-1747,-1828,-1946,-1864,-1582,-1134,-782,-492,-435,-437,-550,-627,-650,-684,-675,-664,-708,-794,-858,-898,-940,-980,-5660
8,0,2032,300796,10566,8171,6742,6113,6012,6038,6215,6319,6444,6666,6311,6315,6299,6420,6631,7046,7739,8473,9087,9574,9911,10215,10368,10813,11503,12350,12750,12730,12612,12376,11850,10668,9592,8844,8108,7351,6074,4914,4060,3285,2684,2111,1876,1954,1977,1728,1088,390,-193,-939,-1448,-1699,-1784,-1417,-1168,-908,-618,-541,-574,-762,-1152,-1511,-1763,-1861,-1994,-2020,-1954,-1733,-1289,-902,-623,-517,-607,-692,-718,-777,-788,-831,-800,-824,-890,-942,-1006,-1006,-1034,-6282
8,0,2033,302382,10604,8201,6769,6132,6036,6057,6230,6339,6462,6678,6548,6267,6278,6406,6635,7045,7752,8474,9095,9585,9958,10302,10485,10925,11696,12458,12820,12807,12704,12476,12045,10963,9668,8818,8126,7394,6137,5050,4232,3448,2906,2214,2006,1906,2096,1817,1241,528,-125,-688,-1281,-1637,-1631,-1603,-1125,-894,-651,-525,-630,-773,-1123,-1483,-1845,-2050,-2077,-2149,-1998,-1768,-1382,-1002,-687,-605,-640,-808,-807,-834,-872,-899,-917,-926,-974,-1001,-1070,-1092,-1087,-6778
8,0,2034,303865,10644,8228,6790,6152,6051,6077,6245,6358,6479,6698,6567,6457,6243,6394,6627,7048,7750,8491,9096,9592,9969,10346,10577,11040,11802,12639,12930,12880,12775,12563,12134,11140,9940,8892,8099,7405,6181,5117,4368,3623,3056,2423,2094,2020,2057,1930,1330,685,8,-627,-1032,-1482,-1580,-1455,-1288,-850,-632,-554,-617,-828,-1138,-1466,-1811,-2143,-2272,-2224,-2118,-1809,-1412,-1079,-776,-665,-729,-843,-927,-917,-927,-985,-992,-1052,-1078,-1090,-1136,-1157,-1179,-7275
8,0,2035,305058,10678,8256,6812,6167,6064,6089,6260,6374,6493,6712,6578,6474,6398,6362,6610,7046,7759,8492,9100,9587,9969,10351,10617,11127,11914,12739,13093,12979,12841,12627,12215,11223,10114,9150,8165,7373,6186,5153,4430,3755,3221,2561,2281,2097,2158,1891,1431,763,162,-491,-974,-1249,-1426,-1409,-1158,-994,-596,-541,-641,-814,-1201,-1478,-1796,-2109,-2368,-2426,-2194,-1916,-1444,-1109,-839,-744,-781,-933,-969,-1059,-1025,-1044,-1072,-1121,-1204,-1198,-1226,-1220,-1246,-7824
8,0,2036,306012,10712,8282,6835,6184,6081,6100,6276,6387,6507,6727,6598,6488,6410,6490,6592,7039,7753,8493,9101,9599,9970,10353,10622,11170,11992,12842,13192,13135,12936,12687,12275,11292,10186,9309,8413,7428,6149,5149,4462,3816,3349,2712,2407,2265,2223,1985,1391,862,240,-334,-835,-1199,-1220,-1277,-1125,-883,-731,-519,-629,-845,-1182,-1542,-1809,-2090,-2340,-2521,-2381,-1990,-1542,-1139,-863,-812,-874,-997,-1067,-1088,-1167,-1140,-1138,-1201,-1273,-1326,-1338,-1326,-1317,-8394
8,0,2037,306799,10747,8304,6854,6201,6096,6114,6287,6400,6528,6744,6607,6497,6427,6504,6706,7017,7742,8488,9107,9599,9972,10342,10620,11182,12029,12913,13290,13223,13082,12775,12330,11347,10252,9374,8565,7670,6209,5104,4456,3838,3399,2831,2543,2381,2377,2040,1480,818,347,-261,-688,-1071,-1173,-1092,-1011,-845,-626,-631,-602,-836,-1215,-1533,-1884,-2111,-2322,-2497,-2474,-2148,-1604,-1217,-886,-837,-939,-1082,-1129,-1189,-1201,-1288,-1233,-1266,-1363,-1397,-1482,-1445,-1425,-8956
8,0,2038,307373,10778,8327,6870,6216,6109,6131,6300,6415,6540,6756,6621,6511,6440,6516,6718,7125,7718,8472,9094,9595,9971,10346,10613,11177,12042,12957,13361,13316,13168,12912,12405,11399,10298,9436,8620,7811,6442,5154,4408,3834,3424,2876,2644,2496,2473,2176,1539,906,296,-153,-613,-925,-1049,-1045,-837,-746,-603,-539,-720,-806,-1209,-1566,-1872,-2185,-2341,-2477,-2447,-2242,-1749,-1263,-965,-858,-958,-1152,-1221,-1264,-1305,-1323,-1389,-1372,-1433,-1490,-1555,-1590,-1548,-9569
8,0,2039,307832,10807,8349,6886,6232,6118,6140,6309,6428,6554,6764,6633,6524,6447,6521,6726,7141,7839,8443,9071,9584,9969,10340,10614,11172,12036,12965,13405,13386,13254,12992,12533,11467,10344,9478,8678,7864,6585,5400,4457,3783,3417,2899,2680,2591,2576,2269,1668,964,385,-208,-511,-852,-918,-942,-798,-597,-509,-514,-630,-923,-1178,-1561,-1906,-2180,-2427,-2497,-2431,-2210,-1813,-1388,-1012,-927,-982,-1170,-1298,-1355,-1381,-1435,-1433,-1520,-1536,-1562,-1650,-1667,-1691,-10243
8,0,2040,308086,10836,8367,6903,6238,6129,6149,6320,6436,6558,6777,6641,6536,6455,6535,6733,7146,7852,8583,9038,9553,9949,10327,10613,11169,12029,12972,13405,13420,13316,13071,12603,11578,10405,9511,8716,7912,6631,5538,4691,3832,3360,2884,2701,2618,2662,2366,1751,1090,436,-121,-566,-756,-854,-828,-707,-567,-381,-426,-605,-835,-1303,-1533,-1903,-2217,-2411,-2572,-2450,-2198,-1796,-1446,-1115,-966,-1049,-1196,-1327,-1437,-1480,-1506,-1540,-1557,-1685,-1670,-1723,-1769,-1773,-10987
8,0,2041,307300,10855,8382,6911,6241,6124,6145,6313,6430,6554,6764,6631,6524,6448,6524,6723,7138,7847,8582,9180,9500,9904,10289,10590,11145,12019,12940,13386,13404,13328,13099,12648,11618,10493,9552,8732,7914,6659,5563,4808,4053,3379,2819,2677,2621,2667,2425,1840,1164,551,-72,-490,-815,-779,-769,-611,-490,-356,-311,-524,-818,-1218,-1667,-1876,-2216,-2456,-2573,-2533,-2225,-1791,-1434,-1171,-1077,-1094,-1273,-1353,-1462,-1562,-1613,-1612,-1674,-1733,-1833,-1842,-1843,-1878,-11759
8,0,2042,306398,10870,8394,6918,6241,6119,6143,6296,6422,6549,6748,6616,6510,6434,6506,6713,7135,7840,8583,9173,9661,9843,10243,10551,11124,11996,12920,13353,13380,13312,13108,12671,11652,10531,9636,8771,7919,6668,5592,4832,4174,3591,2841,2602,2597,2665,2438,1895,1248,631,52,-444,-750,-838,-708,-569,-403,-290,-296,-418,-753,-1200,-1580,-2022,-2189,-2458,-2619,-2531,-2295,-1812,-1418,-1161,-1126,-1198,-1323,-1436,-1493,-1596,-1689,-1719,-1750,-1850,-1879,-2002,-1965,-1968,-12561
8,0,2043,305447,10893,8408,6924,6239,6110,6133,6288,6410,6543,6733,6605,6497,6426,6494,6697,7129,7832,8572,9168,9660,10015,10181,10506,11084,11970,12892,13334,13356,13294,13092,12667,11670,10569,9670,8843,7943,6670,5594,4849,4200,3703,3035,2617,2536,2643,2440,1907,1308,708,127,-325,-701,-773,-749,-509,-362,-216,-237,-400,-646,-1126,-1557,-1928,-2347,-2426,-2620,-2583,-2297,-1879,-1444,-1157,-1109,-1256,-1430,-1480,-1578,-1634,-1725,-1808,-1862,-1930,-2006,-2059,-2137,-2094,-13347
8,0,2044,304440,10909,8416,6925,6238,6108,6131,6276,6404,6527,6723,6591,6486,6413,6478,6686,7118,7822,8570,9164,9656,10012,10342,10442,11037,11930,12856,13306,13337,13265,13062,12640,11663,10583,9706,8873,8007,6695,5597,4848,4223,3725,3144,2782,2553,2583,2408,1907,1318,764,210,-255,-591,-735,-693,-552,-312,-181,-170,-345,-632,-1011,-1482,-1903,-2239,-2586,-2592,-2581,-2340,-1882,-1498,-1173,-1111,-1243,-1485,-1599,-1628,-1722,-1758,-1840,-1947,-2046,-2080,-2189,-2191,-2269,-14158
8,0,2045,303343,10923,8422,6931,6234,6099,6123,6266,6393,6523,6706,6574,6473,6399,6464,6672,7111,7812,8564,9155,9649,10011,10335,10606,10968,11884,12817,13268,13307,13244,13032,12604,11632,10585,9717,8900,8029,6765,5621,4853,4224,3743,3161,2874,2709,2594,2347,1888,1316,777,267,-172,-521,-634,-663,-509,-357,-137,-139,-281,-577,-1001,-1364,-1821,-2219,-2491,-2757,-2553,-2337,-1917,-1497,-1221,-1129,-1241,-1480,-1653,-1751,-1772,-1843,-1875,-1984,-2138,-2201,-2269,-2330,-2318,-15076
8,0,2046,302253,10932,8428,6932,6232,6098,6110,6244,6384,6514,6686,6564,6458,6388,6452,6653,7096,7807,8553,9147,9635,10007,10325,10602,11123,11822,12766,13228,13268,13218,13009,12567,11598,10559,9713,8920,8041,6782,5688,4866,4231,3741,3182,2886,2786,2731,2361,1839,1293,768,282,-113,-442,-568,-572,-481,-308,-174,-98,-248,-512,-934,-1346,-1697,-2125,-2469,-2646,-2703,-2319,-1921,-1527,-1223,-1177,-1260,-1476,-1640,-1813,-1893,-1902,-1963,-2014,-2170,-2298,-2390,-2417,-2462,-15961
8,0,2047,300954,10942,8430,6930,6227,6086,6100,6234,6370,6498,6670,6548,6442,6372,6433,6635,7083,7793,8540,9136,9632,9997,10311,10591,11113,11959,12700,13174,13231,13185,12971,12534,11555,10526,9683,8905,8044,6804,5699,4929,4250,3732,3179,2895,2798,2796,2483,1844,1240,741,275,-102,-393,-506,-520,-404,-286,-143,-128,-212,-482,-871,-1286,-1672,-1986,-2374,-2624,-2616,-2456,-1902,-1531,-1255,-1186,-1304,-1493,-1645,-1804,-1954,-2031,-2030,-2106,-2203,-2331,-2487,-2540,-2557,-16871
8,0,2048,299762,10947,8433,6933,6221,6078,6090,6221,6359,6483,6655,6529,6428,6355,6415,6620,7073,7778,8531,9125,9620,9986,10300,10574,11099,11945,12821,13113,13176,13144,12942,12497,11522,10487,9649,8879,8025,6814,5727,4944,4312,3753,3171,2888,2804,2801,2546,1966,1249,687,250,-110,-379,-453,-456,-352,-213,-120,-103,-252,-442,-841,-1214,-1608,-1964,-2234,-2530,-2587,-2369,-2030,-1514,-1255,-1206,-1307,-1543,-1668,-1798,-1952,-2093,-2150,-2170,-2302,-2370,-2524,-2645,-2685,-17764
8,0,2049,298422,10953,8431,6930,6214,6064,6082,6200,6340,6473,6637,6514,6409,6337,6400,6602,7059,7762,8525,9109,9607,9981,10282,10564,11084,11923,12796,13219,13115,13093,12898,12456,11479,10459,9613,8843,7985,6798,5727,4960,4333,3809,3189,2876,2798,2799,2545,2023,1373,692,198,-143,-390,-451,-415,-301,-178,-59,-84,-215,-479,-801,-1186,-1529,-1890,-2206,-2388,-2500,-2353,-1957,-1616,-1246,-1209,-1338,-1543,-1717,-1820,-1946,-2081,-2218,-2302,-2360,-2461,-2566,-2690,-2792,-18706
8,0,2050,297076,10955,8433,6925,6209,6051,6069,6184,6327,6461,6617,6497,6393,6322,6383,6584,7048,7755,8508,9095,9596,9963,10261,10547,11065,11906,12774,13195,13213,13026,12845,12403,11436,10421,9584,8807,7943,6761,5712,4958,4351,3825,3241,2888,2793,2795,2550,2030,1430,815,199,-196,-420,-460,-411,-265,-128,-26,-26,-199,-452,-837,-1137,-1496,-1807,-2131,-2365,-2365,-2281,-1944,-1556,-1343,-1206,-1341,-1569,-1724,-1877,-1967,-2081,-2207,-2365,-2491,-2529,-2661,-2734,-2836,-19640
8,0,2051,295664,10956,8430,6921,6198,6036,6059,6170,6316,6444,6596,6478,6375,6309,6362,6563,7031,7734,8493,9075,9584,9944,10241,10534,11043,11886,12749,13168,13190,13120,12780,12343,11384,10378,9544,8770,7897,6717,5668,4937,4352,3832,3254,2933,2798,2784,2538,2033,1433,874,324,-193,-472,-483,-415,-261,-94,15,6,-143,-430,-802,-1181,-1451,-1778,-2047,-2291,-2344,-2168,-1885,-1546,-1287,-1288,-1330,-1568,-1747,-1872,-2016,-2094,-2208,-2353,-2552,-2673,-2727,-2836,-2885,-20515
8,0,2052,294223,10952,8424,6915,6191,6028,6043,6150,6303,6431,6580,6460,6359,6294,6344,6542,7016,7714,8476,9058,9567,9931,10222,10512,11023,11865,12724,13146,13161,13095,12861,12275,11321,10328,9503,8735,7856,6669,5627,4889,4336,3837,3266,2941,2840,2788,2528,2031,1436,876,388,-61,-474,-537,-449,-269,-88,47,43,-116,-381,-788,-1148,-1489,-1724,-2010,-2204,-2279,-2143,-1784,-1491,-1277,-1242,-1419,-1563,-1758,-1906,-2022,-2155,-2227,-2352,-2539,-2741,-2868,-2904,-2993,-21323
8,0,2053,292644,10949,8422,6908,6182,6013,6033,6130,6282,6416,6561,6443,6337,6269,6323,6521,7000,7697,8463,9039,9544,9913,10199,10494,11003,11835,12690,13109,13138,13068,12831,12343,11255,10274,9457,8694,7807,6634,5582,4844,4291,3809,3267,2947,2846,2818,2529,2022,1427,876,393,-2,-350,-540,-497,-294,-97,45,66,-81,-352,-733,-1130,-1457,-1767,-1956,-2168,-2202,-2083,-1776,-1407,-1232,-1233,-1376,-1645,-1743,-1914,-2058,-2159,-2284,-2376,-2539,-2729,-2941,-3052,-3065,-22156
8,0,2054,291034,10943,8412,6900,6169,5997,6017,6115,6263,6399,6536,6419,6320,6253,6298,6494,6979,7678,8447,9020,9526,9899,10174,10468,10977,11809,12664,13080,13109,13041,12801,12308,11315,10215,9402,8642,7760,6586,5541,4794,4252,3762,3242,2936,2852,2821,2557,2024,1424,868,398,1,-293,-427,-495,-342,-116,38,63,-56,-316,-698,-1071,-1438,-1732,-2007,-2122,-2168,-2018,-1731,-1396,-1166,-1190,-1366,-1594,-1842,-1901,-2066,-2197,-2289,-2432,-2560,-2723,-2931,-3132,-3221,-22938
8,0,2055,289395,10934,8406,6892,6155,5979,6001,6097,6247,6378,6515,6395,6298,6236,6281,6478,6961,7657,8429,8995,9509,9876,10151,10447,10953,11783,12627,13045,13076,13005,12769,12274,11279,10277,9339,8589,7705,6539,5496,4750,4199,3716,3204,2909,2845,2824,2555,2052,1421,859,389,-2,-292,-377,-399,-338,-155,11,60,-57,-298,-660,-1034,-1376,-1708,-1965,-2170,-2124,-1987,-1667,-1354,-1150,-1123,-1323,-1586,-1789,-1996,-2050,-2198,-2323,-2436,-2629,-2745,-2929,-3124,-3306,-23802
8,0,2056,287749,10926,8395,6883,6139,5963,5985,6075,6230,6362,6489,6379,6276,6215,6256,6454,6941,7642,8407,8980,9486,9851,10124,10426,10931,11754,12595,13005,13041,12977,12735,12233,11240,10247,9397,8526,7644,6485,5450,4695,4165,3665,3155,2868,2819,2812,2561,2058,1452,859,381,-12,-291,-375,-348,-256,-158,-23,36,-66,-298,-636,-994,-1336,-1639,-1948,-2131,-2167,-1946,-1645,-1307,-1115,-1114,-1255,-1540,-1782,-1940,-2150,-2187,-2333,-2475,-2631,-2811,-2955,-3119,-3292,-24646
8,0,2057,286111,10916,8384,6871,6126,5949,5966,6055,6210,6344,6467,6355,6255,6193,6239,6430,6923,7621,8388,8957,9462,9834,10102,10398,10898,11725,12560,12970,13006,12943,12698,12193,11201,10214,9363,8579,7574,6427,5395,4647,4120,3622,3116,2818,2780,2790,2551,2059,1460,893,387,-20,-297,-376,-349,-211,-85,-28,1,-86,-301,-636,-971,-1290,-1602,-1874,-2109,-2130,-1986,-1610,-1286,-1078,-1083,-1254,-1466,-1739,-1936,-2098,-2291,-2318,-2482,-2665,-2819,-3022,-3150,-3292,-25384
8,0,2058,284507,10904,8369,6861,6110,5931,5949,6031,6191,6324,6447,6333,6230,6173,6219,6409,6904,7600,8364,8930,9441,9810,10074,10373,10874,11693,12524,12936,12964,12912,12664,12154,11165,10180,9332,8548,7622,6364,5336,4590,4074,3573,3075,2774,2743,2755,2531,2054,1459,892,416,-12,-304,-387,-349,-216,-48,37,1,-119,-324,-641,-969,-1264,-1561,-1832,-2041,-2116,-1952,-1654,-1253,-1057,-1042,-1215,-1465,-1664,-1885,-2086,-2239,-2432,-2474,-2674,-2857,-3020,-3216,-3326,-26018
8,0,2059,282907,10891,8357,6848,6099,5912,5936,6011,6165,6305,6417,6312,6208,6150,6196,6384,6876,7577,8342,8908,9415,9784,10043,10343,10843,11662,12488,12896,12931,12875,12623,12114,11127,10148,9299,8517,7586,6421,5265,4533,4022,3523,3026,2736,2701,2719,2491,2035,1452,892,422,17,-303,-400,-361,-216,-47,65,57,-119,-355,-661,-984,-1266,-1524,-1786,-2003,-2052,-1941,-1620,-1283,-1033,-1028,-1185,-1428,-1657,-1806,-2038,-2224,-2359,-2576,-2661,-2864,-3063,-3226,-3393,-26596
8,0,2060,281324,10874,8344,6834,6083,5890,5916,5987,6151,6286,6391,6283,6185,6124,6172,6358,6861,7552,8322,8884,9391,9761,10013,10313,10816,11629,12447,12854,12888,12837,12584,12073,11083,10111,9265,8485,7545,6383,5323,4458,3961,3467,2983,2689,2666,2674,2459,2005,1436,883,429,23,-274,-395,-371,-227,-49,67,87,-61,-360,-693,-999,-1276,-1527,-1749,-1950,-2011,-1879,-1612,-1259,-1066,-1010,-1171,-1381,-1620,-1796,-1952,-2171,-2358,-2516,-2776,-2853,-3069,-3261,-3398,-27171
8,1,2023,138577,4854,2962,2773,2751,2863,3018,3263,3371,3506,3543,3484,3438,3438,3493,3561,3760,4101,4533,4760,4923,4941,4832,4620,4763,5194,5912,6216,6157,6036,5953,5834,5289,4568,4082,3666,3262,2406,1642,971,495,96,-381,-373,-364,74,84,-77,-386,-695,-920,-1099,-1161,-1126,-1108,-755,-632,-470,-430,-458,-492,-609,-706,-679,-703,-600,-580,-530,-487,-360,-258,-154,-70,-119,-125,-162,-99,-240,-185,-245,-229,-240,-235,-309,-281,-253,-1526
8,1,2024,137949,4863,3787,2593,2632,2787,2967,3212,3340,3466,3515,3452,3407,3403,3464,3578,3773,4115,4506,4819,4935,4962,5026,4779,4835,5203,5882,6179,6216,6145,6028,5938,5371,4650,4125,3636,3317,2464,1772,1068,515,292,-259,-349,-237,-126,95,-101,-445,-700,-1006,-1123,-1188,-1151,-1099,-969,-660,-557,-447,-499,-587,-698,-766,-782,-748,-749,-716,-616,-546,-438,-337,-162,-202,-112,-211,-161,-218,-188,-299,-271,-302,-315,-268,-294,-330,-294,-1637
8,1,2025,137476,4872,3797,3227,2487,2695,2920,3159,3299,3427,3481,3400,3353,3372,3410,3551,3788,4145,4544,4794,4996,4995,5021,4973,5005,5256,5866,6164,6184,6195,6114,6000,5463,4750,4190,3693,3271,2545,1822,1214,631,301,-64,-249,-208,-3,-80,-91,-457,-757,-1004,-1195,-1190,-1185,-1114,-950,-837,-573,-532,-509,-619,-785,-863,-849,-852,-792,-848,-753,-626,-503,-382,-241,-187,-236,-188,-252,-215,-285,-263,-378,-332,-380,-325,-320,-320,-329,-1773
8,1,2026,138584,4890,3812,3241,2985,2603,2871,3138,3293,3434,3487,3401,3327,3363,3421,3538,3799,4178,4592,4868,4985,5081,5081,4982,5202,5476,5945,6187,6225,6205,6197,6114,5566,4874,4323,3776,3358,2532,1931,1291,804,431,-23,-59,-95,34,53,-244,-435,-752,-1039,-1192,-1257,-1150,-1122,-959,-818,-719,-537,-586,-623,-811,-939,-939,-902,-892,-874,-871,-748,-561,-448,-267,-264,-227,-281,-238,-300,-292,-315,-339,-438,-410,-391,-366,-346,-327,-1914
8,1,2027,139756,4911,3828,3255,2997,2971,2816,3121,3289,3433,3497,3420,3344,3338,3414,3551,3813,4208,4635,4926,5070,5058,5145,5055,5227,5657,6164,6258,6238,6251,6220,6201,5683,4990,4450,3919,3443,2633,1919,1417,889,598,105,-24,78,143,89,-110,-588,-737,-1050,-1227,-1263,-1230,-1094,-951,-833,-720,-660,-597,-695,-820,-969,-1023,-997,-945,-975,-898,-855,-683,-503,-328,-282,-302,-314,-306,-305,-357,-356,-386,-411,-513,-412,-425,-393,-353,-2021
8,1,2028,140804,4931,3844,3268,3006,2982,3073,3085,3279,3441,3517,3436,3352,3341,3395,3541,3818,4229,4682,4986,5145,5157,5144,5112,5298,5700,6330,6481,6320,6262,6256,6222,5751,5088,4566,4046,3588,2719,2019,1398,1015,681,264,94,111,299,190,-80,-454,-896,-1025,-1235,-1290,-1246,-1177,-945,-818,-719,-678,-700,-720,-892,-982,-1060,-1088,-1043,-1027,-988,-889,-783,-616,-385,-340,-328,-369,-354,-375,-378,-410,-454,-457,-506,-530,-448,-435,-396,-2142
8,1,2029,141525,4951,3861,3280,3017,2995,3084,3253,3265,3439,3517,3343,3344,3337,3381,3526,3817,4236,4710,5036,5202,5236,5213,5131,5337,5764,6389,6611,6528,6341,6276,6256,5790,5146,4646,4150,3703,2862,2107,1504,992,797,341,234,210,326,331,11,-420,-764,-1185,-1215,-1294,-1259,-1187,-1015,-827,-704,-667,-730,-818,-925,-1058,-1067,-1121,-1135,-1130,-1048,-966,-806,-699,-493,-395,-393,-399,-415,-414,-446,-453,-492,-524,-549,-537,-569,-463,-433,-2286
8,1,2030,142513,4972,3879,3293,3029,3003,3096,3267,3374,3435,3531,3391,3291,3351,3418,3533,3823,4254,4735,5077,5280,5304,5341,5191,5381,5805,6467,6695,6661,6554,6347,6276,5820,5201,4710,4236,3805,2964,2243,1586,1098,771,450,301,333,414,356,148,-335,-735,-1059,-1370,-1281,-1277,-1209,-1017,-879,-721,-655,-718,-849,-1025,-1093,-1155,-1139,-1173,-1219,-1153,-1036,-882,-727,-561,-477,-437,-480,-452,-493,-498,-510,-546,-569,-612,-570,-578,-572,-463,-2452
8,1,2031,143548,4993,3894,3304,3040,3014,3103,3276,3384,3495,3533,3374,3338,3357,3440,3575,3840,4274,4761,5127,5349,5412,5421,5344,5464,5869,6511,6776,6749,6688,6564,6358,5840,5236,4758,4296,3885,3071,2345,1719,1176,876,426,401,397,525,437,167,-208,-657,-1040,-1264,-1446,-1266,-1231,-1056,-889,-774,-668,-706,-836,-1057,-1198,-1187,-1219,-1196,-1266,-1236,-1131,-949,-801,-594,-558,-507,-522,-532,-541,-582,-581,-601,-628,-658,-635,-612,-598,-573,-2631
8,1,2032,144442,5014,3910,3315,3048,3021,3113,3288,3394,3508,3551,3383,3363,3394,3466,3594,3872,4293,4781,5152,5401,5493,5538,5440,5609,5955,6575,6833,6828,6780,6699,6559,5922,5257,4802,4347,3942,3154,2453,1817,1311,949,519,377,489,580,532,237,-195,-538,-975,-1258,-1359,-1428,-1227,-1080,-932,-786,-729,-722,-826,-1043,-1234,-1301,-1267,-1283,-1294,-1286,-1219,-1036,-861,-674,-591,-603,-595,-581,-610,-636,-670,-681,-688,-714,-687,-673,-631,-598,-2905
8,1,2033,145384,5032,3925,3329,3061,3032,3126,3294,3402,3518,3560,3509,3346,3388,3462,3595,3872,4296,4775,5153,5402,5520,5589,5515,5679,6082,6638,6875,6870,6830,6759,6663,6093,5314,4789,4367,3972,3192,2527,1918,1406,1078,593,464,468,657,581,337,-115,-514,-835,-1173,-1322,-1324,-1354,-1056,-932,-808,-719,-763,-835,-1023,-1210,-1334,-1373,-1327,-1369,-1304,-1247,-1101,-926,-710,-648,-621,-670,-634,-643,-689,-714,-757,-759,-771,-726,-716,-682,-623,-3142
8,1,2034,146269,5051,3940,3341,3070,3042,3136,3301,3414,3525,3573,3523,3452,3374,3456,3592,3876,4296,4788,5153,5401,5522,5612,5570,5751,6146,6754,6938,6914,6868,6802,6717,6183,5469,4846,4356,3987,3218,2563,1987,1509,1166,715,525,541,642,657,383,-20,-436,-813,-1031,-1242,-1295,-1254,-1169,-912,-808,-736,-754,-877,-1035,-1195,-1306,-1409,-1434,-1409,-1375,-1261,-1123,-976,-771,-686,-675,-686,-706,-695,-721,-768,-804,-844,-838,-779,-757,-721,-673,-3382
8,1,2035,146964,5070,3953,3354,3077,3048,3143,3311,3421,3534,3578,3528,3461,3459,3441,3585,3873,4305,4788,5154,5396,5520,5609,5595,5803,6213,6817,7044,6968,6904,6836,6758,6229,5554,4990,4405,3976,3231,2583,2028,1579,1259,796,633,593,706,640,452,20,-341,-737,-1009,-1109,-1213,-1229,-1080,-1009,-785,-738,-773,-865,-1080,-1205,-1290,-1385,-1469,-1515,-1413,-1326,-1137,-996,-814,-734,-704,-741,-729,-783,-784,-809,-859,-888,-925,-850,-808,-759,-711,-3654
8,1,2036,147546,5087,3968,3362,3083,3056,3148,3321,3430,3541,3586,3540,3469,3465,3517,3577,3875,4304,4788,5156,5401,5515,5604,5592,5827,6265,6878,7104,7069,6958,6872,6790,6264,5597,5069,4543,4017,3215,2594,2047,1613,1324,880,706,692,753,702,432,89,-299,-640,-933,-1095,-1098,-1156,-1063,-932,-880,-723,-774,-887,-1067,-1247,-1302,-1367,-1445,-1548,-1513,-1364,-1195,-1012,-831,-783,-758,-775,-782,-795,-871,-871,-905,-945,-972,-936,-879,-817,-751,-3928
8,1,2037,147995,5104,3979,3373,3095,3064,3155,3326,3437,3554,3598,3546,3476,3473,3524,3647,3868,4302,4786,5159,5401,5513,5592,5585,5828,6284,6927,7161,7119,7046,6921,6817,6293,5629,5102,4618,4151,3259,2572,2053,1629,1355,945,783,758,840,739,489,67,-230,-601,-841,-1023,-1084,-1053,-1001,-914,-808,-809,-756,-890,-1085,-1239,-1350,-1380,-1427,-1528,-1547,-1452,-1227,-1064,-845,-799,-801,-825,-819,-854,-889,-965,-969,-992,-1033,-986,-971,-886,-808,-4196
8,1,2038,148320,5120,3991,3380,3099,3072,3165,3331,3445,3559,3608,3557,3480,3482,3533,3652,3929,4289,4780,5152,5398,5511,5591,5577,5820,6289,6950,7205,7175,7097,7001,6859,6321,5651,5132,4650,4220,3393,2610,2029,1638,1369,969,839,823,897,818,530,125,-251,-531,-805,-934,-1016,-1037,-902,-857,-794,-742,-843,-871,-1091,-1264,-1342,-1427,-1441,-1512,-1524,-1490,-1309,-1093,-891,-810,-817,-867,-872,-893,-948,-984,-1075,-1066,-1082,-1046,-1018,-973,-877,-4496
8,1,2039,148563,5135,4003,3388,3110,3077,3170,3337,3454,3566,3612,3565,3490,3487,3535,3656,3938,4363,4767,5143,5393,5511,5586,5575,5807,6284,6952,7232,7219,7145,7045,6934,6355,5678,5155,4676,4249,3462,2746,2066,1606,1373,984,858,875,954,872,601,165,-197,-555,-737,-895,-934,-981,-890,-774,-740,-726,-778,-958,-1074,-1267,-1362,-1425,-1495,-1524,-1509,-1465,-1340,-1166,-920,-853,-831,-885,-917,-944,-989,-1056,-1100,-1170,-1156,-1094,-1082,-1023,-961,-4818
8,1,2040,148743,5152,4011,3399,3113,3084,3175,3342,3461,3569,3618,3567,3496,3488,3542,3661,3939,4371,4851,5126,5380,5499,5580,5571,5804,6273,6952,7225,7240,7181,7092,6975,6421,5711,5172,4699,4270,3489,2818,2202,1646,1344,984,873,891,1004,928,650,235,-157,-504,-762,-834,-897,-909,-840,-759,-665,-675,-761,-891,-1166,-1247,-1370,-1445,-1484,-1571,-1525,-1453,-1324,-1190,-982,-872,-870,-895,-936,-998,-1047,-1096,-1171,-1191,-1261,-1172,-1130,-1086,-1008,-5187
8,1,2041,148346,5161,4020,3402,3113,3080,3171,3338,3456,3567,3614,3563,3491,3485,3538,3656,3936,4369,4853,5222,5354,5476,5559,5562,5789,6264,6930,7215,7229,7188,7110,7000,6441,5760,5196,4709,4275,3502,2833,2262,1775,1366,951,867,894,1009,957,698,280,-95,-464,-715,-863,-849,-876,-777,-716,-655,-602,-717,-880,-1099,-1346,-1359,-1454,-1512,-1570,-1576,-1472,-1315,-1183,-1013,-939,-895,-938,-948,-1014,-1101,-1161,-1213,-1269,-1290,-1284,-1204,-1130,-1071,-5575
8,1,2042,147934,5168,4030,3404,3114,3081,3173,3333,3450,3562,3607,3558,3485,3476,3526,3651,3933,4366,4855,5223,5460,5445,5535,5536,5776,6249,6917,7192,7213,7177,7117,7013,6467,5780,5240,4733,4279,3511,2845,2278,1838,1490,980,830,889,1008,966,726,326,-47,-398,-679,-820,-873,-834,-753,-663,-617,-599,-648,-839,-1087,-1283,-1456,-1439,-1526,-1596,-1571,-1515,-1330,-1166,-1000,-962,-955,-968,-997,-1027,-1122,-1214,-1284,-1318,-1367,-1309,-1314,-1206,-1124,-5971
8,1,2043,147489,5181,4037,3409,3111,3079,3172,3328,3445,3557,3603,3554,3477,3473,3523,3648,3929,4365,4851,5223,5459,5563,5501,5513,5753,6236,6900,7180,7199,7169,7112,7010,6473,5805,5261,4772,4289,3514,2842,2290,1852,1543,1092,850,856,999,967,734,358,-2,-357,-614,-783,-835,-849,-716,-639,-569,-565,-643,-768,-1039,-1267,-1387,-1546,-1510,-1605,-1601,-1517,-1373,-1183,-998,-946,-978,-1029,-1022,-1078,-1141,-1237,-1347,-1394,-1416,-1394,-1346,-1316,-1198,-6360
8,1,2044,146985,5190,4041,3409,3111,3077,3168,3322,3440,3550,3599,3546,3473,3466,3512,3641,3924,4356,4849,5220,5457,5560,5609,5480,5726,6218,6879,7164,7188,7153,7092,6997,6470,5810,5280,4790,4325,3528,2845,2287,1862,1557,1148,946,873,972,959,729,364,26,-309,-573,-725,-806,-815,-736,-605,-548,-519,-604,-764,-972,-1222,-1375,-1473,-1609,-1591,-1611,-1542,-1374,-1216,-1010,-945,-968,-1046,-1087,-1102,-1194,-1253,-1369,-1455,-1495,-1442,-1428,-1343,-1300,-6777
8,1,2045,146526,5198,4046,3411,3111,3073,3167,3318,3436,3547,3594,3539,3467,3458,3507,3633,3920,4353,4845,5219,5455,5563,5604,5591,5688,6191,6858,7143,7173,7141,7076,6980,6451,5814,5288,4806,4339,3570,2855,2294,1862,1562,1160,996,964,985,928,727,364,37,-278,-529,-684,-751,-789,-706,-626,-516,-502,-561,-728,-967,-1147,-1328,-1458,-1543,-1694,-1594,-1547,-1394,-1216,-1043,-958,-959,-1039,-1106,-1174,-1221,-1304,-1382,-1479,-1560,-1523,-1476,-1427,-1324,-7248
8,1,2046,145973,5202,4051,3412,3108,3073,3160,3310,3431,3542,3584,3533,3462,3454,3499,3623,3912,4352,4841,5217,5451,5559,5601,5592,5793,6154,6830,7118,7156,7126,7068,6955,6437,5803,5284,4816,4347,3580,2893,2296,1867,1558,1171,1000,1002,1066,945,699,355,32,-269,-497,-644,-711,-739,-682,-595,-534,-471,-542,-681,-929,-1144,-1259,-1409,-1531,-1622,-1695,-1537,-1405,-1234,-1042,-986,-976,-1034,-1097,-1196,-1286,-1340,-1443,-1500,-1586,-1590,-1554,-1475,-1404,-7708
8,1,2047,145368,5210,4051,3411,3105,3067,3155,3305,3424,3534,3578,3526,3454,3441,3490,3616,3907,4342,4835,5212,5450,5555,5595,5583,5785,6251,6795,7092,7140,7113,7048,6939,6411,5787,5270,4812,4352,3593,2899,2338,1874,1550,1166,1003,1010,1099,1016,708,330,21,-274,-490,-619,-679,-703,-639,-579,-509,-484,-513,-664,-881,-1107,-1253,-1330,-1484,-1611,-1633,-1630,-1394,-1243,-1065,-990,-1002,-1046,-1092,-1186,-1312,-1413,-1477,-1561,-1601,-1617,-1621,-1550,-1452,-8176
8,1,2048,144810,5213,4057,3413,3103,3066,3150,3301,3423,3524,3572,3517,3449,3433,3480,3604,3901,4335,4830,5206,5445,5552,5591,5575,5776,6243,6877,7065,7113,7094,7037,6923,6396,5763,5253,4795,4338,3602,2913,2346,1910,1557,1162,1000,1011,1103,1046,775,345,-1,-280,-493,-612,-651,-669,-609,-536,-488,-467,-534,-636,-862,-1058,-1214,-1326,-1407,-1565,-1618,-1569,-1477,-1231,-1073,-1001,-1003,-1073,-1106,-1180,-1304,-1444,-1558,-1603,-1668,-1639,-1644,-1619,-1528,-8627
8,1,2049,144176,5218,4058,3412,3098,3058,3149,3290,3411,3518,3565,3510,3439,3424,3474,3599,3895,4330,4826,5198,5438,5550,5583,5571,5768,6234,6862,7131,7084,7070,7016,6900,6373,5753,5234,4781,4315,3591,2912,2356,1919,1589,1175,993,1009,1102,1046,806,412,7,-304,-505,-616,-650,-647,-580,-513,-452,-450,-509,-654,-833,-1042,-1162,-1286,-1402,-1494,-1575,-1557,-1427,-1304,-1064,-1010,-1021,-1072,-1135,-1195,-1297,-1434,-1589,-1687,-1704,-1699,-1668,-1648,-1594,-9097
8,1,2050,143543,5221,4061,3411,3095,3054,3143,3280,3407,3514,3557,3502,3432,3417,3464,3590,3888,4323,4816,5194,5433,5545,5572,5562,5759,6227,6850,7121,7147,7041,6997,6875,6355,5732,5217,4762,4294,3574,2901,2361,1930,1600,1206,1000,1006,1099,1046,805,440,80,-300,-530,-630,-654,-645,-562,-486,-432,-415,-493,-629,-850,-1008,-1145,-1234,-1362,-1485,-1503,-1526,-1416,-1258,-1135,-1007,-1027,-1088,-1140,-1228,-1309,-1429,-1578,-1720,-1791,-1740,-1731,-1668,-1624,-9585
8,1,2051,142893,5224,4060,3411,3091,3048,3139,3273,3401,3504,3548,3493,3421,3409,3454,3579,3881,4317,4808,5185,5427,5534,5560,5555,5746,6217,6837,7109,7137,7099,6967,6848,6331,5713,5200,4745,4265,3551,2875,2346,1935,1599,1213,1028,1009,1092,1041,807,445,103,-229,-521,-654,-659,-644,-558,-469,-410,-397,-459,-612,-823,-1027,-1111,-1218,-1310,-1445,-1502,-1462,-1383,-1253,-1093,-1065,-1018,-1094,-1155,-1225,-1345,-1437,-1570,-1705,-1825,-1833,-1768,-1730,-1645,-10033
8,1,2052,142220,5222,4059,3409,3090,3046,3132,3261,3392,3494,3543,3484,3416,3399,3444,3568,3873,4306,4801,5177,5422,5529,5552,5544,5736,6206,6823,7095,7124,7085,7014,6820,6301,5689,5178,4729,4249,3523,2853,2319,1927,1603,1222,1034,1035,1093,1037,802,446,106,-197,-448,-649,-688,-656,-564,-465,-392,-373,-438,-581,-808,-1006,-1131,-1181,-1291,-1391,-1464,-1456,-1329,-1222,-1087,-1032,-1077,-1089,-1163,-1244,-1345,-1474,-1587,-1702,-1810,-1868,-1857,-1769,-1709,-10449
8,1,2053,141494,5223,4059,3405,3082,3040,3126,3254,3383,3486,3531,3478,3403,3387,3434,3559,3861,4298,4797,5167,5413,5521,5542,5536,5726,6189,6804,7076,7113,7072,7000,6855,6274,5668,5161,4711,4219,3506,2827,2294,1902,1583,1225,1038,1039,1113,1038,796,441,106,-193,-422,-580,-683,-678,-571,-469,-393,-361,-418,-561,-776,-989,-1108,-1199,-1259,-1373,-1419,-1424,-1329,-1172,-1062,-1025,-1043,-1147,-1155,-1254,-1363,-1477,-1623,-1720,-1803,-1855,-1890,-1857,-1746,-10870
8,1,2054,140730,5221,4057,3402,3077,3034,3122,3246,3374,3477,3524,3467,3397,3380,3420,3543,3854,4287,4786,5160,5401,5517,5523,5524,5711,6176,6788,7060,7100,7059,6988,6838,6305,5644,5133,4687,4199,3481,2803,2268,1880,1559,1211,1034,1039,1115,1048,796,436,102,-193,-420,-556,-618,-671,-594,-475,-393,-362,-402,-537,-754,-951,-1091,-1178,-1280,-1343,-1400,-1383,-1302,-1171,-1022,-1001,-1038,-1112,-1216,-1251,-1373,-1504,-1626,-1763,-1818,-1849,-1880,-1893,-1835,-11268
8,1,2055,139984,5221,4058,3399,3068,3025,3112,3236,3365,3466,3514,3454,3385,3371,3413,3535,3843,4279,4777,5150,5392,5504,5516,5512,5699,6165,6767,7041,7082,7038,6973,6821,6287,5679,5106,4664,4173,3460,2781,2247,1852,1532,1186,1018,1037,1120,1053,811,434,97,-200,-423,-557,-597,-618,-587,-497,-404,-362,-403,-526,-729,-927,-1058,-1158,-1252,-1364,-1373,-1363,-1262,-1146,-1018,-955,-1016,-1107,-1182,-1309,-1363,-1508,-1646,-1761,-1866,-1866,-1874,-1883,-1869,-11705
8,1,2056,139217,5218,4055,3394,3062,3018,3107,3227,3359,3458,3502,3448,3376,3359,3399,3524,3833,4271,4766,5141,5380,5493,5502,5501,5686,6151,6752,7020,7065,7025,6954,6799,6269,5663,5138,4638,4145,3436,2759,2219,1833,1502,1165,996,1022,1114,1055,812,452,99,-204,-429,-556,-596,-595,-540,-492,-423,-372,-407,-525,-716,-905,-1032,-1123,-1236,-1340,-1390,-1340,-1253,-1115,-999,-957,-976,-1083,-1177,-1272,-1431,-1499,-1659,-1787,-1866,-1912,-1893,-1874,-1857,-12114
8,1,2057,138493,5218,4051,3389,3055,3011,3100,3222,3347,3448,3495,3435,3366,3347,3390,3511,3824,4261,4756,5131,5369,5484,5490,5488,5668,6137,6735,7003,7048,7007,6941,6781,6247,5646,5121,4667,4115,3410,2731,2193,1811,1476,1144,971,1002,1102,1050,814,456,117,-201,-433,-563,-597,-593,-520,-453,-421,-391,-413,-527,-715,-891,-1007,-1096,-1200,-1318,-1365,-1357,-1225,-1102,-972,-934,-975,-1040,-1152,-1269,-1393,-1572,-1650,-1796,-1888,-1915,-1936,-1894,-1849,-12465
8,1,2058,137721,5211,4045,3387,3047,3006,3092,3208,3339,3437,3484,3422,3353,3337,3380,3501,3815,4249,4744,5118,5360,5471,5474,5476,5658,6122,6715,6985,7027,6994,6928,6760,6232,5630,5105,4655,4140,3382,2703,2170,1788,1449,1122,949,981,1082,1038,813,455,118,-187,-428,-566,-603,-595,-522,-434,-383,-389,-434,-535,-716,-890,-995,-1077,-1177,-1284,-1357,-1335,-1245,-1081,-965,-905,-954,-1043,-1116,-1242,-1383,-1533,-1732,-1790,-1901,-1939,-1939,-1936,-1871,-12754
8,1,2059,136978,5208,4042,3380,3041,2997,3088,3199,3329,3425,3470,3415,3343,3324,3370,3489,3800,4238,4735,5110,5345,5460,5460,5459,5640,6108,6696,6966,7011,6975,6905,6740,6212,5615,5090,4637,4125,3417,2669,2142,1763,1424,1098,927,959,1064,1017,799,451,118,-182,-415,-568,-612,-602,-523,-433,-368,-352,-427,-554,-723,-896,-995,-1058,-1154,-1263,-1321,-1325,-1222,-1093,-945,-902,-933,-1021,-1117,-1199,-1359,-1523,-1681,-1867,-1890,-1949,-1966,-1941,-1915,-13023
8,1,2060,136257,5201,4039,3374,3035,2988,3078,3187,3320,3417,3460,3398,3331,3312,3356,3474,3790,4225,4723,5099,5335,5446,5445,5446,5628,6091,6676,6943,6989,6957,6888,6722,6190,5595,5072,4624,4103,3399,2700,2111,1736,1396,1077,904,940,1041,1001,784,443,116,-180,-413,-551,-610,-605,-528,-435,-367,-337,-393,-550,-739,-898,-1000,-1059,-1136,-1237,-1300,-1293,-1215,-1075,-963,-886,-925,-994,-1096,-1200,-1309,-1494,-1674,-1819,-1976,-1942,-1977,-1965,-1916,-13291
8,2,2023,155332,5379,3662,3133,2949,2979,2946,2956,2935,2926,3136,3024,3042,2944,2962,3014,3076,3303,3500,3710,3886,4072,4272,4433,4728,5143,5392,5560,5446,5363,5270,4864,4350,3821,3526,3201,2834,2346,1855,1663,1415,1111,965,951,888,1001,831,510,339,142,-38,-162,-297,-267,-85,142,243,437,442,339,400,229,199,33,-85,-89,-90,-54,58,254,424,464,452,368,284,317,239,268,295,197,205,167,108,8,-86,-72,-1669
8,2,2024,154071,5390,4147,2949,2834,2905,2891,2924,2904,2899,3101,3035,2976,2932,2958,3016,3084,3309,3488,3711,3902,4103,4347,4524,4735,5134,5396,5523,5530,5363,5215,4945,4397,3932,3473,3252,2885,2381,1930,1750,1439,1292,1040,969,922,911,847,525,305,135,-89,-190,-305,-269,-181,16,238,354,420,366,241,215,90,-27,-149,-229,-190,-124,4,201,322,428,432,354,230,190,239,200,192,246,117,116,46,5,-58,-143,-1792
8,2,2025,152659,5404,4150,3335,2687,2813,2836,2877,2873,2886,3063,2955,2988,2864,2937,2994,3092,3325,3507,3688,3910,4131,4362,4599,4815,5119,5350,5517,5463,5448,5216,4903,4460,3927,3581,3156,2907,2396,1976,1795,1507,1309,1202,1036,942,935,761,545,322,99,-88,-240,-325,-273,-178,-67,132,356,373,348,272,90,40,-100,-229,-305,-304,-203,-58,156,290,335,385,307,221,167,126,190,135,163,161,23,2,-60,-61,-140,-1945
8,2,2026,152947,5426,4166,3347,2996,2722,2789,2860,2872,2887,3069,2986,2929,2899,2903,3009,3110,3354,3559,3734,3919,4155,4423,4630,4914,5216,5366,5492,5497,5405,5323,4907,4493,4028,3612,3274,2847,2422,2018,1849,1607,1391,1237,1186,1028,971,810,484,351,127,-102,-228,-363,-281,-169,-53,73,279,374,331,272,131,-25,-159,-271,-373,-384,-307,-104,96,254,321,321,266,176,146,120,95,132,114,95,65,-77,-97,-117,-141,-2062
8,2,2027,153607,5449,4184,3361,3009,2945,2731,2839,2872,2899,3072,2998,2973,2868,2930,3000,3128,3388,3592,3795,3973,4175,4433,4711,4953,5323,5471,5530,5488,5449,5292,5036,4514,4100,3730,3357,2952,2422,2017,1896,1655,1479,1315,1225,1160,1049,843,542,288,159,-68,-239,-341,-313,-168,-39,86,226,309,326,247,137,-21,-204,-340,-424,-438,-372,-203,70,202,275,308,219,123,113,85,91,46,97,46,0,-46,-167,-159,-205,-2222
8,2,2028,154253,5470,4198,3375,3021,2958,2885,2801,2859,2899,3087,3001,2974,2884,2915,3014,3132,3403,3633,3829,4038,4226,4461,4713,5028,5367,5573,5627,5526,5430,5336,5019,4637,4153,3805,3477,3049,2497,2053,1904,1717,1529,1404,1304,1201,1168,921,571,346,92,-42,-205,-354,-302,-204,-44,93,233,275,267,233,98,-13,-235,-387,-492,-507,-424,-246,-19,184,230,249,212,89,33,60,51,32,15,31,-43,-113,-141,-227,-246,-2398
8,2,2029,154390,5491,4215,3388,3035,2967,2894,2905,2845,2900,3094,2899,2947,2883,2910,3002,3139,3418,3648,3865,4065,4280,4504,4737,5026,5417,5630,5714,5620,5462,5301,5032,4609,4233,3850,3523,3133,2603,2105,1934,1708,1603,1447,1385,1275,1209,1026,646,372,151,-106,-180,-328,-314,-194,-69,92,234,256,243,179,65,-54,-247,-435,-549,-579,-503,-302,-66,110,210,232,145,62,16,-28,17,-2,8,-47,-54,-152,-223,-218,-302,-2572
8,2,2030,154879,5513,4230,3400,3044,2978,2907,2910,2905,2899,3099,2939,2904,2873,2924,3010,3142,3422,3668,3891,4107,4322,4567,4785,5060,5437,5676,5816,5735,5598,5368,5026,4632,4229,3921,3604,3210,2685,2238,1993,1772,1588,1517,1434,1346,1278,1066,746,446,172,-51,-248,-308,-300,-213,-68,63,231,257,207,133,3,-107,-300,-462,-597,-637,-570,-386,-107,60,156,187,133,-2,-36,-59,-51,-39,-17,-50,-126,-176,-260,-309,-306,-2798
8,2,2031,155625,5533,4244,3414,3055,2981,2913,2919,2920,2926,3103,2915,2933,2880,2936,3029,3158,3431,3681,3916,4145,4374,4627,4865,5110,5483,5718,5857,5843,5734,5522,5109,4658,4286,3970,3677,3324,2800,2333,2135,1835,1667,1509,1505,1406,1346,1130,788,548,249,-34,-198,-382,-284,-201,-88,53,187,240,193,100,-68,-192,-357,-528,-632,-680,-628,-451,-185,19,102,123,70,-28,-95,-109,-102,-94,-63,-80,-136,-223,-286,-342,-407,-3029
8,2,2032,156354,5552,4261,3427,3065,2991,2925,2927,2925,2936,3115,2928,2952,2905,2954,3037,3174,3446,3692,3935,4173,4418,4677,4928,5204,5548,5775,5917,5902,5832,5677,5291,4746,4335,4042,3761,3409,2920,2461,2243,1974,1735,1592,1499,1465,1397,1196,851,585,345,36,-190,-340,-356,-190,-88,24,168,188,148,64,-109,-277,-462,-594,-711,-726,-668,-514,-253,-41,51,74,-4,-97,-137,-167,-152,-161,-119,-136,-176,-255,-333,-375,-436,-3377
8,2,2033,156998,5572,4276,3440,3071,3004,2931,2936,2937,2944,3118,3039,2921,2890,2944,3040,3173,3456,3699,3942,4183,4438,4713,4970,5246,5614,5820,5945,5937,5874,5717,5382,4870,4354,4029,3759,3422,2945,2523,2314,2042,1828,1621,1542,1438,1439,1236,904,643,389,147,-108,-315,-307,-249,-69,38,157,194,133,62,-100,-273,-511,-677,-750,-780,-694,-521,-281,-76,23,43,-19,-138,-173,-191,-183,-185,-160,-167,-203,-275,-354,-410,-464,-3636
8,2,2034,157596,5593,4288,3449,3082,3009,2941,2944,2944,2954,3125,3044,3005,2869,2938,3035,3172,3454,3703,3943,4191,4447,4734,5007,5289,5656,5885,5992,5966,5907,5761,5417,4957,4471,4046,3743,3418,2963,2554,2381,2114,1890,1708,1569,1479,1415,1273,947,705,444,186,-1,-240,-285,-201,-119,62,176,182,137,49,-103,-271,-505,-734,-838,-815,-743,-548,-289,-103,-5,21,-54,-157,-221,-222,-206,-217,-188,-208,-240,-311,-379,-436,-506,-3893
8,2,2035,158094,5608,4303,3458,3090,3016,2946,2949,2953,2959,3134,3050,3013,2939,2921,3025,3173,3454,3704,3946,4191,4449,4742,5022,5324,5701,5922,6049,6011,5937,5791,5457,4994,4560,4160,3760,3397,2955,2570,2402,2176,1962,1765,1648,1504,1452,1251,979,743,503,246,35,-140,-213,-180,-78,15,189,197,132,51,-121,-273,-506,-724,-899,-911,-781,-590,-307,-113,-25,-10,-77,-192,-240,-276,-241,-235,-213,-233,-279,-348,-418,-461,-535,-4170
8,2,2036,158466,5625,4314,3473,3101,3025,2952,2955,2957,2966,3141,3058,3019,2945,2973,3015,3164,3449,3705,3945,4198,4455,4749,5030,5343,5727,5964,6088,6066,5978,5815,5485,5028,4589,4240,3870,3411,2934,2555,2415,2203,2025,1832,1701,1573,1470,1283,959,773,539,306,98,-104,-122,-121,-62,49,149,204,145,42,-115,-295,-507,-723,-895,-973,-868,-626,-347,-127,-32,-29,-116,-222,-285,-293,-296,-269,-233,-256,-301,-390,-459,-509,-566,-4466
8,2,2037,158804,5643,4325,3481,3106,3032,2959,2961,2963,2974,3146,3061,3021,2954,2980,3059,3149,3440,3702,3948,4198,4459,4750,5035,5354,5745,5986,6129,6104,6036,5854,5513,5054,4623,4272,3947,3519,2950,2532,2403,2209,2044,1886,1760,1623,1537,1301,991,751,577,340,153,-48,-89,-39,-10,69,182,178,154,54,-130,-294,-534,-731,-895,-969,-927,-696,-377,-153,-41,-38,-138,-257,-310,-335,-312,-323,-264,-274,-330,-411,-511,-559,-617,-4760
8,2,2038,159053,5658,4336,3490,3117,3037,2966,2969,2970,2981,3148,3064,3031,2958,2983,3066,3196,3429,3692,3942,4197,4460,4755,5036,5357,5753,6007,6156,6141,6071,5911,5546,5078,4647,4304,3970,3591,3049,2544,2379,2196,2055,1907,1805,1673,1576,1358,1009,781,547,378,192,9,-33,-8,65,111,191,203,123,65,-118,-302,-530,-758,-900,-965,-923,-752,-440,-170,-74,-48,-141,-285,-349,-371,-357,-339,-314,-306,-351,-444,-537,-617,-671,-5073
8,2,2039,159269,5672,4346,3498,3122,3041,2970,2972,2974,2988,3152,3068,3034,2960,2986,3070,3203,3476,3676,3928,4191,4458,4754,5039,5365,5752,6013,6173,6167,6109,5947,5599,5112,4666,4323,4002,3615,3123,2654,2391,2177,2044,1915,1822,1716,1622,1397,1067,799,582,347,226,43,16,39,92,177,231,212,148,35,-104,-294,-544,-755,-932,-973,-922,-745,-473,-222,-92,-74,-151,-285,-381,-411,-392,-379,-333,-350,-380,-468,-568,-644,-730,-5425
8,2,2040,159343,5684,4356,3504,3125,3045,2974,2978,2975,2989,3159,3074,3040,2967,2993,3072,3207,3481,3732,3912,4173,4450,4747,5042,5365,5756,6020,6180,6180,6135,5979,5628,5157,4694,4339,4017,3642,3142,2720,2489,2186,2016,1900,1828,1727,1658,1438,1101,855,593,383,196,78,43,81,133,192,284,249,156,56,-137,-286,-533,-772,-927,-1001,-925,-745,-472,-256,-133,-94,-179,-301,-391,-439,-433,-410,-369,-366,-424,-498,-593,-683,-765,-5800
8,2,2041,158954,5694,4362,3509,3128,3044,2974,2975,2974,2987,3150,3068,3033,2963,2986,3067,3202,3478,3729,3958,4146,4428,4730,5028,5356,5755,6010,6171,6175,6140,5989,5648,5177,4733,4356,4023,3639,3157,2730,2546,2278,2013,1868,1810,1727,1658,1468,1142,884,646,392,225,48,70,107,166,226,299,291,193,62,-119,-321,-517,-762,-944,-1003,-957,-753,-476,-251,-158,-138,-199,-335,-405,-448,-461,-452,-399,-405,-443,-549,-638,-713,-807,-6184
8,2,2042,158464,5702,4364,3514,3127,3038,2970,2963,2972,2987,3141,3058,3025,2958,2980,3062,3202,3474,3728,3950,4201,4398,4708,5015,5348,5747,6003,6161,6167,6135,5991,5658,5185,4751,4396,4038,3640,3157,2747,2554,2336,2101,1861,1772,1708,1657,1472,1169,922,678,450,235,70,35,126,184,260,327,303,230,86,-113,-297,-566,-750,-932,-1023,-960,-780,-482,-252,-161,-164,-243,-355,-439,-466,-474,-475,-435,-432,-483,-570,-688,-759,-844,-6590
8,2,2043,157958,5712,4371,3515,3128,3031,2961,2960,2965,2986,3130,3051,3020,2953,2971,3049,3200,3467,3721,3945,4201,4452,4680,4993,5331,5734,5992,6154,6157,6125,5980,5657,5197,4764,4409,4071,3654,3156,2752,2559,2348,2160,1943,1767,1680,1644,1473,1173,950,710,484,289,82,62,100,207,277,353,328,243,122,-87,-290,-541,-801,-916,-1015,-982,-780,-506,-261,-159,-163,-278,-401,-458,-500,-493,-488,-461,-468,-514,-612,-713,-821,-896,-6987
8,2,2044,157455,5719,4375,3516,3127,3031,2963,2954,2964,2977,3124,3045,3013,2947,2966,3045,3194,3466,3721,3944,4199,4452,4733,4962,5311,5712,5977,6142,6149,6112,5970,5643,5193,4773,4426,4083,3682,3167,2752,2561,2361,2168,1996,1836,1680,1611,1449,1178,954,738,519,318,134,71,122,184,293,367,349,259,132,-39,-260,-528,-766,-977,-1001,-970,-798,-508,-282,-163,-166,-275,-439,-512,-526,-528,-505,-471,-492,-551,-638,-761,-848,-969,-7381
8,2,2045,156817,5725,4376,3520,3123,3026,2956,2948,2957,2976,3112,3035,3006,2941,2957,3039,3191,3459,3719,3936,4194,4448,4731,5015,5280,5693,5959,6125,6134,6103,5956,5624,5181,4771,4429,4094,3690,3195,2766,2559,2362,2181,2001,1878,1745,1609,1419,1161,952,740,545,357,163,117,126,197,269,379,363,280,151,-34,-217,-493,-761,-948,-1063,-959,-790,-523,-281,-178,-171,-282,-441,-547,-577,-551,-539,-493,-505,-578,-678,-793,-903,-994,-7828
8,2,2046,156280,5730,4377,3520,3124,3025,2950,2934,2953,2972,3102,3031,2996,2934,2953,3030,3184,3455,3712,3930,4184,4448,4724,5010,5330,5668,5936,6110,6112,6092,5941,5612,5161,4756,4429,4104,3694,3202,2795,2570,2364,2183,2011,1886,1784,1665,1416,1140,938,736,551,384,202,143,167,201,287,360,373,294,169,-5,-202,-438,-716,-938,-1024,-1008,-782,-516,-293,-181,-191,-284,-442,-543,-617,-607,-562,-520,-514,-584,-708,-836,-942,-1058,-8253
8,2,2047,155586,5732,4379,3519,3122,3019,2945,2929,2946,2964,3092,3022,2988,2931,2943,3019,3176,3451,3705,3924,4182,4442,4716,5008,5328,5708,5905,6082,6091,6072,5923,5595,5144,4739,4413,4093,3692,3211,2800,2591,2376,2182,2013,1892,1788,1697,1467,1136,910,720,549,388,226,173,183,235,293,366,356,301,182,10,-179,-419,-656,-890,-1013,-983,-826,-508,-288,-190,-196,-302,-447,-553,-618,-642,-618,-553,-545,-602,-714,-866,-990,-1105,-8695
8,2,2048,154952,5734,4376,3520,3118,3012,2940,2920,2936,2959,3083,3012,2979,2922,2935,3016,3172,3443,3701,3919,4175,4434,4709,4999,5323,5702,5944,6048,6063,6050,5905,5574,5126,4724,4396,4084,3687,3212,2814,2598,2402,2196,2009,1888,1793,1698,1500,1191,904,688,530,383,233,198,213,257,323,368,364,282,194,21,-156,-394,-638,-827,-965,-969,-800,-553,-283,-182,-205,-304,-470,-562,-618,-648,-649,-592,-567,-634,-731,-880,-1026,-1157,-9137
8,2,2049,154246,5735,4373,3518,3116,3006,2933,2910,2929,2955,3072,3004,2970,2913,2926,3003,3164,3432,3699,3911,4169,4431,4699,4993,5316,5689,5934,6088,6031,6023,5882,5556,5106,4706,4379,4062,3670,3207,2815,2604,2414,2220,2014,1883,1789,1697,1499,1217,961,685,502,362,226,199,232,279,335,393,366,294,175,32,-144,-367,-604,-804,-894,-925,-796,-530,-312,-182,-199,-317,-471,-582,-625,-649,-647,-629,-615,-656,-762,-898,-1042,-1198,-9609
8,2,2050,153533,5734,4372,3514,3114,2997,2926,2904,2920,2947,3060,2995,2961,2905,2919,2994,3160,3432,3692,3901,4163,4418,4689,4985,5306,5679,5924,6074,6066,5985,5848,5528,5081,4689,4367,4045,3649,3187,2811,2597,2421,2225,2035,1888,1787,1696,1504,1225,990,735,499,334,210,194,234,297,358,406,389,294,177,13,-129,-351,-573,-769,-880,-862,-755,-528,-298,-208,-199,-314,-481,-584,-649,-658,-652,-629,-645,-700,-789,-930,-1066,-1212,-10055
8,2,2051,152771,5732,4370,3510,3107,2988,2920,2897,2915,2940,3048,2985,2954,2900,2908,2984,3150,3417,3685,3890,4157,4410,4681,4979,5297,5669,5912,6059,6053,6021,5813,5495,5053,4665,4344,4025,3632,3166,2793,2591,2417,2233,2041,1905,1789,1692,1497,1226,988,771,553,328,182,176,229,297,375,425,403,316,182,21,-154,-340,-560,-737,-846,-842,-706,-502,-293,-194,-223,-312,-474,-592,-647,-671,-657,-638,-648,-727,-840,-959,-1106,-1240,-10482
8,2,2052,152003,5730,4365,3506,3101,2982,2911,2889,2911,2937,3037,2976,2943,2895,2900,2974,3143,3408,3675,3881,4145,4402,4670,4968,5287,5659,5901,6051,6037,6010,5847,5455,5020,4639,4325,4006,3607,3146,2774,2570,2409,2234,2044,1907,1805,1695,1491,1229,990,770,585,387,175,151,207,295,377,439,416,322,200,20,-142,-358,-543,-719,-813,-815,-687,-455,-269,-190,-210,-342,-474,-595,-662,-677,-681,-640,-650,-729,-873,-1011,-1135,-1284,-10874
8,2,2053,151150,5726,4363,3503,3100,2973,2907,2876,2899,2930,3030,2965,2934,2882,2889,2962,3139,3399,3666,3872,4131,4392,4657,4958,5277,5646,5886,6033,6025,5996,5831,5488,4981,4606,4296,3983,3588,3128,2755,2550,2389,2226,2042,1909,1807,1705,1491,1226,986,770,586,420,230,143,181,277,372,438,427,337,209,43,-141,-349,-568,-697,-795,-783,-659,-447,-235,-170,-208,-333,-498,-588,-660,-695,-682,-661,-656,-736,-874,-1051,-1195,-1319,-11286
8,2,2054,150304,5722,4355,3498,3092,2963,2895,2869,2889,2922,3012,2952,2923,2873,2878,2951,3125,3391,3661,3860,4125,4382,4651,4944,5266,5633,5876,6020,6009,5982,5813,5470,5010,4571,4269,3955,3561,3105,2738,2526,2372,2203,2031,1902,1813,1706,1509,1228,988,766,591,421,263,191,176,252,359,431,425,346,221,56,-120,-347,-554,-727,-779,-768,-635,-429,-225,-144,-189,-328,-482,-626,-650,-693,-693,-663,-669,-742,-874,-1051,-1239,-1386,-11670
8,2,2055,149411,5713,4348,3493,3087,2954,2889,2861,2882,2912,3001,2941,2913,2865,2868,2943,3118,3378,3652,3845,4117,4372,4635,4935,5254,5618,5860,6004,5994,5967,5796,5453,4992,4598,4233,3925,3532,3079,2715,2503,2347,2184,2018,1891,1808,1704,1502,1241,987,762,589,421,265,220,219,249,342,415,422,346,228,69,-107,-318,-550,-713,-806,-751,-624,-405,-208,-132,-168,-307,-479,-607,-687,-687,-690,-677,-675,-763,-879,-1055,-1241,-1437,-12097
8,2,2056,148532,5708,4340,3489,3077,2945,2878,2848,2871,2904,2987,2931,2900,2856,2857,2930,3108,3371,3641,3839,4106,4358,4622,4925,5245,5603,5843,5985,5976,5952,5781,5434,4971,4584,4259,3888,3499,3049,2691,2476,2332,2163,1990,1872,1797,1698,1506,1246,1000,760,585,417,265,221,247,284,334,400,408,341,227,80,-89,-304,-516,-712,-791,-777,-606,-392,-192,-116,-157,-279,-457,-605,-668,-719,-688,-674,-688,-765,-899,-1062,-1245,-1435,-12532
8,2,2057,147618,5698,4333,3482,3071,2938,2866,2833,2863,2896,2972,2920,2889,2846,2849,2919,3099,3360,3632,3826,4093,4350,4612,4910,5230,5588,5825,5967,5958,5936,5757,5412,4954,4568,4242,3912,3459,3017,2664,2454,2309,2146,1972,1847,1778,1688,1501,1245,1004,776,588,413,266,221,244,309,368,393,392,327,226,79,-80,-283,-506,-674,-791,-765,-629,-385,-184,-106,-149,-279,-426,-587,-667,-705,-719,-668,-686,-777,-904,-1086,-1256,-1443,-12919
8,2,2058,146786,5693,4324,3474,3063,2925,2857,2823,2852,2887,2963,2911,2877,2836,2839,2908,3089,3351,3620,3812,4081,4339,4600,4897,5216,5571,5809,5951,5937,5918,5736,5394,4933,4550,4227,3893,3482,2982,2633,2420,2286,2124,1953,1825,1762,1673,1493,1241,1004,774,603,416,262,216,246,306,386,420,390,315,211,75,-79,-269,-484,-655,-757,-759,-617,-409,-172,-92,-137,-261,-422,-548,-643,-703,-706,-700,-684,-773,-918,-1081,-1280,-1455,-13264
8,2,2059,145929,5683,4315,3468,3058,2915,2848,2812,2836,2880,2947,2897,2865,2826,2826,2895,3076,3339,3607,3798,4070,4324,4583,4884,5203,5554,5792,5930,5920,5900,5718,5374,4915,4533,4209,3880,3461,3004,2596,2391,2259,2099,1928,1809,1742,1655,1474,1236,1001,774,604,432,265,212,241,307,386,433,409,308,199,62,-88,-271,-466,-632,-740,-731,-616,-398,-190,-88,-126,-252,-407,-540,-607,-679,-701,-678,-709,-771,-915,-1097,-1285,-1478,-13573
8,2,2060,145067,5673,4305,3460,3048,2902,2838,2800,2831,2869,2931,2885,2854,2812,2816,2884,3071,3327,3599,3785,4056,4315,4568,4867,5188,5538,5771,5911,5899,5880,5696,5351,4893,4516,4193,3861,3442,2984,2623,2347,2225,2071,1906,1785,1726,1633,1458,1221,993,767,609,436,277,215,234,301,386,434,424,332,190,46,-101,-276,-468,-613,-713,-711,-586,-397,-184,-103,-124,-246,-387,-524,-596,-643,-677,-684,-697,-800,-911,-1092,-1296,-1482,-13880
9,0,2023,165448,3806,2792,2667,2514,2337,2279,2108,1956,1856,1703,1641,1609,1603,1701,2058,2782,3612,4555,3972,4593,5278,5262,4921,5177,5492,5694,5750,5779,5634,5460,5121,4789,4488,4110,3906,3567,3292,2777,2584,2282,1988,1824,1694,1587,1613,1577,1414,1182,871,757,559,435,373,444,512,546,667,609,678,661,484,600,416,445,290,398,389,423,533,450,471,476,415,364,349,361,231,294,190,-3,-118,-218,-320,-394,-492,-4084
9,0,2024,164370,3838,3155,2534,2450,2267,2236,2081,1953,1851,1704,1641,1634,1623,1732,2081,2797,3632,4536,4019,4551,5206,5311,4919,4990,5429,5626,5791,5784,5697,5522,5234,4850,4532,4251,3848,3627,3272,2892,2528,2289,2087,1802,1711,1652,1553,1559,1400,1139,865,723,583,542,473,429,488,515,601,663,619,687,627,501,462,315,384,225,390,364,422,452,328,335,356,344,266,248,247,58,113,22,-180,-300,-383,-462,-502,-4266
9,0,2025,163554,3870,3184,2853,2332,2210,2175,2046,1933,1849,1704,1648,1632,1648,1755,2127,2830,3661,4556,4006,4589,5175,5250,4944,4983,5268,5577,5730,5830,5673,5588,5293,4962,4609,4323,4008,3593,3347,2896,2628,2264,2073,1892,1700,1669,1620,1509,1386,1135,825,712,547,576,553,507,471,494,596,608,662,647,646,617,366,355,258,319,237,350,340,375,329,213,210,274,241,156,183,72,-128,-43,-176,-342,-484,-528,-572,-4445
9,0,2026,163147,3901,3213,2881,2615,2113,2129,1994,1904,1834,1704,1660,1644,1666,1793,2157,2895,3714,4597,4025,4598,5201,5248,4913,5064,5263,5443,5705,5791,5739,5549,5358,5007,4690,4404,4088,3727,3334,2957,2658,2359,2074,1880,1784,1684,1635,1564,1346,1126,826,679,548,539,583,582,535,472,561,608,630,661,640,634,459,253,287,207,309,230,316,275,275,209,106,120,193,144,67,31,-107,-308,-228,-349,-513,-649,-643,-4663
9,0,2027,162311,3931,3240,2906,2636,2357,2045,1955,1859,1805,1694,1650,1672,1668,1812,2196,2918,3782,4650,4086,4587,5206,5257,4911,5017,5355,5439,5577,5749,5721,5612,5299,5070,4717,4434,4129,3779,3420,2916,2681,2367,2152,1887,1768,1730,1655,1577,1379,1077,804,669,511,548,554,607,609,516,547,573,625,644,617,660,474,338,181,226,197,292,206,237,162,156,102,46,26,96,69,-82,-143,-282,-521,-391,-517,-651,-779,-4945
9,0,2028,160979,3960,3267,2932,2661,2377,2253,1885,1830,1785,1661,1659,1649,1688,1801,2202,2957,3798,4735,4122,4672,5180,5245,4921,5003,5283,5499,5559,5644,5659,5580,5346,4986,4762,4452,4139,3783,3443,2979,2622,2379,2143,1939,1782,1712,1678,1594,1388,1104,749,642,492,499,558,584,632,593,571,552,580,632,600,615,505,337,241,132,212,166,256,137,118,38,49,26,-34,-59,-2,-84,-238,-312,-481,-711,-552,-659,-760,-5343
9,0,2029,159991,3991,3295,2957,2684,2398,2271,2064,1767,1760,1674,1644,1664,1683,1817,2200,2963,3845,4745,4220,4692,5280,5229,4878,5013,5266,5452,5603,5617,5585,5530,5303,5013,4700,4492,4163,3821,3461,3019,2691,2331,2155,1934,1820,1739,1660,1615,1410,1106,774,592,470,479,525,587,600,611,647,577,561,587,584,586,469,383,262,171,153,183,135,180,46,3,-79,-23,-63,-117,-132,-160,-250,-382,-505,-658,-896,-693,-774,-5662
9,0,2030,158484,4019,3321,2982,2705,2418,2292,2082,1921,1693,1659,1642,1660,1669,1819,2209,2968,3847,4794,4225,4774,5292,5307,4870,4970,5267,5422,5584,5640,5539,5452,5243,4956,4663,4445,4166,3805,3479,3013,2705,2369,2108,1939,1806,1757,1687,1593,1422,1115,768,603,417,450,494,545,604,565,650,633,583,568,537,568,439,333,290,195,159,158,137,65,50,-44,-103,-152,-124,-154,-181,-266,-321,-403,-551,-674,-835,-1073,-801,-5958
9,0,2031,156281,4048,3348,3008,2728,2438,2310,2098,1938,1818,1625,1616,1635,1659,1793,2199,2964,3850,4782,4244,4775,5321,5310,4908,4952,5242,5418,5551,5612,5541,5426,5176,4898,4609,4372,4103,3772,3428,2993,2685,2355,2108,1886,1782,1731,1688,1605,1398,1118,758,570,392,389,451,501,544,561,599,608,615,578,505,510,399,313,239,200,161,119,120,51,-39,-86,-141,-164,-208,-207,-222,-305,-391,-470,-583,-696,-845,-982,-1207,-6220
9,0,2032,152876,4075,3374,3031,2752,2460,2327,2115,1953,1829,1640,1586,1605,1627,1772,2184,2949,3835,4776,4230,4768,5320,5307,4909,4963,5220,5385,5516,5566,5476,5374,5135,4823,4525,4290,4012,3693,3359,2922,2626,2315,2077,1850,1731,1694,1662,1592,1386,1082,750,546,357,349,380,444,491,490,574,559,576,579,509,452,317,238,208,150,148,100,64,11,-90,-168,-207,-219,-258,-290,-287,-359,-445,-527,-654,-753,-859,-990,-1101,-6907
9,0,2033,153661,4104,3400,3055,2773,2477,2346,2130,1966,1844,1652,1626,1602,1633,1774,2190,2962,3857,4797,4259,4806,5361,5353,4955,5016,5273,5433,5558,5601,5516,5403,5173,4875,4553,4300,4025,3702,3380,2942,2649,2333,2108,1883,1751,1702,1665,1604,1407,1102,739,577,367,344,372,415,474,480,550,571,568,594,552,523,311,211,181,166,160,146,92,13,-73,-163,-223,-226,-250,-291,-305,-366,-453,-536,-659,-786,-891,-979,-1089,-7331
9,0,2034,154454,4131,3425,3078,2794,2495,2361,2147,1983,1855,1665,1637,1637,1633,1781,2193,2972,3873,4826,4288,4835,5397,5396,5000,5067,5327,5486,5603,5640,5550,5438,5198,4908,4605,4323,4034,3709,3384,2957,2663,2355,2129,1918,1783,1717,1668,1610,1418,1117,757,564,394,353,370,408,450,467,543,549,578,585,571,568,381,201,146,134,173,157,136,41,-74,-149,-221,-239,-255,-285,-310,-382,-455,-545,-672,-788,-920,-1014,-1075,-7697
9,0,2035,155236,4158,3450,3099,2816,2516,2380,2163,1993,1869,1679,1649,1649,1666,1785,2198,2983,3891,4846,4324,4871,5435,5428,5041,5109,5374,5538,5655,5687,5586,5467,5230,4928,4633,4373,4053,3716,3392,2959,2675,2369,2145,1935,1812,1749,1688,1611,1418,1126,773,579,375,383,376,409,446,444,527,538,561,599,562,581,433,274,133,104,143,169,145,82,-50,-156,-209,-239,-268,-291,-306,-390,-475,-548,-680,-801,-927,-1052,-1114,-8011
9,0,2036,156022,4184,3475,3122,2834,2536,2395,2176,2012,1883,1689,1662,1663,1676,1818,2201,2989,3903,4866,4349,4905,5462,5463,5076,5146,5419,5585,5707,5738,5631,5507,5259,4959,4653,4399,4098,3733,3393,2961,2674,2374,2152,1950,1829,1778,1716,1628,1418,1127,779,593,390,367,405,417,446,442,509,532,556,575,571,573,449,333,215,87,110,142,159,88,-13,-129,-211,-226,-267,-305,-309,-387,-489,-577,-686,-812,-945,-1060,-1156,-8317
9,0,2037,156795,4209,3498,3147,2854,2553,2413,2192,2025,1894,1700,1673,1674,1689,1828,2240,2994,3913,4881,4371,4928,5497,5494,5111,5188,5458,5630,5754,5788,5679,5546,5294,4985,4682,4417,4125,3777,3405,2959,2674,2374,2161,1958,1842,1792,1743,1657,1435,1122,773,595,405,380,390,439,455,441,509,516,544,570,552,586,435,344,272,170,93,104,131,98,-6,-96,-190,-231,-259,-306,-325,-389,-479,-581,-714,-819,-959,-1075,-1164,-8637
9,0,2038,157593,4234,3523,3168,2876,2572,2430,2207,2037,1909,1714,1686,1682,1701,1841,2250,3039,3920,4898,4389,4957,5526,5529,5145,5224,5496,5673,5796,5832,5730,5592,5332,5015,4701,4442,4138,3797,3450,2973,2667,2368,2158,1967,1851,1806,1760,1682,1461,1137,769,588,407,392,402,427,471,450,511,512,527,562,545,560,450,333,284,230,176,91,97,69,5,-92,-161,-213,-259,-296,-323,-402,-484,-576,-723,-853,-967,-1091,-1182,-8924
9,0,2039,158330,4259,3546,3190,2896,2589,2446,2222,2049,1919,1723,1697,1692,1707,1848,2264,3055,3971,4910,4411,4978,5547,5553,5177,5255,5536,5713,5837,5874,5773,5641,5377,5050,4727,4459,4159,3810,3462,3008,2679,2361,2151,1956,1858,1814,1768,1697,1490,1165,782,582,402,396,413,439,463,470,518,514,525,544,533,552,418,342,273,242,234,171,81,40,-25,-83,-154,-182,-245,-298,-315,-405,-500,-582,-716,-864,-1002,-1100,-1199,-9203
9,0,2040,159081,4283,3570,3212,2914,2607,2461,2237,2066,1933,1735,1707,1706,1720,1860,2278,3070,3997,4971,4420,4997,5565,5576,5205,5294,5571,5749,5878,5916,5816,5683,5421,5089,4761,4488,4176,3828,3474,3020,2710,2367,2140,1952,1848,1819,1775,1710,1500,1189,810,595,391,387,416,451,475,461,534,518,527,537,514,540,410,310,280,223,245,224,156,27,-51,-108,-150,-180,-220,-280,-319,-399,-505,-601,-725,-855,-1012,-1140,-1210,-9459
9,0,2041,159803,4307,3592,3230,2933,2622,2478,2249,2077,1946,1745,1717,1714,1729,1874,2289,3089,4017,5000,4492,5011,5590,5598,5229,5320,5607,5784,5919,5953,5854,5720,5457,5130,4801,4515,4198,3843,3488,3027,2722,2398,2147,1941,1843,1809,1782,1713,1508,1198,832,618,402,374,411,453,486,470,525,533,532,540,511,517,393,299,246,235,227,236,208,95,-67,-139,-174,-177,-217,-259,-303,-401,-495,-602,-748,-864,-1004,-1153,-1253,-9689
9,0,2042,160550,4333,3613,3252,2953,2641,2492,2266,2090,1955,1755,1729,1727,1739,1880,2300,3102,4038,5024,4526,5090,5600,5619,5248,5347,5639,5820,5954,5986,5888,5754,5494,5167,4838,4546,4222,3859,3501,3039,2724,2407,2176,1948,1833,1807,1777,1716,1515,1205,837,640,426,387,400,448,489,481,533,528,550,549,510,515,373,280,233,199,237,218,220,141,-6,-152,-200,-197,-212,-256,-279,-382,-499,-594,-751,-891,-1020,-1145,-1266,-9928
9,0,2043,161276,4356,3634,3271,2969,2656,2508,2276,2102,1967,1767,1740,1736,1751,1892,2313,3120,4057,5053,4559,5122,5680,5631,5272,5370,5668,5851,5989,6022,5922,5789,5526,5200,4867,4584,4258,3886,3512,3046,2734,2407,2180,1972,1837,1794,1768,1708,1518,1205,847,647,446,413,411,437,484,482,544,537,544,564,518,514,365,253,211,182,199,233,202,153,42,-96,-216,-223,-236,-249,-279,-363,-482,-600,-740,-892,-1047,-1158,-1256,-10160
9,0,2044,161983,4377,3655,3290,2987,2671,2520,2291,2114,1979,1777,1749,1743,1761,1903,2327,3136,4078,5076,4586,5154,5714,5710,5289,5395,5695,5883,6022,6059,5954,5819,5557,5228,4898,4614,4287,3909,3534,3060,2738,2411,2178,1974,1862,1801,1759,1704,1507,1207,847,653,455,432,431,446,476,481,548,548,552,558,534,519,362,245,181,159,183,191,213,134,48,-55,-164,-240,-257,-273,-273,-360,-461,-583,-746,-884,-1048,-1189,-1276,-10346
9,0,2045,162647,4399,3675,3308,3003,2688,2536,2305,2126,1986,1785,1757,1753,1768,1910,2335,3148,4098,5100,4617,5191,5746,5737,5354,5412,5721,5911,6051,6087,5987,5854,5589,5257,4925,4639,4316,3941,3562,3076,2745,2414,2182,1973,1866,1821,1760,1692,1493,1193,843,649,459,433,446,468,485,476,546,548,559,563,526,537,368,242,173,132,156,174,174,143,29,-48,-126,-189,-272,-296,-295,-355,-461,-556,-728,-891,-1038,-1192,-1308,-10519
9,0,2046,163281,4421,3695,3328,3022,2702,2547,2314,2137,1998,1794,1766,1761,1776,1919,2345,3163,4117,5124,4645,5223,5774,5770,5389,5478,5740,5940,6077,6120,6015,5882,5612,5282,4948,4664,4340,3963,3582,3099,2761,2421,2184,1977,1860,1823,1782,1691,1480,1180,828,644,449,437,454,486,503,481,539,546,562,573,532,524,386,244,169,117,127,151,157,108,39,-65,-121,-154,-227,-306,-319,-378,-455,-557,-701,-871,-1046,-1184,-1312,-10710
9,0,2047,163853,4440,3714,3346,3037,2716,2562,2327,2147,2008,1802,1775,1770,1782,1929,2356,3177,4134,5146,4669,5251,5807,5800,5417,5504,5797,5962,6104,6146,6041,5905,5638,5303,4971,4686,4358,3983,3605,3121,2782,2432,2185,1975,1862,1820,1783,1710,1481,1164,809,619,441,431,457,490,520,499,546,539,561,575,540,536,374,262,169,114,117,121,136,92,5,-57,-137,-157,-195,-269,-333,-405,-475,-554,-702,-841,-1026,-1194,-1300,-10885
9,0,2048,164482,4460,3732,3361,3052,2732,2575,2336,2158,2016,1813,1783,1781,1790,1939,2365,3189,4151,5169,4698,5281,5838,5830,5447,5536,5829,6019,6126,6172,6065,5929,5659,5326,4991,4702,4381,4000,3620,3135,2803,2451,2194,1977,1863,1824,1781,1714,1500,1160,785,600,421,424,451,492,526,512,560,550,559,572,542,543,380,251,187,117,106,110,105,68,-17,-90,-129,-167,-188,-238,-290,-419,-505,-579,-696,-841,-992,-1167,-1314,-11000
9,0,2049,165048,4480,3751,3377,3067,2743,2587,2349,2169,2028,1822,1794,1790,1800,1946,2374,3203,4167,5189,4727,5310,5863,5858,5477,5567,5860,6049,6181,6189,6090,5946,5681,5345,5008,4723,4391,4015,3635,3154,2811,2470,2209,1984,1864,1820,1782,1709,1501,1174,779,577,400,404,445,488,526,518,574,564,560,570,540,545,387,258,175,129,110,101,94,38,-33,-108,-164,-162,-207,-232,-261,-374,-524,-611,-727,-838,-990,-1126,-1285,-11121
9,0,2050,165554,4498,3767,3394,3082,2758,2597,2360,2178,2036,1829,1798,1796,1807,1954,2384,3212,4181,5209,4748,5335,5890,5888,5502,5593,5891,6078,6207,6241,6108,5967,5698,5359,5025,4733,4413,4029,3647,3160,2828,2477,2222,2000,1871,1819,1781,1707,1495,1173,794,569,377,383,424,480,525,522,579,576,577,576,531,538,389,262,177,118,124,105,86,27,-61,-127,-175,-196,-203,-249,-260,-346,-478,-625,-758,-872,-988,-1129,-1242,-11201
9,0,2051,166037,4515,3783,3409,3093,2769,2607,2370,2185,2043,1834,1805,1802,1814,1958,2394,3224,4198,5231,4774,5359,5918,5912,5529,5620,5917,6107,6238,6269,6153,5985,5715,5375,5039,4752,4421,4039,3658,3173,2836,2488,2237,2015,1885,1831,1780,1706,1492,1164,792,584,366,357,403,463,515,517,579,577,587,587,541,530,384,263,185,122,109,120,85,17,-77,-155,-199,-207,-228,-248,-273,-344,-443,-577,-777,-907,-1026,-1125,-1246,-11235
9,0,2052,166484,4533,3799,3424,3109,2781,2619,2377,2194,2050,1843,1812,1807,1819,1965,2404,3235,4214,5247,4795,5385,5944,5936,5553,5649,5946,6133,6264,6297,6182,6031,5727,5389,5051,4761,4435,4053,3667,3178,2840,2494,2240,2022,1895,1841,1785,1707,1482,1160,780,576,378,345,378,449,503,510,575,578,594,600,556,538,373,256,184,124,112,101,99,19,-84,-169,-224,-222,-246,-273,-270,-358,-443,-541,-726,-928,-1068,-1170,-1240,-11256
9,0,2053,166918,4548,3814,3438,3120,2793,2630,2390,2204,2059,1851,1818,1816,1825,1971,2408,3246,4228,5264,4817,5409,5966,5961,5579,5673,5973,6161,6294,6323,6206,6052,5769,5398,5062,4772,4444,4059,3674,3183,2847,2502,2245,2027,1903,1851,1797,1712,1482,1152,775,562,371,360,371,428,490,497,572,578,597,605,567,553,380,243,172,122,113,105,85,31,-85,-177,-233,-249,-264,-285,-297,-357,-457,-543,-691,-868,-1093,-1220,-1288,-11268
9,0,2054,167277,4564,3829,3451,3134,2805,2638,2400,2212,2064,1858,1829,1820,1831,1979,2415,3256,4241,5282,4837,5432,5987,5982,5601,5695,5995,6187,6319,6347,6228,6079,5792,5440,5069,4779,4448,4065,3680,3189,2850,2496,2249,2032,1910,1856,1809,1718,1487,1147,760,552,356,351,383,416,470,485,561,574,592,605,569,563,394,250,160,112,112,111,85,13,-74,-177,-244,-261,-286,-303,-312,-385,-455,-562,-686,-828,-1028,-1245,-1341,-11323
9,0,2055,167635,4580,3842,3464,3144,2815,2647,2403,2220,2073,1861,1835,1829,1837,1985,2422,3265,4250,5296,4857,5452,6008,6007,5622,5718,6022,6211,6343,6370,6254,6098,5811,5460,5105,4784,4455,4070,3684,3191,2855,2502,2250,2031,1914,1863,1812,1727,1496,1149,756,540,347,336,379,430,463,471,551,565,589,606,571,566,406,264,166,102,102,103,88,16,-91,-172,-244,-271,-298,-327,-330,-399,-488,-560,-706,-828,-982,-1172,-1369,-11434
9,0,2056,167975,4593,3856,3476,3157,2824,2658,2413,2225,2079,1868,1838,1835,1841,1993,2429,3273,4261,5313,4877,5473,6034,6026,5643,5740,6044,6237,6367,6396,6274,6119,5832,5479,5123,4820,4459,4076,3686,3195,2854,2506,2250,2035,1914,1864,1817,1732,1504,1157,754,531,331,327,360,423,474,466,535,550,577,600,566,567,409,274,180,103,86,94,85,20,-90,-184,-236,-271,-303,-338,-352,-419,-501,-592,-705,-852,-981,-1121,-1289,-11568
9,0,2057,168263,4607,3868,3489,3167,2834,2666,2424,2233,2086,1872,1842,1840,1846,1997,2435,3282,4274,5329,4892,5496,6050,6044,5662,5760,6064,6259,6389,6415,6297,6142,5850,5492,5136,4833,4494,4073,3689,3192,2852,2504,2248,2031,1914,1865,1817,1737,1508,1161,759,530,322,312,350,409,467,472,529,539,565,589,562,562,408,276,190,114,86,81,72,12,-87,-185,-250,-265,-307,-342,-359,-439,-521,-609,-740,-848,-1005,-1116,-1235,-11592
9,0,2058,168530,4620,3881,3499,3177,2845,2674,2429,2240,2091,1879,1850,1847,1852,2001,2441,3288,4285,5344,4911,5515,6069,6062,5685,5780,6085,6278,6409,6438,6316,6158,5867,5510,5152,4849,4502,4105,3684,3193,2849,2499,2246,2030,1912,1867,1818,1739,1510,1165,765,534,319,303,338,401,456,471,538,534,555,578,551,556,403,274,189,125,102,81,61,0,-92,-184,-253,-279,-303,-346,-370,-451,-544,-628,-758,-891,-1002,-1148,-1232,-11569
9,0,2059,168761,4632,3892,3511,3186,2853,2682,2435,2249,2098,1884,1853,1850,1856,2005,2447,3296,4295,5356,4929,5533,6087,6084,5702,5800,6106,6300,6429,6457,6339,6176,5886,5523,5165,4859,4518,4115,3714,3188,2846,2494,2245,2028,1914,1866,1816,1739,1510,1169,767,541,324,301,331,389,449,459,536,540,548,563,539,546,395,268,186,128,113,92,59,-10,-104,-189,-252,-279,-316,-341,-372,-457,-559,-654,-784,-912,-1049,-1144,-1268,-11540
9,0,2060,168899,4644,3904,3520,3197,2861,2688,2444,2251,2103,1887,1859,1855,1864,2010,2453,3305,4308,5364,4943,5548,6107,6100,5716,5817,6123,6323,6452,6478,6353,6194,5901,5540,5181,4872,4529,4123,3722,3214,2840,2489,2235,2026,1908,1864,1816,1736,1506,1165,769,538,327,306,329,383,439,454,524,538,553,560,526,531,379,260,179,124,108,102,70,-9,-119,-198,-254,-280,-314,-355,-368,-464,-567,-670,-817,-937,-1074,-1197,-1264,-11551
9,1,2023,81255,2102,1587,1494,1394,1308,1260,1184,1083,985,885,825,793,784,816,948,1276,1640,2113,1884,2079,2479,2519,2462,2636,2647,2760,2768,2723,2703,2711,2585,2477,2357,2106,2086,1875,1656,1371,1317,1087,964,881,886,854,900,891,734,599,417,316,219,117,67,105,152,186,248,266,340,309,192,281,173,153,114,102,57,98,158,113,180,198,163,141,148,138,101,139,64,-57,-80,-149,-184,-213,-235,-1756
9,1,2024,80523,2117,1750,1425,1359,1272,1235,1169,1077,982,889,826,813,794,825,968,1259,1658,2074,1949,2059,2415,2580,2435,2499,2663,2684,2769,2756,2738,2722,2660,2499,2375,2237,1989,1929,1659,1431,1223,1141,1015,877,886,897,858,871,756,570,407,307,226,178,118,104,113,175,227,265,292,352,284,185,210,123,104,62,67,48,105,130,58,117,161,98,93,103,86,2,26,-27,-146,-177,-219,-251,-262,-1855
9,1,2025,79981,2134,1764,1568,1297,1238,1204,1149,1064,978,881,832,808,810,839,989,1277,1651,2090,1906,2117,2404,2510,2478,2482,2545,2705,2694,2774,2740,2769,2671,2562,2402,2270,2128,1850,1720,1454,1276,1081,1048,927,888,900,896,835,739,592,380,291,214,191,166,145,119,140,229,251,286,315,331,266,107,150,77,56,38,44,51,105,81,-2,84,87,53,40,83,-5,-107,-54,-133,-221,-261,-290,-297,-1965
9,1,2026,79644,2150,1779,1582,1425,1188,1178,1120,1049,965,879,829,818,817,859,1007,1316,1675,2090,1925,2083,2442,2514,2427,2542,2529,2605,2716,2716,2771,2754,2717,2580,2441,2286,2170,1970,1661,1499,1310,1138,1009,948,935,908,901,866,703,581,398,276,203,176,175,190,152,147,195,251,292,293,307,314,183,53,88,42,25,36,27,38,76,29,-25,13,46,8,13,-8,-112,-203,-156,-211,-293,-342,-338,-2087
9,1,2027,79097,2166,1793,1595,1435,1298,1132,1099,1022,953,866,821,824,821,869,1023,1324,1722,2116,1946,2090,2424,2538,2449,2480,2589,2587,2628,2714,2732,2793,2683,2615,2464,2298,2161,1990,1739,1428,1327,1147,1055,921,944,936,912,870,732,532,386,283,190,180,161,193,197,166,200,228,284,304,272,306,226,125,12,33,5,27,25,7,-3,19,9,-77,-33,-8,-11,-63,-120,-204,-319,-236,-283,-352,-399,-2236
9,1,2028,78313,2180,1807,1608,1448,1309,1229,1059,1005,934,859,826,812,827,861,1026,1341,1719,2169,1946,2137,2421,2518,2468,2502,2516,2628,2593,2644,2717,2741,2721,2568,2486,2323,2170,1975,1744,1479,1256,1152,1054,952,931,936,927,883,731,565,331,269,186,154,168,185,197,220,209,223,272,294,281,262,223,145,58,-16,-14,-7,13,-3,-25,-59,2,-57,-100,-74,-51,-94,-163,-211,-308,-413,-307,-348,-389,-2443
9,1,2029,77649,2197,1821,1620,1460,1320,1239,1144,969,922,847,822,825,824,869,1024,1343,1746,2161,2007,2112,2476,2521,2424,2512,2530,2570,2632,2599,2652,2734,2665,2594,2446,2338,2187,1987,1747,1503,1305,1100,1055,953,955,941,923,898,744,561,363,223,171,143,150,192,187,219,261,233,254,285,270,264,186,156,77,3,-30,-28,-16,-13,-34,-74,-87,-55,-96,-132,-105,-135,-198,-243,-315,-388,-495,-372,-393,-2603
9,1,2030,76704,2211,1834,1633,1470,1330,1248,1153,1042,882,838,809,823,815,869,1027,1343,1740,2192,2002,2169,2454,2556,2430,2471,2528,2571,2596,2630,2606,2669,2650,2537,2434,2306,2180,1979,1744,1492,1312,1128,1016,949,952,950,933,886,758,567,357,240,133,123,134,168,195,196,260,267,268,272,252,251,182,117,87,26,-30,-28,-46,-49,-51,-79,-93,-151,-103,-144,-150,-185,-232,-273,-338,-394,-461,-576,-413,-2742
9,1,2031,75433,2226,1847,1646,1481,1340,1258,1161,1051,945,824,793,800,809,849,1018,1341,1743,2177,2015,2166,2478,2548,2442,2468,2507,2563,2581,2602,2625,2648,2600,2514,2388,2266,2137,1954,1716,1471,1292,1115,1013,914,930,943,934,893,741,573,354,221,124,88,103,142,160,197,229,256,286,277,242,228,163,111,54,29,-20,-45,-41,-65,-93,-109,-104,-148,-168,-157,-167,-215,-271,-308,-365,-408,-465,-524,-630,-2874
9,1,2032,73563,2239,1861,1658,1493,1350,1266,1169,1058,949,832,779,781,784,834,1005,1328,1730,2174,2001,2159,2476,2544,2438,2468,2493,2542,2559,2574,2588,2626,2578,2469,2343,2217,2084,1904,1671,1428,1252,1083,990,890,903,918,923,889,740,551,348,208,103,66,66,106,128,158,217,232,268,277,240,205,129,82,44,6,-26,-51,-68,-80,-114,-151,-138,-175,-188,-208,-197,-242,-299,-342,-404,-439,-474,-528,-568,-3219
9,1,2033,73853,2255,1874,1670,1504,1360,1276,1177,1066,956,837,798,779,787,835,1007,1331,1739,2182,2014,2174,2492,2567,2459,2492,2516,2562,2578,2588,2606,2643,2592,2494,2359,2218,2092,1906,1680,1438,1261,1092,1007,903,910,923,922,895,749,562,341,224,110,63,59,91,118,152,208,239,264,284,260,234,127,69,32,11,-19,-28,-55,-80,-105,-147,-150,-179,-188,-210,-210,-247,-307,-345,-409,-461,-491,-524,-565,-3440
9,1,2034,74154,2268,1887,1682,1515,1369,1284,1186,1073,963,842,802,792,789,839,1010,1336,1745,2191,2024,2187,2509,2586,2480,2515,2542,2587,2595,2607,2620,2659,2607,2506,2384,2230,2091,1911,1680,1443,1268,1101,1013,922,924,929,926,895,755,570,353,216,124,69,58,86,105,145,202,228,268,281,268,254,157,66,14,-4,-16,-22,-33,-67,-106,-140,-149,-188,-190,-208,-212,-257,-311,-353,-415,-465,-512,-542,-559,-3630
9,1,2035,74423,2283,1900,1691,1526,1379,1292,1193,1078,968,850,807,797,801,840,1011,1341,1751,2199,2039,2201,2525,2599,2497,2534,2563,2609,2619,2626,2637,2670,2622,2519,2395,2258,2103,1909,1684,1441,1272,1107,1021,928,939,943,932,899,752,576,359,224,112,84,62,86,102,132,193,220,262,287,267,260,179,100,8,-20,-31,-18,-27,-46,-94,-145,-143,-189,-199,-213,-213,-265,-324,-358,-424,-472,-518,-569,-580,-3792
9,1,2036,74732,2296,1913,1703,1536,1389,1300,1199,1088,975,855,813,805,805,855,1012,1342,1756,2208,2049,2215,2535,2615,2514,2552,2581,2629,2641,2647,2655,2691,2636,2534,2406,2267,2126,1919,1680,1441,1267,1107,1023,936,946,957,947,903,756,572,363,232,121,74,77,91,101,130,185,217,260,278,269,256,188,127,49,-30,-48,-32,-23,-42,-77,-132,-144,-180,-200,-221,-215,-264,-332,-377,-429,-482,-526,-575,-605,-3949
9,1,2037,75031,2309,1925,1715,1544,1398,1309,1207,1094,980,859,818,810,812,857,1027,1343,1756,2211,2057,2223,2550,2628,2530,2571,2599,2648,2661,2668,2676,2708,2654,2547,2422,2278,2135,1942,1687,1436,1267,1105,1026,938,952,963,958,917,761,573,357,232,129,81,67,101,107,130,185,213,256,277,262,263,184,134,77,14,-59,-52,-38,-40,-71,-114,-134,-186,-194,-222,-226,-266,-330,-380,-447,-489,-537,-583,-611,-4113
9,1,2038,75344,2322,1938,1725,1556,1408,1318,1215,1100,987,866,825,814,816,863,1032,1361,1759,2216,2063,2234,2562,2642,2544,2586,2616,2667,2679,2686,2699,2729,2672,2562,2430,2290,2146,1948,1710,1443,1258,1100,1021,941,955,971,967,929,771,576,358,226,129,88,74,94,113,136,186,210,248,275,261,254,189,129,84,45,-13,-61,-56,-54,-69,-111,-118,-176,-195,-217,-225,-275,-333,-379,-455,-509,-545,-596,-621,-4265
9,1,2039,75640,2334,1949,1737,1566,1416,1327,1222,1105,993,871,829,818,819,867,1037,1369,1782,2219,2068,2242,2567,2653,2559,2599,2632,2684,2695,2703,2717,2751,2692,2579,2444,2298,2155,1956,1713,1461,1265,1092,1017,934,959,974,973,936,785,588,360,226,123,89,79,101,108,145,189,212,247,268,258,252,176,134,78,51,18,-17,-66,-70,-83,-107,-114,-158,-188,-218,-220,-276,-343,-384,-454,-516,-567,-604,-634,-4406
9,1,2040,75932,2347,1961,1749,1575,1425,1334,1229,1114,999,876,833,824,825,872,1043,1376,1794,2249,2072,2249,2576,2661,2571,2615,2648,2697,2712,2723,2736,2770,2714,2598,2461,2314,2161,1965,1718,1463,1282,1096,1008,932,952,977,975,942,788,598,371,228,120,82,80,105,115,137,197,212,250,265,251,246,172,119,82,42,24,12,-23,-78,-98,-120,-113,-157,-175,-209,-224,-273,-347,-399,-458,-515,-575,-627,-645,-4541
9,1,2041,76212,2359,1972,1757,1584,1432,1343,1237,1120,1004,879,838,828,828,879,1050,1384,1800,2261,2103,2251,2585,2669,2580,2626,2663,2714,2729,2736,2751,2786,2729,2619,2482,2325,2175,1968,1726,1468,1284,1113,1011,923,951,970,978,943,793,603,379,234,122,77,75,107,120,142,191,220,254,267,249,238,165,113,66,50,15,19,5,-40,-106,-139,-127,-157,-172,-197,-214,-276,-342,-398,-472,-520,-575,-635,-669,-4666
9,1,2042,76524,2373,1983,1769,1594,1441,1350,1245,1125,1011,885,845,835,835,882,1053,1389,1810,2269,2118,2288,2587,2678,2588,2638,2676,2728,2744,2750,2765,2801,2747,2635,2498,2342,2187,1980,1728,1471,1285,1112,1028,927,942,969,975,946,797,606,382,244,130,78,71,102,121,148,195,219,262,273,250,237,159,105,59,31,21,9,12,-14,-72,-145,-139,-167,-171,-195,-202,-265,-345,-391,-476,-539,-582,-636,-678,-4797
9,1,2043,76799,2384,1993,1777,1602,1449,1358,1249,1132,1016,892,850,839,841,887,1059,1396,1818,2282,2133,2302,2624,2681,2598,2647,2687,2742,2758,2767,2777,2816,2762,2650,2512,2360,2203,1991,1735,1473,1290,1114,1026,939,943,962,972,940,798,605,387,248,136,88,73,98,116,148,198,223,259,279,254,239,153,93,48,21,1,18,3,-7,-44,-114,-151,-183,-184,-192,-201,-254,-334,-397,-470,-538,-599,-643,-677,-4927
9,1,2044,77094,2396,2003,1787,1612,1458,1364,1256,1138,1021,895,853,841,844,892,1064,1403,1828,2293,2146,2315,2641,2719,2606,2658,2697,2755,2772,2780,2791,2830,2775,2663,2529,2375,2219,2003,1745,1479,1288,1114,1025,938,959,967,965,940,793,606,386,251,139,96,80,99,113,144,201,227,261,277,263,241,154,89,35,10,-8,-4,10,-16,-40,-88,-119,-193,-196,-207,-199,-252,-323,-388,-475,-533,-599,-663,-688,-5032
9,1,2045,77346,2407,2014,1796,1619,1465,1373,1264,1142,1025,898,859,846,846,895,1070,1408,1837,2303,2159,2332,2655,2731,2634,2665,2709,2765,2782,2792,2806,2846,2789,2676,2541,2386,2231,2019,1759,1487,1293,1113,1026,938,959,978,967,932,788,597,382,248,141,95,85,106,114,144,199,227,265,278,258,249,157,89,30,-4,-23,-16,-12,-12,-51,-84,-97,-160,-207,-218,-210,-250,-324,-374,-463,-539,-594,-665,-709,-5131
9,1,2046,77623,2419,2024,1806,1630,1472,1377,1269,1150,1030,905,864,850,850,899,1074,1416,1845,2313,2171,2347,2667,2745,2652,2694,2717,2776,2794,2804,2816,2856,2799,2688,2551,2400,2244,2030,1769,1500,1299,1116,1026,938,955,975,981,933,779,595,375,244,138,98,87,113,120,141,198,225,267,283,262,243,167,91,28,-12,-36,-26,-22,-31,-44,-93,-93,-140,-177,-226,-224,-263,-320,-373,-448,-527,-601,-659,-711,-5241
9,1,2047,77853,2429,2034,1815,1636,1479,1385,1276,1154,1034,907,868,854,854,903,1078,1421,1852,2321,2182,2359,2683,2759,2666,2706,2743,2785,2803,2813,2827,2866,2812,2699,2564,2410,2252,2037,1781,1510,1310,1121,1025,936,956,976,978,945,783,585,370,231,133,94,88,113,127,149,197,221,266,286,264,250,161,98,29,-12,-43,-41,-33,-40,-63,-88,-102,-141,-158,-203,-232,-280,-332,-371,-449,-511,-589,-666,-704,-5338
9,1,2048,78100,2439,2044,1821,1644,1488,1393,1279,1157,1039,913,871,860,858,907,1082,1427,1859,2331,2195,2373,2697,2773,2680,2721,2758,2810,2811,2824,2835,2876,2821,2709,2572,2416,2263,2048,1786,1516,1320,1131,1030,937,955,978,979,945,792,584,354,225,121,90,84,114,128,152,201,224,266,284,267,253,164,92,38,-10,-49,-50,-48,-54,-75,-106,-97,-147,-154,-183,-207,-288,-350,-387,-447,-510,-571,-652,-713,-5406
9,1,2049,78340,2450,2052,1830,1652,1493,1398,1284,1165,1044,918,876,863,862,911,1087,1432,1865,2341,2208,2385,2706,2785,2694,2737,2771,2824,2836,2829,2845,2885,2831,2718,2580,2427,2268,2052,1795,1525,1323,1142,1038,940,957,978,979,945,790,592,353,210,112,77,81,111,129,154,206,229,264,286,265,254,166,98,31,-5,-46,-52,-55,-69,-85,-118,-115,-143,-162,-177,-187,-259,-362,-406,-464,-509,-569,-631,-698,-5482
9,1,2050,78536,2459,2060,1838,1659,1502,1404,1292,1169,1047,922,877,867,865,915,1090,1435,1873,2349,2216,2397,2721,2798,2706,2746,2785,2836,2846,2852,2852,2893,2838,2723,2588,2430,2277,2059,1797,1527,1331,1144,1045,949,960,976,978,943,789,588,360,209,99,70,70,106,127,156,206,234,270,285,262,250,170,98,35,-11,-36,-50,-60,-76,-97,-127,-124,-162,-161,-188,-187,-241,-332,-415,-483,-530,-569,-631,-677,-5527
9,1,2051,78722,2468,2069,1845,1665,1506,1408,1296,1171,1051,922,882,869,869,917,1095,1441,1879,2359,2228,2407,2734,2810,2719,2759,2794,2848,2858,2863,2870,2900,2845,2731,2592,2437,2280,2063,1803,1531,1333,1149,1052,957,968,981,980,941,788,587,358,218,96,55,61,96,122,154,207,233,274,288,265,248,165,100,38,-6,-44,-43,-59,-80,-109,-143,-136,-170,-176,-188,-193,-240,-310,-384,-493,-550,-590,-632,-676,-5554
9,1,2052,78911,2477,2076,1853,1672,1513,1415,1300,1176,1055,927,884,871,871,920,1099,1446,1886,2364,2237,2419,2746,2821,2730,2774,2809,2858,2867,2875,2883,2919,2850,2737,2600,2442,2286,2067,1805,1533,1334,1151,1054,958,973,988,982,944,783,584,355,210,102,50,47,92,115,148,205,233,276,293,269,250,162,94,37,-7,-45,-51,-52,-77,-112,-149,-149,-178,-186,-202,-191,-248,-309,-362,-460,-562,-612,-654,-674,-5561
9,1,2053,79091,2484,2084,1860,1678,1518,1421,1306,1182,1060,930,888,875,875,923,1102,1451,1893,2371,2248,2429,2755,2833,2741,2783,2820,2872,2883,2886,2892,2931,2870,2741,2603,2445,2288,2070,1808,1533,1337,1153,1054,961,976,993,990,947,786,580,354,206,96,58,45,79,109,142,203,233,276,295,274,256,161,91,30,-8,-42,-49,-59,-72,-109,-154,-156,-192,-197,-210,-207,-245,-318,-361,-440,-523,-627,-681,-700,-5576
9,1,2054,79233,2493,2092,1866,1685,1523,1425,1311,1185,1062,934,893,877,876,926,1105,1454,1899,2381,2254,2439,2766,2844,2751,2793,2831,2882,2892,2896,2900,2942,2879,2760,2607,2449,2290,2070,1810,1536,1337,1150,1055,963,981,997,996,952,787,580,344,201,92,51,50,74,97,137,197,230,276,295,274,257,166,91,25,-14,-42,-46,-57,-81,-103,-152,-160,-200,-208,-220,-217,-263,-316,-372,-436,-497,-587,-695,-727,-5607
9,1,2055,79354,2502,2099,1873,1691,1530,1429,1312,1187,1064,935,895,881,878,928,1108,1459,1902,2386,2264,2449,2775,2856,2762,2804,2842,2892,2902,2905,2913,2950,2889,2770,2625,2449,2291,2070,1810,1532,1336,1151,1055,962,982,1000,997,957,793,580,344,195,87,47,45,82,95,128,194,226,275,295,274,259,171,95,25,-17,-51,-51,-58,-78,-114,-149,-159,-204,-215,-235,-228,-273,-336,-371,-447,-496,-560,-650,-743,-5670
9,1,2056,79480,2508,2105,1880,1696,1533,1434,1317,1191,1069,939,897,884,880,932,1110,1462,1905,2394,2273,2456,2787,2863,2771,2815,2852,2903,2912,2914,2919,2959,2898,2778,2633,2469,2291,2072,1808,1534,1335,1150,1054,962,982,1000,1000,958,797,583,341,192,78,41,39,75,101,127,184,221,270,295,272,259,172,98,29,-20,-56,-57,-58,-76,-112,-156,-154,-203,-219,-241,-239,-283,-344,-390,-446,-510,-558,-620,-695,-5741
9,1,2057,79570,2515,2112,1885,1702,1539,1438,1322,1194,1072,940,899,885,883,934,1112,1465,1911,2400,2279,2467,2794,2870,2780,2824,2860,2912,2918,2923,2931,2968,2905,2785,2639,2473,2310,2067,1807,1530,1331,1147,1049,957,979,1000,999,961,798,587,345,191,75,31,34,71,96,129,182,216,266,291,271,257,170,99,33,-18,-59,-62,-65,-81,-109,-157,-164,-200,-222,-241,-244,-295,-356,-400,-466,-507,-572,-616,-664,-5747
9,1,2058,79665,2522,2118,1890,1706,1544,1443,1326,1198,1074,943,902,889,886,935,1114,1468,1917,2405,2286,2476,2802,2880,2789,2830,2868,2919,2927,2932,2936,2977,2914,2793,2647,2483,2313,2084,1802,1528,1327,1142,1047,956,976,1000,999,962,800,588,349,193,71,30,27,65,92,127,186,215,261,287,268,255,169,97,31,-13,-54,-65,-70,-88,-111,-154,-163,-209,-218,-243,-251,-303,-369,-411,-476,-533,-569,-633,-661,-5727
9,1,2059,79759,2528,2123,1896,1712,1547,1446,1327,1202,1078,946,904,891,888,937,1118,1472,1921,2411,2295,2484,2810,2890,2798,2842,2878,2929,2936,2938,2947,2983,2921,2800,2653,2486,2321,2090,1818,1521,1324,1138,1044,954,978,1000,997,962,800,591,349,197,75,29,25,58,88,123,184,218,260,281,265,252,166,95,30,-13,-49,-61,-76,-92,-120,-157,-163,-207,-224,-240,-252,-307,-378,-426,-492,-545,-595,-630,-678,-5706
9,1,2060,79804,2535,2130,1901,1717,1552,1449,1331,1203,1078,947,908,894,892,941,1121,1476,1927,2413,2301,2491,2821,2897,2806,2848,2885,2939,2945,2948,2951,2992,2930,2807,2659,2494,2326,2090,1821,1538,1317,1133,1037,951,973,997,997,960,797,589,351,195,78,31,23,56,83,121,181,215,263,281,260,250,160,91,26,-16,-52,-58,-71,-94,-127,-164,-163,-207,-223,-249,-247,-311,-382,-436,-510,-560,-609,-658,-676,-5703
9,2,2023,84193,1704,1205,1173,1120,1029,1019,924,873,871,818,816,816,819,885,1110,1506,1972,2442,2088,2514,2799,2743,2459,2541,2845,2934,2982,3056,2931,2749,2536,2312,2131,2004,1820,1692,1636,1406,1267,1195,1024,943,808,733,713,686,680,583,454,441,340,318,306,339,360,360,419,343,338,352,292,319,243,292,176,296,332,325,375,337,291,278,252,223,201,223,130,155,126,54,-38,-69,-136,-181,-257,-2328
9,2,2024,83847,1721,1405,1109,1091,995,1001,912,876,869,815,815,821,829,907,1113,1538,1974,2462,2070,2492,2791,2731,2484,2491,2766,2942,3022,3028,2959,2800,2574,2351,2157,2014,1859,1698,1613,1461,1305,1148,1072,925,825,755,695,688,644,569,458,416,357,364,355,325,375,340,374,398,327,335,343,316,252,192,280,163,323,316,317,322,270,218,195,246,173,145,161,56,87,49,-34,-123,-164,-211,-240,-2411
9,2,2025,83573,1736,1420,1285,1035,972,971,897,869,871,823,816,824,838,916,1138,1553,2010,2466,2100,2472,2771,2740,2466,2501,2723,2872,3036,3056,2933,2819,2622,2400,2207,2053,1880,1743,1627,1442,1352,1183,1025,965,812,769,724,674,647,543,445,421,333,385,387,362,352,354,367,357,376,332,315,351,259,205,181,263,199,306,289,270,248,215,126,187,188,116,100,77,-21,11,-43,-121,-223,-238,-275,-2480
9,2,2026,83503,1751,1434,1299,1190,925,951,874,855,869,825,831,826,849,934,1150,1579,2039,2507,2100,2515,2759,2734,2486,2522,2734,2838,2989,3075,2968,2795,2641,2427,2249,2118,1918,1757,1673,1458,1348,1221,1065,932,849,776,734,698,643,545,428,403,345,363,408,392,383,325,366,357,338,368,333,320,276,200,199,165,284,194,289,237,199,180,131,107,147,136,54,39,5,-105,-72,-138,-220,-307,-305,-2576
9,2,2027,83214,1765,1447,1311,1201,1059,913,856,837,852,828,829,848,847,943,1173,1594,2060,2534,2140,2497,2782,2719,2462,2537,2766,2852,2949,3035,2989,2819,2616,2455,2253,2136,1968,1789,1681,1488,1354,1220,1097,966,824,794,743,707,647,545,418,386,321,368,393,414,412,350,347,345,341,340,345,354,248,213,169,193,192,265,181,230,165,137,93,123,59,104,80,-19,-23,-78,-202,-155,-234,-299,-380,-2709
9,2,2028,82666,1780,1460,1324,1213,1068,1024,826,825,851,802,833,837,861,940,1176,1616,2079,2566,2176,2535,2759,2727,2453,2501,2767,2871,2966,3000,2942,2839,2625,2418,2276,2129,1969,1808,1699,1500,1366,1227,1089,987,851,776,751,711,657,539,418,373,306,345,390,399,435,373,362,329,308,338,319,353,282,192,183,148,226,173,243,140,143,97,47,83,66,15,49,10,-75,-101,-173,-298,-245,-311,-371,-2900
9,2,2029,82342,1794,1474,1337,1224,1078,1032,920,798,838,827,822,839,859,948,1176,1620,2099,2584,2213,2580,2804,2708,2454,2501,2736,2882,2971,3018,2933,2796,2638,2419,2254,2154,1976,1834,1714,1516,1386,1231,1100,981,865,798,737,717,666,545,411,369,299,336,375,395,413,392,386,344,307,302,314,322,283,227,185,168,183,211,151,193,80,77,8,32,33,15,-27,-25,-52,-139,-190,-270,-401,-321,-381,-3059
9,2,2030,81780,1808,1487,1349,1235,1088,1044,929,879,811,821,833,837,854,950,1182,1625,2107,2602,2223,2605,2838,2751,2440,2499,2739,2851,2988,3010,2933,2783,2593,2419,2229,2139,1986,1826,1735,1521,1393,1241,1092,990,854,807,754,707,664,548,411,363,284,327,360,377,409,369,390,366,315,296,285,317,257,216,203,169,189,186,183,114,101,35,-10,-1,-21,-10,-31,-81,-89,-130,-213,-280,-374,-497,-388,-3216
9,2,2031,80848,1822,1501,1362,1247,1098,1052,937,887,873,801,823,835,850,944,1181,1623,2107,2605,2229,2609,2843,2762,2466,2484,2735,2855,2970,3010,2916,2778,2576,2384,2221,2106,1966,1818,1712,1522,1393,1240,1095,972,852,788,754,712,657,545,404,349,268,301,348,359,384,364,370,352,329,301,263,282,236,202,185,171,181,164,161,116,54,23,-37,-16,-40,-50,-55,-90,-120,-162,-218,-288,-380,-458,-577,-3346
9,2,2032,79313,1836,1513,1373,1259,1110,1061,946,895,880,808,807,824,843,938,1179,1621,2105,2602,2229,2609,2844,2763,2471,2495,2727,2843,2957,2992,2888,2748,2557,2354,2182,2073,1928,1789,1688,1494,1374,1232,1087,960,828,776,739,703,646,531,402,338,254,283,314,338,363,332,357,327,308,302,269,247,188,156,164,144,174,151,132,91,24,-17,-69,-44,-70,-82,-90,-117,-146,-185,-250,-314,-385,-462,-533,-3688
9,2,2033,79808,1849,1526,1385,1269,1117,1070,953,900,888,815,828,823,846,939,1183,1631,2118,2615,2245,2632,2869,2786,2496,2524,2757,2871,2980,3013,2910,2760,2581,2381,2194,2082,1933,1796,1700,1504,1388,1241,1101,980,841,779,743,709,658,540,398,353,257,281,313,324,356,328,342,332,304,310,292,289,184,142,149,155,179,174,147,93,32,-16,-73,-47,-62,-81,-95,-119,-146,-191,-250,-325,-400,-455,-524,-3891
9,2,2034,80300,1863,1538,1396,1279,1126,1077,961,910,892,823,835,845,844,942,1183,1636,2128,2635,2264,2648,2888,2810,2520,2552,2785,2899,3008,3033,2930,2779,2591,2402,2221,2093,1943,1798,1704,1514,1395,1254,1116,996,859,788,742,715,663,547,404,348,270,284,312,322,345,322,341,321,310,304,303,314,224,135,132,138,189,179,169,108,32,-9,-72,-51,-65,-77,-98,-125,-144,-192,-257,-323,-408,-472,-516,-4067
9,2,2035,80813,1875,1550,1408,1290,1137,1088,970,915,901,829,842,852,865,945,1187,1642,2140,2647,2285,2670,2910,2829,2544,2575,2811,2929,3036,3061,2949,2797,2608,2409,2238,2115,1950,1807,1708,1518,1403,1262,1124,1007,873,806,756,712,666,550,414,355,263,299,314,323,344,312,334,318,299,312,295,321,254,174,125,124,174,187,172,128,44,-11,-66,-50,-69,-78,-93,-125,-151,-190,-256,-329,-409,-483,-534,-4219
9,2,2036,81290,1888,1562,1419,1298,1147,1095,977,924,908,834,849,858,871,963,1189,1647,2147,2658,2300,2690,2927,2848,2562,2594,2838,2956,3066,3091,2976,2816,2623,2425,2247,2132,1972,1814,1713,1520,1407,1267,1129,1014,883,821,769,725,662,555,416,361,269,293,328,326,345,312,324,315,296,297,302,317,261,206,166,117,158,174,182,130,64,3,-67,-46,-67,-84,-94,-123,-157,-200,-257,-330,-419,-485,-551,-4368
9,2,2037,81764,1900,1573,1432,1310,1155,1104,985,931,914,841,855,864,877,971,1213,1651,2157,2670,2314,2705,2947,2866,2581,2617,2859,2982,3093,3120,3003,2838,2640,2438,2260,2139,1990,1835,1718,1523,1407,1269,1135,1020,890,829,785,740,674,549,416,363,276,299,323,338,348,311,324,303,288,293,290,323,251,210,195,156,152,156,169,138,65,18,-56,-45,-65,-84,-99,-123,-149,-201,-267,-330,-422,-492,-553,-4524
9,2,2038,82249,1912,1585,1443,1320,1164,1112,992,937,922,848,861,868,885,978,1218,1678,2161,2682,2326,2723,2964,2887,2601,2638,2880,3006,3117,3146,3031,2863,2660,2453,2271,2152,1992,1849,1740,1530,1409,1268,1137,1026,896,835,793,753,690,561,411,362,278,304,328,333,358,314,325,302,279,287,284,306,261,204,200,185,189,152,153,123,74,19,-43,-37,-64,-79,-98,-127,-151,-197,-268,-344,-422,-495,-561,-4659
9,2,2039,82690,1925,1597,1453,1330,1173,1119,1000,944,926,852,868,874,888,981,1227,1686,2189,2691,2343,2736,2980,2900,2618,2656,2904,3029,3142,3171,3056,2890,2685,2471,2283,2161,2004,1854,1749,1547,1414,1269,1134,1022,899,840,795,761,705,577,422,356,279,307,334,338,355,325,329,302,278,276,275,300,242,208,195,191,216,188,147,110,58,24,-40,-24,-57,-80,-95,-129,-157,-198,-262,-348,-435,-496,-565,-4797
9,2,2040,83149,1936,1609,1463,1339,1182,1127,1008,952,934,859,874,882,895,988,1235,1694,2203,2722,2348,2748,2989,2915,2634,2679,2923,3052,3166,3193,3080,2913,2707,2491,2300,2174,2015,1863,1756,1557,1428,1271,1132,1020,896,842,800,768,712,591,439,367,271,305,336,346,360,324,337,306,277,272,263,294,238,191,198,181,221,212,179,105,47,12,-37,-23,-45,-71,-95,-126,-158,-202,-267,-340,-437,-513,-565,-4918
9,2,2041,83591,1948,1620,1473,1349,1190,1135,1012,957,942,866,879,886,901,995,1239,1705,2217,2739,2389,2760,3005,2929,2649,2694,2944,3070,3190,3217,3103,2934,2728,2511,2319,2190,2023,1875,1762,1559,1438,1285,1136,1018,892,839,804,770,715,595,453,384,280,297,336,346,366,328,334,313,278,273,262,279,228,186,180,185,212,217,203,135,39,0,-47,-20,-45,-62,-89,-125,-153,-204,-276,-344,-429,-518,-584,-5023
9,2,2042,84026,1960,1630,1483,1359,1200,1142,1021,965,944,870,884,892,904,998,1247,1713,2228,2755,2408,2802,3013,2941,2660,2709,2963,3092,3210,3236,3123,2953,2747,2532,2340,2204,2035,1879,1773,1568,1439,1295,1148,1021,891,838,802,770,718,599,455,396,296,309,329,346,368,333,338,309,288,276,260,278,214,175,174,168,216,209,208,155,66,-7,-61,-30,-41,-61,-77,-117,-154,-203,-275,-352,-438,-509,-588,-5131
9,2,2043,84477,1972,1641,1494,1367,1207,1150,1027,970,951,875,890,897,910,1005,1254,1724,2239,2771,2426,2820,3056,2950,2674,2723,2981,3109,3231,3255,3145,2973,2764,2550,2355,2224,2055,1895,1777,1573,1444,1293,1154,1033,894,832,796,768,720,600,460,399,310,325,338,339,368,334,346,314,285,285,264,275,212,160,163,161,198,215,199,160,86,18,-65,-40,-52,-57,-78,-109,-148,-203,-270,-354,-448,-515,-579,-5233
9,2,2044,84889,1981,1652,1503,1375,1213,1156,1035,976,958,882,896,902,917,1011,1263,1733,2250,2783,2440,2839,3073,2991,2683,2737,2998,3128,3250,3279,3163,2989,2782,2565,2369,2239,2068,1906,1789,1581,1450,1297,1153,1036,903,834,794,764,714,601,461,402,316,336,351,347,363,337,347,321,291,281,271,278,208,156,146,149,191,195,203,150,88,33,-45,-47,-61,-66,-74,-108,-138,-195,-271,-351,-449,-526,-588,-5314
9,2,2045,85301,1992,1661,1512,1384,1223,1163,1041,984,961,887,898,907,922,1015,1265,1740,2261,2797,2458,2859,3091,3006,2720,2747,3012,3146,3269,3295,3181,3008,2800,2581,2384,2253,2085,1922,1803,1589,1452,1301,1156,1035,907,843,793,760,705,596,461,401,318,338,361,362,371,332,347,321,294,285,268,288,211,153,143,136,179,190,186,155,80,36,-29,-29,-65,-78,-85,-105,-137,-182,-265,-352,-444,-527,-599,-5388
9,2,2046,85658,2002,1671,1522,1392,1230,1170,1045,987,968,889,902,911,926,1020,1271,1747,2272,2811,2474,2876,3107,3025,2737,2784,3023,3164,3283,3316,3199,3026,2813,2594,2397,2264,2096,1933,1813,1599,1462,1305,1158,1039,905,848,801,758,701,585,453,400,311,339,367,373,383,340,341,321,295,290,270,281,219,153,141,129,163,177,179,139,83,28,-28,-14,-50,-80,-95,-115,-135,-184,-253,-344,-445,-525,-601,-5469
9,2,2047,86000,2011,1680,1531,1401,1237,1177,1051,993,974,895,907,916,928,1026,1278,1756,2282,2825,2487,2892,3124,3041,2751,2798,3054,3177,3301,3333,3214,3039,2826,2604,2407,2276,2106,1946,1824,1611,1472,1311,1160,1039,906,844,805,765,698,579,439,388,308,337,369,377,393,350,349,318,295,289,276,286,213,164,140,126,160,162,169,132,68,31,-35,-16,-37,-66,-101,-125,-143,-183,-253,-330,-437,-528,-596,-5547
9,2,2048,86382,2021,1688,1540,1408,1244,1182,1057,1001,977,900,912,921,932,1032,1283,1762,2292,2838,2503,2908,3141,3057,2767,2815,3071,3209,3315,3348,3230,3053,2838,2617,2419,2286,2118,1952,1834,1619,1483,1320,1164,1040,908,846,802,769,708,576,431,375,300,334,367,378,398,360,359,326,293,288,275,290,216,159,149,127,155,160,153,122,58,16,-32,-20,-34,-55,-83,-131,-155,-192,-249,-331,-421,-515,-601,-5594
9,2,2049,86708,2030,1699,1547,1415,1250,1189,1065,1004,984,904,918,927,938,1035,1287,1771,2302,2848,2519,2925,3157,3073,2783,2830,3089,3225,3345,3360,3245,3061,2850,2627,2428,2296,2123,1963,1840,1629,1488,1328,1171,1044,907,842,803,764,711,582,426,367,288,327,364,377,397,364,368,335,296,284,275,291,221,160,144,134,156,153,149,107,52,10,-49,-19,-45,-55,-74,-115,-162,-205,-263,-329,-421,-495,-587,-5639
9,2,2050,87018,2039,1707,1556,1423,1256,1193,1068,1009,989,907,921,929,942,1039,1294,1777,2308,2860,2532,2938,3169,3090,2796,2847,3106,3242,3361,3389,3256,3074,2860,2636,2437,2303,2136,1970,1850,1633,1497,1333,1177,1051,911,843,803,764,706,585,434,360,278,313,354,374,398,366,373,342,307,291,269,288,219,164,142,129,160,155,146,103,36,0,-51,-34,-42,-61,-73,-105,-146,-210,-275,-342,-419,-498,-565,-5674
9,2,2051,87315,2047,1714,1564,1428,1263,1199,1074,1014,992,912,923,933,945,1041,1299,1783,2319,2872,2546,2952,3184,3102,2810,2861,3123,3259,3380,3406,3283,3085,2870,2644,2447,2315,2141,1976,1855,1642,1503,1339,1185,1058,917,850,800,765,704,577,434,366,270,302,342,367,393,363,372,344,313,299,276,282,219,163,147,128,153,163,144,97,32,-12,-63,-37,-52,-60,-80,-104,-133,-193,-284,-357,-436,-493,-570,-5681
9,2,2052,87573,2056,1723,1571,1437,1268,1204,1077,1018,995,916,928,936,948,1045,1305,1789,2328,2883,2558,2966,3198,3115,2823,2875,3137,3275,3397,3422,3299,3112,2877,2652,2451,2319,2149,1986,1862,1645,1506,1343,1186,1064,922,853,803,763,699,576,425,366,276,295,331,357,388,362,370,345,318,307,287,288,211,162,147,131,157,152,151,96,28,-20,-75,-44,-60,-71,-79,-110,-134,-179,-266,-366,-456,-516,-566,-5695
9,2,2053,87827,2064,1730,1578,1442,1275,1209,1084,1022,999,921,930,941,950,1048,1306,1795,2335,2893,2569,2980,3211,3128,2838,2890,3153,3289,3411,3437,3314,3121,2899,2657,2459,2327,2156,1989,1866,1650,1510,1349,1191,1066,927,858,807,765,696,572,421,356,275,302,326,349,381,355,369,345,321,310,293,297,219,152,142,130,155,154,144,103,24,-23,-77,-57,-67,-75,-90,-112,-139,-182,-251,-345,-466,-539,-588,-5692
9,2,2054,88044,2071,1737,1585,1449,1282,1213,1089,1027,1002,924,936,943,955,1053,1310,1802,2342,2901,2583,2993,3221,3138,2850,2902,3164,3305,3427,3451,3328,3137,2913,2680,2462,2330,2158,1995,1870,1653,1513,1346,1194,1069,929,859,813,766,700,567,416,351,264,300,333,342,373,348,364,344,316,310,295,306,228,159,135,126,154,157,142,94,29,-25,-84,-61,-78,-83,-95,-122,-139,-190,-250,-331,-441,-550,-614,-5716
9,2,2055,88281,2078,1743,1591,1453,1285,1218,1091,1033,1009,926,940,948,959,1057,1314,1806,2348,2910,2593,3003,3233,3151,2860,2914,3180,3319,3441,3465,3341,3148,2922,2690,2480,2335,2164,2000,1874,1659,1519,1351,1195,1069,932,863,815,770,703,569,412,345,260,289,334,348,368,343,357,339,314,311,297,307,235,169,141,119,153,154,146,94,23,-23,-85,-67,-83,-92,-102,-126,-152,-189,-259,-332,-422,-522,-626,-5764
9,2,2056,88495,2085,1751,1596,1461,1291,1224,1096,1034,1010,929,941,951,961,1061,1319,1811,2356,2919,2604,3017,3247,3163,2872,2925,3192,3334,3455,3482,3355,3160,2934,2701,2490,2351,2168,2004,1878,1661,1519,1356,1196,1073,932,864,817,774,707,574,413,339,253,286,321,348,373,339,351,329,307,305,294,308,237,176,151,123,142,151,143,96,22,-28,-82,-68,-84,-97,-113,-136,-157,-202,-259,-342,-423,-501,-594,-5827
9,2,2057,88693,2092,1756,1604,1465,1295,1228,1102,1039,1014,932,943,955,963,1063,1323,1817,2363,2929,2613,3029,3256,3174,2882,2936,3204,3347,3471,3492,3366,3174,2945,2707,2497,2360,2184,2006,1882,1662,1521,1357,1199,1074,935,865,818,776,710,574,414,339,247,281,316,338,371,343,347,323,299,298,291,305,238,177,157,132,145,143,137,93,22,-28,-86,-65,-85,-101,-115,-144,-165,-209,-274,-341,-433,-500,-571,-5845
9,2,2058,88865,2098,1763,1609,1471,1301,1231,1103,1042,1017,936,948,958,966,1066,1327,1820,2368,2939,2625,3039,3267,3182,2896,2950,3217,3359,3482,3506,3380,3181,2953,2717,2505,2366,2189,2021,1882,1665,1522,1357,1199,1074,936,867,819,777,710,577,416,341,248,273,311,336,364,344,352,319,294,291,283,301,234,177,158,138,156,146,131,88,19,-30,-90,-70,-85,-103,-119,-148,-175,-217,-282,-358,-433,-515,-571,-5842
9,2,2059,89002,2104,1769,1615,1474,1306,1236,1108,1047,1020,938,949,959,968,1068,1329,1824,2374,2945,2634,3049,3277,3194,2904,2958,3228,3371,3493,3519,3392,3193,2965,2723,2512,2373,2197,2025,1896,1667,1522,1356,1201,1074,936,866,819,777,710,578,418,344,249,272,306,331,361,336,352,322,288,282,274,294,229,173,156,141,162,153,135,82,16,-32,-89,-72,-92,-101,-120,-150,-181,-228,-292,-367,-454,-514,-590,-5834
9,2,2060,89095,2109,1774,1619,1480,1309,1239,1113,1048,1025,940,951,961,972,1069,1332,1829,2381,2951,2642,3057,3286,3203,2910,2969,3238,3384,3507,3530,3402,3202,2971,2733,2522,2378,2203,2033,1901,1676,1523,1356,1198,1075,935,867,819,776,709,576,418,343,249,275,306,327,356,333,343,323,290,279,266,281,219,169,153,140,160,160,141,85,8,-34,-91,-73,-91,-106,-121,-153,-185,-234,-307,-377,-465,-539,-588,-5848

