"RACE_HISP","SEX","YEAR","TOTAL_NIM","NIM_0","NIM_1","NIM_2","NIM_3","NIM_4","NIM_5","NIM_6","NIM_7","NIM_8","NIM_9","NIM_10","NIM_11","NIM_12","NIM_13","NIM_14","NIM_15","NIM_16","NIM_17","NIM_18","NIM_19","NIM_20","NIM_21","NIM_22","NIM_23","NIM_24","NIM_25","NIM_26","NIM_27","NIM_28","NIM_29","NIM_30","NIM_31","NIM_32","NIM_33","NIM_34","NIM_35","NIM_36","NIM_37","NIM_38","NIM_39","NIM_40","NIM_41","NIM_42","NIM_43","NIM_44","NIM_45","NIM_46","NIM_47","NIM_48","NIM_49","NIM_50","NIM_51","NIM_52","NIM_53","NIM_54","NIM_55","NIM_56","NIM_57","NIM_58","NIM_59","NIM_60","NIM_61","NIM_62","NIM_63","NIM_64","NIM_65","NIM_66","NIM_67","NIM_68","NIM_69","NIM_70","NIM_71","NIM_72","NIM_73","NIM_74","NIM_75","NIM_76","NIM_77","NIM_78","NIM_79","NIM_80","NIM_81","NIM_82","NIM_83","NIM_84","NIM_85"
0,0,2023,346628,14115,8199,7717,7442,7290,7165,7082,6918,6922,7130,6878,6903,6712,6731,7195,8301,10035,12212,12318,13485,14182,14436,14222,15486,17056,17882,18649,18294,17342,16373,14940,13322,11397,10171,9197,8091,6213,4101,2662,1198,191,-406,-290,-244,538,414,-327,-1317,-2605,-3379,-4074,-4273,-4078,-3221,-2043,-1402,-668,-529,-616,-543,-720,-667,-1173,-1589,-1611,-1840,-1666,-1340,-959,-822,-706,-386,-628,-749,-559,-476,-818,-483,-685,-881,-1047,-1141,-1543,-1743,-1841,-14391
0,0,2024,359641,14198,11793,7560,7469,7355,7307,7229,7023,7069,7200,6997,6846,6762,6878,7335,8516,10255,12332,12716,13956,14774,15173,15210,15766,17207,18525,18824,18919,18096,16971,15805,14074,12355,10742,9473,8402,6556,4691,2973,1566,802,-94,-175,82,190,432,-293,-1388,-2463,-3561,-3905,-4096,-3815,-3401,-2448,-1486,-905,-480,-454,-571,-771,-969,-1159,-1686,-1950,-2004,-1957,-1640,-1141,-959,-791,-846,-517,-836,-844,-702,-694,-1077,-756,-1007,-1237,-1442,-1558,-1842,-1967,-14876
0,0,2025,372430,14289,11866,10566,7334,7365,7355,7324,7147,7142,7306,6977,6938,6708,6901,7484,8696,10496,12674,12850,14403,15319,15720,15907,16667,17469,18648,19369,19154,18678,17692,16415,14883,13096,11636,10021,8709,6879,5052,3522,1928,1110,493,121,192,494,118,-267,-1325,-2513,-3408,-4064,-3889,-3656,-3125,-2602,-1813,-926,-623,-397,-404,-732,-1050,-1450,-1683,-2053,-2232,-2076,-1918,-1462,-1031,-939,-885,-1033,-716,-974,-959,-851,-987,-1378,-1048,-1395,-1593,-1854,-1896,-2075,-15401
0,0,2026,388813,14394,11963,10654,9847,7292,7416,7404,7284,7270,7412,7162,6955,6895,6956,7621,8977,10809,13015,13367,14655,15850,16386,16492,17447,18330,18964,19612,19714,19007,18298,17118,15522,13942,12384,10907,9286,7264,5433,3949,2540,1522,838,698,558,620,468,-508,-1266,-2412,-3368,-3871,-3993,-3393,-2887,-2298,-1906,-1204,-631,-452,-332,-545,-941,-1543,-1912,-2053,-2314,-2274,-1966,-1680,-1330,-945,-1021,-1032,-1156,-849,-1062,-1079,-1075,-1269,-1680,-1415,-1751,-1971,-2186,-2167,-15947
0,0,2027,403262,14500,12062,10744,9930,9342,7374,7464,7359,7405,7516,7261,7176,6942,7140,7740,9153,11160,13398,13788,15185,16123,16863,17185,17968,19058,19751,19871,19912,19535,18605,17640,16153,14446,13112,11550,9970,7837,5702,4330,2909,2099,1237,1007,1057,975,582,-164,-1523,-2366,-3303,-3843,-3807,-3482,-2678,-2021,-1632,-1267,-883,-493,-393,-503,-767,-1423,-2067,-2302,-2346,-2406,-2156,-1769,-1530,-1268,-1031,-1197,-1192,-1235,-1012,-1166,-1332,-1356,-1604,-2072,-1777,-2132,-2290,-2465,-16601
0,0,2028,414907,14604,12153,10830,10008,9415,9007,7438,7419,7500,7663,7395,7235,7082,7178,7856,9309,11357,13803,14176,15663,16565,17158,17509,18566,19508,20344,20544,20211,19623,19034,17930,16535,14983,13561,12168,10571,8327,6243,4516,3267,2384,1743,1398,1306,1398,904,-55,-1177,-2661,-3273,-3793,-3807,-3344,-2756,-1894,-1385,-1018,-942,-729,-435,-560,-757,-1287,-1960,-2476,-2634,-2434,-2335,-1932,-1658,-1457,-1378,-1203,-1375,-1303,-1358,-1210,-1421,-1616,-1703,-2035,-2468,-2174,-2445,-2552,-17480
0,0,2029,425795,14709,12252,10919,10088,9490,9073,8730,7408,7550,7807,7363,7331,7165,7263,7920,9422,11559,14036,14632,16061,17063,17488,17805,18829,20012,20796,21069,20778,19990,19102,18207,16827,15325,14014,12589,11119,8965,6710,5014,3426,2727,2010,1821,1693,1611,1308,253,-1067,-2288,-3542,-3728,-3734,-3306,-2620,-1929,-1272,-801,-712,-744,-656,-636,-816,-1279,-1850,-2385,-2773,-2702,-2360,-2077,-1774,-1569,-1480,-1551,-1390,-1493,-1452,-1460,-1481,-1676,-1929,-2122,-2452,-2901,-2513,-2697,-18317
0,0,2030,434053,14814,12346,11006,10168,9559,9142,8789,8429,7538,7907,7498,7342,7219,7396,8029,9529,11695,14271,14866,16508,17453,18004,18080,19071,20241,21224,21481,21216,20466,19424,18239,16984,15522,14303,12970,11451,9405,7281,5438,3866,2821,2289,2026,2019,1946,1474,630,-798,-2226,-3215,-4019,-3700,-3264,-2619,-1817,-1328,-723,-546,-603,-694,-870,-955,-1412,-1874,-2347,-2751,-2873,-2615,-2151,-1905,-1705,-1601,-1603,-1711,-1565,-1675,-1607,-1682,-1772,-1969,-2330,-2560,-2916,-3303,-2789,-19229
0,0,2031,438746,14916,12439,11093,10245,9629,9208,8849,8487,8305,7995,7508,7415,7255,7418,8109,9615,11789,14403,15088,16747,17820,18336,18554,19322,20441,21413,21850,21590,20889,19933,18535,17032,15665,14456,13179,11778,9713,7624,5904,4196,3178,2304,2216,2164,2197,1724,744,-460,-1997,-3227,-3789,-4029,-3299,-2631,-1904,-1273,-833,-541,-508,-629,-996,-1256,-1602,-2098,-2400,-2788,-2937,-2828,-2410,-2057,-1839,-1830,-1768,-1801,-1828,-1787,-1853,-1882,-1972,-2128,-2390,-2757,-3042,-3325,-3649,-20181
0,0,2032,439016,15017,12535,11178,10324,9700,9272,8908,8541,8360,8230,7550,7443,7292,7459,8145,9672,11864,14486,15215,16919,18058,18630,18847,19725,20674,21584,22005,21825,21128,20283,19037,17209,15662,14527,13288,11916,9950,7910,6170,4577,3437,2565,2189,2281,2299,1932,940,-392,-1694,-3042,-3840,-3872,-3642,-2716,-1960,-1414,-847,-692,-566,-620,-989,-1453,-1988,-2361,-2714,-2883,-3031,-2980,-2656,-2363,-2108,-2011,-2099,-2035,-2027,-2042,-2040,-2167,-2222,-2355,-2611,-2873,-3261,-3475,-3666,-22035
0,0,2033,446470,15118,12624,11264,10401,9770,9334,8965,8596,8407,8277,8024,7461,7333,7505,8215,9763,11979,14634,15383,17136,18295,18930,19182,20067,21113,21895,22279,22105,21426,20561,19458,17821,15914,14619,13469,12144,10219,8256,6588,4970,3915,2919,2505,2345,2471,2092,1201,-143,-1575,-2662,-3588,-3840,-3432,-2946,-1952,-1374,-883,-610,-607,-567,-869,-1327,-2082,-2641,-2864,-3089,-3009,-2943,-2691,-2456,-2244,-2136,-2116,-2212,-2110,-2130,-2154,-2253,-2404,-2514,-2743,-3018,-3319,-3650,-3784,-23541
0,0,2034,453642,15217,12716,11345,10476,9839,9396,9021,8653,8460,8324,8069,7854,7351,7541,8267,9844,12093,14775,15559,17322,18515,19167,19479,20392,21437,22311,22576,22371,21699,20849,19719,18217,16492,14854,13549,12311,10435,8514,6924,5381,4290,3364,2828,2634,2530,2249,1348,114,-1324,-2549,-3216,-3601,-3404,-2754,-2153,-1363,-845,-645,-528,-608,-815,-1202,-1951,-2750,-3167,-3245,-3211,-2922,-2653,-2477,-2327,-2263,-2238,-2235,-2292,-2219,-2245,-2368,-2492,-2702,-2912,-3165,-3482,-3715,-3972,-25019
0,0,2035,460519,15316,12806,11429,10551,9906,9458,9076,8703,8511,8369,8112,7896,7685,7560,8306,9909,12195,14917,15728,17512,18704,19378,19715,20681,21750,22619,22974,22661,21951,21101,19986,18457,16872,15408,13772,12381,10592,8721,7173,5712,4681,3716,3239,2928,2791,2301,1494,256,-1069,-2298,-3109,-3246,-3179,-2723,-1978,-1539,-834,-607,-558,-530,-857,-1149,-1818,-2616,-3287,-3553,-3369,-3112,-2635,-2447,-2354,-2343,-2364,-2358,-2320,-2405,-2339,-2463,-2616,-2797,-3112,-3345,-3638,-3891,-4040,-26542
0,0,2036,467117,15410,12894,11509,10625,9969,9516,9133,8755,8560,8413,8160,7940,7725,7864,8332,9966,12273,15044,15893,17701,18899,19569,19926,20908,22026,22922,23273,23040,22227,21337,20228,18708,17095,15757,14295,12589,10648,8863,7368,5949,4994,4082,3562,3302,3067,2550,1542,393,-931,-2043,-2863,-3145,-2848,-2520,-1950,-1378,-993,-600,-523,-565,-779,-1202,-1764,-2481,-3148,-3680,-3667,-3262,-2808,-2429,-2324,-2370,-2447,-2484,-2448,-2432,-2530,-2558,-2718,-2925,-3212,-3561,-3836,-4063,-4229,-27968
0,0,2037,473446,15508,12983,11588,10695,10036,9578,9183,8804,8606,8459,8197,7979,7764,7902,8630,10003,12345,15146,16047,17883,19089,19760,20112,21120,22252,23188,23568,23332,22589,21602,20448,18932,17329,15965,14629,13096,10844,8906,7502,6135,5221,4376,3895,3594,3413,2815,1783,433,-803,-1913,-2615,-2908,-2755,-2225,-1769,-1352,-847,-746,-520,-530,-816,-1118,-1823,-2425,-3009,-3542,-3791,-3541,-2948,-2584,-2310,-2347,-2477,-2569,-2573,-2567,-2562,-2756,-2819,-3033,-3349,-3670,-4068,-4278,-4412,-29448
0,0,2038,479553,15599,13067,11668,10768,10103,9636,9234,8855,8653,8500,8239,8017,7803,7940,8672,10324,12391,15238,16171,18050,19279,19946,20303,21304,22455,23410,23823,23611,22873,21953,20690,19133,17539,16184,14820,13410,11344,9091,7534,6264,5395,4585,4162,3900,3679,3139,2046,673,-769,-1791,-2486,-2671,-2539,-2138,-1501,-1187,-821,-612,-658,-524,-781,-1162,-1734,-2493,-2959,-3406,-3660,-3658,-3203,-2713,-2455,-2334,-2458,-2604,-2666,-2691,-2697,-2789,-3023,-3138,-3465,-3819,-4186,-4530,-4640,-30959
0,0,2039,485483,15690,13150,11743,10836,10164,9695,9284,8904,8699,8542,8279,8055,7837,7975,8713,10379,12768,15303,16279,18183,19448,20129,20489,21489,22637,23611,24038,23860,23138,22217,21023,19359,17726,16376,15026,13589,11648,9586,7708,6282,5510,4749,4355,4143,3957,3393,2364,941,-527,-1760,-2371,-2551,-2317,-1936,-1420,-949,-674,-587,-528,-665,-777,-1126,-1786,-2405,-3031,-3355,-3532,-3535,-3309,-2941,-2576,-2473,-2450,-2590,-2709,-2788,-2826,-2930,-3057,-3353,-3576,-3942,-4346,-4656,-4908,-32524
0,0,2040,491266,15778,13231,11819,10906,10225,9749,9336,8947,8742,8582,8321,8095,7871,8009,8750,10430,12833,15746,16359,18302,19584,20300,20671,21673,22817,23787,24230,24068,23375,22468,21269,19671,17939,16550,15203,13779,11816,9883,8200,6450,5521,4856,4500,4319,4179,3655,2612,1264,-256,-1514,-2346,-2440,-2207,-1738,-1244,-877,-460,-450,-505,-537,-922,-1125,-1752,-2462,-2945,-3432,-3483,-3417,-3199,-3037,-2784,-2587,-2582,-2587,-2697,-2835,-2925,-3060,-3203,-3387,-3803,-4055,-4481,-4829,-5041,-34200
0,0,2041,495934,15862,13308,11886,10962,10267,9788,9367,8975,8769,8600,8338,8109,7885,8025,8770,10464,12881,15815,16855,18377,19693,20415,20826,21835,22983,23942,24379,24234,23553,22669,21482,19877,18213,16724,15346,13918,11972,10021,8467,6918,5659,4847,4579,4436,4322,3849,2858,1501,62,-1250,-2113,-2427,-2111,-1641,-1069,-722,-402,-260,-380,-523,-794,-1288,-1762,-2438,-3015,-3351,-3566,-3374,-3095,-2940,-2876,-2784,-2695,-2722,-2705,-2831,-2980,-3168,-3341,-3542,-3842,-4303,-4603,-4978,-5228,-35830
0,0,2042,500489,15940,13381,11953,11016,10313,9831,9393,9004,8792,8612,8349,8124,7903,8034,8787,10494,12928,15886,16945,18925,19765,20519,20945,21983,23139,24099,24534,24383,23712,22830,21661,20070,18409,16981,15507,14039,12107,10171,8593,7184,6108,4978,4565,4511,4426,3983,3050,1748,301,-926,-1850,-2206,-2101,-1556,-982,-564,-263,-205,-195,-400,-778,-1156,-1944,-2450,-2993,-3422,-3492,-3451,-3061,-2844,-2794,-2872,-2892,-2831,-2840,-2839,-2978,-3225,-3453,-3688,-4004,-4344,-4866,-5107,-5388,-37462
0,0,2043,504962,16021,13452,12014,11069,10354,9865,9421,9032,8818,8632,8368,8137,7917,8046,8800,10529,12979,15955,17030,19023,20330,20587,21054,22105,23289,24250,24683,24529,23855,22977,21804,20238,18597,17165,15751,14183,12223,10295,8734,7307,6356,5401,4675,4499,4492,4080,3185,1939,550,-680,-1529,-1953,-1891,-1541,-904,-485,-124,-79,-144,-215,-650,-1144,-1804,-2648,-3011,-3405,-3567,-3383,-3133,-2812,-2706,-2798,-2977,-3021,-2950,-2974,-2990,-3223,-3511,-3805,-4162,-4520,-4911,-5393,-5525,-39065
0,0,2044,509294,16099,13520,12078,11122,10399,9904,9447,9060,8841,8648,8384,8154,7929,8058,8814,10560,13025,16022,17118,19126,20434,21136,21130,22214,23409,24389,24829,24679,23997,23110,21936,20370,18753,17338,15923,14406,12361,10400,8846,7447,6468,5637,5060,4604,4478,4138,3277,2069,739,-427,-1292,-1647,-1663,-1351,-890,-412,-55,48,-23,-166,-458,-1012,-1793,-2506,-3223,-3430,-3553,-3459,-3075,-2875,-2682,-2720,-2909,-3108,-3139,-3086,-3128,-3233,-3510,-3865,-4280,-4695,-5097,-5442,-5825,-40610
0,0,2045,513425,16173,13588,12138,11172,10442,9941,9477,9082,8865,8665,8399,8168,7943,8068,8829,10591,13072,16089,17198,19222,20535,21234,21646,22295,23521,24508,24964,24823,24139,23239,22049,20489,18880,17483,16084,14557,12583,10529,8941,7555,6590,5739,5272,4958,4566,4124,3334,2164,867,-236,-1043,-1420,-1381,-1144,-725,-398,10,115,100,-44,-406,-809,-1651,-2498,-3082,-3646,-3585,-3451,-3147,-2821,-2745,-2699,-2839,-3044,-3231,-3277,-3240,-3374,-3524,-3865,-4342,-4822,-5285,-5641,-5875,-42300
0,0,2046,517370,16246,13654,12199,11224,10482,9971,9498,9107,8884,8676,8415,8179,7955,8077,8843,10616,13116,16148,17280,19315,20632,21324,21751,22767,23604,24614,25076,24950,24278,23365,22162,20588,18992,17601,16223,14695,12724,10740,9057,7649,6686,5855,5359,5145,4890,4206,3316,2213,953,-106,-857,-1182,-1170,-888,-541,-245,25,178,167,81,-277,-754,-1435,-2346,-3077,-3508,-3796,-3488,-3145,-2888,-2696,-2759,-2823,-2977,-3169,-3369,-3435,-3488,-3670,-3874,-4339,-4882,-5419,-5850,-6090,-43838
0,0,2047,521113,16314,13718,12257,11269,10520,10006,9523,9129,8904,8688,8428,8192,7967,8086,8857,10643,13157,16208,17357,19408,20730,21418,21848,22870,24032,24691,25178,25063,24400,23486,22270,20689,19088,17699,16325,14812,12858,10876,9256,7766,6766,5947,5460,5229,5062,4507,3396,2183,996,-23,-731,-1006,-951,-700,-313,-79,161,194,225,142,-150,-621,-1379,-2117,-2926,-3509,-3668,-3685,-3189,-2889,-2764,-2720,-2883,-2961,-3109,-3310,-3527,-3692,-3793,-4031,-4347,-4879,-5481,-5991,-6314,-45403
0,0,2048,524776,16382,13776,12314,11318,10560,10045,9547,9151,8922,8702,8439,8205,7976,8095,8870,10669,13197,16271,17436,19495,20816,21508,21943,22970,24137,25086,25259,25163,24501,23603,22379,20785,19182,17783,16418,14899,12973,11001,9382,7962,6870,6021,5540,5320,5133,4666,3696,2259,954,15,-652,-885,-787,-499,-143,124,307,319,240,199,-87,-486,-1236,-2060,-2692,-3359,-3679,-3576,-3370,-2933,-2770,-2782,-2846,-3022,-3100,-3247,-3467,-3786,-4002,-4160,-4519,-4889,-5476,-6054,-6465,-46978
0,0,2049,528283,16446,13836,12370,11365,10596,10075,9571,9175,8942,8713,8454,8215,7985,8106,8881,10694,13236,16328,17508,19581,20909,21596,22038,23064,24232,25184,25628,25240,24597,23695,22475,20883,19273,17872,16494,14973,13052,11105,9497,8086,7054,6120,5604,5394,5212,4729,3850,2563,1024,-28,-618,-805,-678,-350,33,277,490,457,361,210,-28,-423,-1093,-1909,-2634,-3129,-3539,-3594,-3279,-3098,-2816,-2792,-2906,-2988,-3162,-3240,-3410,-3726,-4100,-4384,-4655,-5075,-5486,-6048,-6528,-48544
0,0,2050,531634,16510,13895,12421,11410,10631,10106,9593,9194,8959,8722,8462,8223,7992,8113,8890,10718,13273,16384,17581,19661,20994,21679,22126,23157,24327,25274,25721,25594,24664,23774,22550,20965,19367,17956,16568,15028,13121,11176,9590,8200,7167,6290,5685,5453,5276,4807,3913,2718,1334,38,-671,-774,-608,-250,165,436,629,626,498,336,-13,-360,-1027,-1759,-2485,-3075,-3323,-3467,-3304,-3020,-2969,-2838,-2915,-3047,-3131,-3303,-3402,-3665,-4036,-4486,-4891,-5227,-5687,-6058,-6521,-49994
0,0,2051,534871,16566,13951,12472,11451,10665,10137,9612,9215,8979,8733,8472,8231,8004,8116,8899,10741,13306,16436,17649,19745,21076,21759,22213,23245,24420,25366,25813,25685,25011,23830,22615,21030,19443,18033,16642,15088,13172,11237,9651,8288,7264,6398,5843,5529,5326,4864,3987,2773,1487,356,-606,-826,-580,-186,256,557,770,756,662,472,118,-348,-967,-1692,-2332,-2926,-3278,-3272,-3198,-3044,-2904,-2982,-2959,-3054,-3190,-3272,-3467,-3659,-3974,-4420,-5000,-5485,-5855,-6278,-6533,-51257
0,0,2052,537958,16625,14005,12521,11494,10701,10164,9634,9233,8995,8743,8484,8239,8012,8123,8908,10763,13339,16487,17716,19826,21159,21839,22296,23334,24509,25454,25896,25773,25096,24165,22660,21084,19504,18104,16714,15147,13226,11275,9695,8347,7343,6494,5933,5672,5392,4910,4045,2843,1537,507,-294,-770,-626,-159,315,636,876,885,784,635,261,-214,-960,-1626,-2264,-2778,-3141,-3235,-3030,-2957,-2935,-2924,-3098,-3091,-3201,-3330,-3438,-3728,-3967,-4356,-4932,-5603,-6134,-6466,-6769,-52373
0,0,2053,540914,16680,14057,12571,11536,10732,10193,9653,9250,9012,8752,8490,8249,8017,8129,8916,10782,13374,16537,17782,19900,21240,21913,22375,23415,24591,25536,25981,25858,25176,24238,22977,21120,19557,18156,16776,15202,13279,11325,9727,8389,7391,6566,6016,5757,5523,4973,4091,2896,1600,557,-141,-466,-573,-198,341,690,946,982,912,756,430,-67,-815,-1622,-2203,-2713,-3000,-3110,-3003,-2811,-2861,-2954,-3042,-3228,-3235,-3337,-3498,-3697,-4037,-4346,-4863,-5530,-6265,-6770,-6971,-53600
0,0,2054,543741,16733,14107,12615,11572,10763,10221,9670,9267,9024,8759,8499,8254,8024,8130,8921,10803,13405,16585,17844,19975,21313,21986,22454,23496,24673,25618,26063,25940,25257,24307,23040,21421,19590,18200,16821,15249,13330,11367,9763,8418,7425,6609,6076,5834,5601,5094,4150,2940,1648,620,-97,-324,-296,-147,306,716,995,1046,1005,882,558,116,-658,-1476,-2201,-2657,-2944,-2986,-2898,-2790,-2736,-2887,-3071,-3172,-3372,-3369,-3506,-3758,-4011,-4423,-4856,-5455,-6183,-6914,-7297,-54873
0,0,2055,546516,16786,14155,12661,11610,10791,10246,9689,9283,9035,8767,8505,8260,8030,8135,8928,10822,13437,16631,17904,20045,21387,22055,22529,23574,24755,25698,26143,26019,25331,24376,23097,21473,19880,18224,16857,15278,13369,11408,9796,8451,7445,6642,6113,5893,5666,5166,4271,2995,1685,666,-41,-282,-164,104,354,689,1015,1089,1068,974,690,250,-463,-1308,-2052,-2660,-2897,-2941,-2790,-2699,-2721,-2772,-3003,-3192,-3312,-3509,-3536,-3768,-4074,-4394,-4937,-5448,-6102,-6828,-7454,-56332
0,0,2056,549272,16833,14199,12704,11648,10824,10270,9703,9297,9050,8771,8513,8266,8033,8137,8934,10838,13467,16678,17966,20113,21457,22122,22603,23649,24830,25774,26219,26098,25409,24445,23151,21518,19927,18499,16874,15297,13396,11445,9829,8483,7471,6663,6142,5926,5716,5227,4341,3116,1736,699,3,-225,-128,224,576,729,987,1110,1111,1038,785,390,-317,-1101,-1879,-2509,-2900,-2903,-2754,-2608,-2641,-2761,-2892,-3128,-3333,-3448,-3682,-3801,-4087,-4464,-4904,-5535,-6092,-6738,-7364,-57793
0,0,2057,552025,16884,14247,12746,11683,10852,10295,9721,9311,9062,8777,8517,8274,8036,8138,8941,10855,13494,16722,18025,20182,21531,22190,22672,23720,24906,25850,26293,26170,25481,24507,23204,21564,19973,18539,17136,15305,13414,11462,9852,8512,7495,6686,6154,5954,5746,5276,4402,3184,1855,749,33,-185,-75,259,684,927,1024,1084,1130,1079,853,491,-170,-951,-1666,-2337,-2757,-2909,-2731,-2577,-2563,-2690,-2884,-3013,-3267,-3463,-3617,-3950,-4123,-4480,-4981,-5502,-6188,-6729,-7271,-59004
0,0,2058,554759,16925,14289,12788,11717,10879,10318,9734,9325,9070,8786,8523,8277,8041,8144,8948,10872,13522,16766,18078,20247,21598,22253,22744,23792,24980,25920,26364,26241,25549,24568,23256,21611,20018,18579,17171,15550,13415,11473,9857,8537,7517,6707,6173,5970,5772,5300,4449,3243,1920,871,80,-158,-39,308,717,1025,1204,1119,1109,1099,899,559,-61,-793,-1510,-2125,-2597,-2781,-2737,-2560,-2541,-2619,-2815,-3002,-3153,-3396,-3635,-3883,-4279,-4522,-5000,-5587,-6150,-6832,-7260,-59972
0,0,2059,557412,16972,14332,12828,11752,10905,10340,9749,9339,9081,8787,8530,8280,8042,8144,8948,10885,13547,16806,18130,20311,21665,22318,22809,23860,25050,25989,26434,26311,25614,24625,23304,21654,20060,18618,17203,15575,13660,11462,9858,8541,7531,6727,6186,5987,5780,5320,4473,3285,1973,935,198,-114,-13,345,760,1056,1289,1285,1141,1076,918,605,11,-676,-1349,-1970,-2395,-2627,-2622,-2565,-2531,-2604,-2748,-2931,-3139,-3277,-3563,-3902,-4210,-4687,-5049,-5613,-6246,-6793,-7370,-60793
0,0,2060,559989,17014,14375,12867,11785,10929,10360,9761,9350,9091,8791,8531,8281,8044,8144,8955,10900,13572,16845,18184,20374,21729,22377,22873,23926,25117,26055,26500,26377,25682,24682,23349,21696,20101,18650,17236,15592,13676,11705,9838,8540,7527,6740,6204,6003,5796,5332,4496,3309,2014,987,260,-1,31,368,791,1099,1316,1367,1299,1109,895,625,58,-602,-1230,-1806,-2247,-2443,-2485,-2466,-2539,-2594,-2729,-2862,-3070,-3263,-3443,-3830,-4234,-4622,-5225,-5670,-6272,-6901,-7329,-61628
0,0,2061,563271,17055,14417,12909,11825,10964,10393,9792,9375,9116,8811,8550,8303,8062,8159,8973,10926,13610,16897,18248,20444,21801,22452,22948,24003,25196,26138,26584,26464,25758,24757,23419,21757,20158,18701,17281,15631,13707,11728,10090,8531,7534,6749,6224,6030,5820,5356,4513,3334,2036,1034,316,63,141,413,821,1132,1357,1399,1384,1272,932,602,81,-548,-1149,-1685,-2090,-2305,-2319,-2339,-2449,-2601,-2719,-2841,-2998,-3192,-3427,-3706,-4160,-4646,-5158,-5859,-6341,-6929,-7445,-62299
0,0,2062,566411,17098,14460,12950,11862,11000,10421,9819,9398,9138,8829,8570,8320,8078,8177,8991,10952,13644,16944,18311,20513,21872,22522,23022,24078,25278,26218,26667,26544,25837,24828,23483,21816,20212,18749,17325,15670,13738,11753,10106,8777,7521,6754,6233,6048,5843,5376,4533,3346,2060,1052,357,116,201,512,861,1157,1390,1435,1413,1354,1102,641,51,-528,-1098,-1606,-1975,-2160,-2197,-2190,-2335,-2517,-2727,-2826,-2975,-3118,-3353,-3690,-4035,-4571,-5188,-5790,-6545,-7008,-7475,-63008
0,0,2063,569424,17136,14501,12992,11899,11034,10453,9844,9421,9157,8848,8587,8338,8094,8193,9010,10977,13682,16993,18374,20585,21944,22590,23093,24152,25353,26298,26745,26622,25910,24895,23547,21873,20262,18796,17366,15706,13769,11774,10123,8789,7757,6739,6235,6056,5862,5396,4551,3363,2065,1070,375,154,251,569,950,1193,1414,1465,1449,1383,1186,820,89,-563,-1081,-1557,-1901,-2057,-2069,-2083,-2205,-2414,-2650,-2837,-2958,-3092,-3278,-3617,-4022,-4442,-5114,-5828,-6476,-7229,-7564,-63656
0,0,2064,572321,17173,14541,13030,11937,11067,10482,9867,9444,9177,8866,8604,8352,8108,8207,9027,11001,13714,17038,18431,20651,22011,22658,23161,24223,25427,26375,26823,26696,25984,24963,23607,21929,20316,18844,17407,15739,13797,11798,10137,8797,7763,6963,6222,6055,5866,5410,4569,3375,2078,1072,391,170,286,615,1001,1277,1448,1488,1478,1418,1216,910,284,-524,-1122,-1542,-1857,-1989,-1980,-1970,-2109,-2294,-2553,-2762,-2969,-3071,-3252,-3539,-3947,-4434,-4982,-5752,-6523,-7160,-7800,-64312
0,0,2065,575112,17210,14579,13067,11971,11099,10508,9892,9465,9197,8882,8621,8367,8122,8220,9043,11020,13748,17085,18488,20717,22074,22720,23226,24293,25498,26447,26896,26772,26053,25027,23666,21982,20361,18887,17443,15773,13826,11818,10151,8806,7769,6965,6426,6044,5869,5415,4581,3389,2088,1080,392,184,302,650,1045,1322,1521,1518,1501,1447,1251,937,378,-317,-1084,-1587,-1843,-1952,-1921,-1892,-2010,-2208,-2440,-2672,-2895,-3083,-3231,-3514,-3870,-4355,-4974,-5615,-6445,-7217,-7731,-65126
0,0,2066,577827,17247,14615,13106,12004,11128,10535,9914,9483,9214,8897,8636,8381,8134,8233,9058,11042,13779,17128,18544,20775,22139,22784,23291,24359,25568,26519,26969,26843,26120,25086,23721,22033,20410,18928,17482,15804,13852,11836,10167,8813,7773,6967,6429,6231,5854,5412,4580,3396,2099,1085,398,185,314,663,1076,1361,1563,1585,1530,1470,1280,976,409,-215,-868,-1552,-1889,-1940,-1888,-1843,-1942,-2118,-2359,-2562,-2808,-3010,-3245,-3493,-3846,-4275,-4896,-5607,-6299,-7134,-7797,-65800
0,0,2067,580465,17280,14652,13141,12036,11156,10561,9935,9503,9230,8911,8651,8394,8146,8244,9071,11061,13807,17168,18597,20835,22199,22845,23353,24425,25633,26588,27038,26913,26187,25146,23775,22081,20453,18968,17517,15838,13877,11857,10179,8821,7776,6971,6431,6234,6029,5398,4575,3388,2102,1091,398,190,314,679,1091,1389,1598,1623,1596,1500,1303,1003,448,-187,-768,-1337,-1858,-1987,-1881,-1818,-1902,-2057,-2274,-2483,-2700,-2923,-3169,-3507,-3826,-4252,-4813,-5527,-6293,-6980,-7710,-66482
0,0,2068,583051,17310,14682,13173,12068,11183,10585,9956,9522,9244,8928,8664,8407,8157,8255,9085,11082,13834,17208,18648,20894,22257,22902,23413,24484,25699,26653,27108,26980,26249,25205,23827,22130,20495,19006,17553,15865,13899,11875,10190,8827,7780,6971,6432,6234,6030,5564,4558,3380,2090,1089,404,191,320,679,1105,1404,1623,1656,1631,1564,1333,1026,476,-149,-743,-1237,-1652,-1960,-1926,-1814,-1878,-2018,-2217,-2399,-2619,-2815,-3081,-3433,-3842,-4237,-4793,-5443,-6208,-6977,-7549,-67001
0,0,2069,585593,17339,14714,13206,12099,11210,10609,9977,9538,9260,8942,8676,8419,8167,8263,9096,11098,13861,17245,18698,20950,22315,22960,23472,24546,25760,26717,27172,27045,26311,25260,23876,22175,20535,19042,17584,15892,13920,11891,10200,8835,7783,6972,6431,6235,6026,5564,4721,3359,2075,1072,399,196,323,685,1108,1415,1635,1680,1663,1603,1400,1055,498,-119,-701,-1213,-1558,-1769,-1905,-1858,-1878,-1999,-2182,-2343,-2536,-2736,-2973,-3343,-3764,-4252,-4781,-5426,-6121,-6888,-7549,-67286
0,0,2070,588069,17368,14746,13238,12129,11236,10631,9995,9553,9274,8955,8685,8427,8176,8273,9107,11116,13886,17282,18745,21004,22368,23014,23525,24604,25820,26778,27234,27104,26366,25311,23925,22217,20575,19078,17615,15919,13944,11906,10210,8839,7785,6973,6433,6234,6029,5562,4718,3528,2046,1052,381,191,325,688,1114,1419,1647,1691,1685,1632,1437,1125,529,-100,-672,-1176,-1538,-1687,-1735,-1843,-1920,-1999,-2165,-2310,-2479,-2652,-2892,-3232,-3671,-4173,-4798,-5416,-6105,-6798,-7455,-67517
0,0,2071,590486,17391,14775,13268,12156,11260,10652,10012,9570,9285,8964,8696,8437,8185,8281,9118,11132,13910,17317,18793,21056,22423,23066,23579,24658,25875,26837,27293,27161,26421,25362,23970,22256,20611,19113,17645,15943,13964,11920,10219,8845,7787,6973,6432,6235,6029,5559,4714,3520,2219,1019,358,172,323,691,1116,1426,1649,1701,1695,1656,1471,1166,602,-69,-654,-1150,-1505,-1671,-1665,-1693,-1909,-2041,-2167,-2292,-2445,-2595,-2807,-3153,-3557,-4075,-4715,-5436,-6100,-6784,-7363,-67600
0,0,2072,592825,17415,14803,13296,12182,11285,10671,10029,9582,9297,8975,8705,8446,8191,8287,9126,11146,13932,17350,18836,21106,22474,23115,23630,24711,25932,26893,27347,27216,26474,25408,24013,22294,20649,19142,17671,15967,13980,11934,10227,8846,7788,6973,6431,6234,6028,5555,4709,3510,2206,1197,322,151,308,689,1123,1429,1657,1705,1705,1666,1494,1200,642,11,-625,-1134,-1481,-1642,-1654,-1635,-1775,-2034,-2208,-2294,-2427,-2560,-2749,-3066,-3475,-3954,-4612,-5347,-6124,-6784,-7351,-67560
0,0,2073,595054,17439,14829,13323,12208,11306,10688,10044,9594,9308,8985,8715,8454,8197,8291,9134,11160,13955,17382,18878,21155,22520,23164,23676,24762,25983,26946,27402,27268,26523,25454,24051,22334,20682,19172,17696,15990,13998,11945,10235,8850,7788,6973,6430,6232,6023,5554,4702,3500,2192,1181,498,114,286,678,1123,1435,1661,1711,1706,1677,1504,1222,678,50,-543,-1107,-1469,-1624,-1630,-1628,-1723,-1911,-2199,-2333,-2428,-2543,-2714,-3007,-3387,-3872,-4485,-5234,-6026,-6809,-7356,-67532
0,0,2074,597180,17460,14852,13350,12230,11326,10706,10058,9606,9318,8994,8722,8461,8201,8298,9141,11171,13976,17413,18918,21200,22567,23209,23724,24808,26032,26997,27453,27319,26570,25497,24091,22366,20711,19198,17722,16008,14016,11957,10241,8852,7786,6970,6427,6231,6020,5550,4698,3492,2178,1162,478,284,255,661,1111,1435,1663,1713,1714,1678,1514,1232,700,84,-503,-1028,-1442,-1615,-1615,-1610,-1721,-1866,-2082,-2322,-2466,-2546,-2697,-2973,-3326,-3780,-4397,-5098,-5905,-6707,-7386,-67510
0,0,2075,599215,17478,14874,13373,12253,11346,10722,10072,9617,9326,8998,8728,8464,8206,8301,9147,11182,13994,17441,18958,21243,22611,23250,23765,24852,26079,27044,27501,27367,26614,25536,24126,22398,20740,19224,17743,16027,14030,11966,10245,8855,7786,6969,6426,6229,6018,5544,4691,3482,2163,1144,458,265,412,634,1099,1427,1665,1716,1718,1684,1516,1242,710,109,-469,-986,-1367,-1593,-1609,-1600,-1708,-1864,-2038,-2209,-2457,-2582,-2698,-2955,-3293,-3720,-4301,-5005,-5758,-6572,-7276,-67528
0,0,2076,601169,17495,14896,13394,12275,11364,10738,10084,9625,9332,9005,8734,8470,8209,8304,9154,11191,14013,17469,18994,21284,22652,23293,23810,24896,26123,27088,27546,27412,26654,25575,24158,22427,20766,19246,17760,16042,14043,11973,10248,8855,7784,6965,6422,6226,6016,5538,4685,3470,2146,1125,439,243,394,778,1077,1415,1655,1716,1723,1689,1523,1244,719,115,-448,-953,-1330,-1525,-1593,-1597,-1701,-1854,-2036,-2166,-2343,-2572,-2736,-2956,-3275,-3686,-4238,-4903,-5656,-6413,-7133,-67421
0,0,2077,603011,17509,14916,13417,12297,11380,10751,10092,9633,9339,9009,8738,8473,8212,8308,9156,11200,14028,17495,19028,21324,22692,23330,23847,24937,26166,27130,27590,27453,26695,25609,24189,22455,20790,19267,17779,16059,14054,11982,10250,8854,7782,6960,6418,6222,6011,5534,4677,3460,2133,1107,419,224,377,762,1202,1396,1646,1711,1723,1693,1524,1248,717,122,-441,-933,-1300,-1494,-1532,-1586,-1702,-1849,-2025,-2166,-2298,-2457,-2726,-2997,-3279,-3668,-4202,-4838,-5547,-6303,-6962,-67185
0,0,2078,604734,17524,14935,13436,12313,11395,10765,10103,9641,9347,9014,8741,8475,8214,8308,9161,11206,14042,17516,19060,21359,22729,23366,23884,24974,26201,27171,27626,27493,26731,25643,24217,22480,20813,19285,17796,16072,14066,11989,10253,8852,7777,6957,6416,6217,6006,5528,4668,3449,2119,1089,399,204,359,747,1192,1505,1628,1699,1715,1694,1529,1248,721,120,-437,-928,-1283,-1467,-1506,-1535,-1693,-1850,-2022,-2156,-2296,-2411,-2612,-2987,-3320,-3672,-4185,-4800,-5478,-6186,-6847,-66777
0,0,2079,606308,17536,14952,13455,12332,11412,10776,10113,9648,9350,9016,8741,8476,8214,8311,9161,11213,14056,17539,19090,21394,22763,23398,23915,25007,26234,27205,27666,27527,26763,25670,24245,22503,20832,19304,17811,16086,14073,11995,10255,8850,7772,6951,6411,6213,5999,5521,4660,3437,2106,1070,378,184,342,733,1180,1495,1728,1683,1707,1686,1529,1252,720,119,-443,-924,-1281,-1453,-1485,-1512,-1649,-1846,-2023,-2152,-2288,-2409,-2564,-2868,-3310,-3718,-4191,-4784,-5436,-6111,-6720,-66288
0,0,2080,607728,17544,14966,13474,12347,11425,10786,10121,9652,9354,9019,8743,8477,8211,8309,9162,11217,14067,17561,19118,21428,22795,23429,23946,25038,26268,27239,27700,27560,26793,25698,24266,22521,20852,19318,17825,16097,14081,11999,10257,8846,7769,6946,6406,6207,5993,5516,4653,3426,2090,1052,358,164,324,717,1165,1486,1718,1775,1691,1678,1521,1250,723,119,-443,-932,-1279,-1451,-1475,-1496,-1630,-1804,-2017,-2153,-2283,-2398,-2562,-2823,-3191,-3710,-4241,-4792,-5422,-6068,-6643,-65715
0,0,2081,608994,17551,14979,13487,12364,11439,10795,10127,9657,9356,9019,8744,8477,8211,8308,9163,11223,14078,17579,19143,21456,22825,23460,23977,25066,26300,27270,27730,27590,26822,25721,24287,22540,20865,19334,17836,16105,14087,12001,10253,8841,7761,6942,6397,6202,5989,5510,4644,3415,2074,1033,338,144,305,702,1154,1474,1708,1765,1780,1661,1511,1241,719,116,-447,-936,-1286,-1450,-1476,-1489,-1619,-1788,-1980,-2147,-2284,-2393,-2551,-2819,-3144,-3584,-4234,-4852,-5432,-6053,-6600,-65093
0,0,2082,610072,17558,14991,13502,12377,11448,10803,10134,9661,9358,9019,8744,8476,8208,8305,9163,11225,14086,17593,19166,21484,22853,23486,24002,25094,26327,27298,27756,27619,26846,25745,24306,22556,20879,19345,17845,16110,14093,12002,10252,8835,7756,6932,6391,6195,5982,5500,4636,3403,2060,1014,320,125,288,688,1142,1464,1699,1756,1772,1750,1494,1230,707,112,-450,-940,-1288,-1459,-1475,-1493,-1614,-1779,-1968,-2112,-2278,-2396,-2548,-2810,-3145,-3538,-4101,-4845,-5499,-6069,-6586,-64501
0,0,2083,610984,17562,15000,13515,12390,11457,10811,10138,9662,9355,9018,8743,8472,8204,8303,9161,11228,14095,17608,19187,21510,22879,23510,24025,25120,26353,27322,27783,27645,26869,25762,24321,22567,20892,19355,17854,16118,14096,12002,10249,8829,7749,6926,6384,6187,5974,5494,4627,3391,2044,996,299,106,269,672,1129,1453,1689,1748,1763,1740,1587,1212,693,97,-458,-945,-1297,-1464,-1485,-1495,-1620,-1775,-1957,-2096,-2242,-2388,-2548,-2808,-3134,-3540,-4054,-4704,-5496,-6143,-6602,-63964
0,0,2084,611725,17563,15008,13528,12402,11467,10816,10142,9665,9356,9017,8741,8470,8202,8297,9158,11228,14100,17621,19210,21535,22902,23530,24045,25140,26373,27342,27806,27666,26888,25777,24336,22582,20902,19363,17859,16121,14097,12002,10246,8823,7740,6919,6378,6180,5965,5486,4615,3380,2027,977,279,86,253,659,1116,1441,1679,1736,1753,1731,1576,1310,669,78,-474,-953,-1302,-1472,-1490,-1506,-1624,-1783,-1954,-2087,-2227,-2353,-2543,-2810,-3131,-3529,-4057,-4652,-5340,-6142,-6685,-63520
0,0,2085,612306,17565,15017,13537,12410,11475,10822,10143,9664,9354,9013,8737,8466,8197,8292,9153,11230,14105,17634,19227,21556,22924,23551,24065,25158,26392,27362,27827,27685,26905,25790,24345,22590,20910,19368,17862,16125,14097,12001,10241,8817,7733,6911,6370,6175,5955,5476,4604,3367,2012,958,261,67,236,643,1102,1430,1669,1729,1744,1722,1568,1301,775,52,-495,-974,-1312,-1476,-1500,-1513,-1636,-1787,-1962,-2085,-2220,-2338,-2506,-2804,-3134,-3529,-4049,-4659,-5286,-5975,-6687,-63239
0,0,2086,612766,17565,15023,13545,12418,11482,10827,10145,9665,9351,9009,8733,8463,8191,8287,9148,11229,14111,17645,19246,21577,22943,23567,24081,25176,26410,27381,27843,27704,26921,25802,24354,22598,20915,19372,17866,16125,14097,11996,10237,8807,7724,6900,6361,6165,5949,5467,4591,3354,1996,941,241,49,219,627,1092,1421,1658,1719,1735,1713,1558,1287,762,165,-525,-997,-1331,-1486,-1506,-1523,-1643,-1801,-1968,-2092,-2215,-2330,-2493,-2767,-3131,-3535,-4049,-4652,-5296,-5918,-6506,-63019
0,0,2087,613094,17563,15028,13553,12425,11488,10830,10147,9664,9348,9005,8727,8456,8183,8280,9145,11226,14114,17655,19261,21594,22958,23583,24099,25190,26425,27395,27857,27717,26933,25813,24358,22602,20917,19376,17867,16126,14098,11996,10230,8799,7714,6893,6352,6156,5940,5457,4582,3341,1980,922,222,30,202,614,1079,1409,1649,1707,1724,1702,1548,1277,748,149,-404,-1027,-1355,-1506,-1518,-1530,-1654,-1809,-1981,-2098,-2224,-2327,-2484,-2754,-3093,-3529,-4056,-4653,-5289,-5928,-6449,-62666
0,0,2088,613272,17560,15030,13561,12433,11492,10833,10145,9661,9343,8999,8721,8450,8177,8274,9139,11224,14116,17661,19274,21610,22974,23596,24108,25205,26439,27406,27870,27729,26943,25820,24363,22606,20917,19375,17867,16124,14095,11990,10224,8790,7705,6881,6343,6145,5928,5445,4573,3330,1966,902,205,11,186,600,1068,1398,1637,1699,1715,1693,1539,1265,736,133,-422,-906,-1387,-1528,-1538,-1544,-1664,-1821,-1991,-2112,-2231,-2333,-2481,-2746,-3079,-3491,-4054,-4661,-5290,-5925,-6463,-62308
0,0,2089,613310,17555,15033,13566,12438,11497,10834,10145,9657,9339,8991,8715,8443,8170,8265,9133,11220,14119,17666,19286,21624,22987,23607,24120,25215,26448,27417,27881,27738,26951,25824,24366,22605,20919,19375,17866,16122,14093,11986,10216,8782,7692,6872,6333,6136,5918,5436,4562,3317,1949,885,184,-7,167,585,1054,1388,1628,1691,1707,1684,1529,1253,721,117,-441,-927,-1269,-1559,-1563,-1566,-1678,-1830,-2001,-2119,-2242,-2341,-2488,-2744,-3071,-3478,-4011,-4660,-5301,-5928,-6459,-62029
0,0,2090,613210,17547,15034,13572,12443,11501,10834,10142,9651,9333,8986,8707,8436,8161,8258,9127,11217,14118,17672,19296,21635,22998,23616,24129,25222,26456,27425,27887,27746,26955,25827,24367,22606,20917,19375,17863,16117,14086,11979,10209,8771,7682,6860,6322,6125,5909,5426,4550,3304,1933,869,166,-24,152,571,1041,1378,1617,1681,1695,1675,1522,1243,710,101,-459,-947,-1291,-1450,-1594,-1587,-1699,-1845,-2012,-2131,-2251,-2354,-2495,-2750,-3069,-3471,-3999,-4616,-5300,-5941,-6464,-61794
0,0,2091,612977,17540,15033,13574,12447,11503,10833,10141,9647,9328,8979,8700,8428,8153,8245,9118,11211,14115,17677,19303,21645,23006,23624,24133,25228,26461,27429,27891,27750,26960,25827,24367,22602,20914,19371,17856,16112,14080,11971,10199,8760,7670,6850,6312,6117,5901,5415,4539,3290,1919,848,147,-41,137,558,1030,1365,1606,1670,1686,1667,1511,1232,695,84,-476,-965,-1312,-1471,-1490,-1618,-1721,-1866,-2025,-2142,-2263,-2364,-2508,-2757,-3077,-3469,-3992,-4602,-5254,-5941,-6478,-61601
0,0,2092,612604,17532,15031,13576,12450,11503,10832,10138,9643,9319,8971,8692,8417,8144,8236,9109,11204,14112,17678,19312,21653,23014,23629,24138,25233,26463,27432,27893,27751,26957,25825,24362,22598,20910,19367,17852,16105,14074,11963,10187,8748,7659,6838,6302,6107,5889,5404,4527,3276,1904,832,128,-59,121,544,1018,1353,1597,1659,1678,1658,1502,1221,682,69,-495,-983,-1331,-1488,-1511,-1527,-1750,-1887,-2046,-2152,-2272,-2375,-2517,-2771,-3087,-3480,-3991,-4597,-5241,-5891,-6481,-61485
0,0,2093,612098,17522,15028,13577,12451,11501,10829,10134,9637,9311,8960,8682,8408,8134,8227,9100,11196,14108,17681,19315,21662,23016,23634,24140,25234,26464,27433,27894,27753,26957,25822,24356,22592,20903,19358,17844,16099,14065,11955,10179,8736,7646,6829,6293,6096,5877,5391,4515,3264,1888,814,111,-76,104,531,1007,1343,1585,1650,1669,1650,1494,1211,668,55,-515,-1001,-1349,-1510,-1532,-1548,-1669,-1915,-2067,-2172,-2286,-2384,-2530,-2783,-3102,-3488,-4004,-4598,-5236,-5879,-6428,-61418
0,0,2094,611463,17511,15025,13578,12452,11500,10829,10127,9629,9303,8951,8672,8400,8122,8216,9090,11190,14105,17681,19320,21664,23021,23633,24141,25232,26463,27429,27892,27750,26951,25815,24348,22585,20895,19348,17835,16088,14055,11946,10167,8725,7634,6816,6280,6085,5866,5379,4505,3250,1872,796,93,-93,89,518,994,1333,1576,1641,1658,1639,1484,1201,657,40,-532,-1021,-1370,-1529,-1550,-1567,-1690,-1841,-2095,-2193,-2305,-2398,-2541,-2795,-3113,-3506,-4013,-4612,-5237,-5873,-6414,-61339
0,0,2095,610704,17497,15019,13576,12450,11500,10822,10121,9620,9295,8940,8660,8387,8111,8206,9079,11182,14099,17680,19322,21666,23022,23635,24139,25230,26459,27425,27888,27746,26947,25806,24338,22574,20885,19340,17825,16080,14046,11935,10155,8712,7621,6805,6269,6073,5854,5368,4491,3237,1854,779,75,-109,77,503,981,1321,1565,1631,1650,1631,1475,1188,645,26,-548,-1039,-1389,-1547,-1570,-1586,-1710,-1860,-2024,-2220,-2326,-2417,-2555,-2807,-3127,-3519,-4031,-4623,-5255,-5875,-6411,-61286
0,0,2096,609822,17482,15013,13572,12450,11495,10819,10116,9612,9284,8930,8650,8375,8099,8189,9066,11173,14092,17675,19323,21669,23022,23632,24136,25228,26454,27418,27879,27739,26940,25796,24326,22563,20874,19328,17812,16067,14034,11924,10145,8700,7607,6790,6257,6060,5843,5357,4479,3222,1840,763,56,-125,61,490,970,1313,1555,1623,1639,1622,1464,1178,633,9,-564,-1058,-1408,-1567,-1589,-1608,-1731,-1881,-2045,-2152,-2353,-2437,-2574,-2821,-3140,-3534,-4047,-4644,-5268,-5893,-6415,-61256
0,0,2097,608826,17467,15004,13569,12445,11491,10810,10108,9602,9275,8917,8637,8362,8087,8179,9054,11162,14085,17672,19321,21668,23020,23626,24132,25221,26446,27409,27874,27732,26930,25785,24313,22549,20863,19316,17803,16051,14024,11912,10133,8684,7595,6778,6245,6049,5828,5345,4465,3208,1826,745,39,-142,46,478,959,1301,1544,1611,1629,1613,1455,1169,620,-5,-580,-1074,-1426,-1587,-1608,-1627,-1750,-1900,-2064,-2171,-2287,-2464,-2596,-2842,-3156,-3549,-4065,-4661,-5293,-5911,-6437,-61265
0,0,2098,607717,17449,14996,13563,12443,11487,10804,10098,9591,9261,8904,8626,8350,8074,8166,9040,11150,14076,17666,19318,21664,23016,23619,24121,25213,26436,27399,27862,27718,26916,25770,24298,22534,20848,19303,17787,16038,14009,11898,10118,8669,7581,6763,6232,6038,5817,5331,4453,3194,1810,730,21,-160,31,463,947,1291,1535,1604,1620,1605,1444,1158,608,-20,-597,-1091,-1443,-1604,-1626,-1648,-1770,-1920,-2083,-2190,-2307,-2399,-2622,-2863,-3177,-3565,-4079,-4680,-5311,-5938,-6454,-61310
0,0,2099,606499,17431,14984,13558,12438,11480,10795,10090,9581,9248,8890,8612,8337,8059,8151,9027,11139,14068,17657,19312,21661,23009,23610,24114,25199,26423,27384,27847,27705,26902,25753,24280,22514,20829,19286,17771,16024,13995,11885,10104,8655,7565,6749,6219,6024,5802,5316,4441,3180,1794,711,5,-175,16,451,935,1280,1524,1592,1611,1593,1433,1146,594,-33,-613,-1109,-1460,-1623,-1645,-1665,-1788,-1939,-2101,-2209,-2324,-2417,-2556,-2891,-3200,-3590,-4099,-4698,-5333,-5959,-6484,-61378
0,0,2100,605174,17411,14971,13550,12431,11471,10787,10079,9568,9234,8876,8597,8323,8043,8138,9013,11127,14056,17647,19305,21653,22999,23598,24100,25186,26406,27365,27830,27688,26883,25735,24259,22496,20811,19267,17753,16007,13978,11871,10089,8640,7550,6736,6205,6010,5790,5304,4428,3165,1778,695,-11,-189,2,439,924,1267,1514,1581,1602,1584,1423,1135,582,-48,-628,-1126,-1476,-1641,-1665,-1684,-1807,-1959,-2123,-2229,-2343,-2435,-2578,-2823,-3230,-3615,-4125,-4719,-5353,-5984,-6507,-61483
0,1,2023,142771,7190,4168,4000,3857,3800,3732,3772,3720,3730,3731,3605,3607,3576,3534,3707,4227,5007,6125,6208,6746,6980,7074,6827,7378,7679,8008,8248,8049,7759,7577,7224,6577,5605,4760,4276,3639,2361,1237,272,-707,-1159,-1456,-1189,-966,-318,-190,-554,-1149,-1893,-2355,-2753,-2914,-2849,-2535,-1859,-1476,-1067,-890,-761,-667,-825,-727,-961,-1225,-1144,-1380,-1312,-1097,-834,-878,-755,-529,-578,-544,-543,-479,-633,-500,-599,-708,-761,-752,-979,-990,-980,-6381
0,1,2024,149897,7229,6059,3919,3866,3830,3800,3835,3757,3797,3760,3659,3561,3580,3619,3768,4333,5154,6153,6493,6947,7385,7550,7418,7433,7876,8324,8301,8385,8205,7913,7713,7022,6080,5235,4318,3840,2631,1518,428,-388,-838,-1304,-1111,-739,-528,-240,-509,-1197,-1831,-2458,-2649,-2804,-2749,-2557,-2141,-1533,-1174,-873,-758,-691,-761,-974,-943,-1208,-1437,-1372,-1435,-1281,-1021,-844,-829,-838,-555,-686,-573,-587,-619,-812,-673,-744,-869,-905,-934,-1088,-1063,-6674
0,1,2025,157110,7272,6096,5479,3790,3827,3820,3874,3807,3813,3818,3670,3594,3547,3600,3863,4393,5259,6359,6548,7224,7637,7908,7850,7986,7929,8510,8593,8467,8506,8350,8041,7504,6563,5695,4811,3921,2870,1784,733,-191,-572,-975,-970,-667,-315,-426,-552,-1140,-1861,-2394,-2741,-2664,-2662,-2437,-2143,-1756,-1204,-949,-744,-688,-764,-903,-1208,-1196,-1413,-1617,-1434,-1413,-1195,-948,-815,-883,-859,-658,-737,-642,-673,-791,-1006,-800,-929,-986,-1078,-1077,-1136,-6989
0,1,2026,166158,7324,6146,5522,5085,3789,3844,3907,3870,3866,3858,3740,3627,3639,3630,3905,4566,5389,6510,6848,7361,7950,8223,8224,8433,8458,8592,8853,8801,8669,8654,8492,7815,7057,6175,5308,4415,3020,2046,1036,153,-356,-713,-647,-493,-246,-192,-712,-1154,-1793,-2368,-2658,-2734,-2482,-2304,-2015,-1724,-1394,-976,-789,-665,-755,-911,-1135,-1425,-1413,-1558,-1651,-1388,-1305,-1122,-856,-885,-902,-892,-700,-784,-738,-803,-975,-1154,-983,-1046,-1143,-1219,-1167,-7317
0,1,2027,174031,7376,6195,5568,5125,4837,3816,3931,3900,3929,3893,3785,3717,3683,3723,3965,4630,5601,6677,7041,7666,8108,8507,8566,8779,8880,9077,8899,9002,8966,8835,8713,8208,7280,6583,5672,4794,3469,2148,1284,424,-24,-513,-427,-214,-67,-140,-482,-1334,-1801,-2329,-2636,-2654,-2550,-2184,-1854,-1626,-1358,-1121,-827,-718,-743,-872,-1139,-1399,-1608,-1609,-1627,-1569,-1310,-1212,-1053,-910,-925,-962,-905,-779,-845,-905,-981,-1125,-1350,-1107,-1199,-1268,-1305,-7655
0,1,2028,180341,7429,6242,5609,5162,4874,4650,3910,3924,3958,3993,3855,3739,3729,3755,4017,4705,5683,6927,7209,7900,8366,8683,8780,9076,9181,9422,9321,9082,9098,9047,8894,8351,7577,6785,6020,5118,3734,2546,1351,632,188,-206,-230,-48,167,33,-431,-1096,-2004,-2332,-2611,-2641,-2500,-2224,-1800,-1473,-1266,-1122,-934,-757,-791,-883,-1091,-1398,-1627,-1778,-1689,-1607,-1452,-1268,-1123,-1118,-941,-1001,-952,-965,-899,-998,-1110,-1157,-1337,-1494,-1270,-1328,-1346,-8083
0,1,2029,186166,7481,6288,5652,5201,4908,4682,4563,3911,3986,4008,3858,3801,3770,3784,4060,4756,5779,7018,7484,8058,8616,8860,8938,9243,9435,9682,9623,9438,9229,9164,9037,8543,7746,7035,6235,5439,4095,2812,1708,702,374,-27,33,150,296,260,-264,-1042,-1753,-2519,-2592,-2614,-2453,-2178,-1809,-1434,-1128,-1018,-940,-851,-828,-928,-1107,-1352,-1631,-1808,-1825,-1660,-1487,-1371,-1191,-1153,-1152,-1015,-1033,-1003,-1026,-1065,-1177,-1277,-1382,-1492,-1673,-1406,-1403,-8508
0,1,2030,190538,7534,6335,5693,5239,4940,4715,4590,4427,3970,4067,3891,3812,3802,3859,4109,4817,5848,7136,7586,8324,8776,9139,9086,9358,9565,9912,9818,9669,9504,9287,9095,8620,7880,7195,6424,5610,4344,3133,1940,997,416,123,157,350,469,347,-47,-893,-1718,-2298,-2779,-2604,-2446,-2159,-1760,-1464,-1101,-914,-861,-851,-937,-981,-1180,-1388,-1611,-1836,-1880,-1783,-1569,-1413,-1286,-1216,-1163,-1212,-1068,-1131,-1107,-1166,-1257,-1326,-1493,-1543,-1674,-1832,-1481,-8942
0,1,2031,193053,7583,6381,5736,5275,4979,4749,4621,4452,4362,4117,3903,3835,3818,3862,4151,4851,5889,7200,7701,8454,9004,9296,9347,9505,9657,10009,10015,9842,9713,9561,9229,8663,7938,7277,6540,5761,4510,3307,2194,1170,631,130,264,435,628,482,1,-704,-1590,-2305,-2620,-2811,-2472,-2186,-1804,-1437,-1166,-915,-798,-808,-964,-1118,-1251,-1495,-1652,-1852,-1943,-1871,-1684,-1515,-1345,-1350,-1251,-1246,-1227,-1185,-1246,-1288,-1369,-1433,-1542,-1653,-1734,-1826,-1929,-9390
0,1,2032,193239,7633,6429,5777,5315,5011,4780,4652,4479,4388,4239,3922,3846,3828,3874,4158,4875,5918,7234,7759,8540,9139,9466,9501,9721,9779,10083,10085,9954,9821,9718,9476,8747,7931,7301,6585,5833,4617,3460,2321,1368,770,269,249,511,691,616,112,-676,-1426,-2208,-2651,-2708,-2691,-2237,-1857,-1512,-1169,-996,-826,-787,-943,-1187,-1427,-1603,-1798,-1893,-1990,-1962,-1804,-1650,-1486,-1430,-1422,-1367,-1322,-1324,-1346,-1446,-1510,-1557,-1668,-1717,-1851,-1895,-1921,-10279
0,1,2033,197002,7683,6472,5818,5351,5046,4809,4678,4503,4411,4262,4155,3856,3850,3897,4189,4917,5972,7301,7838,8641,9260,9630,9678,9904,10020,10241,10217,10087,9964,9856,9679,9065,8082,7344,6689,5959,4766,3647,2563,1587,1032,478,426,548,796,704,269,-542,-1376,-2002,-2516,-2690,-2562,-2390,-1854,-1511,-1188,-955,-855,-771,-883,-1118,-1467,-1747,-1873,-2002,-1973,-1953,-1838,-1714,-1560,-1511,-1438,-1472,-1375,-1381,-1420,-1503,-1628,-1658,-1751,-1808,-1883,-1990,-1972,-11008
0,1,2034,200619,7734,6520,5858,5387,5079,4839,4702,4532,4434,4284,4178,4045,3860,3913,4216,4957,6025,7365,7920,8727,9366,9751,9839,10074,10190,10461,10360,10216,10091,9997,9809,9253,8381,7487,6728,6056,4887,3792,2748,1826,1242,726,612,710,830,803,351,-389,-1240,-1954,-2315,-2562,-2549,-2274,-1989,-1502,-1185,-971,-815,-800,-868,-1056,-1391,-1787,-2030,-2081,-2083,-1937,-1829,-1742,-1616,-1579,-1516,-1488,-1482,-1437,-1479,-1578,-1690,-1785,-1857,-1898,-1983,-2024,-2071,-11710
0,1,2035,204006,7785,6563,5899,5422,5111,4868,4732,4554,4458,4305,4195,4065,4015,3922,4233,4986,6073,7435,7998,8815,9452,9848,9959,10228,10347,10617,10568,10349,10208,10110,9936,9366,8563,7777,6863,6089,4981,3906,2889,2008,1470,922,838,879,973,832,443,-310,-1088,-1821,-2270,-2371,-2431,-2255,-1882,-1622,-1176,-970,-830,-762,-898,-1039,-1324,-1709,-2078,-2239,-2163,-2042,-1815,-1734,-1646,-1633,-1581,-1565,-1501,-1549,-1542,-1642,-1773,-1853,-1990,-2008,-2075,-2128,-2102,-12432
0,1,2036,207290,7829,6607,5937,5458,5141,4898,4758,4582,4480,4325,4219,4086,4035,4066,4242,5013,6110,7494,8076,8902,9543,9940,10059,10339,10491,10763,10713,10539,10335,10222,10053,9492,8673,7945,7141,6218,5004,3993,3002,2142,1642,1134,1018,1084,1130,966,469,-226,-1012,-1668,-2142,-2330,-2252,-2151,-1870,-1523,-1283,-956,-824,-775,-860,-1074,-1306,-1637,-1991,-2290,-2317,-2120,-1910,-1722,-1636,-1659,-1637,-1632,-1579,-1566,-1658,-1707,-1842,-1939,-2058,-2148,-2190,-2225,-2209,-13094
0,1,2037,210380,7877,6650,5976,5493,5175,4928,4783,4603,4504,4349,4238,4105,4051,4082,4385,5028,6142,7539,8152,8988,9632,10032,10146,10437,10598,10901,10854,10678,10515,10347,10153,9597,8789,8045,7300,6487,5123,4010,3084,2250,1771,1296,1212,1244,1316,1112,599,-205,-935,-1596,-1992,-2207,-2216,-1994,-1773,-1510,-1195,-1056,-810,-770,-871,-1032,-1345,-1618,-1916,-2207,-2371,-2268,-1984,-1810,-1625,-1653,-1663,-1686,-1645,-1649,-1679,-1834,-1916,-2012,-2151,-2222,-2336,-2346,-2310,-13788
0,1,2038,213347,7922,6692,6015,5525,5207,4955,4807,4627,4525,4368,4259,4122,4070,4100,4405,5186,6160,7577,8205,9069,9725,10119,10237,10519,10693,10999,10974,10808,10650,10519,10269,9690,8888,8152,7396,6642,5399,4126,3096,2329,1873,1414,1361,1421,1461,1283,741,-80,-914,-1523,-1924,-2067,-2107,-1961,-1631,-1422,-1179,-973,-903,-755,-866,-1051,-1301,-1660,-1898,-2130,-2290,-2320,-2123,-1879,-1709,-1642,-1656,-1711,-1698,-1713,-1762,-1854,-2048,-2090,-2229,-2318,-2414,-2497,-2434,-14501
0,1,2039,216232,7967,6732,6050,5560,5236,4985,4830,4654,4545,4389,4278,4143,4088,4119,4422,5209,6351,7605,8254,9133,9808,10207,10326,10606,10773,11087,11071,10926,10765,10645,10434,9798,8978,8246,7501,6731,5551,4398,3206,2330,1945,1513,1471,1554,1622,1423,904,64,-790,-1506,-1852,-2003,-1974,-1857,-1601,-1297,-1100,-954,-820,-847,-851,-1045,-1322,-1616,-1944,-2110,-2216,-2242,-2173,-2005,-1775,-1723,-1649,-1710,-1731,-1773,-1832,-1947,-2071,-2232,-2310,-2402,-2515,-2575,-2587,-15244
0,1,2040,219000,8013,6772,6090,5592,5263,5009,4854,4672,4564,4406,4299,4160,4101,4133,4439,5230,6381,7837,8289,9186,9870,10292,10412,10692,10849,11155,11151,11020,10875,10761,10552,9952,9081,8332,7588,6823,5634,4548,3484,2439,1943,1577,1557,1657,1745,1571,1038,230,-645,-1383,-1837,-1937,-1917,-1740,-1513,-1267,-985,-882,-802,-764,-947,-1033,-1320,-1638,-1897,-2158,-2198,-2174,-2101,-2052,-1892,-1787,-1726,-1702,-1730,-1805,-1893,-2019,-2170,-2255,-2459,-2483,-2602,-2681,-2668,-16056
0,1,2041,221219,8054,6812,6119,5615,5284,5031,4870,4684,4575,4415,4303,4164,4106,4142,4447,5243,6396,7866,8551,9218,9919,10346,10491,10764,10925,11219,11207,11084,10950,10855,10647,10048,9222,8414,7654,6892,5714,4618,3617,2704,2032,1571,1608,1726,1828,1680,1178,358,-483,-1242,-1722,-1929,-1857,-1689,-1408,-1188,-961,-778,-732,-747,-864,-1137,-1316,-1643,-1930,-2114,-2248,-2156,-2040,-1987,-1940,-1896,-1788,-1779,-1728,-1807,-1932,-2087,-2250,-2361,-2485,-2640,-2686,-2773,-2776,-16848
0,1,2042,223379,8093,6850,6152,5645,5308,5051,4882,4695,4583,4420,4310,4172,4113,4144,4452,5252,6416,7891,8592,9513,9948,10389,10544,10829,10992,11284,11268,11141,11013,10926,10729,10141,9317,8542,7739,6948,5780,4692,3681,2841,2286,1660,1599,1776,1894,1757,1280,497,-359,-1081,-1583,-1817,-1851,-1635,-1363,-1095,-891,-755,-630,-676,-848,-1051,-1429,-1641,-1938,-2147,-2205,-2202,-2023,-1930,-1885,-1940,-1896,-1840,-1803,-1806,-1935,-2129,-2324,-2447,-2595,-2671,-2849,-2857,-2872,-17649
0,1,2043,225491,8132,6884,6180,5667,5329,5069,4893,4710,4592,4432,4318,4177,4119,4147,4461,5266,6438,7919,8627,9551,10258,10417,10592,10885,11058,11349,11324,11197,11070,10988,10792,10219,9405,8633,7864,7022,5836,4746,3755,2903,2412,1903,1678,1769,1936,1814,1357,600,-218,-952,-1423,-1688,-1750,-1626,-1316,-1055,-809,-690,-607,-572,-775,-1036,-1342,-1763,-1943,-2155,-2239,-2163,-2069,-1917,-1833,-1887,-1935,-1944,-1864,-1885,-1935,-2132,-2368,-2528,-2685,-2789,-2877,-3023,-2957,-18452
0,1,2044,227512,8173,6919,6212,5691,5350,5085,4905,4720,4602,4441,4326,4182,4123,4148,4466,5276,6455,7947,8665,9595,10303,10714,10627,10932,11109,11405,11381,11256,11126,11040,10849,10279,9481,8715,7950,7139,5906,4796,3808,2972,2466,2022,1895,1839,1930,1856,1410,675,-118,-811,-1302,-1536,-1628,-1534,-1310,-1013,-769,-612,-543,-552,-670,-963,-1330,-1679,-2072,-2167,-2250,-2196,-2034,-1955,-1821,-1839,-1887,-1984,-1969,-1945,-2016,-2133,-2374,-2575,-2766,-2888,-2999,-3055,-3125,-19230
0,1,2045,229436,8208,6952,6242,5714,5367,5104,4920,4728,4613,4448,4332,4192,4127,4155,4468,5290,6476,7972,8697,9637,10351,10759,10907,10959,11157,11450,11433,11314,11181,11092,10894,10324,9540,8784,8027,7213,6027,4859,3856,3025,2528,2076,2004,2040,1993,1850,1447,728,-43,-708,-1162,-1421,-1489,-1426,-1230,-1007,-728,-576,-470,-487,-644,-854,-1255,-1670,-1987,-2297,-2265,-2211,-2069,-1920,-1862,-1830,-1843,-1938,-2011,-2052,-2078,-2218,-2375,-2582,-2817,-2977,-3099,-3179,-3156,-20088
0,1,2046,231245,8246,6985,6269,5738,5388,5120,4931,4741,4621,4454,4339,4196,4130,4154,4472,5298,6493,7997,8734,9679,10391,10799,10956,11215,11187,11490,11473,11363,11235,11145,10938,10368,9590,8836,8093,7278,6098,4974,3911,3072,2573,2135,2045,2136,2176,1911,1435,761,7,-637,-1063,-1290,-1382,-1299,-1135,-933,-723,-536,-431,-410,-579,-831,-1144,-1591,-1982,-2214,-2397,-2229,-2081,-1951,-1832,-1864,-1839,-1895,-1967,-2097,-2188,-2286,-2469,-2584,-2821,-3022,-3187,-3287,-3286,-20869
0,1,2047,232953,8279,7014,6295,5758,5406,5137,4942,4748,4629,4461,4343,4202,4134,4158,4477,5307,6508,8019,8767,9720,10436,10837,10997,11259,11415,11512,11508,11405,11283,11195,10984,10408,9630,8883,8146,7338,6163,5043,4021,3129,2605,2177,2100,2177,2259,2073,1491,748,39,-585,-994,-1197,-1262,-1203,-1024,-851,-660,-530,-387,-373,-500,-760,-1120,-1474,-1907,-2213,-2321,-2351,-2103,-1964,-1864,-1836,-1873,-1885,-1926,-2052,-2233,-2404,-2539,-2683,-2821,-3028,-3235,-3375,-3396,-21683
0,1,2048,234620,8314,7046,6321,5783,5425,5152,4954,4758,4631,4465,4347,4205,4135,4160,4480,5317,6523,8044,8800,9756,10473,10880,11039,11300,11459,11716,11534,11438,11321,11244,11030,10449,9671,8919,8186,7376,6221,5099,4089,3238,2656,2215,2139,2225,2297,2155,1651,802,17,-555,-946,-1133,-1176,-1093,-937,-753,-585,-470,-382,-332,-463,-679,-1049,-1453,-1786,-2138,-2325,-2281,-2213,-1985,-1879,-1866,-1848,-1923,-1923,-2011,-2187,-2453,-2667,-2760,-2929,-3031,-3240,-3424,-3484,-22476
0,1,2049,236201,8347,7074,6347,5801,5441,5171,4961,4769,4638,4471,4352,4210,4137,4164,4485,5324,6539,8066,8832,9791,10513,10917,11081,11339,11496,11749,11716,11465,11355,11280,11065,10490,9711,8958,8220,7406,6257,5150,4145,3300,2756,2266,2171,2265,2339,2188,1727,964,68,-579,-920,-1086,-1116,-1015,-842,-676,-497,-402,-326,-328,-420,-642,-965,-1377,-1766,-2021,-2253,-2290,-2157,-2088,-1901,-1879,-1876,-1899,-1957,-2007,-2145,-2406,-2720,-2898,-3009,-3141,-3239,-3427,-3530,-23276
0,1,2050,237697,8379,7103,6372,5821,5461,5185,4971,4778,4648,4476,4356,4214,4139,4164,4488,5330,6550,8085,8861,9825,10553,10952,11118,11374,11531,11780,11747,11634,11377,11313,11098,10526,9753,8991,8255,7432,6291,5179,4196,3356,2818,2363,2212,2291,2372,2226,1757,1039,236,-530,-949,-1064,-1075,-960,-775,-592,-429,-322,-260,-266,-414,-599,-929,-1292,-1695,-2003,-2143,-2228,-2166,-2037,-1997,-1904,-1890,-1927,-1937,-2044,-2142,-2366,-2669,-2953,-3155,-3233,-3356,-3426,-3533,-24019
0,1,2051,239138,8407,7133,6397,5840,5478,5200,4980,4784,4654,4478,4359,4214,4144,4164,4489,5340,6565,8104,8892,9862,10589,10988,11155,11412,11569,11811,11781,11665,11540,11331,11120,10551,9788,9026,8287,7451,6312,5204,4221,3402,2861,2419,2303,2329,2396,2256,1795,1065,306,-362,-899,-1091,-1053,-923,-727,-530,-352,-257,-182,-204,-354,-594,-889,-1257,-1605,-1928,-2128,-2123,-2108,-2047,-1954,-1994,-1911,-1943,-1968,-2023,-2182,-2362,-2626,-2902,-3211,-3388,-3449,-3548,-3531,-24674
0,1,2052,240489,8435,7159,6420,5860,5495,5212,4989,4790,4660,4485,4363,4218,4146,4166,4489,5347,6575,8124,8917,9895,10623,11021,11190,11446,11602,11836,11805,11696,11569,11488,11137,10574,9812,9056,8316,7480,6332,5217,4240,3429,2903,2466,2350,2410,2430,2278,1822,1106,329,-292,-734,-1049,-1079,-903,-695,-489,-300,-187,-120,-129,-288,-531,-886,-1215,-1573,-1844,-2060,-2111,-2016,-1997,-1969,-1953,-2000,-1960,-1981,-2054,-2160,-2405,-2625,-2858,-3157,-3449,-3611,-3649,-3657,-25233
0,1,2053,241802,8464,7184,6444,5875,5509,5224,4999,4796,4663,4487,4365,4220,4144,4169,4491,5351,6590,8142,8943,9928,10657,11055,11224,11479,11631,11866,11831,11724,11596,11515,11287,10587,9834,9083,8348,7502,6356,5238,4251,3447,2922,2506,2391,2457,2503,2309,1841,1129,364,-268,-665,-890,-1038,-923,-676,-459,-263,-138,-55,-66,-208,-463,-818,-1211,-1538,-1811,-1980,-2048,-2010,-1916,-1928,-1967,-1959,-2047,-2000,-2065,-2191,-2382,-2669,-2856,-3110,-3395,-3679,-3818,-3763,-25846
0,1,2054,243061,8490,7209,6466,5896,5523,5236,5005,4802,4667,4491,4369,4222,4143,4165,4492,5358,6600,8160,8970,9957,10691,11082,11262,11514,11663,11891,11853,11751,11622,11542,11309,10732,9847,9100,8366,7522,6379,5251,4266,3457,2934,2526,2424,2492,2544,2375,1870,1151,387,-237,-643,-827,-894,-886,-695,-441,-233,-106,-5,-1,-147,-378,-745,-1143,-1537,-1779,-1949,-1974,-1951,-1910,-1856,-1927,-1974,-2011,-2087,-2084,-2203,-2417,-2649,-2905,-3108,-3342,-3616,-3887,-3936,-26480
0,1,2055,244271,8517,7236,6486,5912,5537,5248,5013,4808,4671,4496,4369,4223,4146,4166,4491,5365,6611,8175,8995,9985,10723,11110,11291,11542,11695,11917,11879,11775,11646,11567,11330,10749,9990,9107,8381,7533,6394,5267,4277,3469,2938,2536,2442,2524,2578,2413,1938,1176,403,-218,-614,-808,-836,-756,-662,-456,-219,-82,27,48,-77,-313,-656,-1063,-1467,-1779,-1924,-1951,-1887,-1859,-1851,-1859,-1933,-2024,-2048,-2173,-2220,-2432,-2683,-2884,-3160,-3342,-3563,-3823,-4009,-27213
0,1,2056,245509,8539,7256,6504,5929,5550,5261,5020,4815,4678,4497,4372,4224,4143,4165,4494,5368,6621,8194,9019,10012,10751,11140,11323,11575,11722,11941,11902,11801,11670,11590,11347,10765,10007,9244,8388,7538,6404,5281,4291,3482,2946,2548,2456,2540,2604,2442,1972,1242,429,-202,-597,-779,-820,-702,-547,-429,-235,-66,51,80,-29,-239,-586,-969,-1382,-1707,-1924,-1927,-1866,-1800,-1808,-1854,-1869,-1987,-2059,-2132,-2315,-2449,-2701,-2922,-3135,-3397,-3560,-3765,-3943,-27922
0,1,2057,246713,8565,7281,6524,5943,5562,5272,5029,4820,4680,4500,4372,4224,4143,4162,4494,5373,6628,8209,9042,10041,10784,11166,11351,11600,11748,11965,11923,11821,11692,11613,11368,10780,10027,9261,8525,7536,6411,5284,4298,3492,2953,2554,2457,2552,2618,2469,2000,1277,494,-177,-583,-764,-795,-688,-500,-328,-209,-79,66,106,4,-188,-512,-897,-1285,-1623,-1856,-1930,-1849,-1783,-1756,-1814,-1869,-1923,-2023,-2143,-2273,-2549,-2720,-2940,-3175,-3372,-3616,-3761,-3884,-28482
0,1,2058,247951,8586,7301,6546,5958,5575,5282,5032,4826,4680,4503,4373,4225,4141,4166,4495,5379,6640,8226,9062,10068,10813,11193,11382,11629,11774,11987,11945,11844,11715,11633,11384,10801,10044,9278,8538,7664,6405,5287,4296,3500,2960,2563,2466,2556,2630,2479,2023,1303,529,-113,-562,-753,-782,-665,-487,-285,-117,-55,57,123,34,-153,-458,-816,-1209,-1524,-1776,-1869,-1850,-1768,-1742,-1766,-1829,-1921,-1962,-2105,-2282,-2502,-2825,-2960,-3196,-3415,-3591,-3823,-3879,-28908
0,1,2059,249153,8609,7321,6561,5975,5588,5292,5039,4833,4681,4502,4377,4226,4142,4164,4494,5383,6647,8240,9084,10090,10840,11219,11411,11657,11801,12007,11965,11864,11734,11653,11400,10816,10062,9294,8548,7674,6540,5274,4291,3499,2961,2571,2470,2564,2633,2489,2032,1325,552,-80,-500,-732,-770,-650,-466,-271,-78,29,81,111,50,-126,-419,-758,-1127,-1447,-1680,-1791,-1794,-1769,-1734,-1756,-1784,-1882,-1959,-2040,-2243,-2511,-2774,-3075,-3221,-3440,-3639,-3793,-3941,-29262
0,1,2060,250332,8630,7343,6581,5989,5596,5303,5042,4836,4686,4505,4375,4224,4140,4161,4494,5386,6654,8254,9105,10117,10866,11244,11438,11681,11827,12028,11983,11883,11755,11671,11415,10832,10078,9304,8563,7677,6545,5406,4279,3493,2955,2577,2477,2570,2641,2493,2042,1336,573,-60,-466,-675,-749,-642,-456,-251,-65,66,160,139,41,-108,-391,-719,-1069,-1363,-1609,-1703,-1724,-1719,-1738,-1746,-1774,-1838,-1920,-2036,-2172,-2469,-2787,-3025,-3340,-3468,-3665,-3845,-3911,-29624
0,1,2061,251876,8653,7362,6600,6006,5614,5320,5057,4847,4696,4513,4383,4234,4149,4166,4502,5397,6669,8273,9131,10145,10896,11275,11469,11713,11856,12059,12011,11915,11781,11699,11443,10856,10104,9325,8581,7691,6556,5412,4419,3484,2953,2578,2486,2583,2651,2504,2049,1347,583,-36,-443,-643,-694,-620,-443,-238,-48,81,202,220,70,-117,-372,-687,-1027,-1303,-1525,-1635,-1641,-1653,-1693,-1749,-1765,-1827,-1875,-1998,-2167,-2395,-2741,-3037,-3289,-3594,-3698,-3874,-3964,-29902
0,1,2062,253351,8675,7385,6620,6023,5630,5332,5069,4855,4707,4522,4392,4241,4155,4175,4510,5405,6681,8292,9156,10172,10926,11306,11503,11744,11889,12087,12042,11939,11810,11727,11470,10880,10124,9345,8600,7707,6565,5418,4421,3622,2942,2575,2487,2591,2663,2513,2058,1352,593,-28,-424,-620,-664,-572,-427,-229,-36,98,216,259,152,-90,-386,-672,-996,-1261,-1469,-1554,-1580,-1577,-1630,-1707,-1770,-1815,-1862,-1951,-2126,-2391,-2662,-2989,-3303,-3543,-3831,-3913,-3995,-30197
0,1,2063,254786,8693,7404,6639,6042,5646,5346,5080,4866,4716,4528,4398,4248,4160,4182,4517,5415,6695,8312,9180,10203,10956,11335,11533,11774,11917,12116,12068,11967,11834,11753,11496,10903,10146,9365,8617,7721,6578,5425,4425,3624,3074,2564,2486,2593,2672,2521,2065,1357,595,-22,-416,-600,-642,-544,-381,-215,-26,110,233,273,191,-2,-357,-689,-982,-1236,-1429,-1501,-1508,-1520,-1562,-1650,-1729,-1821,-1852,-1937,-2077,-2349,-2659,-2907,-3253,-3560,-3780,-4050,-4039,-30476
0,1,2064,256167,8712,7422,6656,6059,5662,5360,5090,4877,4723,4535,4405,4253,4166,4187,4524,5424,6705,8329,9203,10232,10983,11365,11562,11802,11943,12145,12093,11991,11863,11775,11516,10929,10167,9387,8634,7734,6589,5432,4427,3623,3075,2688,2476,2592,2673,2529,2075,1361,598,-23,-411,-593,-625,-525,-358,-173,-10,119,247,291,209,40,-263,-660,-1003,-1221,-1404,-1466,-1459,-1454,-1511,-1588,-1675,-1782,-1857,-1924,-2062,-2298,-2613,-2904,-3170,-3511,-3803,-4001,-4182,-30761
0,1,2065,257476,8730,7442,6673,6073,5676,5372,5101,4886,4732,4543,4414,4259,4172,4193,4531,5431,6719,8344,9223,10258,11010,11391,11590,11829,11971,12168,12118,12014,11882,11798,11540,10951,10189,9405,8648,7746,6596,5437,4429,3621,3073,2687,2590,2583,2673,2531,2079,1366,603,-21,-412,-592,-622,-509,-340,-151,26,132,254,303,226,54,-222,-561,-975,-1243,-1390,-1441,-1425,-1410,-1452,-1539,-1617,-1731,-1817,-1929,-2047,-2284,-2559,-2856,-3167,-3425,-3754,-4029,-4136,-31153
0,1,2066,258753,8749,7460,6692,6090,5690,5385,5111,4895,4739,4548,4418,4266,4177,4199,4536,5439,6730,8361,9247,10281,11038,11418,11616,11854,11996,12192,12141,12037,11904,11820,11562,10969,10208,9421,8663,7755,6605,5441,4433,3620,3070,2683,2588,2688,2664,2531,2078,1369,606,-21,-411,-594,-618,-505,-327,-136,44,165,268,313,240,73,-206,-517,-869,-1216,-1414,-1429,-1404,-1380,-1412,-1486,-1573,-1675,-1769,-1889,-2052,-2267,-2543,-2799,-3120,-3423,-3666,-3981,-4169,-31462
0,1,2067,259979,8766,7476,6709,6102,5702,5397,5120,4902,4745,4553,4424,4272,4183,4202,4541,5444,6740,8374,9267,10305,11063,11445,11642,11880,12021,12216,12164,12059,11927,11842,11582,10987,10225,9437,8677,7768,6610,5447,4434,3622,3069,2684,2586,2690,2761,2523,2073,1364,607,-20,-415,-593,-621,-500,-321,-123,61,182,300,327,251,85,-189,-506,-827,-1110,-1390,-1454,-1395,-1363,-1388,-1452,-1522,-1632,-1713,-1838,-2011,-2274,-2527,-2784,-3058,-3372,-3666,-3893,-4120,-31779
0,1,2068,261168,8781,7492,6722,6116,5712,5406,5129,4910,4750,4560,4429,4276,4187,4206,4548,5451,6748,8391,9283,10327,11086,11466,11665,11904,12045,12238,12186,12078,11945,11861,11600,11009,10241,9453,8694,7776,6619,5451,4436,3622,3068,2681,2586,2687,2761,2613,2063,1357,598,-22,-412,-595,-619,-503,-318,-118,71,196,317,359,265,94,-180,-485,-817,-1068,-1286,-1432,-1419,-1356,-1369,-1427,-1490,-1580,-1669,-1782,-1960,-2232,-2535,-2769,-3043,-3312,-3616,-3896,-4031,-32006
0,1,2069,262328,8796,7507,6738,6129,5726,5415,5138,4917,4756,4567,4434,4282,4191,4207,4550,5459,6761,8403,9302,10349,11107,11490,11687,11928,12066,12257,12205,12099,11966,11881,11616,11025,10259,9466,8704,7786,6622,5452,4437,3620,3064,2679,2584,2686,2757,2612,2151,1347,591,-30,-415,-593,-623,-504,-319,-117,77,208,331,379,296,108,-168,-476,-797,-1059,-1245,-1334,-1399,-1380,-1365,-1413,-1467,-1550,-1619,-1739,-1901,-2178,-2491,-2778,-3029,-3297,-3554,-3845,-4037,-32120
0,1,2070,263434,8810,7523,6752,6144,5737,5426,5145,4924,4763,4571,4438,4286,4193,4211,4555,5464,6768,8415,9318,10370,11128,11510,11709,11949,12088,12279,12223,12117,11981,11897,11634,11040,10274,9480,8715,7796,6631,5456,4436,3616,3062,2679,2583,2683,2758,2609,2147,1437,575,-40,-426,-601,-624,-505,-319,-119,78,213,342,389,314,141,-154,-467,-786,-1043,-1239,-1299,-1309,-1362,-1387,-1410,-1454,-1528,-1589,-1689,-1856,-2117,-2435,-2731,-3037,-3286,-3543,-3785,-3989,-32219
0,1,2071,264515,8822,7536,6766,6154,5747,5434,5152,4930,4766,4572,4442,4289,4197,4215,4557,5469,6778,8426,9335,10388,11151,11531,11733,11973,12104,12295,12243,12134,11999,11914,11651,11053,10287,9495,8726,7805,6637,5458,4436,3615,3059,2675,2578,2682,2756,2608,2146,1431,667,-56,-439,-610,-626,-507,-322,-118,75,215,343,401,326,160,-118,-454,-781,-1032,-1224,-1293,-1277,-1281,-1373,-1432,-1452,-1515,-1568,-1656,-1803,-2072,-2368,-2673,-2990,-3297,-3534,-3775,-3927,-32249
0,1,2072,265573,8834,7550,6780,6168,5757,5443,5160,4935,4771,4577,4444,4291,4199,4216,4560,5474,6782,8436,9350,10406,11169,11549,11753,11992,12126,12313,12257,12149,12014,11928,11664,11066,10303,9506,8737,7813,6641,5460,4434,3613,3056,2673,2577,2679,2756,2603,2143,1425,659,36,-461,-622,-635,-510,-320,-120,78,215,348,405,339,175,-100,-415,-768,-1028,-1214,-1278,-1273,-1254,-1298,-1421,-1474,-1511,-1555,-1634,-1770,-2016,-2319,-2602,-2928,-3247,-3546,-3770,-3919,-32206
0,1,2073,266543,8848,7563,6792,6180,5765,5448,5166,4939,4774,4580,4448,4294,4199,4215,4560,5476,6789,8445,9365,10424,11187,11569,11770,12009,12142,12329,12272,12163,12027,11940,11675,11080,10313,9517,8743,7822,6642,5460,4436,3611,3052,2666,2574,2676,2751,2602,2139,1418,650,28,-366,-643,-647,-518,-321,-120,76,217,346,409,344,187,-86,-397,-728,-1016,-1209,-1272,-1259,-1252,-1274,-1351,-1460,-1533,-1550,-1623,-1749,-1981,-2262,-2550,-2855,-3180,-3494,-3782,-3918,-32173
0,1,2074,267478,8859,7573,6803,6189,5773,5455,5172,4944,4777,4583,4450,4296,4199,4218,4561,5478,6794,8455,9378,10441,11203,11585,11789,12026,12158,12346,12283,12175,12038,11952,11689,11093,10325,9525,8753,7825,6647,5463,4435,3609,3047,2663,2569,2673,2748,2599,2138,1413,642,18,-377,-553,-665,-528,-330,-122,73,214,348,407,347,192,-76,-383,-711,-978,-1198,-1267,-1254,-1241,-1272,-1328,-1394,-1520,-1570,-1620,-1736,-1960,-2225,-2489,-2802,-3101,-3426,-3732,-3933,-32139
0,1,2075,268364,8871,7583,6814,6198,5781,5461,5177,4948,4779,4584,4452,4296,4200,4220,4564,5481,6798,8465,9390,10457,11219,11601,11804,12041,12173,12358,12296,12186,12052,11964,11698,11101,10334,9534,8758,7829,6649,5461,4434,3605,3045,2661,2565,2670,2744,2596,2135,1408,635,8,-388,-563,-583,-544,-338,-128,74,213,348,407,347,194,-70,-371,-699,-958,-1161,-1258,-1253,-1239,-1263,-1329,-1375,-1457,-1561,-1639,-1733,-1945,-2203,-2452,-2738,-3048,-3345,-3656,-3880,-32125
0,1,2076,269193,8878,7592,6821,6207,5789,5471,5181,4948,4781,4587,4454,4297,4199,4219,4563,5484,6803,8472,9399,10472,11234,11617,11821,12058,12185,12366,12306,12196,12060,11972,11709,11110,10342,9541,8764,7836,6652,5461,4429,3602,3040,2656,2563,2670,2744,2592,2130,1401,625,-2,-399,-574,-595,-470,-352,-135,66,212,350,409,348,194,-67,-370,-690,-948,-1144,-1223,-1246,-1237,-1259,-1322,-1375,-1437,-1497,-1629,-1755,-1941,-2188,-2428,-2697,-2981,-3287,-3574,-3804,-32059
0,1,2077,269966,8887,7601,6831,6216,5797,5474,5185,4950,4781,4586,4454,4298,4201,4219,4561,5484,6805,8480,9412,10484,11247,11629,11834,12068,12197,12378,12315,12204,12070,11980,11716,11120,10350,9548,8769,7840,6654,5460,4425,3598,3036,2650,2561,2668,2741,2589,2125,1393,619,-11,-410,-585,-604,-480,-288,-147,61,209,349,409,347,195,-70,-368,-687,-937,-1132,-1207,-1212,-1231,-1262,-1318,-1366,-1438,-1476,-1565,-1744,-1965,-2185,-2413,-2672,-2940,-3218,-3514,-3719,-31930
0,1,2078,270658,8894,7609,6840,6221,5802,5479,5188,4954,4785,4587,4454,4296,4201,4217,4562,5482,6809,8483,9420,10492,11258,11645,11845,12081,12206,12388,12322,12213,12076,11988,11722,11127,10356,9552,8775,7845,6653,5459,4419,3590,3027,2648,2558,2664,2736,2585,2121,1389,613,-20,-419,-597,-614,-488,-296,-92,50,203,343,408,349,193,-70,-370,-687,-937,-1124,-1197,-1198,-1201,-1256,-1320,-1365,-1432,-1476,-1545,-1678,-1952,-2211,-2411,-2657,-2914,-3176,-3442,-3660,-31719
0,1,2079,271266,8901,7617,6848,6230,5809,5485,5191,4954,4784,4585,4453,4296,4198,4217,4559,5484,6809,8487,9430,10501,11269,11651,11856,12091,12214,12393,12330,12219,12082,11992,11728,11132,10361,9559,8778,7846,6653,5456,4417,3586,3023,2642,2552,2660,2734,2580,2115,1382,604,-32,-431,-608,-624,-498,-305,-99,99,193,336,406,349,195,-72,-373,-694,-936,-1125,-1190,-1190,-1188,-1230,-1317,-1365,-1431,-1473,-1545,-1655,-1881,-2198,-2437,-2655,-2899,-3147,-3399,-3585,-31473
0,1,2080,271784,8902,7622,6855,6235,5814,5486,5193,4955,4784,4584,4450,4293,4197,4215,4556,5481,6811,8494,9434,10512,11279,11662,11865,12098,12224,12400,12334,12221,12084,11996,11730,11134,10365,9560,8780,7847,6653,5454,4414,3582,3018,2637,2547,2658,2729,2576,2109,1375,595,-40,-442,-620,-633,-507,-313,-104,94,238,330,400,343,194,-70,-375,-694,-942,-1126,-1190,-1186,-1182,-1221,-1293,-1363,-1432,-1471,-1540,-1655,-1859,-2123,-2424,-2686,-2896,-3135,-3369,-3542,-31181
0,1,2081,272230,8906,7630,6858,6242,5820,5489,5192,4956,4783,4582,4448,4292,4196,4210,4556,5480,6811,8498,9440,10520,11286,11669,11873,12105,12229,12404,12336,12225,12089,11997,11733,11137,10365,9564,8779,7845,6650,5449,4407,3575,3012,2634,2545,2654,2725,2573,2104,1370,587,-50,-451,-632,-644,-515,-320,-113,88,232,371,393,340,188,-73,-378,-700,-947,-1132,-1190,-1187,-1176,-1215,-1283,-1342,-1430,-1472,-1536,-1649,-1859,-2099,-2346,-2672,-2932,-3133,-3357,-3515,-30864
0,1,2082,272564,8909,7633,6864,6247,5822,5492,5194,4955,4781,4578,4446,4289,4191,4207,4553,5475,6811,8496,9444,10525,11294,11676,11877,12111,12236,12407,12339,12227,12088,12002,11734,11138,10368,9566,8780,7841,6648,5447,4402,3569,3006,2628,2539,2649,2720,2567,2100,1363,579,-63,-464,-640,-654,-523,-327,-121,81,227,368,434,330,183,-78,-382,-702,-949,-1134,-1196,-1188,-1180,-1211,-1280,-1334,-1408,-1471,-1541,-1650,-1851,-2099,-2321,-2591,-2919,-3170,-3358,-3500,-30567
0,1,2083,272812,8911,7639,6868,6251,5824,5494,5194,4954,4778,4577,4444,4284,4187,4203,4550,5475,6807,8498,9445,10529,11298,11682,11883,12118,12236,12408,12339,12228,12089,12000,11734,11138,10368,9565,8780,7841,6647,5442,4396,3560,2998,2621,2534,2643,2716,2562,2094,1356,569,-72,-474,-652,-663,-532,-338,-129,76,221,362,429,373,175,-86,-389,-707,-954,-1140,-1201,-1194,-1181,-1214,-1276,-1330,-1399,-1451,-1536,-1651,-1853,-2093,-2322,-2564,-2833,-3158,-3399,-3502,-30288
0,1,2084,272985,8910,7641,6873,6256,5828,5495,5194,4952,4775,4574,4440,4282,4184,4200,4546,5470,6806,8498,9450,10534,11301,11686,11886,12121,12237,12410,12340,12226,12087,11999,11734,11139,10369,9564,8777,7837,6641,5437,4390,3555,2990,2614,2530,2638,2710,2557,2086,1349,559,-81,-485,-662,-672,-540,-348,-136,69,214,357,425,368,221,-98,-400,-715,-958,-1143,-1207,-1196,-1189,-1218,-1280,-1328,-1396,-1439,-1515,-1649,-1855,-2093,-2314,-2566,-2807,-3067,-3387,-3546,-30056
0,1,2085,273070,8910,7642,6876,6257,5830,5496,5195,4949,4772,4570,4435,4277,4179,4194,4541,5469,6805,8497,9450,10535,11304,11689,11888,12123,12238,12409,12337,12223,12085,11994,11731,11136,10368,9561,8774,7834,6636,5432,4385,3548,2985,2608,2523,2635,2704,2552,2079,1343,553,-92,-494,-673,-682,-549,-356,-142,63,211,354,418,365,214,-49,-412,-727,-971,-1149,-1211,-1202,-1192,-1224,-1283,-1330,-1393,-1435,-1509,-1626,-1852,-2096,-2315,-2560,-2810,-3041,-3293,-3536,-29907
0,1,2086,273080,8909,7646,6875,6257,5830,5496,5192,4947,4768,4564,4433,4275,4175,4189,4535,5465,6801,8496,9451,10538,11308,11690,11892,12121,12239,12405,12334,12221,12082,11990,11726,11131,10365,9559,8771,7829,6630,5425,4379,3537,2978,2600,2517,2629,2699,2546,2071,1335,545,-101,-506,-683,-693,-558,-362,-147,56,204,347,415,360,208,-55,-359,-743,-985,-1159,-1217,-1205,-1198,-1227,-1289,-1332,-1399,-1433,-1505,-1618,-1829,-2093,-2319,-2561,-2805,-3046,-3266,-3439,-29774
0,1,2087,273018,8908,7646,6877,6259,5833,5495,5191,4945,4764,4560,4427,4269,4166,4184,4532,5458,6795,8492,9449,10538,11307,11689,11894,12120,12237,12401,12330,12212,12075,11987,11719,11125,10358,9556,8764,7825,6625,5420,4372,3530,2970,2593,2512,2625,2694,2541,2066,1326,535,-108,-517,-691,-702,-565,-369,-155,51,197,343,412,354,205,-61,-366,-684,-999,-1172,-1228,-1213,-1202,-1233,-1293,-1340,-1403,-1439,-1504,-1616,-1822,-2069,-2316,-2566,-2807,-3039,-3273,-3414,-29574
0,1,2088,272873,8906,7645,6879,6261,5832,5495,5188,4940,4757,4554,4421,4264,4162,4178,4525,5455,6791,8487,9448,10538,11308,11689,11892,12122,12234,12395,12322,12208,12069,11978,11710,11120,10354,9548,8760,7818,6617,5412,4364,3523,2962,2586,2506,2614,2686,2534,2061,1322,528,-120,-525,-703,-714,-574,-375,-163,43,192,340,407,352,199,-67,-375,-694,-939,-1188,-1241,-1224,-1208,-1238,-1299,-1344,-1411,-1443,-1507,-1613,-1818,-2061,-2291,-2563,-2811,-3043,-3268,-3424,-29384
0,1,2089,272632,8903,7644,6879,6261,5833,5494,5187,4936,4753,4547,4415,4259,4156,4172,4519,5448,6788,8482,9445,10537,11304,11683,11889,12117,12228,12386,12315,12199,12061,11970,11704,11111,10348,9543,8755,7812,6612,5404,4356,3514,2953,2579,2498,2608,2681,2528,2054,1315,519,-131,-536,-709,-723,-584,-384,-169,36,189,334,404,346,194,-74,-384,-703,-949,-1129,-1258,-1237,-1220,-1246,-1305,-1350,-1414,-1450,-1513,-1618,-1817,-2056,-2282,-2538,-2810,-3050,-3273,-3420,-29243
0,1,2090,272333,8898,7642,6878,6259,5831,5490,5185,4930,4746,4541,4409,4254,4149,4165,4514,5443,6781,8479,9440,10533,11305,11680,11885,12112,12222,12381,12307,12190,12052,11958,11695,11106,10342,9536,8748,7804,6603,5395,4347,3505,2947,2570,2493,2601,2674,2520,2046,1305,510,-140,-543,-720,-732,-590,-393,-176,31,183,328,399,344,189,-80,-392,-713,-960,-1140,-1199,-1255,-1231,-1259,-1313,-1356,-1422,-1454,-1520,-1622,-1822,-2055,-2280,-2529,-2783,-3048,-3280,-3424,-29116
0,1,2091,271966,8892,7640,6879,6257,5830,5487,5180,4926,4741,4535,4403,4247,4143,4156,4504,5435,6775,8475,9437,10528,11298,11679,11877,12105,12214,12369,12293,12180,12043,11952,11684,11094,10334,9530,8740,7795,6595,5384,4338,3496,2938,2561,2487,2598,2669,2516,2039,1298,501,-150,-554,-728,-738,-600,-398,-182,25,178,323,396,338,182,-88,-401,-723,-969,-1151,-1209,-1198,-1248,-1269,-1325,-1363,-1428,-1461,-1525,-1630,-1826,-2059,-2279,-2524,-2773,-3021,-3281,-3434,-29018
0,1,2092,271488,8886,7634,6876,6255,5827,5484,5176,4920,4732,4527,4396,4237,4135,4149,4499,5428,6768,8469,9431,10523,11293,11671,11873,12099,12204,12361,12282,12168,12030,11940,11675,11082,10322,9521,8732,7785,6585,5376,4326,3485,2929,2553,2478,2589,2662,2508,2031,1290,494,-157,-563,-738,-747,-607,-405,-190,17,171,318,392,333,178,-94,-409,-732,-980,-1161,-1219,-1210,-1196,-1283,-1335,-1375,-1434,-1467,-1533,-1636,-1834,-2065,-2283,-2522,-2772,-3013,-3250,-3436,-28971
0,1,2093,270937,8877,7630,6871,6250,5823,5481,5172,4914,4726,4519,4388,4228,4127,4142,4488,5419,6760,8459,9427,10516,11284,11667,11867,12091,12193,12348,12269,12156,12018,11928,11661,11071,10311,9508,8721,7776,6575,5365,4316,3476,2918,2547,2468,2581,2654,2497,2027,1283,486,-166,-574,-748,-759,-615,-411,-197,10,166,314,388,330,175,-101,-417,-743,-991,-1170,-1232,-1221,-1206,-1237,-1351,-1386,-1444,-1474,-1536,-1643,-1842,-2076,-2289,-2530,-2771,-3011,-3242,-3406,-28936
0,1,2094,270349,8870,7627,6871,6249,5819,5477,5164,4905,4718,4513,4382,4224,4120,4132,4479,5412,6753,8453,9418,10507,11278,11655,11859,12081,12181,12332,12254,12142,12003,11914,11647,11060,10300,9497,8710,7765,6565,5356,4307,3468,2911,2538,2462,2576,2646,2492,2020,1274,475,-177,-582,-758,-768,-624,-420,-202,5,160,309,383,325,170,-106,-423,-753,-1002,-1183,-1241,-1231,-1217,-1249,-1309,-1402,-1455,-1484,-1545,-1649,-1849,-2082,-2302,-2536,-2778,-3011,-3243,-3397,-28886
0,1,2095,269676,8860,7619,6866,6245,5817,5473,5159,4900,4710,4505,4370,4213,4108,4125,4471,5402,6742,8445,9410,10500,11271,11649,11851,12070,12168,12318,12241,12125,11987,11898,11630,11047,10284,9486,8697,7753,6553,5345,4296,3455,2899,2531,2455,2568,2640,2482,2011,1267,465,-186,-592,-767,-773,-636,-426,-207,-2,156,305,379,322,163,-113,-430,-760,-1011,-1194,-1250,-1242,-1225,-1258,-1319,-1359,-1469,-1496,-1555,-1657,-1856,-2092,-2308,-2547,-2786,-3019,-3241,-3398,-28857
0,1,2096,268935,8851,7613,6860,6243,5810,5467,5154,4893,4701,4493,4362,4206,4100,4114,4460,5392,6733,8433,9403,10490,11259,11640,11838,12059,12155,12303,12222,12109,11972,11881,11614,11033,10273,9476,8685,7741,6541,5334,4287,3446,2888,2521,2448,2559,2633,2477,2003,1259,457,-195,-602,-774,-782,-642,-435,-214,-6,151,299,374,317,160,-118,-440,-769,-1023,-1205,-1260,-1253,-1237,-1268,-1329,-1371,-1431,-1510,-1565,-1669,-1865,-2101,-2317,-2556,-2798,-3029,-3252,-3399,-28842
0,1,2097,268122,8839,7608,6854,6236,5804,5460,5145,4884,4694,4484,4351,4197,4091,4105,4451,5384,6723,8425,9390,10478,11248,11628,11827,12045,12137,12286,12204,12089,11954,11864,11597,11017,10260,9461,8676,7725,6530,5323,4277,3435,2878,2512,2440,2551,2623,2468,1995,1250,448,-205,-611,-784,-790,-649,-442,-220,-12,143,292,369,313,155,-124,-446,-778,-1031,-1214,-1271,-1263,-1246,-1278,-1339,-1382,-1441,-1472,-1582,-1680,-1876,-2110,-2326,-2568,-2808,-3041,-3263,-3412,-28837
0,1,2098,267279,8828,7598,6850,6231,5799,5453,5138,4875,4684,4474,4344,4186,4080,4096,4440,5371,6713,8415,9381,10469,11236,11614,11813,12033,12123,12268,12187,12072,11936,11845,11580,10999,10244,9446,8657,7713,6516,5312,4264,3423,2867,2501,2431,2544,2617,2459,1987,1242,441,-212,-621,-793,-798,-657,-449,-227,-16,139,290,366,311,150,-129,-454,-785,-1038,-1224,-1282,-1272,-1257,-1289,-1349,-1392,-1450,-1482,-1543,-1696,-1889,-2121,-2336,-2577,-2820,-3052,-3278,-3422,-28862
0,1,2099,266370,8815,7589,6842,6226,5791,5446,5132,4865,4673,4463,4333,4177,4073,4083,4430,5364,6701,8403,9366,10456,11223,11601,11800,12017,12106,12247,12167,12053,11916,11827,11560,10981,10228,9430,8646,7698,6502,5300,4254,3413,2857,2492,2423,2534,2607,2452,1980,1235,433,-220,-630,-800,-807,-663,-455,-234,-24,134,286,359,303,143,-135,-461,-795,-1050,-1233,-1293,-1281,-1266,-1298,-1358,-1401,-1459,-1493,-1553,-1656,-1904,-2136,-2349,-2588,-2830,-3066,-3291,-3439,-28897
0,1,2100,265435,8803,7579,6834,6220,5781,5439,5122,4859,4663,4453,4321,4168,4061,4074,4419,5351,6691,8389,9354,10443,11210,11587,11786,12001,12088,12225,12146,12031,11893,11806,11540,10963,10213,9413,8630,7686,6488,5288,4240,3401,2847,2482,2413,2529,2602,2443,1971,1225,424,-230,-637,-807,-813,-669,-461,-241,-29,131,282,357,298,139,-142,-469,-803,-1058,-1240,-1302,-1292,-1276,-1308,-1368,-1411,-1471,-1503,-1562,-1668,-1863,-2153,-2364,-2604,-2842,-3077,-3305,-3452,-28947
0,2,2023,203857,6925,4031,3717,3585,3490,3433,3310,3198,3192,3399,3273,3296,3136,3197,3488,4074,5028,6087,6110,6739,7202,7362,7395,8108,9377,9874,10401,10245,9583,8796,7716,6745,5792,5411,4921,4452,3852,2864,2390,1905,1350,1050,899,722,856,604,227,-168,-712,-1024,-1321,-1359,-1229,-686,-184,74,399,361,145,124,105,60,-212,-364,-467,-460,-354,-243,-125,56,49,143,-50,-205,-16,3,-185,17,-86,-173,-286,-389,-564,-753,-861,-8010
0,2,2024,209744,6969,5734,3641,3603,3525,3507,3394,3266,3272,3440,3338,3285,3182,3259,3567,4183,5101,6179,6223,7009,7389,7623,7792,8333,9331,10201,10523,10534,9891,9058,8092,7052,6275,5507,5155,4562,3925,3173,2545,1954,1640,1210,936,821,718,672,216,-191,-632,-1103,-1256,-1292,-1066,-844,-307,47,269,393,304,120,-10,5,-216,-478,-513,-632,-522,-359,-120,-115,38,-8,38,-150,-271,-115,-75,-265,-83,-263,-368,-537,-624,-754,-904,-8202
0,2,2025,215320,7017,5770,5087,3544,3538,3535,3450,3340,3329,3488,3307,3344,3161,3301,3621,4303,5237,6315,6302,7179,7682,7812,8057,8681,9540,10138,10776,10687,10172,9342,8374,7379,6533,5941,5210,4788,4009,3268,2789,2119,1682,1468,1091,859,809,544,285,-185,-652,-1014,-1323,-1225,-994,-688,-459,-57,278,326,347,284,32,-147,-242,-487,-640,-615,-642,-505,-267,-83,-124,-2,-174,-58,-237,-317,-178,-196,-372,-248,-466,-607,-776,-819,-939,-8412
0,2,2026,222655,7070,5817,5132,4762,3503,3572,3497,3414,3404,3554,3422,3328,3256,3326,3716,4411,5420,6505,6519,7294,7900,8163,8268,9014,9872,10372,10759,10913,10338,9644,8626,7707,6885,6209,5599,4871,4244,3387,2913,2387,1878,1551,1345,1051,866,660,204,-112,-619,-1000,-1213,-1259,-911,-583,-283,-182,190,345,337,333,210,-30,-408,-487,-640,-756,-623,-578,-375,-208,-89,-136,-130,-264,-149,-278,-341,-272,-294,-526,-432,-705,-828,-967,-1000,-8630
0,2,2027,229231,7124,5867,5176,4805,4505,3558,3533,3459,3476,3623,3476,3459,3259,3417,3775,4523,5559,6721,6747,7519,8015,8356,8619,9189,10178,10674,10972,10910,10569,9770,8927,7945,7166,6529,5878,5176,4368,3554,3046,2485,2123,1750,1434,1271,1042,722,318,-189,-565,-974,-1207,-1153,-932,-494,-167,-6,91,238,334,325,240,105,-284,-668,-694,-737,-779,-587,-459,-318,-215,-121,-272,-230,-330,-233,-321,-427,-375,-479,-722,-670,-933,-1022,-1160,-8946
0,2,2028,234566,7175,5911,5221,4846,4541,4357,3528,3495,3542,3670,3540,3496,3353,3423,3839,4604,5674,6876,6967,7763,8199,8475,8729,9490,10327,10922,11223,11129,10525,9987,9036,8184,7406,6776,6148,5453,4593,3697,3165,2635,2196,1949,1628,1354,1231,871,376,-81,-657,-941,-1182,-1166,-844,-532,-94,88,248,180,205,322,231,126,-196,-562,-849,-856,-745,-728,-480,-390,-334,-260,-262,-374,-351,-393,-311,-423,-506,-546,-698,-974,-904,-1117,-1206,-9397
0,2,2029,239629,7228,5964,5267,4887,4582,4391,4167,3497,3564,3799,3505,3530,3395,3479,3860,4666,5780,7018,7148,8003,8447,8628,8867,9586,10577,11114,11446,11340,10761,9938,9170,8284,7579,6979,6354,5680,4870,3898,3306,2724,2353,2037,1788,1543,1315,1048,517,-25,-535,-1023,-1136,-1120,-853,-442,-120,162,327,306,196,195,192,112,-172,-498,-754,-965,-877,-700,-590,-403,-378,-327,-399,-375,-460,-449,-434,-416,-499,-652,-740,-960,-1228,-1107,-1294,-9809
0,2,2030,243515,7280,6011,5313,4929,4619,4427,4199,4002,3568,3840,3607,3530,3417,3537,3920,4712,5847,7135,7280,8184,8677,8865,8994,9713,10676,11312,11663,11547,10962,10137,9144,8364,7642,7108,6546,5841,5061,4148,3498,2869,2405,2166,1869,1669,1477,1127,677,95,-508,-917,-1240,-1096,-818,-460,-57,136,378,368,258,157,67,26,-232,-486,-736,-915,-993,-832,-582,-492,-419,-385,-440,-499,-497,-544,-500,-516,-515,-643,-837,-1017,-1242,-1471,-1308,-10287
0,2,2031,245693,7333,6058,5357,4970,4650,4459,4228,4035,3943,3878,3605,3580,3437,3556,3958,4764,5900,7203,7387,8293,8816,9040,9207,9817,10784,11404,11835,11748,11176,10372,9306,8369,7727,7179,6639,6017,5203,4317,3710,3026,2547,2174,1952,1729,1569,1242,743,244,-407,-922,-1169,-1218,-827,-445,-100,164,333,374,290,179,-32,-138,-351,-603,-748,-936,-994,-957,-726,-542,-494,-480,-517,-555,-601,-602,-607,-594,-603,-695,-848,-1104,-1308,-1499,-1720,-10791
0,2,2032,245777,7384,6106,5401,5009,4689,4492,4256,4062,3972,3991,3628,3597,3464,3585,3987,4797,5946,7252,7456,8379,8919,9164,9346,10004,10895,11501,11920,11871,11307,10565,9561,8462,7731,7226,6703,6083,5333,4450,3849,3209,2667,2296,1940,1770,1608,1316,828,284,-268,-834,-1189,-1164,-951,-479,-103,98,322,304,260,167,-46,-266,-561,-758,-916,-990,-1041,-1018,-852,-713,-622,-581,-677,-668,-705,-718,-694,-721,-712,-798,-943,-1156,-1410,-1580,-1745,-11756
0,2,2033,249468,7435,6152,5446,5050,4724,4525,4287,4093,3996,4015,3869,3605,3483,3608,4026,4846,6007,7333,7545,8495,9035,9300,9504,10163,11093,11654,12062,12018,11462,10705,9779,8756,7832,7275,6780,6185,5453,4609,4025,3383,2883,2441,2079,1797,1675,1388,932,399,-199,-660,-1072,-1150,-870,-556,-98,137,305,345,248,204,14,-209,-615,-894,-991,-1087,-1036,-990,-853,-742,-684,-625,-678,-740,-735,-749,-734,-750,-776,-856,-992,-1210,-1436,-1660,-1812,-12533
0,2,2034,253023,7483,6196,5487,5089,4760,4557,4319,4121,4026,4040,3891,3809,3491,3628,4051,4887,6068,7410,7639,8595,9149,9416,9640,10318,11247,11850,12216,12155,11608,10852,9910,8964,8111,7367,6821,6255,5548,4722,4176,3555,3048,2638,2216,1924,1700,1446,997,503,-84,-595,-901,-1039,-855,-480,-164,139,340,326,287,192,53,-146,-560,-963,-1137,-1164,-1128,-985,-824,-735,-711,-684,-722,-747,-810,-782,-766,-790,-802,-917,-1055,-1267,-1499,-1691,-1901,-13309
0,2,2035,256513,7531,6243,5530,5129,4795,4590,4344,4149,4053,4064,3917,3831,3670,3638,4073,4923,6122,7482,7730,8697,9252,9530,9756,10453,11403,12002,12406,12312,11743,10991,10050,9091,8309,7631,6909,6292,5611,4815,4284,3704,3211,2794,2401,2049,1818,1469,1051,566,19,-477,-839,-875,-748,-468,-96,83,342,363,272,232,41,-110,-494,-907,-1209,-1314,-1206,-1070,-820,-713,-708,-710,-783,-793,-819,-856,-797,-821,-843,-944,-1122,-1337,-1563,-1763,-1938,-14110
0,2,2036,259827,7581,6287,5572,5167,4828,4618,4375,4173,4080,4088,3941,3854,3690,3798,4090,4953,6163,7550,7817,8799,9356,9629,9867,10569,11535,12159,12560,12501,11892,11115,10175,9216,8422,7812,7154,6371,5644,4870,4366,3807,3352,2948,2544,2218,1937,1584,1073,619,81,-375,-721,-815,-596,-369,-80,145,290,356,301,210,81,-128,-458,-844,-1157,-1390,-1350,-1142,-898,-707,-688,-711,-810,-852,-869,-866,-872,-851,-876,-986,-1154,-1413,-1646,-1838,-2020,-14874
0,2,2037,263066,7631,6333,5612,5202,4861,4650,4400,4201,4102,4110,3959,3874,3713,3820,4245,4975,6203,7607,7895,8895,9457,9728,9966,10683,11654,12287,12714,12654,12074,11255,10295,9335,8540,7920,7329,6609,5721,4896,4418,3885,3450,3080,2683,2350,2097,1703,1184,638,132,-317,-623,-701,-539,-231,4,158,348,310,290,240,55,-86,-478,-807,-1093,-1335,-1420,-1273,-964,-774,-685,-694,-814,-883,-928,-918,-883,-922,-903,-1021,-1198,-1448,-1732,-1932,-2102,-15660
0,2,2038,266206,7677,6375,5653,5243,4896,4681,4427,4228,4128,4132,3980,3895,3733,3840,4267,5138,6231,7661,7966,8981,9554,9827,10066,10785,11762,12411,12849,12803,12223,11434,10421,9443,8651,8032,7424,6768,5945,4965,4438,3935,3522,3171,2801,2479,2218,1856,1305,753,145,-268,-562,-604,-432,-177,130,235,358,361,245,231,85,-111,-433,-833,-1061,-1276,-1370,-1338,-1080,-834,-746,-692,-802,-893,-968,-978,-935,-935,-975,-1048,-1236,-1501,-1772,-2033,-2206,-16458
0,2,2039,269251,7723,6418,5693,5276,4928,4710,4454,4250,4154,4153,4001,3912,3749,3856,4291,5170,6417,7698,8025,9050,9640,9922,10163,10883,11864,12524,12967,12934,12373,11572,10589,9561,8748,8130,7525,6858,6097,5188,4502,3952,3565,3236,2884,2589,2335,1970,1460,877,263,-254,-519,-548,-343,-79,181,348,426,367,292,182,74,-81,-464,-789,-1087,-1245,-1316,-1293,-1136,-936,-801,-750,-801,-880,-978,-1015,-994,-983,-986,-1121,-1266,-1540,-1831,-2081,-2321,-17280
0,2,2040,272266,7765,6459,5729,5314,4962,4740,4482,4275,4178,4176,4022,3935,3770,3876,4311,5200,6452,7909,8070,9116,9714,10008,10259,10981,11968,12632,13079,13048,12500,11707,10717,9719,8858,8218,7615,6956,6182,5335,4716,4011,3578,3279,2943,2662,2434,2084,1574,1034,389,-131,-509,-503,-290,2,269,390,525,432,297,227,25,-92,-432,-824,-1048,-1274,-1285,-1243,-1098,-985,-892,-800,-856,-885,-967,-1030,-1032,-1041,-1033,-1132,-1344,-1572,-1879,-2148,-2373,-18144
0,2,2041,274715,7808,6496,5767,5347,4983,4757,4497,4291,4194,4185,4035,3945,3779,3883,4323,5221,6485,7949,8304,9159,9774,10069,10335,11071,12058,12723,13172,13150,12603,11814,10835,9829,8991,8310,7692,7026,6258,5403,4850,4214,3627,3276,2971,2710,2494,2169,1680,1143,545,-8,-391,-498,-254,48,339,466,559,518,352,224,70,-151,-446,-795,-1085,-1237,-1318,-1218,-1055,-953,-936,-888,-907,-943,-977,-1024,-1048,-1081,-1091,-1181,-1357,-1663,-1917,-2205,-2452,-18982
0,2,2042,277110,7847,6531,5801,5371,5005,4780,4511,4309,4209,4192,4039,3952,3790,3890,4335,5242,6512,7995,8353,9412,9817,10130,10401,11154,12147,12815,13266,13242,12699,11904,10932,9929,9092,8439,7768,7091,6327,5479,4912,4343,3822,3318,2966,2735,2532,2226,1770,1251,660,155,-267,-389,-250,79,381,531,628,550,435,276,70,-105,-515,-809,-1055,-1275,-1287,-1249,-1038,-914,-909,-932,-996,-991,-1037,-1033,-1043,-1096,-1129,-1241,-1409,-1673,-2017,-2250,-2516,-19813
0,2,2043,279471,7889,6568,5834,5402,5025,4796,4528,4322,4226,4200,4050,3960,3798,3899,4339,5263,6541,8036,8403,9472,10072,10170,10462,11220,12231,12901,13359,13332,12785,11989,11012,10019,9192,8532,7887,7161,6387,5549,4979,4404,3944,3498,2997,2730,2556,2266,1828,1339,768,272,-106,-265,-141,85,412,570,685,611,463,357,125,-108,-462,-885,-1068,-1250,-1328,-1220,-1064,-895,-873,-911,-1042,-1077,-1086,-1089,-1055,-1091,-1143,-1277,-1477,-1731,-2034,-2370,-2568,-20613
0,2,2044,281782,7926,6601,5866,5431,5049,4819,4542,4340,4239,4207,4058,3972,3806,3910,4348,5284,6570,8075,8453,9531,10131,10422,10503,11282,12300,12984,13448,13423,12871,12070,11087,10091,9272,8623,7973,7267,6455,5604,5038,4475,4002,3615,3165,2765,2548,2282,1867,1394,857,384,10,-111,-35,183,420,601,714,660,520,386,212,-49,-463,-827,-1151,-1263,-1303,-1263,-1041,-920,-861,-881,-1022,-1124,-1170,-1141,-1112,-1100,-1136,-1290,-1514,-1807,-2098,-2387,-2700,-21380
0,2,2045,283989,7965,6636,5896,5458,5075,4837,4557,4354,4252,4217,4067,3976,3816,3913,4361,5301,6596,8117,8501,9585,10184,10475,10739,11336,12364,13058,13531,13509,12958,12147,11155,10165,9340,8699,8057,7344,6556,5670,5085,4530,4062,3663,3268,2918,2573,2274,1887,1436,910,472,119,1,108,282,505,609,738,691,570,443,238,45,-396,-828,-1095,-1349,-1320,-1240,-1078,-901,-883,-869,-996,-1106,-1220,-1225,-1162,-1156,-1149,-1283,-1525,-1845,-2186,-2462,-2719,-22212
0,2,2046,286125,8000,6669,5930,5486,5094,4851,4567,4366,4263,4222,4076,3983,3825,3923,4371,5318,6623,8151,8546,9636,10241,10525,10795,11552,12417,13124,13603,13587,13043,12220,11224,10220,9402,8765,8130,7417,6626,5766,5146,4577,4113,3720,3314,3009,2714,2295,1881,1452,946,531,206,108,212,411,594,688,748,714,598,491,302,77,-291,-755,-1095,-1294,-1399,-1259,-1064,-937,-864,-895,-984,-1082,-1202,-1272,-1247,-1202,-1201,-1290,-1518,-1860,-2232,-2563,-2804,-22969
0,2,2047,288160,8035,6704,5962,5511,5114,4869,4581,4381,4275,4227,4085,3990,3833,3928,4380,5336,6649,8189,8590,9688,10294,10581,10851,11611,12617,13179,13670,13658,13117,12291,11286,10281,9458,8816,8179,7474,6695,5833,5235,4637,4161,3770,3360,3052,2803,2434,1905,1435,957,562,263,191,311,503,711,772,821,724,612,515,350,139,-259,-643,-1019,-1296,-1347,-1334,-1086,-925,-900,-884,-1010,-1076,-1183,-1258,-1294,-1288,-1254,-1348,-1526,-1851,-2246,-2616,-2918,-23720
0,2,2048,290156,8068,6730,5993,5535,5135,4893,4593,4393,4291,4237,4092,4000,3841,3935,4390,5352,6674,8227,8636,9739,10343,10628,10904,11670,12678,13370,13725,13725,13180,12359,11349,10336,9511,8864,8232,7523,6752,5902,5293,4724,4214,3806,3401,3095,2836,2511,2045,1457,937,570,294,248,389,594,794,877,892,789,622,531,376,193,-187,-607,-906,-1221,-1354,-1295,-1157,-948,-891,-916,-998,-1099,-1177,-1236,-1280,-1333,-1335,-1400,-1590,-1858,-2236,-2630,-2981,-24502
0,2,2049,292082,8099,6762,6023,5564,5155,4904,4610,4406,4304,4242,4102,4005,3848,3942,4396,5370,6697,8262,8676,9790,10396,10679,10957,11725,12736,13435,13912,13775,13242,12415,11410,10393,9562,8914,8274,7567,6795,5955,5352,4786,4298,3854,3433,3129,2873,2541,2123,1599,956,551,302,281,438,665,875,953,987,859,687,538,392,219,-128,-532,-868,-1108,-1286,-1304,-1122,-1010,-915,-913,-1030,-1089,-1205,-1233,-1265,-1320,-1380,-1486,-1646,-1934,-2247,-2621,-2998,-25268
0,2,2050,293937,8131,6792,6049,5589,5170,4921,4622,4416,4311,4246,4106,4009,3853,3949,4402,5388,6723,8299,8720,9836,10441,10727,11008,11783,12796,13494,13974,13960,13287,12461,11452,10439,9614,8965,8313,7596,6830,5997,5394,4844,4349,3927,3473,3162,2904,2581,2156,1679,1098,568,278,290,467,710,940,1028,1058,948,758,602,401,239,-98,-467,-790,-1072,-1180,-1239,-1138,-983,-972,-934,-1025,-1120,-1194,-1259,-1260,-1299,-1367,-1533,-1736,-1994,-2331,-2632,-2988,-25975
0,2,2051,295733,8159,6818,6075,5611,5187,4937,4632,4431,4325,4255,4113,4017,3860,3952,4410,5401,6741,8332,8757,9883,10487,10771,11058,11833,12851,13555,14032,14020,13471,12499,11495,10479,9655,9007,8355,7637,6860,6033,5430,4886,4403,3979,3540,3200,2930,2608,2192,1708,1181,718,293,265,473,737,983,1087,1122,1013,844,676,472,246,-78,-435,-727,-998,-1150,-1149,-1090,-997,-950,-988,-1048,-1111,-1222,-1249,-1285,-1297,-1348,-1518,-1789,-2097,-2406,-2730,-3002,-26583
0,2,2052,297469,8190,6846,6101,5634,5206,4952,4645,4443,4335,4258,4121,4021,3866,3957,4419,5416,6764,8363,8799,9931,10536,10818,11106,11888,12907,13618,14091,14077,13527,12677,11523,10510,9692,9048,8398,7667,6894,6058,5455,4918,4440,4028,3583,3262,2962,2632,2223,1737,1208,799,440,279,453,744,1010,1125,1176,1072,904,764,549,317,-74,-411,-691,-934,-1081,-1124,-1014,-960,-966,-971,-1098,-1131,-1220,-1276,-1278,-1323,-1342,-1498,-1775,-2154,-2523,-2817,-3112,-27140
0,2,2053,299112,8216,6873,6127,5661,5223,4969,4654,4454,4349,4265,4125,4029,3873,3960,4425,5431,6784,8395,8839,9972,10583,10858,11151,11936,12960,13670,14150,14134,13580,12723,11690,10533,9723,9073,8428,7700,6923,6087,5476,4942,4469,4060,3625,3300,3020,2664,2250,1767,1236,825,524,424,465,725,1017,1149,1209,1120,967,822,638,396,3,-411,-665,-902,-1020,-1062,-993,-895,-933,-987,-1083,-1181,-1235,-1272,-1307,-1315,-1368,-1490,-1753,-2135,-2586,-2952,-3208,-27754
0,2,2054,300680,8243,6898,6149,5676,5240,4985,4665,4465,4357,4268,4130,4032,3881,3965,4429,5445,6805,8425,8874,10018,10622,10904,11192,11982,13010,13727,14210,14189,13635,12765,11731,10689,9743,9100,8455,7727,6951,6116,5497,4961,4491,4083,3652,3342,3057,2719,2280,1789,1261,857,546,503,598,739,1001,1157,1228,1152,1010,883,705,494,87,-333,-664,-878,-995,-1012,-947,-880,-880,-960,-1097,-1161,-1285,-1285,-1303,-1341,-1362,-1518,-1748,-2113,-2567,-3027,-3361,-28393
0,2,2055,302245,8269,6919,6175,5698,5254,4998,4676,4475,4364,4271,4136,4037,3884,3969,4437,5457,6826,8456,8909,10060,10664,10945,11238,12032,13060,13781,14264,14244,13685,12809,11767,10724,9890,9117,8476,7745,6975,6141,5519,4982,4507,4106,3671,3369,3088,2753,2333,1819,1282,884,573,526,672,860,1016,1145,1234,1171,1041,926,767,563,193,-245,-585,-881,-973,-990,-903,-840,-870,-913,-1070,-1168,-1264,-1336,-1316,-1336,-1391,-1510,-1777,-2106,-2539,-3005,-3445,-29119
0,2,2056,303763,8294,6943,6200,5719,5274,5009,4683,4482,4372,4274,4141,4042,3890,3972,4440,5470,6846,8484,8947,10101,10706,10982,11280,12074,13108,13833,14317,14297,13739,12855,11804,10753,9920,9255,8486,7759,6992,6164,5538,5001,4525,4115,3686,3386,3112,2785,2369,1874,1307,901,600,554,692,926,1123,1158,1222,1176,1060,958,814,629,269,-132,-497,-802,-976,-976,-888,-808,-833,-907,-1023,-1141,-1274,-1316,-1367,-1352,-1386,-1542,-1769,-2138,-2532,-2973,-3421,-29871
0,2,2057,305312,8319,6966,6222,5740,5290,5023,4692,4491,4382,4277,4145,4050,3893,3976,4447,5482,6866,8513,8983,10141,10747,11024,11321,12120,13158,13885,14370,14349,13789,12894,11836,10784,9946,9278,8611,7769,7003,6178,5554,5020,4542,4132,3697,3402,3128,2807,2402,1907,1361,926,616,579,720,947,1184,1255,1233,1163,1064,973,849,679,342,-54,-381,-714,-901,-979,-882,-794,-807,-876,-1015,-1090,-1244,-1320,-1344,-1401,-1403,-1540,-1806,-2130,-2572,-2968,-3387,-30522
0,2,2058,306808,8339,6988,6242,5759,5304,5036,4702,4499,4390,4283,4150,4052,3900,3978,4453,5493,6882,8540,9016,10179,10785,11060,11362,12163,13206,13933,14419,14397,13834,12935,11872,10810,9974,9301,8633,7886,7010,6186,5561,5037,4557,4144,3707,3414,3142,2821,2426,1940,1391,984,642,595,743,973,1204,1310,1321,1174,1052,976,865,712,397,23,-301,-601,-821,-912,-887,-792,-799,-853,-986,-1081,-1191,-1291,-1353,-1381,-1454,-1562,-1804,-2172,-2559,-3009,-3381,-31064
0,2,2059,308259,8363,7011,6267,5777,5317,5048,4710,4506,4400,4285,4153,4054,3900,3980,4454,5502,6900,8566,9046,10221,10825,11099,11398,12203,13249,13982,14469,14447,13880,12972,11904,10838,9998,9324,8655,7901,7120,6188,5567,5042,4570,4156,3716,3423,3147,2831,2441,1960,1421,1015,698,618,757,995,1226,1327,1367,1256,1060,965,868,731,430,82,-222,-523,-715,-836,-828,-796,-797,-848,-964,-1049,-1180,-1237,-1320,-1391,-1436,-1612,-1828,-2173,-2607,-3000,-3429,-31531
0,2,2060,309657,8384,7032,6286,5796,5333,5057,4719,4514,4405,4286,4156,4057,3904,3983,4461,5514,6918,8591,9079,10257,10863,11133,11435,12245,13290,14027,14517,14494,13927,13011,11934,10864,10023,9346,8673,7915,7131,6299,5559,5047,4572,4163,3727,3433,3155,2839,2454,1973,1441,1047,726,674,780,1010,1247,1350,1381,1301,1139,970,854,733,449,117,-161,-443,-638,-740,-761,-747,-801,-848,-955,-1024,-1150,-1227,-1271,-1361,-1447,-1597,-1885,-2202,-2607,-3056,-3418,-32004
0,2,2061,311395,8402,7055,6309,5819,5350,5073,4735,4528,4420,4298,4167,4069,3913,3993,4471,5529,6941,8624,9117,10299,10905,11177,11479,12290,13340,14079,14573,14549,13977,13058,11976,10901,10054,9376,8700,7940,7151,6316,5671,5047,4581,4171,3738,3447,3169,2852,2464,1987,1453,1070,759,706,835,1033,1264,1370,1405,1318,1182,1052,862,719,453,139,-122,-382,-565,-670,-678,-686,-756,-852,-954,-1014,-1123,-1194,-1260,-1311,-1419,-1609,-1869,-2265,-2643,-3055,-3481,-32397
0,2,2062,313060,8423,7075,6330,5839,5370,5089,4750,4543,4431,4307,4178,4079,3923,4002,4481,5547,6963,8652,9155,10341,10946,11216,11519,12334,13389,14131,14625,14605,14027,13101,12013,10936,10088,9404,8725,7963,7173,6335,5685,5155,4579,4179,3746,3457,3180,2863,2475,1994,1467,1080,781,736,865,1084,1288,1386,1426,1337,1197,1095,950,731,437,144,-102,-345,-506,-606,-617,-613,-705,-810,-957,-1011,-1113,-1167,-1227,-1299,-1373,-1582,-1885,-2247,-2714,-3095,-3480,-32811
0,2,2063,314638,8443,7097,6353,5857,5388,5107,4764,4555,4441,4320,4189,4090,3934,4011,4493,5562,6987,8681,9194,10382,10988,11255,11560,12378,13436,14182,14677,14655,14076,13142,12051,10970,10116,9431,8749,7985,7191,6349,5698,5165,4683,4175,3749,3463,3190,2875,2486,2006,1470,1092,791,754,893,1113,1331,1408,1440,1355,1216,1110,995,822,446,126,-99,-321,-472,-556,-561,-563,-643,-764,-921,-1016,-1106,-1155,-1201,-1268,-1363,-1535,-1861,-2268,-2696,-3179,-3525,-33180
0,2,2064,316154,8461,7119,6374,5878,5405,5122,4777,4567,4454,4331,4199,4099,3942,4020,4503,5577,7009,8709,9228,10419,11028,11293,11599,12421,13484,14230,14730,14705,14121,13188,12091,11000,10149,9457,8773,8005,7208,6366,5710,5174,4688,4275,3746,3463,3193,2881,2494,2014,1480,1095,802,763,911,1140,1359,1450,1458,1369,1231,1127,1007,870,547,136,-119,-321,-453,-523,-521,-516,-598,-706,-878,-980,-1112,-1147,-1190,-1241,-1334,-1530,-1812,-2241,-2720,-3159,-3618,-33551
0,2,2065,317636,8480,7137,6394,5898,5423,5136,4791,4579,4465,4339,4207,4108,3950,4027,4512,5589,7029,8741,9265,10459,11064,11329,11636,12464,13527,14279,14778,14758,14171,13229,12126,11031,10172,9482,8795,8027,7230,6381,5722,5185,4696,4278,3836,3461,3196,2884,2502,2023,1485,1101,804,776,924,1159,1385,1473,1495,1386,1247,1144,1025,883,600,244,-109,-344,-453,-511,-496,-482,-558,-669,-823,-941,-1078,-1154,-1184,-1230,-1311,-1499,-1807,-2190,-2691,-3188,-3595,-33973
0,2,2066,319074,8498,7155,6414,5914,5438,5150,4803,4588,4475,4349,4218,4115,3957,4034,4522,5603,7049,8767,9297,10494,11101,11366,11675,12505,13572,14327,14828,14806,14216,13266,12159,11064,10202,9507,8819,8049,7247,6395,5734,5193,4703,4284,3841,3543,3190,2881,2502,2027,1493,1106,809,779,932,1168,1403,1497,1519,1420,1262,1157,1040,903,615,302,1,-336,-475,-511,-484,-463,-530,-632,-786,-887,-1039,-1121,-1193,-1226,-1303,-1476,-1776,-2184,-2633,-3153,-3628,-34338
0,2,2067,320486,8514,7176,6432,5934,5454,5164,4815,4601,4485,4358,4227,4122,3963,4042,4530,5617,7067,8794,9330,10530,11136,11400,11711,12545,13612,14372,14874,14854,14260,13304,12193,11094,10228,9531,8840,8070,7267,6410,5745,5199,4707,4287,3845,3544,3268,2875,2502,2024,1495,1111,813,783,935,1179,1412,1512,1537,1441,1296,1173,1052,918,637,319,59,-227,-468,-533,-486,-455,-514,-605,-752,-851,-987,-1085,-1158,-1233,-1299,-1468,-1755,-2155,-2627,-3087,-3590,-34703
0,2,2068,321883,8529,7190,6451,5952,5471,5179,4827,4612,4494,4368,4235,4131,3970,4049,4537,5631,7086,8817,9365,10567,11171,11436,11748,12580,13654,14415,14922,14902,14304,13344,12227,11121,10254,9553,8859,8089,7280,6424,5754,5205,4712,4290,3846,3547,3269,2951,2495,2023,1492,1111,816,786,939,1182,1423,1522,1552,1460,1314,1205,1068,932,656,336,74,-169,-366,-528,-507,-458,-509,-591,-727,-819,-950,-1033,-1121,-1201,-1307,-1468,-1750,-2131,-2592,-3081,-3518,-34995
0,2,2069,323265,8543,7207,6468,5970,5484,5194,4839,4621,4504,4375,4242,4137,3976,4056,4546,5639,7100,8842,9396,10601,11208,11470,11785,12618,13694,14460,14967,14946,14345,13379,12260,11150,10276,9576,8880,8106,7298,6439,5763,5215,4719,4293,3847,3549,3269,2952,2570,2012,1484,1102,814,789,946,1189,1427,1532,1558,1472,1332,1224,1104,947,666,357,96,-154,-313,-435,-506,-478,-513,-586,-715,-793,-917,-997,-1072,-1165,-1273,-1474,-1752,-2129,-2567,-3043,-3512,-35166
0,2,2070,324635,8558,7223,6486,5985,5499,5205,4850,4629,4511,4384,4247,4141,3983,4062,4552,5652,7118,8867,9427,10634,11240,11504,11816,12655,13732,14499,15011,14987,14385,13414,12291,11177,10301,9598,8900,8123,7313,6450,5774,5223,4723,4294,3850,3551,3271,2953,2571,2091,1471,1092,807,792,949,1193,1433,1538,1569,1478,1343,1243,1123,984,683,367,114,-133,-299,-388,-426,-481,-533,-589,-711,-782,-890,-963,-1036,-1115,-1236,-1442,-1761,-2130,-2562,-3013,-3466,-35298
0,2,2071,325971,8569,7239,6502,6002,5513,5218,4860,4640,4519,4392,4254,4148,3988,4066,4561,5663,7132,8891,9458,10668,11272,11535,11846,12685,13771,14542,15050,15027,14422,13448,12319,11203,10324,9618,8919,8138,7327,6462,5783,5230,4728,4298,3854,3553,3273,2951,2568,2089,1552,1075,797,782,949,1198,1438,1544,1574,1486,1352,1255,1145,1006,720,385,127,-118,-281,-378,-388,-412,-536,-609,-715,-777,-877,-939,-1004,-1081,-1189,-1402,-1725,-2139,-2566,-3009,-3436,-35351
0,2,2072,327252,8581,7253,6516,6014,5528,5228,4869,4647,4526,4398,4261,4155,3992,4071,4566,5672,7150,8914,9486,10700,11305,11566,11877,12719,13806,14580,15090,15067,14460,13480,12349,11228,10346,9636,8934,8154,7339,6474,5793,5233,4732,4300,3854,3555,3272,2952,2566,2085,1547,1161,783,773,943,1199,1443,1549,1579,1490,1357,1261,1155,1025,742,426,143,-106,-267,-364,-381,-381,-477,-613,-734,-783,-872,-926,-979,-1050,-1156,-1352,-1684,-2100,-2578,-3014,-3432,-35354
0,2,2073,328511,8591,7266,6531,6028,5541,5240,4878,4655,4534,4405,4267,4160,3998,4076,4574,5684,7166,8937,9513,10731,11333,11595,11906,12753,13841,14617,15130,15105,14496,13514,12376,11254,10369,9655,8953,8168,7356,6485,5799,5239,4736,4307,3856,3556,3272,2952,2563,2082,1542,1153,864,757,933,1196,1444,1555,1585,1494,1360,1268,1160,1035,764,447,185,-91,-260,-352,-371,-376,-449,-560,-739,-800,-878,-920,-965,-1026,-1125,-1322,-1630,-2054,-2532,-3027,-3438,-35359
0,2,2074,329702,8601,7279,6547,6041,5553,5251,4886,4662,4541,4411,4272,4165,4002,4080,4580,5693,7182,8958,9540,10759,11364,11624,11935,12782,13874,14651,15170,15144,14532,13545,12402,11273,10386,9673,8969,8183,7369,6494,5806,5243,4739,4307,3858,3558,3272,2951,2560,2079,1536,1144,855,837,920,1189,1441,1557,1590,1499,1366,1271,1167,1040,776,467,208,-50,-244,-348,-361,-369,-449,-538,-688,-802,-896,-926,-961,-1013,-1101,-1291,-1595,-1997,-2479,-2975,-3453,-35371
0,2,2075,330851,8607,7291,6559,6055,5565,5261,4895,4669,4547,4414,4276,4168,4006,4081,4583,5701,7196,8976,9568,10786,11392,11649,11961,12811,13906,14686,15205,15181,14562,13572,12428,11297,10406,9690,8985,8198,7381,6505,5811,5250,4741,4308,3861,3559,3274,2948,2556,2074,1528,1136,846,828,995,1178,1437,1555,1591,1503,1370,1277,1169,1048,780,480,230,-28,-206,-335,-356,-361,-445,-535,-663,-752,-896,-943,-965,-1010,-1090,-1268,-1563,-1957,-2413,-2916,-3396,-35403
0,2,2076,331976,8617,7304,6573,6068,5575,5267,4903,4677,4551,4418,4280,4173,4010,4085,4591,5707,7210,8997,9595,10812,11418,11676,11989,12838,13938,14722,15240,15216,14594,13603,12449,11317,10424,9705,8996,8206,7391,6512,5819,5253,4744,4309,3859,3556,3272,2946,2555,2069,1521,1127,838,817,989,1248,1429,1550,1589,1504,1373,1280,1175,1050,786,485,242,-5,-186,-302,-347,-360,-442,-532,-661,-729,-846,-943,-981,-1015,-1087,-1258,-1541,-1922,-2369,-2839,-3329,-35362
0,2,2077,333045,8622,7315,6586,6081,5583,5277,4907,4683,4558,4423,4284,4175,4011,4089,4595,5716,7223,9015,9616,10840,11445,11701,12013,12869,13969,14752,15275,15249,14625,13629,12473,11335,10440,9719,9010,8219,7400,6522,5825,5256,4746,4310,3857,3554,3270,2945,2552,2067,1514,1118,829,809,981,1242,1490,1543,1585,1502,1374,1284,1177,1053,787,490,246,4,-168,-287,-320,-355,-440,-531,-659,-728,-822,-892,-982,-1032,-1094,-1255,-1530,-1898,-2329,-2789,-3243,-35255
0,2,2078,334076,8630,7326,6596,6092,5593,5286,4915,4687,4562,4427,4287,4179,4013,4091,4599,5724,7233,9033,9640,10867,11471,11721,12039,12893,13995,14783,15304,15280,14655,13655,12495,11353,10457,9733,9021,8227,7413,6530,5834,5262,4750,4309,3858,3553,3270,2943,2547,2060,1506,1109,818,801,973,1235,1488,1597,1578,1496,1372,1286,1180,1055,791,490,250,9,-159,-270,-308,-334,-437,-530,-657,-724,-820,-866,-934,-1035,-1109,-1261,-1528,-1886,-2302,-2744,-3187,-35058
0,2,2079,335042,8635,7335,6607,6102,5603,5291,4922,4694,4566,4431,4288,4180,4016,4094,4602,5729,7247,9052,9660,10893,11494,11747,12059,12916,14020,14812,15336,15308,14681,13678,12517,11371,10471,9745,9033,8240,7420,6539,5838,5264,4749,4309,3859,3553,3265,2941,2545,2055,1502,1102,809,792,966,1231,1485,1594,1629,1490,1371,1280,1180,1057,792,492,251,12,-156,-263,-295,-324,-419,-529,-658,-721,-815,-864,-909,-987,-1112,-1281,-1536,-1885,-2289,-2712,-3135,-34815
0,2,2080,335944,8642,7344,6619,6112,5611,5300,4928,4697,4570,4435,4293,4184,4014,4094,4606,5736,7256,9067,9684,10916,11516,11767,12081,12940,14044,14839,15366,15339,14709,13702,12536,11387,10487,9758,9045,8250,7428,6545,5843,5264,4751,4309,3859,3549,3264,2940,2544,2051,1495,1092,800,784,957,1224,1478,1590,1624,1537,1361,1278,1178,1056,793,494,251,10,-153,-261,-289,-314,-409,-511,-654,-721,-812,-858,-907,-964,-1068,-1286,-1555,-1896,-2287,-2699,-3101,-34534
0,2,2081,336764,8645,7349,6629,6122,5619,5306,4935,4701,4573,4437,4296,4185,4015,4098,4607,5743,7267,9081,9703,10936,11539,11791,12104,12961,14071,14866,15394,15365,14733,13724,12554,11403,10500,9770,9057,8260,7437,6552,5846,5266,4749,4308,3852,3548,3264,2937,2540,2045,1487,1083,789,776,949,1217,1474,1587,1620,1533,1409,1268,1171,1053,792,494,253,11,-154,-260,-289,-313,-404,-505,-638,-717,-812,-857,-902,-960,-1045,-1238,-1562,-1920,-2299,-2696,-3085,-34229
0,2,2082,337508,8649,7358,6638,6130,5626,5311,4940,4706,4577,4441,4298,4187,4017,4098,4610,5750,7275,9097,9722,10959,11559,11810,12125,12983,14091,14891,15417,15392,14758,13743,12572,11418,10511,9779,9065,8269,7445,6555,5850,5266,4750,4304,3852,3546,3262,2933,2536,2040,1481,1077,784,765,942,1211,1469,1585,1618,1529,1404,1316,1164,1047,785,494,252,9,-154,-263,-287,-313,-403,-499,-634,-704,-807,-855,-898,-959,-1046,-1217,-1510,-1926,-2329,-2711,-3086,-33934
0,2,2083,338172,8651,7361,6647,6139,5633,5317,4944,4708,4577,4441,4299,4188,4017,4100,4611,5753,7288,9110,9742,10981,11581,11828,12142,13002,14117,14914,15444,15417,14780,13762,12587,11429,10524,9790,9074,8277,7449,6560,5853,5269,4751,4305,3850,3544,3258,2932,2533,2035,1475,1068,773,758,932,1204,1467,1582,1613,1527,1401,1311,1214,1037,779,486,249,9,-157,-263,-291,-314,-406,-499,-627,-697,-791,-852,-897,-955,-1041,-1218,-1490,-1871,-2338,-2744,-3100,-33676
0,2,2084,338740,8653,7367,6655,6146,5639,5321,4948,4713,4581,4443,4301,4188,4018,4097,4612,5758,7294,9123,9760,11001,11601,11844,12159,13019,14136,14932,15466,15440,14801,13778,12602,11443,10533,9799,9082,8284,7456,6565,5856,5268,4750,4305,3848,3542,3255,2929,2529,2031,1468,1058,764,748,925,1199,1464,1577,1610,1522,1396,1306,1208,1089,767,478,241,5,-159,-265,-294,-317,-406,-503,-626,-691,-788,-838,-894,-955,-1038,-1215,-1491,-1845,-2273,-2755,-3139,-33464
0,2,2085,339236,8655,7375,6661,6153,5645,5326,4948,4715,4582,4443,4302,4189,4018,4098,4612,5761,7300,9137,9777,11021,11620,11862,12177,13035,14154,14953,15490,15462,14820,13796,12614,11454,10542,9807,9088,8291,7461,6569,5856,5269,4748,4303,3847,3540,3251,2924,2525,2024,1459,1050,755,740,918,1192,1458,1572,1606,1518,1390,1304,1203,1087,824,464,232,-3,-163,-265,-298,-321,-412,-504,-632,-692,-785,-829,-880,-952,-1038,-1214,-1489,-1849,-2245,-2682,-3151,-33332
0,2,2086,339686,8656,7377,6670,6161,5652,5331,4953,4718,4583,4445,4300,4188,4016,4098,4613,5764,7310,9149,9795,11039,11635,11877,12189,13055,14171,14976,15509,15483,14839,13812,12628,11467,10550,9813,9095,8296,7467,6571,5858,5270,4746,4300,3844,3536,3250,2921,2520,2019,1451,1042,747,732,912,1185,1454,1568,1602,1515,1388,1298,1198,1079,817,524,218,-12,-172,-269,-301,-325,-416,-512,-636,-693,-782,-825,-875,-938,-1038,-1216,-1488,-1847,-2250,-2652,-3067,-33245
0,2,2087,340076,8655,7382,6676,6166,5655,5335,4956,4719,4584,4445,4300,4187,4017,4096,4613,5768,7319,9163,9812,11056,11651,11894,12205,13070,14188,14994,15527,15505,14858,13826,12639,11477,10559,9820,9103,8301,7473,6576,5858,5269,4744,4300,3840,3531,3246,2916,2516,2015,1445,1030,739,721,904,1179,1448,1564,1598,1510,1381,1290,1194,1072,809,515,280,-28,-183,-278,-305,-328,-421,-516,-641,-695,-785,-823,-868,-932,-1024,-1213,-1490,-1846,-2250,-2655,-3035,-33092
0,2,2088,340399,8654,7385,6682,6172,5660,5338,4957,4721,4586,4445,4300,4186,4015,4096,4614,5769,7325,9174,9826,11072,11666,11907,12216,13083,14205,15011,15548,15521,14874,13842,12653,11486,10563,9827,9107,8306,7478,6578,5860,5267,4743,4295,3837,3531,3242,2911,2512,2008,1438,1022,730,714,900,1174,1443,1561,1594,1507,1375,1286,1187,1066,803,508,272,33,-199,-287,-314,-336,-426,-522,-647,-701,-788,-826,-868,-928,-1018,-1200,-1491,-1850,-2247,-2657,-3039,-32924
0,2,2089,340678,8652,7389,6687,6177,5664,5340,4958,4721,4586,4444,4300,4184,4014,4093,4614,5772,7331,9184,9841,11087,11683,11924,12231,13098,14220,15031,15566,15539,14890,13854,12662,11494,10571,9832,9111,8310,7481,6582,5860,5268,4739,4293,3835,3528,3237,2908,2508,2002,1430,1016,720,702,890,1169,1438,1557,1592,1502,1373,1280,1183,1059,795,501,262,22,-140,-301,-326,-346,-432,-525,-651,-705,-792,-828,-870,-927,-1015,-1196,-1473,-1850,-2251,-2655,-3039,-32786
0,2,2090,340877,8649,7392,6694,6184,5670,5344,4957,4721,4587,4445,4298,4182,4012,4093,4613,5774,7337,9193,9856,11102,11693,11936,12244,13110,14234,15044,15580,15556,14903,13869,12672,11500,10575,9839,9115,8313,7483,6584,5862,5266,4735,4290,3829,3524,3235,2906,2504,1999,1423,1009,709,696,884,1161,1434,1554,1586,1498,1367,1276,1178,1054,790,493,254,13,-151,-251,-339,-356,-440,-532,-656,-709,-797,-834,-873,-928,-1014,-1191,-1470,-1833,-2252,-2661,-3040,-32678
0,2,2091,341011,8648,7393,6695,6190,5673,5346,4961,4721,4587,4444,4297,4181,4010,4089,4614,5776,7340,9202,9866,11117,11708,11945,12256,13123,14247,15060,15598,15570,14917,13875,12683,11508,10580,9841,9116,8317,7485,6587,5861,5264,4732,4289,3825,3519,3232,2899,2500,1992,1418,998,701,687,875,1158,1428,1547,1581,1492,1363,1271,1173,1050,783,485,247,4,-161,-262,-292,-370,-452,-541,-662,-714,-802,-839,-878,-931,-1018,-1190,-1468,-1829,-2233,-2660,-3044,-32583
0,2,2092,341116,8646,7397,6700,6195,5676,5348,4962,4723,4587,4444,4296,4180,4009,4087,4610,5776,7344,9209,9881,11130,11721,11958,12265,13134,14259,15071,15611,15583,14927,13885,12687,11516,10588,9846,9120,8320,7489,6587,5861,5263,4730,4285,3824,3518,3227,2896,2496,1986,1410,989,691,679,868,1151,1423,1543,1580,1488,1360,1266,1169,1043,776,478,237,-3,-170,-269,-301,-331,-467,-552,-671,-718,-805,-842,-881,-937,-1022,-1197,-1469,-1825,-2228,-2641,-3045,-32514
0,2,2093,341161,8645,7398,6706,6201,5678,5348,4962,4723,4585,4441,4294,4180,4007,4085,4612,5777,7348,9222,9888,11146,11732,11967,12273,13143,14271,15085,15625,15597,14939,13894,12695,11521,10592,9850,9123,8323,7490,6590,5863,5260,4728,4282,3825,3515,3223,2894,2488,1981,1402,980,685,672,863,1146,1418,1540,1575,1484,1355,1262,1164,1036,769,472,228,-10,-179,-278,-311,-342,-432,-564,-681,-728,-812,-848,-887,-941,-1026,-1199,-1474,-1827,-2225,-2637,-3022,-32482
0,2,2094,341114,8641,7398,6707,6203,5681,5352,4963,4724,4585,4438,4290,4176,4002,4084,4611,5778,7352,9228,9902,11157,11743,11978,12282,13151,14282,15097,15638,15608,14948,13901,12701,11525,10595,9851,9125,8323,7490,6590,5860,5257,4723,4278,3818,3509,3220,2887,2485,1976,1397,973,675,665,857,1142,1414,1535,1571,1481,1349,1256,1159,1031,763,463,221,-19,-187,-288,-319,-350,-441,-532,-693,-738,-821,-853,-892,-946,-1031,-1204,-1477,-1834,-2226,-2630,-3017,-32453
0,2,2095,341028,8637,7400,6710,6205,5683,5349,4962,4720,4585,4435,4290,4174,4003,4081,4608,5780,7357,9235,9912,11166,11751,11986,12288,13160,14291,15107,15647,15621,14960,13908,12708,11527,10601,9854,9128,8327,7493,6590,5859,5257,4722,4274,3814,3505,3214,2886,2480,1970,1389,965,667,658,850,1139,1407,1528,1567,1475,1345,1252,1153,1025,758,456,212,-28,-195,-297,-328,-361,-452,-541,-665,-751,-830,-862,-898,-951,-1035,-1211,-1484,-1837,-2236,-2634,-3013,-32429
0,2,2096,340887,8631,7400,6712,6207,5685,5352,4962,4719,4583,4437,4288,4169,3999,4075,4606,5781,7359,9242,9920,11179,11763,11992,12298,13169,14299,15115,15657,15630,14968,13915,12712,11530,10601,9852,9127,8326,7493,6590,5858,5254,4719,4269,3809,3501,3210,2880,2476,1963,1383,958,658,649,843,1132,1405,1527,1561,1472,1340,1248,1147,1018,751,449,205,-35,-203,-307,-336,-371,-463,-552,-674,-721,-843,-872,-905,-956,-1039,-1217,-1491,-1846,-2239,-2641,-3016,-32414
0,2,2097,340704,8628,7396,6715,6209,5687,5350,4963,4718,4581,4433,4286,4165,3996,4074,4603,5778,7362,9247,9931,11190,11772,11998,12305,13176,14309,15123,15670,15643,14976,13921,12716,11532,10603,9855,9127,8326,7494,6589,5856,5249,4717,4266,3805,3498,3205,2877,2470,1958,1378,950,650,642,836,1127,1401,1521,1556,1468,1337,1244,1142,1014,744,441,198,-43,-212,-316,-345,-381,-472,-561,-682,-730,-815,-882,-916,-966,-1046,-1223,-1497,-1853,-2252,-2648,-3025,-32428
0,2,2098,340438,8621,7398,6713,6212,5688,5351,4960,4716,4577,4430,4282,4164,3994,4070,4600,5779,7363,9251,9937,11195,11780,12005,12308,13180,14313,15131,15675,15646,14980,13925,12718,11535,10604,9857,9130,8325,7493,6586,5854,5246,4714,4262,3801,3494,3200,2872,2466,1952,1369,942,642,633,829,1120,1396,1518,1551,1465,1330,1239,1133,1008,737,434,188,-53,-219,-322,-354,-391,-481,-571,-691,-740,-825,-856,-926,-974,-1056,-1229,-1502,-1860,-2259,-2660,-3032,-32448
0,2,2099,340129,8616,7395,6716,6212,5689,5349,4958,4716,4575,4427,4279,4160,3986,4068,4597,5775,7367,9254,9946,11205,11786,12009,12314,13182,14317,15137,15680,15652,14986,13926,12720,11533,10601,9856,9125,8326,7493,6585,5850,5242,4708,4257,3796,3490,3195,2864,2461,1945,1361,931,635,625,823,1114,1390,1514,1548,1458,1325,1234,1130,1003,729,428,182,-59,-227,-330,-364,-399,-490,-581,-700,-750,-831,-864,-900,-987,-1064,-1241,-1511,-1868,-2267,-2668,-3045,-32481
0,2,2100,339739,8608,7392,6716,6211,5690,5348,4957,4709,4571,4423,4276,4155,3982,4064,4594,5776,7365,9258,9951,11210,11789,12011,12314,13185,14318,15140,15684,15657,14990,13929,12719,11533,10598,9854,9123,8321,7490,6583,5849,5239,4703,4254,3792,3481,3188,2861,2457,1940,1354,925,626,618,815,1108,1385,1508,1543,1450,1320,1227,1125,996,724,421,175,-68,-236,-339,-373,-408,-499,-591,-712,-758,-840,-873,-910,-960,-1077,-1251,-1521,-1877,-2276,-2679,-3055,-32536
1,0,2023,170590,8780,5098,4621,4421,4443,4589,4712,4713,4858,4972,4788,4849,4739,4849,5109,5622,6413,7280,6425,6870,7441,7348,6811,7257,8098,8929,9236,9112,8838,8593,7994,7117,6080,5326,4737,3963,2817,1534,726,-36,-717,-1151,-1022,-990,-343,-378,-837,-1339,-1998,-2385,-2752,-2943,-2850,-2458,-1773,-1474,-985,-951,-996,-901,-1320,-1287,-1585,-1711,-1768,-1623,-1512,-1298,-835,-624,-420,-280,-380,-429,-366,-331,-517,-291,-494,-566,-637,-728,-946,-1026,-1045,-8220
1,0,2024,173123,8811,6788,4403,4341,4388,4565,4693,4720,4836,4946,4788,4798,4720,4865,5155,5675,6479,7285,6605,6966,7547,7781,7154,7296,8154,8936,9341,9355,9087,8768,8352,7361,6346,5530,4772,4206,2952,1886,903,66,-220,-946,-925,-747,-621,-336,-821,-1425,-1949,-2490,-2730,-2810,-2742,-2524,-2061,-1507,-1166,-902,-1006,-1091,-1227,-1497,-1661,-1884,-1872,-1941,-1591,-1394,-1013,-719,-533,-498,-376,-527,-514,-492,-454,-694,-493,-662,-791,-862,-965,-1101,-1153,-8564
1,0,2025,175431,8847,6810,5766,4153,4316,4516,4655,4705,4825,4908,4710,4774,4670,4834,5176,5740,6559,7377,6619,7151,7690,7854,7553,7633,8168,8942,9355,9427,9278,8994,8507,7689,6568,5790,4959,4218,3206,2051,1239,275,-155,-483,-744,-655,-397,-588,-767,-1385,-2031,-2431,-2826,-2757,-2631,-2427,-2112,-1746,-1151,-1041,-956,-1073,-1373,-1476,-1834,-1978,-2046,-2011,-1878,-1476,-1138,-812,-631,-579,-619,-522,-602,-642,-565,-647,-879,-668,-907,-981,-1125,-1135,-1242,-8954
1,0,2026,180629,8893,6849,5797,5258,4196,4497,4650,4718,4851,4942,4775,4719,4722,4858,5213,5847,6678,7525,6780,7228,7895,8065,7672,8089,8538,9008,9414,9537,9417,9210,8752,7926,6921,6077,5262,4440,3262,2331,1472,674,98,-377,-311,-421,-286,-343,-962,-1305,-1958,-2460,-2742,-2837,-2541,-2283,-2011,-1773,-1350,-1005,-1030,-1026,-1309,-1562,-1830,-2110,-2145,-2163,-1944,-1692,-1208,-951,-661,-653,-681,-742,-600,-689,-732,-688,-814,-1062,-902,-1100,-1211,-1311,-1291,-9355
1,0,2027,185483,8939,6886,5830,5285,5049,4416,4647,4719,4867,4967,4805,4824,4679,4896,5274,5906,6829,7665,6968,7384,7965,8225,7908,8192,8983,9374,9484,9575,9556,9362,8971,8176,7182,6387,5549,4717,3514,2349,1732,884,469,-127,-205,-60,-62,-237,-733,-1501,-1886,-2405,-2768,-2746,-2615,-2213,-1857,-1700,-1382,-1174,-1016,-1091,-1300,-1503,-1907,-2136,-2281,-2253,-2083,-1752,-1395,-1028,-821,-676,-743,-832,-807,-725,-745,-884,-862,-1006,-1326,-1093,-1313,-1371,-1486,-9800
1,0,2028,189555,8984,6923,5865,5314,5077,5054,4586,4724,4887,4987,4867,4820,4744,4867,5279,5973,6895,7851,7110,7624,8128,8308,8050,8399,9069,9752,9831,9654,9553,9471,9106,8344,7429,6648,5847,4981,3737,2618,1735,1152,656,207,38,29,245,-31,-630,-1274,-2096,-2322,-2717,-2779,-2551,-2283,-1811,-1544,-1316,-1214,-1172,-1102,-1369,-1512,-1883,-2219,-2327,-2405,-2161,-1898,-1452,-1196,-895,-846,-756,-881,-924,-925,-830,-900,-1063,-1055,-1274,-1551,-1315,-1464,-1527,-10393
1,0,2029,193071,9030,6962,5897,5345,5101,5076,5051,4685,4896,5030,4682,4828,4754,4880,5264,5991,6975,7919,7312,7744,8381,8443,8107,8514,9237,9881,10135,9966,9653,9471,9174,8455,7573,6868,6082,5270,4023,2823,2010,1150,924,386,330,267,326,251,-418,-1177,-1859,-2524,-2629,-2725,-2559,-2221,-1872,-1506,-1167,-1151,-1200,-1243,-1411,-1601,-1896,-2199,-2404,-2471,-2297,-1949,-1588,-1226,-1030,-898,-965,-911,-964,-1037,-1007,-1005,-1074,-1229,-1317,-1504,-1811,-1486,-1609,-10911
1,0,2030,196410,9074,7000,5930,5372,5127,5102,5077,5026,4853,5053,4785,4742,4746,4946,5299,6021,7014,8028,7402,7961,8522,8721,8233,8603,9350,10029,10350,10266,9977,9587,9190,8509,7647,7012,6298,5486,4277,3128,2207,1419,913,622,481,506,543,332,-154,-976,-1769,-2313,-2832,-2658,-2535,-2246,-1817,-1576,-1155,-1034,-1161,-1290,-1556,-1659,-2005,-2248,-2412,-2535,-2398,-2068,-1640,-1361,-1071,-999,-987,-1133,-1055,-1106,-1115,-1146,-1187,-1255,-1455,-1547,-1768,-2027,-1641,-11466
1,0,2031,199135,9120,7035,5960,5397,5154,5127,5098,5047,5084,5047,4735,4809,4755,4951,5350,6055,7051,8067,7506,8085,8724,8872,8513,8735,9466,10149,10475,10474,10273,9946,9327,8553,7733,7086,6420,5694,4503,3355,2494,1591,1151,615,682,652,745,515,-83,-723,-1584,-2255,-2666,-2872,-2489,-2241,-1876,-1535,-1239,-1054,-1086,-1256,-1643,-1841,-2085,-2359,-2474,-2566,-2481,-2197,-1733,-1428,-1189,-1117,-1096,-1156,-1216,-1213,-1223,-1260,-1306,-1364,-1508,-1641,-1803,-1964,-2219,-12000
1,0,2032,200510,9162,7071,5991,5426,5179,5151,5116,5068,5105,5105,4749,4819,4788,4977,5373,6096,7080,8104,7554,8177,8864,9045,8678,8974,9605,10255,10584,10600,10428,10206,9686,8685,7765,7168,6507,5810,4697,3580,2710,1864,1307,808,669,810,869,691,72,-665,-1352,-2089,-2621,-2740,-2710,-2226,-1898,-1624,-1240,-1153,-1132,-1226,-1612,-1965,-2312,-2486,-2605,-2645,-2522,-2310,-1887,-1532,-1314,-1223,-1259,-1287,-1298,-1354,-1340,-1422,-1438,-1485,-1628,-1738,-1890,-2008,-2143,-13139
1,0,2033,204320,9203,7108,6021,5451,5200,5169,5137,5088,5123,5122,5013,4804,4794,4989,5394,6129,7126,8147,7605,8244,8962,9202,8853,9144,9841,10413,10711,10722,10579,10353,9934,9039,7902,7200,6589,5912,4832,3783,2960,2104,1595,974,856,820,1026,824,261,-493,-1271,-1813,-2427,-2663,-2553,-2389,-1848,-1601,-1273,-1104,-1172,-1215,-1536,-1864,-2387,-2666,-2695,-2735,-2546,-2287,-1932,-1614,-1346,-1298,-1305,-1390,-1357,-1404,-1429,-1471,-1555,-1583,-1704,-1816,-1975,-2070,-2170,-13981
1,0,2034,207923,9245,7141,6050,5476,5220,5193,5155,5106,5142,5138,5024,5017,4785,4996,5409,6156,7165,8206,7655,8301,9030,9298,8997,9316,10002,10636,10863,10847,10700,10497,10065,9266,8240,7328,6615,5982,4932,3922,3162,2350,1817,1244,1004,988,1035,965,388,-306,-1095,-1729,-2153,-2474,-2486,-2255,-1992,-1555,-1251,-1136,-1123,-1256,-1527,-1786,-2281,-2749,-2888,-2829,-2633,-2309,-1910,-1647,-1421,-1331,-1376,-1438,-1480,-1480,-1485,-1556,-1609,-1698,-1801,-1899,-2057,-2159,-2229,-14757
1,0,2035,211293,9285,7174,6076,5499,5245,5214,5176,5122,5160,5154,5043,5028,4958,4990,5416,6169,7198,8247,7716,8349,9085,9358,9092,9450,10158,10786,11064,10988,10816,10607,10201,9393,8455,7646,6735,6006,5002,4015,3297,2552,2051,1456,1252,1121,1190,976,527,-178,-901,-1554,-2075,-2217,-2313,-2191,-1865,-1686,-1208,-1119,-1152,-1218,-1569,-1772,-2197,-2643,-2979,-3020,-2718,-2387,-1927,-1627,-1458,-1398,-1406,-1513,-1527,-1600,-1559,-1615,-1705,-1754,-1923,-2003,-2141,-2247,-2329,-15511
1,0,2036,214486,9323,7207,6106,5523,5263,5229,5194,5141,5178,5168,5063,5048,4973,5141,5412,6180,7216,8282,7758,8414,9131,9415,9152,9537,10291,10930,11207,11182,10953,10717,10308,9518,8574,7850,7040,6119,5021,4081,3387,2682,2246,1677,1440,1342,1314,1116,528,-46,-774,-1362,-1906,-2145,-2074,-2033,-1811,-1573,-1324,-1080,-1134,-1246,-1522,-1823,-2185,-2557,-2862,-3112,-2905,-2470,-1990,-1643,-1438,-1429,-1481,-1551,-1606,-1641,-1681,-1694,-1760,-1844,-1980,-2124,-2248,-2337,-2425,-16275
1,0,2037,217475,9361,7238,6131,5546,5284,5250,5213,5159,5192,5185,5077,5063,4990,5156,5552,6179,7232,8304,7801,8465,9199,9459,9207,9603,10377,11061,11353,11319,11133,10845,10406,9606,8690,7958,7233,6416,5130,4096,3450,2773,2370,1856,1641,1510,1505,1226,666,-42,-641,-1237,-1714,-1975,-2004,-1816,-1676,-1519,-1224,-1186,-1102,-1231,-1560,-1776,-2240,-2544,-2770,-2996,-2994,-2638,-2067,-1696,-1451,-1413,-1516,-1627,-1645,-1727,-1727,-1826,-1836,-1906,-2079,-2183,-2377,-2454,-2518,-17058
1,0,2038,220259,9396,7268,6156,5567,5304,5268,5225,5178,5210,5199,5090,5075,5003,5169,5567,6328,7231,8322,7827,8509,9257,9526,9253,9657,10439,11139,11471,11452,11267,11019,10524,9706,8779,8070,7338,6603,5429,4199,3452,2831,2451,1969,1800,1686,1657,1412,781,97,-643,-1102,-1590,-1794,-1851,-1757,-1484,-1400,-1179,-1096,-1207,-1199,-1544,-1812,-2188,-2602,-2762,-2906,-2883,-2715,-2219,-1761,-1496,-1426,-1501,-1662,-1729,-1776,-1819,-1872,-1969,-1990,-2145,-2294,-2438,-2590,-2641,-17855
1,0,2039,222884,9431,7296,6182,5588,5321,5289,5240,5191,5224,5214,5102,5089,5016,5181,5582,6349,7394,8323,7848,8531,9295,9571,9314,9701,10489,11199,11552,11567,11391,11143,10689,9814,8864,8149,7440,6698,5609,4498,3564,2831,2502,2044,1901,1835,1818,1557,961,207,-507,-1108,-1454,-1676,-1685,-1622,-1429,-1227,-1071,-1054,-1120,-1305,-1510,-1800,-2232,-2550,-2823,-2892,-2795,-2606,-2287,-1893,-1555,-1467,-1512,-1653,-1772,-1861,-1866,-1960,-2020,-2127,-2226,-2363,-2556,-2656,-2783,-18687
1,0,2040,225370,9465,7323,6205,5606,5339,5298,5254,5204,5241,5226,5112,5100,5028,5190,5596,6366,7413,8514,7850,8551,9321,9614,9364,9759,10529,11250,11606,11642,11501,11261,10801,9969,8965,8228,7517,6796,5705,4682,3860,2934,2506,2094,1970,1925,1946,1703,1098,386,-395,-969,-1466,-1552,-1578,-1470,-1309,-1182,-921,-956,-1082,-1215,-1615,-1762,-2217,-2595,-2775,-2956,-2785,-2526,-2187,-1952,-1671,-1525,-1564,-1669,-1765,-1904,-1952,-2013,-2112,-2178,-2365,-2445,-2625,-2777,-2849,-19564
1,0,2041,226873,9493,7346,6220,5619,5341,5304,5256,5203,5239,5216,5113,5089,5023,5183,5588,6368,7420,8529,8049,8539,9329,9621,9391,9792,10574,11269,11633,11677,11553,11347,10888,10045,9090,8306,7573,6842,5780,4755,4023,3223,2584,2079,1997,1972,2016,1813,1233,511,-223,-862,-1338,-1567,-1466,-1378,-1178,-1082,-884,-822,-991,-1188,-1531,-1886,-2186,-2580,-2830,-2908,-2851,-2520,-2118,-1862,-1726,-1644,-1619,-1724,-1786,-1903,-2007,-2101,-2167,-2278,-2420,-2592,-2710,-2856,-2981,-20416
1,0,2042,228292,9519,7366,6236,5626,5348,5309,5254,5204,5235,5213,5109,5084,5017,5182,5580,6370,7426,8536,8068,8761,9314,9621,9404,9818,10599,11306,11650,11704,11586,11392,10963,10124,9177,8422,7645,6888,5828,4827,4095,3390,2854,2156,1977,1996,2055,1876,1339,647,-98,-683,-1233,-1443,-1479,-1281,-1102,-966,-793,-786,-858,-1100,-1496,-1799,-2324,-2550,-2818,-2963,-2809,-2584,-2113,-1798,-1649,-1698,-1730,-1781,-1844,-1927,-2005,-2161,-2258,-2329,-2522,-2653,-2863,-2947,-3065,-21296
1,0,2043,229666,9548,7385,6251,5635,5352,5310,5245,5206,5235,5205,5104,5076,5012,5171,5576,6371,7430,8543,8082,8784,9551,9604,9408,9827,10627,11329,11687,11719,11608,11418,10995,10192,9254,8503,7761,6948,5878,4874,4169,3466,3014,2412,2041,1983,2079,1908,1406,753,41,-551,-1055,-1345,-1369,-1293,-1013,-895,-688,-703,-827,-973,-1406,-1761,-2227,-2691,-2784,-2955,-2861,-2544,-2167,-1794,-1596,-1623,-1786,-1894,-1902,-1985,-2029,-2160,-2314,-2422,-2576,-2756,-2930,-3110,-3157,-22168
1,0,2044,230916,9570,7403,6264,5644,5351,5313,5245,5206,5233,5198,5098,5070,5009,5161,5571,6370,7435,8554,8090,8802,9570,9832,9391,9830,10633,11351,11711,11752,11629,11439,11020,10221,9313,8575,7829,7050,5941,4920,4210,3542,3083,2560,2267,2043,2061,1925,1436,818,148,-410,-926,-1178,-1278,-1192,-1033,-818,-625,-610,-746,-944,-1275,-1663,-2186,-2591,-2931,-2923,-2856,-2594,-2136,-1842,-1591,-1569,-1720,-1947,-2021,-2046,-2090,-2181,-2313,-2483,-2677,-2812,-3041,-3182,-3325,-23016
1,0,2045,232032,9594,7420,6278,5650,5354,5314,5243,5201,5227,5190,5095,5063,5001,5154,5565,6373,7435,8560,8102,8818,9587,9841,9612,9812,10639,11352,11729,11772,11658,11453,11026,10237,9346,8632,7898,7107,6047,4982,4249,3585,3144,2622,2399,2253,2110,1908,1453,849,210,-305,-789,-1055,-1126,-1110,-945,-825,-562,-551,-659,-864,-1246,-1524,-2078,-2554,-2829,-3074,-2827,-2595,-2190,-1813,-1635,-1566,-1669,-1880,-2079,-2163,-2156,-2242,-2343,-2479,-2731,-2916,-3097,-3294,-3398,-23948
1,0,2046,233019,9614,7437,6287,5658,5358,5312,5237,5199,5223,5181,5087,5059,4995,5142,5555,6365,7439,8569,8111,8831,9595,9852,9622,10013,10619,11352,11729,11792,11675,11479,11036,10240,9360,8657,7947,7169,6111,5082,4314,3630,3177,2684,2452,2366,2291,1951,1440,866,240,-240,-682,-925,-1010,-972,-874,-748,-574,-489,-607,-777,-1164,-1494,-1930,-2439,-2789,-2971,-2967,-2576,-2186,-1858,-1616,-1610,-1670,-1831,-2019,-2227,-2278,-2310,-2409,-2505,-2726,-2974,-3208,-3353,-3518,-24855
1,0,2047,233930,9632,7451,6300,5662,5358,5312,5233,5197,5218,5171,5079,5047,4988,5130,5543,6363,7440,8571,8117,8840,9609,9859,9639,10027,10802,11332,11725,11791,11688,11492,11050,10239,9371,8670,7977,7211,6170,5143,4410,3692,3219,2718,2499,2416,2390,2123,1488,846,250,-212,-621,-824,-893,-873,-748,-683,-503,-501,-547,-721,-1070,-1410,-1897,-2274,-2674,-2935,-2877,-2703,-2173,-1856,-1659,-1590,-1716,-1833,-1979,-2171,-2341,-2435,-2474,-2574,-2755,-2966,-3265,-3464,-3578,-25773
1,0,2048,234839,9650,7463,6307,5667,5359,5311,5228,5190,5211,5162,5073,5037,4981,5121,5533,6362,7437,8575,8124,8849,9621,9866,9648,10035,10811,11497,11707,11786,11688,11499,11055,10250,9372,8674,7980,7223,6213,5199,4469,3794,3273,2755,2528,2460,2431,2218,1655,894,227,-200,-594,-764,-802,-764,-660,-575,-448,-436,-556,-664,-1014,-1312,-1805,-2237,-2506,-2817,-2842,-2620,-2290,-1849,-1661,-1631,-1692,-1876,-1979,-2126,-2280,-2497,-2601,-2641,-2819,-2993,-3251,-3521,-3698,-26608
1,0,2049,235595,9665,7474,6316,5669,5357,5312,5220,5189,5207,5150,5061,5025,4972,5111,5522,6361,7435,8576,8132,8860,9631,9871,9649,10039,10816,11498,11857,11764,11682,11496,11054,10249,9384,8674,7981,7222,6229,5242,4522,3855,3365,2803,2557,2483,2469,2251,1747,1062,271,-221,-584,-738,-749,-682,-568,-494,-352,-386,-491,-678,-950,-1253,-1699,-2139,-2466,-2646,-2737,-2591,-2229,-1950,-1652,-1636,-1732,-1855,-2025,-2126,-2237,-2439,-2665,-2774,-2894,-3065,-3281,-3509,-3756,-27493
1,0,2050,236310,9678,7483,6322,5672,5357,5307,5211,5180,5196,5142,5055,5014,4963,5101,5513,6355,7431,8577,8135,8868,9640,9875,9661,10045,10818,11501,11862,11909,11664,11486,11040,10246,9384,8682,7982,7213,6232,5253,4558,3910,3412,2893,2593,2509,2489,2283,1781,1156,441,-178,-610,-730,-725,-634,-493,-412,-282,-294,-438,-617,-958,-1189,-1636,-2029,-2361,-2608,-2575,-2495,-2205,-1890,-1748,-1631,-1736,-1893,-2003,-2177,-2242,-2396,-2600,-2840,-3035,-3142,-3352,-3543,-3740,-28331
1,0,2051,236932,9690,7492,6326,5671,5354,5304,5205,5175,5192,5133,5047,5004,4952,5090,5502,6349,7429,8578,8135,8869,9642,9874,9663,10049,10819,11498,11857,11907,11796,11464,11027,10231,9380,8680,7983,7205,6225,5252,4571,3954,3463,2945,2667,2546,2509,2298,1817,1188,532,1,-565,-760,-719,-615,-451,-349,-208,-230,-354,-565,-892,-1202,-1564,-1961,-2246,-2507,-2547,-2353,-2124,-1870,-1701,-1718,-1731,-1894,-2046,-2157,-2291,-2397,-2553,-2771,-3103,-3288,-3437,-3619,-3772,-29048
1,0,2052,237462,9699,7498,6333,5674,5352,5301,5198,5170,5184,5119,5039,4995,4942,5079,5491,6342,7424,8577,8135,8873,9647,9875,9666,10048,10823,11492,11856,11904,11795,11588,10993,10210,9370,8677,7984,7203,6210,5242,4566,3967,3496,2991,2706,2613,2538,2314,1834,1224,567,95,-392,-718,-743,-607,-439,-312,-156,-165,-292,-484,-842,-1131,-1578,-1885,-2180,-2393,-2449,-2324,-2000,-1803,-1688,-1674,-1817,-1887,-2046,-2195,-2267,-2444,-2557,-2722,-3030,-3362,-3592,-3711,-3852,-29720
1,0,2053,237871,9707,7503,6336,5675,5348,5295,5189,5164,5176,5109,5026,4983,4931,5068,5480,6337,7418,8576,8136,8873,9648,9870,9666,10049,10820,11490,11850,11898,11792,11583,11111,10178,9348,8662,7973,7185,6210,5229,4556,3956,3504,3021,2745,2652,2596,2342,1853,1239,597,128,-301,-550,-704,-628,-434,-298,-121,-114,-232,-421,-758,-1078,-1507,-1902,-2105,-2324,-2343,-2238,-1979,-1698,-1627,-1660,-1774,-1973,-2037,-2195,-2309,-2424,-2610,-2728,-2975,-3283,-3671,-3879,-3948,-30382
1,0,2054,238226,9713,7509,6338,5675,5343,5291,5179,5157,5167,5092,5017,4969,4921,5056,5466,6328,7412,8571,8134,8876,9651,9868,9666,10043,10815,11482,11845,11894,11783,11573,11098,10282,9321,8642,7955,7170,6203,5223,4533,3947,3491,3025,2771,2687,2630,2399,1882,1255,613,164,-268,-458,-552,-597,-453,-293,-110,-83,-184,-359,-693,-984,-1448,-1825,-2124,-2248,-2279,-2143,-1908,-1682,-1534,-1606,-1759,-1928,-2125,-2182,-2309,-2465,-2590,-2779,-2981,-3224,-3578,-3963,-4126,-31059
1,0,2055,238513,9718,7514,6340,5674,5339,5282,5172,5147,5157,5079,5006,4957,4909,5039,5453,6317,7406,8568,8134,8874,9648,9862,9663,10043,10813,11475,11833,11887,11774,11564,11083,10267,9424,8611,7936,7148,6188,5215,4529,3935,3478,3015,2774,2710,2657,2426,1938,1285,626,177,-234,-429,-469,-462,-429,-307,-105,-73,-157,-314,-625,-920,-1346,-1762,-2044,-2267,-2212,-2089,-1830,-1619,-1523,-1521,-1705,-1911,-2080,-2278,-2298,-2468,-2629,-2757,-3034,-3227,-3516,-3867,-4218,-31831
1,0,2056,238734,9723,7513,6340,5670,5332,5277,5161,5138,5146,5066,4993,4944,4900,5024,5438,6307,7399,8561,8127,8875,9649,9857,9661,10034,10803,11466,11821,11874,11763,11553,11068,10251,9411,8710,7904,7120,6169,5199,4514,3930,3459,3004,2761,2712,2673,2451,1967,1340,654,190,-222,-398,-446,-388,-309,-286,-125,-73,-144,-287,-574,-848,-1276,-1653,-1981,-2191,-2236,-2027,-1783,-1550,-1469,-1511,-1624,-1856,-2065,-2225,-2394,-2457,-2633,-2805,-3011,-3287,-3517,-3797,-4117,-32603
1,0,2057,239002,9725,7516,6340,5668,5324,5271,5149,5130,5134,5053,4981,4931,4888,5008,5424,6301,7390,8552,8122,8872,9649,9853,9655,10029,10798,11449,11809,11865,11757,11541,11050,10235,9397,8696,7998,7083,6144,5175,4495,3919,3450,2989,2743,2700,2672,2470,1996,1370,712,220,-207,-388,-415,-366,-246,-179,-105,-90,-139,-279,-546,-797,-1200,-1576,-1870,-2127,-2161,-2043,-1730,-1507,-1410,-1460,-1614,-1767,-2007,-2208,-2341,-2555,-2619,-2808,-3058,-3262,-3582,-3801,-4042,-33191
1,0,2058,239239,9726,7515,6339,5663,5319,5264,5138,5118,5124,5037,4968,4919,4876,4995,5409,6294,7382,8547,8117,8867,9640,9844,9650,10022,10787,11441,11799,11855,11744,11532,11034,10213,9382,8681,7981,7168,6107,5144,4470,3904,3433,2982,2724,2691,2663,2469,2016,1395,737,280,-179,-376,-407,-345,-227,-119,-9,-69,-154,-278,-531,-768,-1141,-1494,-1787,-2016,-2099,-1982,-1746,-1465,-1376,-1406,-1563,-1758,-1921,-2147,-2323,-2498,-2719,-2799,-3069,-3316,-3557,-3868,-4046,-33608
1,0,2059,239383,9726,7513,6338,5658,5310,5255,5126,5110,5115,5022,4951,4902,4860,4978,5391,6280,7369,8539,8109,8862,9634,9835,9643,10012,10781,11426,11784,11839,11729,11513,11014,10195,9366,8665,7964,7149,6196,5105,4437,3877,3416,2967,2715,2674,2647,2457,2015,1414,762,306,-122,-347,-394,-336,-205,-103,41,21,-135,-293,-529,-755,-1108,-1429,-1702,-1935,-1991,-1925,-1689,-1478,-1343,-1375,-1513,-1706,-1907,-2056,-2262,-2480,-2669,-2905,-3060,-3326,-3615,-3841,-4116,-33980
1,0,2060,239523,9724,7513,6334,5653,5303,5247,5115,5098,5101,5010,4939,4887,4846,4965,5376,6270,7356,8533,8102,8857,9631,9826,9635,10001,10769,11411,11772,11827,11718,11499,10995,10173,9352,8650,7952,7128,6177,5200,4395,3846,3384,2948,2698,2663,2629,2441,2005,1415,780,330,-95,-293,-370,-324,-199,-85,54,65,-52,-274,-547,-754,-1094,-1396,-1634,-1849,-1916,-1832,-1645,-1429,-1353,-1341,-1483,-1647,-1855,-2042,-2167,-2417,-2649,-2847,-3173,-3317,-3626,-3906,-4091,-34373
1,1,2023,70900,4360,2422,2269,2215,2245,2372,2502,2540,2641,2606,2536,2538,2510,2584,2673,2910,3309,3811,3438,3516,3772,3632,3310,3506,3766,4358,4553,4433,4372,4289,4126,3728,3159,2650,2401,1956,1162,396,-140,-694,-1015,-1342,-1197,-1101,-594,-528,-757,-1039,-1438,-1680,-1867,-1961,-1915,-1775,-1354,-1171,-926,-836,-773,-802,-986,-966,-1049,-1108,-1062,-1043,-1010,-909,-700,-621,-454,-338,-376,-377,-366,-312,-459,-333,-441,-494,-488,-525,-611,-584,-552,-3597
1,1,2024,72751,4374,3394,2166,2179,2222,2360,2495,2542,2623,2602,2511,2534,2496,2572,2708,2923,3357,3779,3603,3564,3801,3949,3499,3538,3873,4341,4606,4603,4563,4438,4348,3882,3287,2874,2336,2123,1274,621,-92,-572,-744,-1199,-1143,-923,-783,-511,-734,-1104,-1406,-1735,-1856,-1887,-1866,-1757,-1556,-1186,-1007,-840,-844,-834,-958,-1100,-1095,-1165,-1173,-1181,-1055,-976,-802,-650,-548,-516,-343,-462,-398,-418,-395,-559,-470,-516,-613,-564,-612,-664,-621,-3776
1,1,2025,74637,4390,3405,2938,2088,2188,2339,2475,2533,2609,2578,2495,2490,2490,2545,2713,2958,3384,3844,3573,3729,3886,3950,3795,3746,3900,4424,4592,4670,4676,4621,4473,4076,3461,2997,2576,2051,1470,750,141,-477,-659,-930,-1016,-870,-628,-682,-712,-1070,-1463,-1701,-1904,-1851,-1806,-1709,-1525,-1355,-999,-911,-848,-888,-978,-1089,-1240,-1216,-1223,-1273,-1182,-1026,-884,-694,-571,-583,-510,-430,-489,-458,-455,-506,-688,-547,-645,-655,-671,-680,-687,-3998
1,1,2026,77887,4413,3425,2952,2707,2134,2331,2470,2541,2621,2594,2502,2486,2494,2575,2723,3021,3443,3902,3681,3723,4047,4065,3820,4049,4136,4473,4699,4713,4781,4741,4668,4243,3657,3188,2730,2302,1448,955,309,-214,-530,-836,-762,-733,-561,-520,-861,-1031,-1418,-1720,-1866,-1897,-1745,-1626,-1482,-1323,-1139,-899,-888,-901,-1010,-1097,-1224,-1337,-1290,-1296,-1268,-1123,-936,-791,-574,-599,-574,-560,-466,-536,-510,-526,-630,-781,-675,-694,-735,-749,-715,-4227
1,1,2027,80835,4435,3444,2970,2721,2611,2291,2472,2540,2630,2602,2521,2519,2484,2580,2763,3045,3535,3977,3767,3838,4049,4195,3969,4069,4423,4703,4748,4784,4839,4855,4774,4423,3840,3358,2898,2439,1672,927,498,-65,-289,-702,-684,-515,-435,-459,-699,-1186,-1381,-1696,-1876,-1852,-1799,-1586,-1390,-1297,-1128,-1013,-896,-934,-1043,-1117,-1244,-1337,-1388,-1377,-1291,-1194,-1027,-846,-683,-603,-589,-648,-578,-539,-562,-601,-653,-728,-922,-722,-766,-788,-794,-4451
1,1,2028,83266,4458,3464,2987,2736,2623,2644,2440,2541,2634,2625,2551,2514,2502,2565,2751,3078,3561,4087,3834,3968,4170,4222,4086,4212,4443,4944,4956,4842,4890,4887,4883,4498,3994,3537,3064,2602,1800,1131,466,112,-156,-488,-550,-461,-250,-341,-643,-1018,-1543,-1648,-1860,-1868,-1764,-1637,-1372,-1193,-1097,-1025,-983,-959,-1077,-1158,-1261,-1375,-1409,-1455,-1375,-1239,-1090,-944,-730,-707,-585,-659,-662,-651,-609,-653,-742,-759,-879,-993,-799,-818,-818,-4733
1,1,2029,85476,4480,3483,3004,2748,2635,2657,2699,2521,2643,2631,2472,2531,2509,2565,2740,3081,3606,4116,3960,4010,4314,4313,4101,4302,4571,4987,5162,5024,4942,4949,4904,4600,4064,3672,3231,2767,1978,1273,672,97,14,-361,-362,-326,-202,-170,-525,-963,-1367,-1801,-1813,-1852,-1763,-1599,-1413,-1188,-1003,-983,-1010,-1036,-1105,-1204,-1293,-1376,-1457,-1503,-1427,-1307,-1123,-988,-818,-751,-717,-652,-681,-712,-703,-722,-787,-840,-910,-953,-1083,-857,-845,-5001
1,1,2030,87509,4502,3501,3020,2764,2649,2670,2712,2709,2615,2641,2520,2490,2513,2607,2759,3099,3621,4181,4006,4154,4373,4485,4187,4346,4645,5111,5247,5216,5128,4993,4951,4618,4141,3747,3343,2904,2123,1441,803,283,2,-217,-260,-175,-79,-131,-362,-852,-1312,-1647,-1951,-1819,-1762,-1613,-1376,-1232,-1004,-919,-973,-1060,-1193,-1232,-1354,-1419,-1464,-1541,-1496,-1347,-1199,-1030,-861,-803,-740,-803,-705,-764,-767,-797,-861,-889,-979,-981,-1045,-1152,-883,-5262
1,1,2031,89191,4526,3519,3036,2776,2664,2683,2722,2719,2744,2646,2494,2518,2517,2610,2791,3118,3645,4201,4072,4230,4513,4567,4359,4434,4713,5178,5343,5311,5301,5201,5012,4656,4171,3797,3408,3005,2248,1567,954,388,149,-220,-142,-83,47,-25,-333,-699,-1212,-1611,-1833,-1957,-1740,-1623,-1412,-1202,-1056,-927,-927,-1023,-1220,-1331,-1387,-1478,-1499,-1557,-1540,-1423,-1230,-1090,-912,-878,-792,-813,-819,-805,-838,-875,-929,-959,-1034,-1037,-1070,-1112,-1192,-5517
1,1,2032,90072,4547,3538,3051,2791,2676,2695,2732,2732,2755,2679,2498,2523,2530,2620,2802,3140,3661,4223,4099,4285,4603,4678,4458,4581,4794,5238,5401,5390,5384,5338,5210,4723,4181,3831,3445,3057,2339,1684,1068,531,241,-108,-145,13,121,87,-240,-680,-1080,-1526,-1807,-1866,-1880,-1613,-1437,-1252,-1049,-980,-942,-995,-1190,-1374,-1500,-1533,-1565,-1593,-1566,-1493,-1318,-1138,-984,-930,-886,-884,-861,-894,-900,-965,-1010,-1028,-1105,-1102,-1123,-1135,-1148,-6076
1,1,2033,92257,4568,3556,3066,2804,2687,2706,2744,2743,2765,2689,2636,2521,2535,2627,2813,3156,3682,4244,4126,4316,4657,4775,4563,4685,4941,5330,5479,5456,5465,5425,5336,4918,4271,3847,3499,3115,2415,1797,1216,673,407,-1,-28,27,220,165,-123,-578,-1044,-1365,-1704,-1819,-1779,-1723,-1405,-1250,-1065,-952,-970,-994,-1147,-1318,-1533,-1631,-1611,-1646,-1577,-1487,-1354,-1191,-1003,-980,-912,-948,-900,-926,-954,-999,-1085,-1091,-1153,-1153,-1175,-1177,-1161,-6497
1,1,2034,94311,4588,3574,3082,2816,2698,2716,2753,2750,2773,2697,2642,2632,2534,2632,2823,3170,3703,4274,4151,4345,4693,4826,4649,4788,5038,5467,5564,5533,5533,5502,5412,5033,4459,3931,3515,3165,2474,1876,1328,818,538,155,67,130,235,256,-50,-463,-942,-1330,-1545,-1718,-1738,-1633,-1499,-1221,-1063,-967,-940,-1023,-1147,-1274,-1472,-1662,-1712,-1694,-1628,-1494,-1348,-1221,-1053,-997,-956,-974,-975,-975,-991,-1056,-1125,-1175,-1219,-1204,-1227,-1227,-1199,-6890
1,1,2035,96200,4610,3590,3092,2826,2710,2728,2765,2758,2781,2706,2651,2638,2624,2631,2827,3179,3720,4294,4180,4370,4721,4857,4705,4868,5130,5554,5686,5608,5598,5561,5484,5106,4563,4106,3594,3179,2523,1928,1407,931,678,281,209,217,330,270,39,-390,-821,-1230,-1512,-1570,-1646,-1594,-1417,-1308,-1038,-966,-956,-998,-1174,-1271,-1427,-1600,-1748,-1794,-1671,-1543,-1353,-1217,-1085,-1041,-974,-1022,-1000,-1048,-1041,-1095,-1190,-1216,-1303,-1273,-1277,-1282,-1253,-7269
1,1,2036,97977,4629,3607,3109,2839,2720,2737,2772,2769,2791,2713,2662,2647,2632,2709,2825,3183,3730,4313,4203,4403,4742,4886,4735,4913,5210,5639,5768,5722,5670,5625,5540,5170,4632,4209,3763,3255,2532,1975,1459,1005,785,410,321,344,408,354,48,-307,-750,-1113,-1413,-1541,-1509,-1509,-1384,-1233,-1114,-939,-952,-1013,-1149,-1304,-1424,-1549,-1681,-1831,-1771,-1588,-1393,-1224,-1076,-1069,-1023,-1044,-1046,-1071,-1118,-1149,-1230,-1280,-1345,-1358,-1345,-1332,-1309,-7650
1,1,2037,99661,4648,3624,3121,2852,2732,2747,2785,2779,2798,2723,2670,2655,2637,2718,2899,3185,3739,4323,4225,4431,4779,4906,4761,4950,5254,5716,5851,5799,5772,5691,5597,5218,4691,4268,3861,3420,2606,1985,1506,1059,857,513,438,444,517,423,129,-296,-666,-1040,-1299,-1443,-1478,-1383,-1311,-1201,-1045,-1011,-929,-1011,-1166,-1275,-1458,-1546,-1627,-1760,-1809,-1678,-1436,-1260,-1084,-1064,-1050,-1087,-1067,-1122,-1147,-1236,-1287,-1322,-1415,-1402,-1432,-1402,-1359,-8037
1,1,2038,101204,4665,3640,3134,2860,2741,2754,2790,2790,2807,2732,2677,2660,2646,2725,2907,3264,3738,4333,4239,4455,4809,4942,4783,4973,5287,5756,5918,5874,5846,5788,5657,5270,4740,4326,3919,3514,2778,2054,1506,1105,904,578,529,544,604,527,199,-213,-659,-955,-1227,-1336,-1390,-1359,-1201,-1136,-1015,-948,-999,-985,-1162,-1294,-1427,-1583,-1625,-1707,-1741,-1709,-1519,-1295,-1118,-1070,-1043,-1112,-1114,-1145,-1198,-1262,-1377,-1387,-1463,-1473,-1477,-1490,-1429,-8440
1,1,2039,102639,4684,3654,3146,2872,2751,2767,2796,2797,2814,2740,2681,2669,2653,2731,2914,3274,3828,4335,4252,4466,4831,4966,4816,4996,5313,5787,5960,5938,5911,5856,5748,5328,4786,4369,3974,3568,2867,2224,1581,1102,945,622,586,628,698,611,297,-146,-579,-950,-1143,-1268,-1291,-1282,-1180,-1035,-956,-921,-938,-1055,-1137,-1296,-1449,-1553,-1663,-1701,-1688,-1644,-1553,-1372,-1151,-1098,-1049,-1113,-1145,-1197,-1224,-1320,-1406,-1481,-1525,-1525,-1553,-1535,-1515,-8856
1,1,2040,104007,4702,3668,3160,2880,2758,2773,2805,2803,2822,2745,2687,2674,2660,2733,2921,3282,3836,4444,4252,4478,4843,4990,4844,5025,5330,5811,5990,5978,5972,5919,5806,5412,4839,4414,4013,3618,2922,2318,1755,1174,948,661,628,681,770,695,374,-47,-511,-870,-1142,-1192,-1230,-1191,-1109,-1019,-869,-865,-911,-991,-1208,-1268,-1450,-1576,-1633,-1741,-1685,-1596,-1491,-1398,-1218,-1133,-1081,-1117,-1147,-1226,-1276,-1349,-1469,-1511,-1623,-1587,-1600,-1611,-1560,-9305
1,1,2041,104863,4716,3681,3167,2885,2763,2776,2806,2801,2819,2743,2686,2668,2657,2730,2916,3282,3838,4448,4367,4469,4847,4993,4861,5041,5356,5817,6001,5998,5996,5967,5852,5452,4907,4450,4045,3641,2963,2361,1838,1346,1004,653,656,710,813,758,452,21,-417,-805,-1068,-1191,-1160,-1138,-1028,-957,-853,-786,-857,-971,-1147,-1347,-1429,-1577,-1662,-1712,-1722,-1596,-1448,-1342,-1247,-1201,-1112,-1150,-1152,-1229,-1314,-1405,-1503,-1581,-1656,-1689,-1663,-1662,-1638,-9739
1,1,2042,105687,4729,3692,3174,2890,2765,2779,2806,2802,2815,2742,2687,2666,2651,2727,2910,3283,3843,4452,4377,4603,4842,4992,4866,5055,5371,5834,6004,6008,6013,5990,5892,5493,4956,4515,4084,3669,2989,2397,1881,1431,1159,710,647,732,838,795,512,101,-345,-707,-1003,-1120,-1160,-1075,-982,-884,-798,-769,-775,-919,-1122,-1285,-1516,-1560,-1671,-1740,-1700,-1634,-1445,-1302,-1200,-1225,-1175,-1183,-1185,-1236,-1314,-1446,-1564,-1615,-1726,-1726,-1765,-1726,-1690,-10194
1,1,2043,106485,4744,3701,3182,2893,2769,2780,2802,2802,2816,2741,2684,2661,2649,2721,2909,3284,3845,4454,4385,4614,4985,4983,4869,5058,5384,5846,6021,6016,6021,6005,5909,5530,4995,4558,4150,3700,3018,2419,1920,1478,1242,862,696,725,859,814,551,158,-265,-633,-906,-1062,-1097,-1073,-928,-843,-733,-718,-761,-838,-1068,-1259,-1449,-1648,-1648,-1748,-1729,-1612,-1478,-1303,-1165,-1174,-1200,-1245,-1220,-1273,-1323,-1449,-1605,-1680,-1758,-1797,-1806,-1828,-1751,-10650
1,1,2044,107219,4757,3711,3188,2897,2769,2782,2801,2804,2815,2738,2681,2659,2646,2715,2904,3282,3846,4460,4389,4623,4996,5120,4858,5059,5386,5855,6035,6031,6028,6014,5918,5544,5028,4596,4185,3756,3050,2448,1944,1519,1284,941,829,770,849,832,568,195,-206,-555,-835,-972,-1040,-1013,-932,-795,-694,-658,-709,-823,-989,-1202,-1423,-1580,-1738,-1729,-1738,-1639,-1460,-1333,-1162,-1139,-1157,-1268,-1285,-1307,-1360,-1459,-1608,-1726,-1827,-1830,-1876,-1868,-1850,-11101
1,1,2045,107861,4768,3721,3195,2900,2772,2782,2802,2800,2810,2734,2678,2656,2640,2710,2899,3284,3846,4461,4394,4629,5002,5123,4993,5048,5389,5856,6044,6043,6042,6022,5920,5550,5045,4626,4223,3785,3112,2477,1968,1541,1314,980,898,892,886,822,585,212,-169,-497,-758,-903,-961,-963,-881,-793,-649,-624,-654,-771,-974,-1118,-1366,-1555,-1672,-1821,-1720,-1649,-1490,-1315,-1193,-1140,-1124,-1223,-1311,-1370,-1397,-1497,-1621,-1730,-1872,-1901,-1908,-1936,-1891,-11601
1,1,2046,108442,4780,3731,3199,2904,2774,2782,2800,2800,2807,2731,2675,2652,2638,2704,2895,3279,3846,4466,4397,4633,5006,5127,4998,5166,5381,5853,6041,6055,6048,6036,5924,5550,5054,4637,4251,3820,3148,2535,2002,1570,1331,1013,932,948,992,858,578,231,-153,-461,-701,-832,-897,-890,-836,-749,-650,-582,-621,-713,-925,-1103,-1279,-1494,-1648,-1754,-1806,-1637,-1495,-1339,-1181,-1167,-1125,-1192,-1268,-1400,-1467,-1538,-1668,-1743,-1875,-1949,-1983,-1969,-1962,-12084
1,1,2047,108980,4790,3739,3205,2906,2773,2783,2797,2798,2803,2729,2670,2648,2635,2697,2887,3276,3847,4465,4401,4638,5011,5128,5006,5174,5493,5839,6037,6055,6054,6045,5930,5549,5059,4645,4267,3841,3179,2567,2056,1601,1353,1030,959,980,1041,955,615,221,-137,-444,-668,-779,-831,-835,-768,-710,-608,-585,-579,-677,-863,-1052,-1266,-1402,-1589,-1730,-1746,-1717,-1485,-1346,-1206,-1152,-1152,-1191,-1241,-1360,-1496,-1611,-1708,-1792,-1889,-1949,-2027,-2040,-1993,-12573
1,1,2048,109514,4800,3746,3209,2905,2776,2783,2795,2795,2799,2725,2669,2641,2629,2691,2880,3275,3844,4465,4405,4641,5020,5132,5010,5175,5495,5938,6026,6051,6052,6048,5933,5555,5060,4646,4268,3845,3205,2595,2092,1662,1381,1053,976,1002,1066,1004,707,257,-147,-427,-650,-746,-782,-773,-717,-651,-575,-547,-579,-638,-828,-990,-1213,-1387,-1499,-1670,-1725,-1661,-1558,-1340,-1212,-1175,-1138,-1220,-1242,-1331,-1452,-1643,-1787,-1833,-1935,-1963,-2025,-2082,-2063,-13009
1,1,2049,109970,4809,3754,3213,2910,2776,2785,2791,2795,2795,2722,2663,2635,2626,2686,2875,3273,3841,4467,4406,4646,5026,5134,5010,5176,5496,5937,6114,6041,6048,6049,5930,5552,5068,4646,4269,3844,3211,2617,2120,1697,1433,1081,995,1016,1087,1025,753,349,-115,-439,-635,-731,-752,-728,-664,-604,-522,-517,-540,-640,-787,-955,-1150,-1331,-1483,-1578,-1673,-1643,-1518,-1405,-1206,-1181,-1160,-1206,-1270,-1331,-1420,-1601,-1819,-1920,-1981,-2013,-2038,-2080,-2104,-13482
1,1,2050,110403,4817,3758,3218,2909,2777,2780,2788,2791,2791,2718,2658,2630,2620,2678,2870,3270,3839,4466,4410,4650,5030,5135,5014,5178,5496,5937,6115,6123,6041,6047,5924,5551,5067,4649,4270,3838,3214,2621,2141,1727,1459,1134,1015,1031,1097,1044,775,395,-19,-405,-650,-719,-737,-700,-624,-559,-484,-465,-508,-604,-785,-912,-1112,-1267,-1426,-1568,-1585,-1593,-1501,-1362,-1269,-1178,-1168,-1228,-1256,-1360,-1423,-1569,-1771,-1955,-2071,-2062,-2087,-2095,-2101,-13925
1,1,2051,110784,4824,3766,3218,2908,2776,2782,2785,2788,2787,2713,2655,2624,2613,2672,2864,3266,3839,4464,4409,4651,5032,5134,5014,5178,5495,5931,6111,6123,6110,6037,5919,5545,5067,4646,4269,3833,3209,2618,2146,1753,1487,1164,1058,1052,1111,1053,791,417,24,-306,-617,-735,-727,-690,-600,-524,-440,-427,-460,-571,-747,-913,-1066,-1228,-1359,-1508,-1577,-1515,-1456,-1347,-1236,-1235,-1163,-1236,-1280,-1348,-1453,-1570,-1737,-1905,-2106,-2155,-2137,-2142,-2113,-14318
1,1,2052,111129,4829,3768,3222,2910,2775,2781,2780,2786,2782,2708,2651,2622,2608,2666,2856,3264,3835,4463,4407,4651,5031,5132,5017,5174,5498,5924,6108,6121,6109,6105,5902,5536,5063,4646,4271,3831,3199,2610,2145,1758,1507,1189,1081,1091,1125,1064,798,435,47,-260,-522,-704,-739,-676,-593,-503,-412,-388,-423,-527,-716,-871,-1067,-1182,-1321,-1442,-1522,-1505,-1385,-1308,-1225,-1201,-1218,-1229,-1287,-1372,-1439,-1600,-1741,-1870,-2056,-2193,-2230,-2194,-2162,-14669
1,1,2053,111430,4834,3773,3225,2910,2774,2778,2778,2782,2777,2706,2644,2616,2600,2660,2850,3260,3832,4462,4407,4650,5035,5127,5015,5173,5495,5921,6103,6118,6105,6101,5963,5522,5052,4639,4267,3820,3200,2602,2138,1753,1508,1207,1102,1114,1160,1078,811,442,62,-239,-478,-613,-710,-685,-583,-495,-392,-358,-387,-487,-668,-838,-1027,-1181,-1277,-1405,-1461,-1454,-1376,-1247,-1191,-1189,-1188,-1284,-1281,-1378,-1463,-1587,-1776,-1877,-2017,-2138,-2269,-2291,-2213,-15018
1,1,2054,111714,4840,3778,3226,2910,2773,2775,2775,2779,2772,2699,2641,2609,2593,2653,2843,3256,3826,4460,4406,4651,5036,5126,5014,5168,5493,5915,6099,6117,6099,6098,5955,5574,5043,4630,4260,3812,3197,2597,2125,1747,1498,1210,1120,1131,1179,1110,825,453,70,-222,-456,-572,-625,-662,-592,-486,-382,-340,-359,-449,-630,-786,-994,-1137,-1280,-1360,-1425,-1399,-1333,-1240,-1133,-1157,-1175,-1255,-1338,-1371,-1470,-1612,-1762,-1912,-2021,-2098,-2209,-2331,-2310,-15369
1,1,2055,111942,4843,3781,3227,2910,2772,2771,2771,2774,2767,2694,2635,2603,2587,2645,2835,3251,3822,4456,4405,4649,5036,5121,5013,5167,5488,5910,6090,6110,6091,6092,5948,5566,5098,4616,4251,3800,3189,2592,2123,1741,1489,1203,1122,1145,1194,1125,857,466,80,-216,-440,-553,-589,-589,-574,-491,-372,-332,-342,-420,-589,-750,-938,-1101,-1236,-1364,-1386,-1370,-1285,-1202,-1131,-1104,-1143,-1243,-1306,-1430,-1463,-1621,-1786,-1896,-2057,-2102,-2168,-2267,-2352,-15771
1,1,2056,112157,4846,3782,3229,2906,2769,2770,2765,2770,2760,2688,2630,2596,2582,2636,2828,3244,3819,4452,4403,4650,5036,5119,5012,5162,5484,5903,6081,6104,6084,6087,5939,5558,5090,4667,4236,3788,3180,2581,2114,1738,1478,1197,1115,1146,1203,1140,874,497,95,-205,-434,-538,-573,-555,-507,-475,-383,-328,-334,-403,-558,-708,-900,-1046,-1201,-1318,-1391,-1331,-1259,-1156,-1096,-1101,-1093,-1213,-1297,-1395,-1523,-1613,-1795,-1926,-2041,-2142,-2170,-2222,-2288,-16158
1,1,2057,112373,4851,3786,3228,2905,2767,2768,2759,2766,2754,2681,2623,2589,2575,2625,2820,3239,3813,4446,4398,4649,5035,5115,5007,5158,5480,5891,6075,6101,6079,6082,5931,5548,5085,4660,4288,3772,3167,2570,2105,1732,1472,1190,1106,1139,1200,1151,888,513,128,-191,-424,-535,-558,-538,-479,-415,-367,-338,-325,-396,-542,-679,-859,-1005,-1144,-1282,-1350,-1335,-1226,-1132,-1059,-1067,-1090,-1161,-1266,-1385,-1487,-1677,-1784,-1934,-2069,-2125,-2211,-2224,-2240,-16438
1,1,2058,112585,4852,3785,3228,2904,2765,2764,2755,2759,2747,2673,2617,2584,2569,2620,2813,3235,3811,4443,4396,4645,5032,5111,5006,5152,5473,5885,6068,6095,6071,6076,5919,5538,5077,4654,4279,3815,3151,2554,2093,1723,1463,1188,1097,1133,1195,1150,900,525,144,-158,-411,-527,-556,-528,-466,-386,-314,-322,-331,-389,-531,-662,-827,-962,-1099,-1225,-1314,-1299,-1228,-1102,-1039,-1031,-1059,-1158,-1216,-1352,-1474,-1638,-1853,-1925,-2080,-2158,-2195,-2266,-2242,-16624
1,1,2059,112759,4852,3786,3227,2901,2760,2761,2749,2757,2741,2668,2606,2575,2563,2610,2803,3228,3803,4437,4392,4641,5027,5103,5003,5147,5472,5876,6058,6085,6063,6069,5910,5528,5071,4646,4269,3806,3201,2533,2076,1712,1454,1180,1092,1125,1189,1143,897,537,155,-144,-379,-512,-548,-522,-454,-375,-287,-270,-315,-396,-523,-651,-808,-928,-1056,-1183,-1259,-1267,-1194,-1106,-1016,-1008,-1026,-1127,-1212,-1300,-1441,-1622,-1814,-2000,-2073,-2170,-2228,-2248,-2286,-16780
1,1,2060,112901,4853,3789,3227,2899,2758,2759,2743,2752,2734,2663,2601,2567,2554,2601,2794,3222,3797,4434,4388,4639,5026,5098,4998,5139,5464,5866,6051,6078,6056,6062,5900,5516,5064,4637,4265,3794,3189,2585,2057,1696,1435,1170,1084,1118,1178,1135,890,537,165,-133,-365,-485,-537,-513,-452,-366,-277,-247,-267,-378,-532,-643,-798,-909,-1022,-1139,-1222,-1220,-1168,-1077,-1017,-985,-1009,-1092,-1181,-1297,-1383,-1587,-1800,-1956,-2152,-2162,-2244,-2285,-2268,-16958
1,2,2023,99690,4420,2676,2352,2206,2198,2217,2210,2173,2217,2366,2252,2311,2229,2265,2436,2712,3104,3469,2987,3354,3669,3716,3501,3751,4332,4571,4683,4679,4466,4304,3868,3389,2921,2676,2336,2007,1655,1138,866,658,298,191,175,111,251,150,-80,-300,-560,-705,-885,-982,-935,-683,-419,-303,-59,-115,-223,-99,-334,-321,-536,-603,-706,-580,-502,-389,-135,-3,34,58,-4,-52,0,-19,-58,42,-53,-72,-149,-203,-335,-442,-493,-4623
1,2,2024,100372,4437,3394,2237,2162,2166,2205,2198,2178,2213,2344,2277,2264,2224,2293,2447,2752,3122,3506,3002,3402,3746,3832,3655,3758,4281,4595,4735,4752,4524,4330,4004,3479,3059,2656,2436,2083,1678,1265,995,638,524,253,218,176,162,175,-87,-321,-543,-755,-874,-923,-876,-767,-505,-321,-159,-62,-162,-257,-269,-397,-566,-719,-699,-760,-536,-418,-211,-69,15,18,-33,-65,-116,-74,-59,-135,-23,-146,-178,-298,-353,-437,-532,-4788
1,2,2025,100794,4457,3405,2828,2065,2128,2177,2180,2172,2216,2330,2215,2284,2180,2289,2463,2782,3175,3533,3046,3422,3804,3904,3758,3887,4268,4518,4763,4757,4602,4373,4034,3613,3107,2793,2383,2167,1736,1301,1098,752,504,447,272,215,231,94,-55,-315,-568,-730,-922,-906,-825,-718,-587,-391,-152,-130,-108,-185,-395,-387,-594,-762,-823,-738,-696,-450,-254,-118,-60,4,-109,-92,-113,-184,-110,-141,-191,-121,-262,-326,-454,-455,-555,-4956
1,2,2026,102742,4480,3424,2845,2551,2062,2166,2180,2177,2230,2348,2273,2233,2228,2283,2490,2826,3235,3623,3099,3505,3848,4000,3852,4040,4402,4535,4715,4824,4636,4469,4084,3683,3264,2889,2532,2138,1814,1376,1163,888,628,459,451,312,275,177,-101,-274,-540,-740,-876,-940,-796,-657,-529,-450,-211,-106,-142,-125,-299,-465,-606,-773,-855,-867,-676,-569,-272,-160,-87,-54,-107,-182,-134,-153,-222,-162,-184,-281,-227,-406,-476,-562,-576,-5128
1,2,2027,104648,4504,3442,2860,2564,2438,2125,2175,2179,2237,2365,2284,2305,2195,2316,2511,2861,3294,3688,3201,3546,3916,4030,3939,4123,4560,4671,4736,4791,4717,4507,4197,3753,3342,3029,2651,2278,1842,1422,1234,949,758,575,479,455,373,222,-34,-315,-505,-709,-892,-894,-816,-627,-467,-403,-254,-161,-120,-157,-257,-386,-663,-799,-893,-876,-792,-558,-368,-182,-138,-73,-154,-184,-229,-186,-183,-283,-209,-278,-404,-371,-547,-583,-692,-5349
1,2,2028,106289,4526,3459,2878,2578,2454,2410,2146,2183,2253,2362,2316,2306,2242,2302,2528,2895,3334,3764,3276,3656,3958,4086,3964,4187,4626,4808,4875,4812,4663,4584,4223,3846,3435,3111,2783,2379,1937,1487,1269,1040,812,695,588,490,495,310,13,-256,-553,-674,-857,-911,-787,-646,-439,-351,-219,-189,-189,-143,-292,-354,-622,-844,-918,-950,-786,-659,-362,-252,-165,-139,-171,-222,-262,-274,-221,-247,-321,-296,-395,-558,-516,-646,-709,-5660
1,2,2029,107595,4550,3479,2893,2597,2466,2419,2352,2164,2253,2399,2210,2297,2245,2315,2524,2910,3369,3803,3352,3734,4067,4130,4006,4212,4666,4894,4973,4942,4711,4522,4270,3855,3509,3196,2851,2503,2045,1550,1338,1053,910,747,692,593,528,421,107,-214,-492,-723,-816,-873,-796,-622,-459,-318,-164,-168,-190,-207,-306,-397,-603,-823,-947,-968,-870,-642,-465,-238,-212,-147,-248,-259,-283,-325,-304,-283,-287,-389,-407,-551,-728,-629,-764,-5910
1,2,2030,108901,4572,3499,2910,2608,2478,2432,2365,2317,2238,2412,2265,2252,2233,2339,2540,2922,3393,3847,3396,3807,4149,4236,4046,4257,4705,4918,5103,5050,4849,4594,4239,3891,3506,3265,2955,2582,2154,1687,1404,1136,911,839,741,681,622,463,208,-124,-457,-666,-881,-839,-773,-633,-441,-344,-151,-115,-188,-230,-363,-427,-651,-829,-948,-994,-902,-721,-441,-331,-210,-196,-247,-330,-350,-342,-348,-349,-326,-366,-476,-566,-723,-875,-758,-6204
1,2,2031,109944,4594,3516,2924,2621,2490,2444,2376,2328,2340,2401,2241,2291,2238,2341,2559,2937,3406,3866,3434,3855,4211,4305,4154,4301,4753,4971,5132,5163,4972,4745,4315,3897,3562,3289,3012,2689,2255,1788,1540,1203,1002,835,824,735,698,540,250,-24,-372,-644,-833,-915,-749,-618,-464,-333,-183,-127,-159,-233,-423,-510,-698,-881,-975,-1009,-941,-774,-503,-338,-277,-239,-304,-343,-397,-408,-385,-385,-377,-405,-474,-604,-733,-852,-1027,-6483
1,2,2032,110438,4615,3533,2940,2635,2503,2456,2384,2336,2350,2426,2251,2296,2258,2357,2571,2956,3419,3881,3455,3892,4261,4367,4220,4393,4811,5017,5183,5210,5044,4868,4476,3962,3584,3337,3062,2753,2358,1896,1642,1333,1066,916,814,797,748,604,312,15,-272,-563,-814,-874,-830,-613,-461,-372,-191,-173,-190,-231,-422,-591,-812,-953,-1040,-1052,-956,-817,-569,-394,-330,-293,-373,-403,-437,-460,-440,-457,-428,-457,-523,-636,-767,-873,-995,-7063
1,2,2033,112063,4635,3552,2955,2647,2513,2463,2393,2345,2358,2433,2377,2283,2259,2362,2581,2973,3444,3903,3479,3928,4305,4427,4290,4459,4900,5083,5232,5266,5114,4928,4598,4121,3631,3353,3090,2797,2417,1986,1744,1431,1188,975,884,793,806,659,384,85,-227,-448,-723,-844,-774,-666,-443,-351,-208,-152,-202,-221,-389,-546,-854,-1035,-1084,-1089,-969,-800,-578,-423,-343,-318,-393,-442,-457,-478,-475,-472,-470,-492,-551,-663,-800,-893,-1009,-7484
1,2,2034,113612,4657,3567,2968,2660,2522,2477,2402,2356,2369,2441,2382,2385,2251,2364,2586,2986,3462,3932,3504,3956,4337,4472,4348,4528,4964,5169,5299,5314,5167,4995,4653,4233,3781,3397,3100,2817,2458,2046,1834,1532,1279,1089,937,858,800,709,438,157,-153,-399,-608,-756,-748,-622,-493,-334,-188,-169,-183,-233,-380,-512,-809,-1087,-1176,-1135,-1005,-815,-562,-426,-368,-334,-420,-464,-505,-505,-494,-500,-484,-523,-582,-695,-830,-932,-1030,-7867
1,2,2035,115093,4675,3584,2984,2673,2535,2486,2411,2364,2379,2448,2392,2390,2334,2359,2589,2990,3478,3953,3536,3979,4364,4501,4387,4582,5028,5232,5378,5380,5218,5046,4717,4287,3892,3540,3141,2827,2479,2087,1890,1621,1373,1175,1043,904,860,706,488,212,-80,-324,-563,-647,-667,-597,-448,-378,-170,-153,-196,-220,-395,-501,-770,-1043,-1231,-1226,-1047,-844,-574,-410,-373,-357,-432,-491,-527,-552,-518,-520,-515,-538,-620,-730,-864,-965,-1076,-8242
1,2,2036,116509,4694,3600,2997,2684,2543,2492,2422,2372,2387,2455,2401,2401,2341,2432,2587,2997,3486,3969,3555,4011,4389,4529,4417,4624,5081,5291,5439,5460,5283,5092,4768,4348,3942,3641,3277,2864,2489,2106,1928,1677,1461,1267,1119,998,906,762,480,261,-24,-249,-493,-604,-565,-524,-427,-340,-210,-141,-182,-233,-373,-519,-761,-1008,-1181,-1281,-1134,-882,-597,-419,-362,-360,-458,-507,-560,-570,-563,-545,-530,-564,-635,-766,-903,-1005,-1116,-8625
1,2,2037,117814,4713,3614,3010,2694,2552,2503,2428,2380,2394,2462,2407,2408,2353,2438,2653,2994,3493,3981,3576,4034,4420,4553,4446,4653,5123,5345,5502,5520,5361,5154,4809,4388,3999,3690,3372,2996,2524,2111,1944,1714,1513,1343,1203,1066,988,803,537,254,25,-197,-415,-532,-526,-433,-365,-318,-179,-175,-173,-220,-394,-501,-782,-998,-1143,-1236,-1185,-960,-631,-436,-367,-349,-466,-540,-578,-605,-580,-590,-549,-584,-664,-781,-945,-1052,-1159,-9021
1,2,2038,119055,4731,3628,3022,2707,2563,2514,2435,2388,2403,2467,2413,2415,2357,2444,2660,3064,3493,3989,3588,4054,4448,4584,4470,4684,5152,5383,5553,5578,5421,5231,4867,4436,4039,3744,3419,3089,2651,2145,1946,1726,1547,1391,1271,1142,1053,885,582,310,16,-147,-363,-458,-461,-398,-283,-264,-164,-148,-208,-214,-382,-518,-761,-1019,-1137,-1199,-1142,-1006,-700,-466,-378,-356,-458,-550,-615,-631,-621,-610,-592,-603,-682,-821,-961,-1100,-1212,-9415
1,2,2039,120245,4747,3642,3036,2716,2570,2522,2444,2394,2410,2474,2421,2420,2363,2450,2668,3075,3566,3988,3596,4065,4464,4605,4498,4705,5176,5412,5592,5629,5480,5287,4941,4486,4078,3780,3466,3130,2742,2274,1983,1729,1557,1422,1315,1207,1120,946,664,353,72,-158,-311,-408,-394,-340,-249,-192,-115,-133,-182,-250,-373,-504,-783,-997,-1160,-1191,-1107,-962,-734,-521,-404,-369,-463,-540,-627,-664,-642,-640,-614,-646,-701,-838,-1003,-1121,-1268,-9831
1,2,2040,121363,4763,3655,3045,2726,2581,2525,2449,2401,2419,2481,2425,2426,2368,2457,2675,3084,3577,4070,3598,4073,4478,4624,4520,4734,5199,5439,5616,5664,5529,5342,4995,4557,4126,3814,3504,3178,2783,2364,2105,1760,1558,1433,1342,1244,1176,1008,724,433,116,-99,-324,-360,-348,-279,-200,-163,-52,-91,-171,-224,-407,-494,-767,-1019,-1142,-1215,-1100,-930,-696,-554,-453,-392,-483,-552,-618,-678,-676,-664,-643,-667,-742,-858,-1025,-1166,-1289,-10259
1,2,2041,122010,4777,3665,3053,2734,2578,2528,2450,2402,2420,2473,2427,2421,2366,2453,2672,3086,3582,4081,3682,4070,4482,4628,4530,4751,5218,5452,5632,5679,5557,5380,5036,4593,4183,3856,3528,3201,2817,2394,2185,1877,1580,1426,1341,1262,1203,1055,781,490,194,-57,-270,-376,-306,-240,-150,-125,-31,-36,-134,-217,-384,-539,-757,-1003,-1168,-1196,-1129,-924,-670,-520,-479,-443,-507,-574,-634,-674,-693,-696,-664,-697,-764,-903,-1047,-1194,-1343,-10677
1,2,2042,122605,4790,3674,3062,2736,2583,2530,2448,2402,2420,2471,2422,2418,2366,2455,2670,3087,3583,4084,3691,4158,4472,4629,4538,4763,5228,5472,5646,5696,5573,5402,5071,4631,4221,3907,3561,3219,2839,2430,2214,1959,1695,1446,1330,1264,1217,1081,827,546,247,24,-230,-323,-319,-206,-120,-82,5,-17,-83,-181,-374,-514,-808,-990,-1147,-1223,-1109,-950,-668,-496,-449,-473,-555,-598,-659,-691,-691,-715,-694,-714,-796,-927,-1098,-1221,-1375,-11102
1,2,2043,123181,4804,3684,3069,2742,2583,2530,2443,2404,2419,2464,2420,2415,2363,2450,2667,3087,3585,4089,3697,4170,4566,4621,4539,4769,5243,5483,5666,5703,5587,5413,5086,4662,4259,3945,3611,3248,2860,2455,2249,1988,1772,1550,1345,1258,1220,1094,855,595,306,82,-149,-283,-272,-220,-85,-52,45,15,-66,-135,-338,-502,-778,-1043,-1136,-1207,-1132,-932,-689,-491,-431,-449,-586,-649,-682,-712,-706,-711,-709,-742,-818,-959,-1124,-1282,-1406,-11518
1,2,2044,123697,4813,3692,3076,2747,2582,2531,2444,2402,2418,2460,2417,2411,2363,2446,2667,3088,3589,4094,3701,4179,4574,4712,4533,4771,5247,5496,5676,5721,5601,5425,5102,4677,4285,3979,3644,3294,2891,2472,2266,2023,1799,1619,1438,1273,1212,1093,868,623,354,145,-91,-206,-238,-179,-101,-23,69,48,-37,-121,-286,-461,-763,-1011,-1193,-1194,-1118,-955,-676,-509,-429,-430,-563,-679,-736,-739,-730,-722,-705,-757,-850,-982,-1165,-1314,-1475,-11915
1,2,2045,124171,4826,3699,3083,2750,2582,2532,2441,2401,2417,2456,2417,2407,2361,2444,2666,3089,3589,4099,3708,4189,4585,4718,4619,4764,5250,5496,5685,5729,5616,5431,5106,4687,4301,4006,3675,3322,2935,2505,2281,2044,1830,1642,1501,1361,1224,1086,868,637,379,192,-31,-152,-165,-147,-64,-32,87,73,-5,-93,-272,-406,-712,-999,-1157,-1253,-1107,-946,-700,-498,-442,-426,-545,-657,-768,-793,-759,-745,-722,-749,-859,-1015,-1189,-1358,-1507,-12347
1,2,2046,124577,4834,3706,3088,2754,2584,2530,2437,2399,2416,2450,2412,2407,2357,2438,2660,3086,3593,4103,3714,4198,4589,4725,4624,4847,5238,5499,5688,5737,5627,5443,5112,4690,4306,4020,3696,3349,2963,2547,2312,2060,1846,1671,1520,1418,1299,1093,862,635,393,221,19,-93,-113,-82,-38,1,76,93,14,-64,-239,-391,-651,-945,-1141,-1217,-1161,-939,-691,-519,-435,-443,-545,-639,-751,-827,-811,-772,-741,-762,-851,-1025,-1225,-1384,-1556,-12771
1,2,2047,124950,4842,3712,3095,2756,2585,2529,2436,2399,2415,2442,2409,2399,2353,2433,2656,3087,3593,4106,3716,4202,4598,4731,4633,4853,5309,5493,5688,5736,5634,5447,5120,4690,4312,4025,3710,3370,2991,2576,2354,2091,1866,1688,1540,1436,1349,1168,873,625,387,232,47,-45,-62,-38,20,27,105,84,32,-44,-207,-358,-631,-872,-1085,-1205,-1131,-986,-688,-510,-453,-438,-564,-642,-738,-811,-845,-824,-766,-782,-866,-1017,-1238,-1424,-1585,-13200
1,2,2048,125325,4850,3717,3098,2762,2583,2528,2433,2395,2412,2437,2404,2396,2352,2430,2653,3087,3593,4110,3719,4208,4601,4734,4638,4860,5316,5559,5681,5735,5636,5451,5122,4695,4312,4028,3712,3378,3008,2604,2377,2132,1892,1702,1552,1458,1365,1214,948,637,374,227,56,-18,-20,9,57,76,127,111,23,-26,-186,-322,-592,-850,-1007,-1147,-1117,-959,-732,-509,-449,-456,-554,-656,-737,-795,-828,-854,-814,-808,-884,-1030,-1226,-1439,-1635,-13599
1,2,2049,125625,4856,3720,3103,2759,2581,2527,2429,2394,2412,2428,2398,2390,2346,2425,2647,3088,3594,4109,3726,4214,4605,4737,4639,4863,5320,5561,5743,5723,5634,5447,5124,4697,4316,4028,3712,3378,3018,2625,2402,2158,1932,1722,1562,1467,1382,1226,994,713,386,218,51,-7,3,46,96,110,170,131,49,-38,-163,-298,-549,-808,-983,-1068,-1064,-948,-711,-545,-446,-455,-572,-649,-755,-795,-817,-838,-846,-854,-913,-1052,-1243,-1429,-1652,-14011
1,2,2050,125907,4861,3725,3104,2763,2580,2527,2423,2389,2405,2424,2397,2384,2343,2423,2643,3085,3592,4111,3725,4218,4610,4740,4647,4867,5322,5564,5747,5786,5623,5439,5116,4695,4317,4033,3712,3375,3018,2632,2417,2183,1953,1759,1578,1478,1392,1239,1006,761,460,227,40,-11,12,66,131,147,202,171,70,-13,-173,-277,-524,-762,-935,-1040,-990,-902,-704,-528,-479,-453,-568,-665,-747,-817,-819,-827,-829,-885,-964,-1080,-1265,-1448,-1639,-14406
1,2,2051,126148,4866,3726,3108,2763,2578,2522,2420,2387,2405,2420,2392,2380,2339,2418,2638,3083,3590,4114,3726,4218,4610,4740,4649,4871,5324,5567,5746,5784,5686,5427,5108,4686,4313,4034,3714,3372,3016,2634,2425,2201,1976,1781,1609,1494,1398,1245,1026,771,508,307,52,-25,8,75,149,175,232,197,106,6,-145,-289,-498,-733,-887,-999,-970,-838,-668,-523,-465,-483,-568,-658,-766,-809,-838,-827,-816,-866,-997,-1133,-1300,-1477,-1659,-14730
1,2,2052,126333,4870,3730,3111,2764,2577,2520,2418,2384,2402,2411,2388,2373,2334,2413,2635,3078,3589,4114,3728,4222,4616,4743,4649,4874,5325,5568,5748,5783,5686,5483,5091,4674,4307,4031,3713,3372,3011,2632,2421,2209,1989,1802,1625,1522,1413,1250,1036,789,520,355,130,-14,-4,69,154,191,256,223,131,43,-126,-260,-511,-703,-859,-951,-927,-819,-615,-495,-463,-473,-599,-658,-759,-823,-828,-844,-816,-852,-974,-1169,-1362,-1517,-1690,-15051
1,2,2053,126441,4873,3730,3111,2765,2574,2517,2411,2382,2399,2403,2382,2367,2331,2408,2630,3077,3586,4114,3729,4223,4613,4743,4651,4876,5325,5569,5747,5780,5687,5482,5148,4656,4296,4023,3706,3365,3010,2627,2418,2203,1996,1814,1643,1538,1436,1264,1042,797,535,367,177,63,6,57,149,197,271,244,155,66,-90,-240,-480,-721,-828,-919,-882,-784,-603,-451,-436,-471,-586,-689,-756,-817,-846,-837,-834,-851,-958,-1145,-1402,-1588,-1735,-15364
1,2,2054,126512,4873,3731,3112,2765,2570,2516,2404,2378,2395,2393,2376,2360,2328,2403,2623,3072,3586,4111,3728,4225,4615,4742,4652,4875,5322,5567,5746,5777,5684,5475,5143,4708,4278,4012,3695,3358,3006,2626,2408,2200,1993,1815,1651,1556,1451,1289,1057,802,543,386,188,114,73,65,139,193,272,257,175,90,-63,-198,-454,-688,-844,-888,-854,-744,-575,-442,-401,-449,-584,-673,-787,-811,-839,-853,-828,-867,-960,-1126,-1369,-1632,-1816,-15690
1,2,2055,126571,4875,3733,3113,2764,2567,2511,2401,2373,2390,2385,2371,2354,2322,2394,2618,3066,3584,4112,3729,4225,4612,4741,4650,4876,5325,5565,5743,5777,5683,5472,5135,4701,4326,3995,3685,3348,2999,2623,2406,2194,1989,1812,1652,1565,1463,1301,1081,819,546,393,206,124,120,127,145,184,267,259,185,106,-36,-170,-408,-661,-808,-903,-826,-719,-545,-417,-392,-417,-562,-668,-774,-848,-835,-847,-843,-861,-977,-1125,-1348,-1600,-1866,-16060
1,2,2056,126577,4877,3731,3111,2764,2563,2507,2396,2368,2386,2378,2363,2348,2318,2388,2610,3063,3580,4109,3724,4225,4613,4738,4649,4872,5319,5563,5740,5770,5679,5466,5129,4693,4321,4043,3668,3332,2989,2618,2400,2192,1981,1807,1646,1566,1470,1311,1093,843,559,395,212,140,127,167,198,189,258,255,190,116,-16,-140,-376,-607,-780,-873,-845,-696,-524,-394,-373,-410,-531,-643,-768,-830,-871,-844,-838,-879,-970,-1145,-1347,-1575,-1829,-16445
1,2,2057,126629,4874,3730,3112,2763,2557,2503,2390,2364,2380,2372,2358,2342,2313,2383,2604,3062,3577,4106,3724,4223,4614,4738,4648,4871,5318,5558,5734,5764,5678,5459,5119,4687,4312,4036,3710,3311,2977,2605,2390,2187,1978,1799,1637,1561,1472,1319,1108,857,584,411,217,147,143,172,233,236,262,248,186,117,-4,-118,-341,-571,-726,-845,-811,-708,-504,-375,-351,-393,-524,-606,-741,-823,-854,-878,-835,-874,-989,-1137,-1371,-1577,-1802,-16753
1,2,2058,126654,4874,3730,3111,2759,2554,2500,2383,2359,2377,2364,2351,2335,2307,2375,2596,3059,3571,4104,3721,4222,4608,4733,4644,4870,5314,5556,5731,5760,5673,5456,5115,4675,4305,4027,3702,3353,2956,2590,2377,2181,1970,1794,1627,1558,1468,1319,1116,870,593,438,232,151,149,183,239,267,305,253,177,111,0,-106,-314,-532,-688,-791,-785,-683,-518,-363,-337,-375,-504,-600,-705,-795,-849,-860,-866,-874,-989,-1158,-1362,-1602,-1804,-16984
1,2,2059,126624,4874,3727,3111,2757,2550,2494,2377,2353,2374,2354,2345,2327,2297,2368,2588,3052,3566,4102,3717,4221,4607,4732,4640,4865,5309,5550,5726,5754,5666,5444,5104,4667,4295,4019,3695,3343,2995,2572,2361,2165,1962,1787,1623,1549,1458,1314,1118,877,607,450,257,165,154,186,249,272,328,291,180,103,-6,-104,-300,-501,-646,-752,-732,-658,-495,-372,-327,-367,-487,-579,-695,-756,-821,-858,-855,-905,-987,-1156,-1387,-1593,-1830,-17200
1,2,2060,126622,4871,3724,3107,2754,2545,2488,2372,2346,2367,2347,2338,2320,2292,2364,2582,3048,3559,4099,3714,4218,4605,4728,4637,4862,5305,5545,5721,5749,5662,5437,5095,4657,4288,4013,3687,3334,2988,2615,2338,2150,1949,1778,1614,1545,1451,1306,1115,878,615,463,270,192,167,189,253,281,331,312,215,104,-15,-111,-296,-487,-612,-710,-694,-612,-477,-352,-336,-356,-474,-555,-674,-745,-784,-830,-849,-891,-1021,-1155,-1382,-1621,-1823,-17415
2,0,2023,33206,1440,629,589,636,605,578,604,573,539,578,574,587,631,602,655,837,953,1146,1140,1249,1270,1219,1154,1305,1587,1497,1838,1772,1725,1552,1389,1191,849,798,793,786,615,392,344,222,119,71,69,67,122,114,57,-55,-214,-290,-381,-389,-442,-293,-180,-79,-80,-32,-45,-98,-18,-33,-135,-195,-121,-204,-179,-41,3,-9,-16,86,-12,-4,44,-65,-88,-12,54,7,-57,-47,-56,-110,-113,-957
2,0,2024,37404,1469,1281,641,678,664,647,652,624,612,624,612,590,666,656,681,867,1067,1216,1214,1374,1360,1411,1409,1451,1585,1814,1747,1976,1848,1783,1604,1340,1144,903,821,772,672,534,344,273,200,121,105,121,106,99,80,-60,-186,-327,-318,-371,-319,-373,-197,-110,-5,-27,7,-25,-84,-51,-65,-169,-203,-152,-199,-162,-45,-16,-13,-22,58,-15,-18,40,-76,-102,-29,3,-28,-97,-76,-98,-134,-990
2,0,2025,41415,1497,1310,1202,720,704,699,703,661,652,692,643,622,666,696,737,891,1108,1361,1301,1454,1478,1509,1607,1643,1701,1842,1996,1953,2004,1924,1794,1557,1277,1182,950,845,642,585,466,294,248,192,154,150,169,82,56,-42,-187,-306,-363,-302,-319,-256,-275,-116,-32,51,18,21,-6,-105,-84,-113,-176,-190,-131,-169,-154,-47,-33,-31,-53,41,-44,-14,6,-96,-126,-66,-33,-78,-119,-120,-125,-1030
2,0,2026,46085,1529,1342,1230,1204,740,734,750,712,676,713,705,667,718,722,800,980,1165,1437,1491,1582,1606,1658,1722,1889,1893,1965,2053,2161,2034,2057,1960,1727,1508,1290,1205,967,766,583,513,411,287,249,232,203,192,159,44,-53,-174,-286,-332,-323,-227,-241,-150,-178,-46,23,83,34,31,-24,-134,-106,-128,-178,-156,-105,-167,-108,-46,-35,-55,-50,8,-43,-32,-24,-117,-151,-84,-79,-112,-160,-149,-1072
2,0,2027,50591,1562,1375,1261,1234,1147,770,780,755,726,741,717,727,762,777,846,1045,1276,1516,1579,1783,1747,1789,1879,1992,2100,2145,2188,2217,2221,2111,2058,1881,1640,1503,1305,1143,862,682,543,439,394,303,274,292,249,177,122,-67,-182,-278,-320,-293,-241,-139,-125,-55,-81,3,65,91,58,18,-50,-166,-114,-139,-189,-129,-102,-151,-90,-43,-55,-51,-55,-11,-51,-60,-57,-132,-152,-110,-107,-157,-189,-1138
2,0,2028,54226,1595,1405,1289,1261,1174,1109,812,782,765,800,755,736,804,805,875,1113,1340,1645,1668,1854,1898,1911,1959,2100,2206,2278,2348,2367,2241,2251,2123,1947,1778,1620,1468,1280,981,765,603,460,401,374,335,321,321,231,149,4,-204,-296,-311,-300,-213,-157,-48,-42,25,-15,37,88,101,49,-12,-96,-174,-144,-144,-166,-117,-98,-138,-100,-72,-60,-63,-63,-42,-76,-83,-107,-140,-173,-133,-161,-189,-1244
2,0,2029,57384,1628,1439,1321,1290,1202,1131,1086,808,789,862,813,782,827,850,911,1128,1417,1710,1810,1968,1954,2018,2064,2163,2288,2412,2441,2493,2392,2263,2213,2028,1827,1732,1569,1389,1129,872,676,516,419,390,379,374,345,297,192,29,-136,-316,-334,-292,-226,-138,-52,16,32,60,36,56,105,74,7,-73,-124,-204,-150,-141,-144,-118,-109,-120,-122,-79,-85,-71,-84,-71,-106,-126,-136,-183,-199,-173,-198,-1328
2,0,2030,59809,1663,1471,1353,1319,1229,1158,1111,1040,802,885,847,818,864,878,957,1173,1446,1792,1869,2086,2078,2093,2142,2252,2343,2488,2558,2561,2467,2367,2220,2086,1890,1782,1653,1481,1200,985,761,570,454,399,394,404,389,311,248,63,-116,-257,-354,-311,-224,-148,-34,13,78,82,84,47,71,80,21,-60,-117,-159,-221,-153,-153,-136,-135,-121,-122,-122,-105,-109,-105,-106,-107,-150,-164,-189,-216,-241,-208,-1424
2,0,2031,61694,1697,1505,1386,1350,1256,1182,1135,1061,995,916,876,842,880,896,973,1208,1484,1831,1947,2149,2173,2190,2229,2314,2409,2528,2623,2649,2550,2443,2293,2097,1934,1824,1701,1549,1280,1050,847,644,504,411,403,413,409,338,256,114,-88,-247,-302,-333,-246,-152,-58,21,69,109,106,87,50,38,21,-57,-98,-166,-192,-200,-170,-156,-151,-148,-152,-127,-143,-121,-132,-131,-138,-161,-184,-219,-231,-257,-279,-1512
2,0,2032,62867,1732,1541,1418,1381,1284,1205,1156,1082,1017,993,903,864,900,914,990,1227,1514,1873,1994,2216,2237,2261,2308,2399,2472,2583,2667,2699,2602,2512,2370,2147,1949,1847,1735,1578,1335,1111,900,705,556,449,400,412,416,360,278,117,-41,-219,-297,-299,-273,-179,-66,-3,66,97,118,93,76,19,-26,-68,-118,-154,-197,-205,-196,-184,-186,-177,-189,-168,-163,-158,-158,-163,-169,-190,-209,-242,-260,-284,-298,-1672
2,0,2033,65213,1767,1574,1452,1413,1313,1231,1182,1105,1036,1011,979,885,918,930,1017,1256,1560,1930,2061,2286,2315,2338,2390,2493,2570,2662,2741,2778,2680,2588,2468,2256,2020,1899,1783,1634,1388,1189,985,776,633,518,444,419,428,381,304,146,-38,-171,-267,-279,-232,-193,-72,2,57,104,115,119,100,47,-31,-94,-109,-157,-170,-193,-205,-194,-195,-189,-190,-183,-178,-162,-173,-178,-191,-209,-220,-253,-272,-307,-324,-1834
2,0,2034,67569,1803,1610,1486,1443,1340,1258,1204,1126,1055,1031,1002,958,935,948,1039,1283,1596,1979,2126,2362,2392,2421,2468,2569,2659,2758,2821,2851,2754,2664,2541,2351,2124,1967,1832,1680,1442,1236,1061,860,706,588,509,466,436,384,316,168,-13,-171,-221,-253,-218,-154,-86,-5,65,97,124,116,125,77,2,-104,-139,-147,-175,-170,-188,-196,-198,-189,-198,-182,-195,-179,-178,-194,-203,-232,-244,-267,-289,-326,-352,-1979
2,0,2035,69939,1839,1644,1519,1473,1369,1285,1228,1146,1075,1050,1018,979,1002,967,1057,1316,1635,2028,2194,2437,2467,2498,2552,2655,2742,2850,2917,2930,2827,2737,2611,2420,2218,2069,1896,1725,1485,1289,1105,934,778,656,573,524,476,389,324,182,10,-144,-218,-207,-189,-139,-52,-14,61,108,121,132,123,97,34,-64,-145,-185,-167,-176,-170,-183,-206,-202,-206,-191,-194,-192,-192,-202,-219,-248,-266,-292,-309,-342,-367,-2156
2,0,2036,72269,1874,1681,1553,1506,1399,1312,1255,1171,1097,1070,1038,991,1021,1030,1078,1343,1671,2085,2255,2511,2543,2575,2624,2734,2820,2930,3007,3027,2906,2808,2679,2488,2283,2152,1994,1788,1522,1326,1152,976,854,729,640,586,529,433,326,184,23,-121,-191,-202,-143,-112,-36,19,51,103,126,124,137,99,56,-35,-113,-192,-201,-164,-172,-168,-193,-207,-213,-201,-202,-194,-208,-219,-232,-267,-286,-322,-344,-365,-385,-2337
2,0,2037,74630,1912,1716,1588,1539,1430,1339,1276,1192,1117,1089,1059,1012,1036,1047,1141,1367,1712,2131,2318,2582,2623,2657,2710,2813,2905,3012,3093,3116,3004,2882,2747,2552,2351,2215,2072,1879,1582,1364,1185,1020,892,796,705,645,593,485,368,183,18,-115,-174,-178,-144,-70,-9,35,83,97,127,136,132,112,51,-13,-79,-156,-211,-201,-167,-170,-178,-195,-220,-209,-212,-205,-210,-232,-246,-277,-305,-345,-375,-395,-408,-2514
2,0,2038,76940,1949,1753,1624,1574,1461,1368,1302,1216,1140,1110,1075,1032,1051,1059,1165,1439,1744,2177,2382,2650,2691,2732,2783,2891,2983,3097,3173,3201,3092,2978,2820,2615,2409,2277,2131,1955,1663,1417,1221,1052,934,833,773,708,647,541,418,219,14,-124,-168,-161,-120,-64,30,60,99,124,117,130,137,103,67,-14,-59,-127,-181,-208,-196,-166,-182,-184,-209,-216,-221,-208,-221,-234,-261,-294,-318,-364,-397,-429,-445,-2695
2,0,2039,79242,1988,1791,1659,1604,1491,1394,1326,1239,1160,1127,1096,1048,1068,1078,1179,1466,1830,2225,2437,2719,2768,2806,2864,2975,3067,3177,3256,3285,3174,3061,2910,2680,2469,2335,2187,2010,1738,1499,1270,1079,962,872,806,770,705,597,474,268,51,-130,-175,-156,-102,-46,35,99,123,138,145,126,137,112,58,-3,-63,-104,-149,-178,-207,-194,-180,-191,-199,-209,-226,-225,-230,-246,-266,-315,-337,-377,-421,-458,-485,-2899
2,0,2040,81590,2026,1828,1696,1639,1520,1424,1351,1260,1181,1148,1117,1067,1088,1098,1199,1490,1864,2330,2495,2786,2837,2877,2938,3053,3149,3263,3340,3370,3256,3139,2996,2770,2533,2389,2243,2063,1786,1566,1347,1126,986,895,842,804,764,657,527,330,101,-90,-183,-161,-96,-28,54,105,155,163,164,155,131,109,67,-17,-54,-111,-128,-151,-181,-207,-210,-184,-206,-197,-221,-226,-241,-254,-280,-320,-360,-401,-436,-489,-512,-3123
2,0,2041,83860,2064,1863,1731,1672,1550,1451,1376,1284,1202,1166,1131,1083,1099,1116,1218,1512,1895,2374,2622,2847,2902,2950,3015,3131,3228,3344,3420,3451,3339,3218,3067,2848,2613,2448,2291,2110,1837,1609,1409,1198,1031,922,865,835,795,707,583,380,157,-47,-149,-171,-102,-18,74,124,163,195,188,172,163,100,58,-12,-67,-103,-134,-133,-155,-180,-218,-214,-201,-205,-211,-222,-247,-264,-286,-329,-367,-428,-464,-507,-543,-3359
2,0,2042,86170,2102,1902,1766,1704,1582,1479,1398,1304,1222,1183,1147,1101,1115,1127,1237,1537,1929,2421,2676,2991,2973,3018,3086,3205,3306,3425,3504,3538,3414,3298,3141,2919,2690,2523,2348,2157,1880,1655,1448,1259,1105,962,885,858,825,737,637,434,209,7,-104,-138,-111,-22,84,138,179,198,213,193,175,134,49,-18,-64,-116,-127,-139,-138,-154,-198,-225,-231,-201,-219,-213,-240,-272,-300,-342,-381,-432,-491,-535,-560,-3591
2,0,2043,88474,2140,1940,1803,1739,1612,1506,1425,1327,1244,1206,1166,1117,1133,1143,1254,1562,1961,2464,2733,3048,3112,3086,3157,3279,3386,3508,3586,3616,3499,3374,3217,2988,2755,2594,2419,2203,1920,1692,1485,1292,1158,1032,923,878,847,769,664,487,264,59,-50,-96,-84,-27,81,151,196,214,219,221,202,148,83,-32,-74,-114,-143,-132,-146,-144,-176,-205,-240,-228,-217,-221,-231,-270,-309,-358,-390,-453,-497,-560,-593,-3823
2,0,2044,90824,2180,1977,1840,1773,1641,1534,1448,1349,1264,1223,1184,1136,1149,1162,1270,1586,1997,2509,2786,3111,3179,3229,3228,3356,3462,3582,3660,3701,3580,3449,3285,3059,2821,2657,2483,2272,1967,1728,1518,1325,1191,1084,986,915,867,789,691,512,319,114,0,-43,-37,2,82,153,207,233,239,235,235,174,102,6,-89,-123,-143,-150,-136,-148,-165,-187,-219,-238,-243,-222,-239,-262,-305,-363,-409,-465,-517,-573,-626,-4070
2,0,2045,93159,2218,2017,1878,1807,1673,1560,1470,1370,1285,1241,1201,1156,1161,1178,1286,1609,2025,2553,2845,3176,3244,3294,3366,3427,3539,3664,3745,3780,3662,3529,3360,3126,2889,2719,2544,2334,2026,1772,1554,1358,1223,1113,1037,973,901,808,709,539,342,167,53,4,11,42,111,149,210,240,257,250,241,207,123,22,-56,-140,-152,-149,-153,-141,-171,-180,-208,-222,-248,-244,-241,-269,-296,-356,-421,-483,-530,-597,-639,-4318
2,0,2046,95518,2258,2055,1915,1841,1706,1590,1496,1393,1306,1260,1219,1168,1177,1193,1309,1635,2061,2600,2896,3235,3307,3361,3432,3558,3615,3741,3828,3861,3740,3605,3434,3197,2953,2782,2605,2388,2086,1831,1589,1386,1252,1144,1062,1022,957,840,725,553,365,189,103,56,55,88,147,179,207,243,267,267,263,215,160,43,-37,-108,-172,-160,-154,-161,-167,-184,-193,-209,-239,-254,-263,-267,-304,-353,-416,-495,-549,-614,-660,-4537
2,0,2047,97880,2298,2094,1952,1876,1737,1619,1521,1417,1328,1278,1238,1189,1196,1208,1327,1664,2098,2646,2954,3302,3373,3426,3501,3627,3741,3822,3905,3942,3821,3677,3505,3266,3020,2846,2663,2440,2135,1883,1644,1420,1274,1176,1095,1048,1003,897,754,567,380,210,125,104,102,129,189,214,237,244,267,275,276,238,165,80,-16,-93,-142,-178,-167,-163,-185,-181,-202,-198,-220,-241,-272,-295,-307,-364,-405,-492,-565,-637,-678,-4767
2,0,2048,100221,2337,2133,1991,1909,1767,1648,1544,1438,1350,1298,1254,1208,1209,1226,1346,1685,2127,2690,3014,3363,3439,3494,3573,3700,3813,3947,3985,4024,3899,3754,3575,3335,3083,2906,2720,2497,2185,1926,1688,1470,1305,1194,1120,1075,1029,937,810,595,389,220,142,124,150,177,228,251,270,270,272,283,289,253,188,89,23,-71,-127,-151,-185,-173,-186,-198,-200,-209,-218,-228,-261,-304,-333,-361,-418,-480,-563,-653,-702,-4991
2,0,2049,102574,2377,2172,2029,1946,1798,1675,1570,1463,1371,1318,1276,1225,1224,1246,1368,1709,2163,2737,3070,3428,3507,3563,3642,3770,3891,4017,4106,4103,3979,3831,3644,3402,3152,2970,2778,2547,2236,1971,1727,1513,1354,1231,1142,1099,1057,961,847,647,413,228,152,140,166,222,271,288,304,299,294,285,290,265,205,107,24,-33,-107,-139,-158,-192,-202,-203,-219,-206,-223,-221,-246,-291,-346,-391,-421,-492,-554,-648,-720,-5219
2,0,2050,104956,2419,2210,2068,1980,1830,1705,1595,1484,1393,1337,1294,1243,1242,1260,1383,1739,2199,2784,3130,3492,3573,3632,3712,3846,3968,4099,4181,4224,4057,3903,3721,3466,3216,3026,2836,2601,2280,2015,1768,1549,1395,1270,1169,1121,1078,986,872,686,467,250,159,151,183,236,312,328,339,333,327,309,293,269,216,129,45,-31,-74,-121,-150,-166,-219,-214,-217,-220,-223,-231,-244,-275,-333,-409,-452,-500,-566,-636,-717,-5429
2,0,2051,107290,2459,2252,2106,2018,1861,1735,1620,1508,1415,1359,1313,1258,1259,1276,1401,1763,2230,2831,3187,3559,3642,3696,3782,3916,4042,4176,4263,4300,4176,3981,3788,3534,3276,3087,2893,2652,2324,2059,1809,1583,1430,1310,1206,1147,1100,1010,894,705,506,301,180,155,192,256,331,366,374,368,357,341,320,271,216,129,59,-13,-70,-89,-133,-159,-198,-230,-235,-227,-238,-228,-249,-274,-319,-393,-466,-541,-576,-654,-710,-5621
2,0,2052,109682,2499,2292,2144,2052,1896,1766,1647,1532,1436,1377,1334,1278,1274,1294,1420,1788,2266,2877,3246,3624,3712,3768,3855,3993,4119,4255,4341,4381,4253,4094,3857,3598,3340,3147,2948,2703,2377,2100,1842,1617,1463,1344,1246,1185,1123,1029,916,727,523,338,230,176,199,265,349,383,411,399,388,375,354,298,214,133,67,2,-52,-93,-107,-145,-189,-214,-250,-238,-241,-244,-254,-283,-315,-378,-456,-554,-621,-663,-726,-5774
2,0,2053,112080,2540,2332,2184,2089,1929,1795,1673,1555,1462,1397,1351,1298,1290,1310,1441,1812,2302,2925,3305,3693,3779,3837,3925,4065,4198,4333,4422,4465,4327,4165,3967,3663,3403,3207,3004,2756,2424,2144,1881,1655,1495,1376,1273,1222,1160,1051,929,744,542,356,267,228,215,272,360,401,424,434,425,408,393,330,243,130,66,9,-41,-76,-103,-123,-177,-209,-234,-254,-258,-245,-268,-284,-328,-378,-442,-541,-642,-709,-734,-5930
2,0,2054,114482,2583,2372,2224,2125,1963,1825,1697,1577,1481,1418,1371,1316,1309,1325,1459,1840,2339,2976,3365,3754,3847,3904,3999,4142,4273,4416,4502,4544,4408,4242,4039,3771,3466,3265,3061,2807,2470,2185,1921,1688,1526,1405,1306,1246,1194,1087,951,756,556,368,279,257,264,293,370,413,444,448,455,444,423,369,277,158,61,6,-37,-66,-96,-125,-158,-198,-228,-241,-271,-263,-275,-302,-328,-387,-435,-528,-623,-733,-784,-6065
2,0,2055,116895,2624,2414,2264,2160,1994,1854,1722,1606,1504,1439,1387,1333,1325,1346,1478,1866,2374,3020,3424,3824,3913,3976,4069,4217,4353,4498,4586,4625,4488,4312,4106,3836,3566,3320,3114,2856,2514,2228,1956,1720,1557,1436,1332,1280,1220,1120,986,774,566,379,290,275,296,337,390,423,453,466,473,476,462,401,319,195,87,1,-45,-61,-80,-114,-164,-179,-221,-238,-257,-275,-282,-306,-349,-388,-452,-524,-613,-715,-809,-6238
2,0,2056,119391,2665,2455,2302,2197,2028,1885,1750,1628,1526,1462,1414,1356,1342,1364,1500,1894,2409,3071,3488,3891,3987,4050,4145,4297,4435,4581,4666,4711,4570,4388,4179,3901,3631,3420,3168,2901,2560,2270,1993,1758,1592,1467,1361,1304,1248,1144,1014,808,581,390,302,286,304,368,431,440,464,477,491,494,494,441,358,239,122,23,-46,-71,-83,-108,-154,-185,-205,-227,-253,-263,-301,-321,-353,-410,-457,-542,-607,-700,-791,-6413
2,0,2057,121867,2709,2498,2345,2234,2063,1917,1780,1652,1552,1480,1429,1371,1358,1379,1520,1920,2444,3123,3546,3962,4057,4120,4220,4373,4515,4661,4751,4795,4649,4465,4247,3967,3690,3476,3258,2949,2602,2309,2031,1788,1618,1497,1385,1334,1275,1173,1039,833,610,399,307,295,320,383,461,484,482,487,503,514,511,479,396,274,166,61,-24,-75,-93,-107,-147,-177,-209,-215,-246,-261,-285,-335,-361,-418,-476,-545,-624,-695,-773,-6558
2,0,2058,124333,2750,2540,2385,2272,2096,1949,1805,1679,1573,1502,1452,1391,1374,1397,1542,1945,2486,3169,3612,4028,4130,4193,4293,4449,4597,4746,4836,4876,4733,4540,4317,4033,3753,3531,3309,3037,2646,2347,2063,1818,1650,1523,1416,1358,1301,1196,1062,856,637,427,320,300,331,396,475,508,520,505,513,526,529,498,435,318,205,100,8,-54,-97,-116,-149,-174,-203,-217,-235,-255,-289,-325,-390,-429,-480,-572,-628,-716,-768,-6677
2,0,2059,126865,2795,2582,2425,2312,2130,1978,1833,1701,1596,1525,1470,1414,1395,1417,1562,1971,2516,3220,3670,4098,4200,4267,4370,4530,4677,4830,4921,4965,4814,4621,4389,4101,3815,3590,3365,3087,2730,2385,2096,1850,1678,1554,1442,1385,1324,1222,1087,879,658,451,346,310,333,410,491,524,546,539,530,535,542,517,452,355,245,138,47,-25,-80,-127,-160,-180,-204,-214,-233,-239,-277,-320,-370,-453,-504,-584,-657,-718,-792,-6751
2,0,2060,129331,2837,2624,2466,2348,2165,2009,1859,1726,1620,1542,1490,1428,1411,1435,1583,2001,2555,3268,3734,4169,4273,4341,4446,4608,4757,4915,5006,5045,4895,4695,4462,4167,3877,3649,3417,3133,2771,2459,2130,1879,1708,1579,1468,1411,1351,1245,1107,898,676,467,368,336,345,414,505,540,560,562,564,554,554,531,472,369,279,183,83,10,-52,-109,-170,-187,-202,-212,-231,-244,-266,-313,-369,-441,-527,-603,-673,-753,-799,-6852
2,1,2023,13193,727,354,341,346,355,331,343,327,297,306,288,297,338,298,313,445,475,550,539,609,603,540,439,523,656,567,733,699,724,680,670,571,353,296,278,297,168,74,22,-36,-65,-76,-49,-16,11,31,24,-55,-144,-178,-253,-264,-318,-233,-162,-122,-110,-71,-52,8,-24,-13,-87,-116,-81,-117,-109,-56,-41,-54,-56,17,-30,33,11,-70,-39,3,13,-20,-50,-43,-42,-72,-57,-349
2,1,2024,15231,741,658,366,368,382,363,366,349,332,339,304,285,349,328,325,443,556,582,595,648,645,691,618,552,623,739,647,833,764,810,762,671,525,376,277,273,206,140,30,-11,-18,-66,-19,11,12,16,29,-66,-126,-209,-200,-259,-251,-284,-189,-129,-66,-86,-22,-20,11,-50,-37,-106,-142,-96,-114,-103,-59,-49,-55,-53,1,-41,25,18,-76,-52,-13,-11,-37,-69,-54,-60,-76,-379
2,1,2025,17194,756,673,627,386,400,389,388,365,351,372,330,299,344,341,355,451,559,677,644,693,690,733,758,697,644,728,799,766,879,867,853,776,621,545,381,302,182,170,92,11,-1,-19,-5,28,44,14,10,-60,-134,-197,-231,-201,-262,-213,-242,-142,-76,-38,-34,3,-12,-19,-80,-68,-124,-144,-97,-104,-102,-59,-62,-59,-66,-5,-50,12,-7,-84,-69,-31,-32,-59,-72,-67,-66,-418
2,1,2026,19543,772,688,641,610,420,403,411,390,360,387,363,330,366,355,380,499,585,703,753,780,754,804,825,854,777,763,812,910,858,951,937,841,748,619,541,391,246,161,116,63,33,-2,42,48,57,49,12,-73,-133,-195,-217,-222,-186,-220,-171,-182,-93,-49,4,-3,2,-42,-49,-95,-92,-118,-136,-86,-105,-86,-68,-60,-71,-61,-16,-48,-15,-26,-94,-76,-43,-52,-72,-84,-78,-452
2,1,2027,21823,787,704,656,625,605,420,424,409,379,390,365,365,394,376,411,525,640,738,788,884,864,864,902,920,912,886,863,919,980,967,991,924,777,741,590,502,317,216,124,80,78,36,54,95,87,62,43,-68,-143,-194,-222,-209,-206,-146,-163,-122,-109,-63,-5,25,8,-13,-56,-77,-103,-99,-128,-114,-85,-93,-90,-61,-66,-65,-56,-25,-56,-36,-47,-91,-78,-61,-66,-88,-95,-490
2,1,2028,23679,805,720,668,637,620,577,441,423,399,419,386,359,423,402,414,570,673,812,827,914,927,962,933,970,982,966,975,986,971,1046,1017,965,857,762,690,573,384,281,165,76,86,68,94,102,124,90,62,-40,-146,-208,-220,-219,-195,-165,-113,-118,-66,-70,-15,25,27,-5,-33,-77,-106,-114,-112,-115,-108,-86,-92,-93,-70,-63,-56,-56,-45,-66,-59,-73,-88,-92,-73,-87,-98,-534
2,1,2029,25140,821,736,685,652,633,588,565,435,410,441,417,385,425,428,444,563,714,835,909,956,952,994,1004,990,1007,1041,1020,1074,1041,1042,1063,999,896,836,713,641,470,326,215,124,80,75,110,143,129,126,82,-26,-113,-210,-231,-219,-204,-158,-119,-83,-62,-44,-11,14,29,1,-33,-70,-116,-123,-127,-112,-107,-110,-99,-88,-100,-71,-71,-61,-68,-58,-84,-85,-90,-110,-106,-93,-99,-578
2,1,2030,26211,839,753,699,666,646,600,576,541,418,451,424,404,445,436,467,588,721,878,928,1024,997,1031,1028,1037,1028,1064,1073,1095,1084,1090,1065,1030,916,871,769,675,505,394,247,153,112,76,117,151,157,127,111,-5,-104,-182,-239,-227,-206,-164,-115,-85,-38,-27,-1,21,17,5,-33,-70,-107,-128,-140,-125,-122,-110,-119,-99,-95,-96,-79,-82,-83,-77,-81,-103,-105,-114,-121,-128,-105,-624
2,1,2031,27024,855,769,716,681,659,614,589,551,509,470,440,414,451,446,471,604,739,891,967,1051,1051,1068,1071,1062,1056,1081,1096,1132,1115,1127,1101,1035,943,882,796,716,547,427,294,186,134,84,125,154,163,142,114,18,-89,-181,-212,-240,-215,-169,-128,-86,-46,-17,14,25,16,-10,-29,-73,-103,-129,-148,-143,-131,-125,-126,-115,-111,-102,-104,-87,-97,-96,-98,-109,-117,-131,-130,-135,-142,-664
2,1,2032,27463,873,787,733,695,673,624,599,561,518,505,455,427,461,451,476,612,749,905,985,1083,1082,1105,1107,1101,1081,1099,1112,1148,1135,1152,1134,1058,950,896,811,727,575,459,322,214,157,100,122,154,169,153,124,19,-66,-167,-214,-226,-237,-186,-138,-101,-47,-23,17,27,21,-16,-51,-78,-116,-124,-152,-151,-148,-136,-140,-128,-131,-120,-111,-106,-111,-114,-118,-123,-130,-140,-148,-149,-147,-747
2,1,2033,28509,890,804,748,710,687,637,611,571,528,513,490,435,471,460,486,625,771,931,1017,1117,1119,1141,1144,1146,1127,1132,1141,1182,1169,1184,1176,1111,986,923,836,756,601,501,371,254,192,133,139,156,173,164,137,32,-67,-144,-199,-217,-216,-199,-144,-104,-53,-21,14,35,30,-8,-49,-91,-111,-130,-137,-147,-151,-145,-147,-135,-133,-129,-120,-111,-122,-122,-132,-137,-137,-147,-150,-163,-162,-818
2,1,2034,29555,909,821,764,725,698,650,621,582,535,521,502,467,477,468,499,638,787,955,1046,1150,1157,1182,1184,1181,1169,1176,1173,1210,1199,1218,1209,1150,1035,958,859,776,631,523,411,301,234,167,172,177,175,165,142,44,-56,-145,-178,-204,-213,-179,-157,-107,-53,-27,14,33,39,5,-38,-92,-128,-126,-144,-135,-145,-146,-151,-135,-138,-127,-130,-120,-125,-132,-139,-150,-154,-157,-160,-170,-178,-890
2,1,2035,30614,926,838,781,740,713,662,634,591,545,531,510,477,504,476,508,651,803,977,1077,1187,1193,1220,1223,1221,1205,1216,1214,1241,1228,1251,1239,1181,1077,1007,893,802,650,551,430,340,271,204,201,204,192,166,145,49,-45,-135,-179,-181,-196,-174,-139,-118,-56,-26,13,38,38,12,-22,-75,-128,-145,-138,-141,-134,-141,-153,-144,-140,-135,-129,-128,-134,-140,-151,-161,-166,-172,-171,-177,-183,-975
2,1,2036,31633,943,856,797,755,728,675,646,603,555,541,518,482,513,503,514,666,820,1001,1105,1221,1228,1255,1258,1259,1237,1249,1253,1283,1260,1277,1270,1213,1106,1044,941,835,670,568,457,359,316,247,238,233,218,183,145,49,-39,-122,-168,-182,-176,-162,-134,-103,-65,-28,14,36,43,12,-15,-62,-114,-146,-159,-136,-138,-132,-147,-146,-150,-141,-134,-133,-144,-150,-161,-172,-178,-189,-193,-193,-194,-1059
2,1,2037,32675,962,872,815,771,743,689,655,612,565,549,528,492,522,511,543,676,838,1023,1134,1252,1264,1296,1299,1295,1277,1284,1286,1318,1303,1309,1298,1243,1140,1073,975,878,699,586,471,384,332,281,275,266,249,208,164,46,-45,-119,-158,-173,-181,-144,-123,-97,-53,-35,15,39,41,16,-20,-55,-98,-131,-161,-156,-135,-136,-138,-142,-150,-148,-141,-136,-145,-158,-168,-182,-190,-202,-210,-210,-206,-1141
2,1,2038,33703,980,891,832,788,757,704,670,625,576,557,537,503,527,516,554,706,852,1042,1161,1287,1296,1331,1333,1330,1313,1320,1321,1352,1340,1351,1330,1269,1165,1103,1005,915,740,615,490,399,356,298,312,302,278,234,187,60,-47,-127,-157,-164,-172,-144,-107,-86,-48,-22,6,35,39,12,-13,-56,-89,-116,-147,-157,-152,-134,-143,-133,-147,-149,-147,-138,-152,-159,-177,-191,-201,-215,-222,-230,-226,-1231
2,1,2039,34702,999,909,848,802,772,715,681,635,585,567,545,509,535,525,560,716,891,1062,1188,1316,1331,1366,1371,1370,1347,1354,1353,1387,1372,1385,1370,1300,1192,1132,1030,941,775,657,517,411,367,320,328,335,311,266,211,82,-33,-133,-163,-164,-163,-138,-105,-69,-35,-19,19,29,41,13,-16,-53,-96,-106,-131,-143,-155,-150,-140,-140,-140,-145,-149,-149,-157,-169,-180,-206,-213,-224,-237,-245,-248,-1327
2,1,2040,35735,1019,927,866,819,785,729,692,643,594,576,555,518,545,533,570,730,905,1114,1213,1348,1365,1401,1405,1403,1383,1387,1386,1421,1405,1418,1408,1342,1222,1155,1056,965,798,685,554,435,379,331,348,353,343,297,240,111,-10,-118,-169,-170,-163,-127,-100,-68,-22,-7,27,44,35,13,-16,-61,-93,-112,-124,-129,-144,-156,-158,-138,-145,-139,-146,-149,-165,-171,-189,-207,-225,-238,-247,-261,-260,-1434
2,1,2041,36723,1037,945,883,834,800,743,705,654,604,582,561,525,550,541,579,738,919,1132,1272,1375,1395,1434,1441,1438,1419,1422,1415,1451,1440,1452,1438,1376,1260,1182,1076,990,823,707,582,471,402,346,357,370,360,325,271,138,13,-100,-156,-177,-167,-127,-92,-62,-21,6,36,51,50,6,-20,-61,-99,-111,-128,-122,-129,-141,-161,-152,-144,-144,-141,-148,-169,-178,-193,-215,-229,-252,-261,-273,-279,-1547
2,1,2042,37709,1056,964,900,850,815,755,714,665,614,591,568,535,556,547,586,746,935,1151,1296,1443,1428,1465,1476,1471,1450,1454,1450,1486,1468,1485,1470,1407,1295,1217,1104,1006,845,725,599,500,441,366,368,381,377,341,298,168,41,-76,-138,-165,-175,-131,-89,-56,-16,4,47,59,54,23,-27,-64,-101,-117,-126,-129,-121,-128,-151,-158,-161,-144,-144,-142,-164,-184,-206,-219,-239,-254,-276,-288,-291,-1667
2,1,2043,38706,1075,982,917,865,829,769,728,674,625,601,579,541,564,554,595,757,947,1170,1318,1470,1494,1496,1508,1507,1485,1488,1482,1514,1505,1515,1504,1439,1324,1249,1141,1029,860,743,617,513,464,404,390,393,387,357,311,195,70,-50,-115,-149,-167,-137,-92,-53,-11,10,48,70,66,27,-12,-75,-108,-120,-133,-126,-127,-122,-138,-149,-163,-156,-145,-148,-159,-181,-208,-232,-245,-269,-280,-301,-306,-1782
2,1,2044,39693,1094,1001,935,881,843,782,738,685,632,608,586,550,572,563,601,768,961,1189,1344,1495,1525,1566,1540,1542,1517,1519,1510,1548,1536,1546,1534,1469,1354,1278,1169,1062,881,756,633,526,478,426,422,412,399,369,323,207,99,-21,-90,-128,-146,-129,-97,-54,-6,18,57,75,79,40,-5,-58,-120,-126,-138,-135,-126,-127,-134,-137,-151,-162,-161,-147,-168,-177,-205,-234,-259,-277,-294,-308,-326,-1904
2,1,2045,40720,1113,1020,953,898,856,793,748,694,644,616,593,561,576,572,609,778,972,1208,1369,1528,1556,1598,1608,1572,1550,1549,1542,1578,1570,1578,1566,1499,1386,1307,1199,1092,911,777,645,542,491,440,445,442,417,378,332,222,109,7,-62,-102,-127,-113,-88,-60,-9,23,64,81,83,50,4,-51,-103,-140,-144,-137,-133,-123,-139,-134,-145,-153,-161,-160,-166,-183,-202,-233,-262,-288,-299,-322,-330,-2025
2,1,2046,41744,1133,1039,972,914,873,808,760,704,653,624,604,567,582,578,620,788,988,1228,1391,1551,1582,1627,1638,1636,1582,1580,1576,1609,1599,1608,1597,1532,1416,1337,1228,1117,939,806,662,551,505,454,455,466,447,398,342,227,123,16,-36,-75,-105,-93,-73,-50,-13,20,68,88,90,55,19,-43,-98,-124,-159,-144,-138,-136,-137,-137,-140,-145,-156,-164,-179,-180,-208,-228,-261,-289,-311,-331,-343,-2132
2,1,2047,42745,1152,1057,989,930,888,822,772,714,663,632,611,575,591,585,628,800,1002,1247,1416,1584,1613,1657,1670,1666,1640,1615,1603,1639,1633,1638,1628,1561,1444,1367,1258,1142,962,831,687,566,509,468,471,478,468,425,357,237,130,27,-27,-52,-81,-74,-57,-37,-4,21,66,91,97,65,22,-28,-90,-120,-145,-159,-145,-138,-147,-138,-146,-141,-146,-159,-183,-198,-207,-237,-255,-291,-316,-346,-352,-2246
2,1,2048,43762,1171,1077,1007,947,902,836,782,726,673,640,619,584,596,594,637,809,1015,1266,1442,1609,1642,1690,1701,1698,1669,1667,1637,1671,1663,1667,1657,1591,1475,1395,1282,1168,987,850,709,591,522,474,481,491,481,443,386,252,134,32,-18,-44,-57,-50,-41,-22,10,28,68,95,102,70,30,-25,-71,-109,-139,-145,-158,-145,-150,-146,-144,-147,-143,-150,-176,-202,-226,-236,-263,-283,-318,-353,-367,-2351
2,1,2049,44767,1191,1095,1026,962,916,849,794,736,682,648,630,592,602,602,647,818,1029,1284,1466,1639,1673,1719,1734,1728,1703,1696,1686,1701,1695,1700,1685,1622,1505,1424,1308,1192,1010,870,727,610,545,491,491,502,495,457,400,278,148,36,-15,-36,-53,-27,-19,-6,22,40,75,96,102,74,37,-19,-74,-93,-129,-141,-144,-159,-158,-149,-154,-146,-147,-148,-168,-194,-232,-254,-264,-292,-310,-351,-372,-2464
2,1,2050,45769,1211,1113,1044,979,931,862,807,744,692,656,638,600,610,609,652,830,1045,1304,1490,1666,1701,1751,1767,1761,1733,1728,1713,1750,1725,1728,1719,1648,1533,1447,1334,1216,1031,890,744,625,566,510,502,511,505,466,414,294,175,49,-11,-32,-43,-25,1,13,38,53,89,103,103,77,39,-8,-66,-94,-114,-134,-142,-143,-170,-157,-154,-153,-147,-153,-168,-187,-222,-261,-283,-297,-319,-343,-373,-2567
2,1,2051,46779,1231,1134,1063,996,945,875,817,756,702,666,647,607,618,617,661,842,1058,1324,1516,1696,1735,1780,1798,1792,1763,1759,1746,1777,1776,1759,1746,1679,1559,1475,1361,1239,1051,908,762,639,580,531,522,524,515,480,424,302,190,71,3,-28,-39,-14,7,31,53,67,98,115,112,76,40,-13,-61,-88,-115,-118,-132,-141,-159,-168,-165,-158,-158,-153,-171,-185,-215,-254,-289,-320,-323,-353,-365,-2652
2,1,2052,47795,1250,1153,1080,1013,962,890,830,766,711,674,656,615,625,624,669,849,1072,1343,1541,1725,1765,1812,1832,1827,1797,1789,1773,1808,1806,1806,1777,1707,1589,1503,1387,1262,1073,925,777,655,596,546,540,542,526,486,433,315,196,87,24,-18,-38,-13,16,35,69,82,113,129,127,87,37,-11,-59,-82,-106,-122,-122,-134,-156,-159,-174,-165,-159,-160,-172,-191,-213,-244,-281,-324,-349,-356,-375,-2726
2,1,2053,48781,1271,1172,1098,1029,977,903,842,777,723,684,664,624,630,632,677,859,1086,1363,1565,1756,1794,1844,1863,1858,1829,1820,1802,1838,1834,1834,1824,1735,1617,1530,1413,1287,1095,946,793,670,608,561,553,561,544,498,436,322,206,93,39,6,-29,-10,17,44,72,96,127,142,139,97,48,-15,-63,-82,-104,-116,-120,-123,-148,-157,-166,-177,-168,-163,-183,-193,-221,-243,-273,-319,-359,-382,-378,-2794
2,1,2054,49809,1291,1190,1118,1047,993,918,853,787,731,691,672,633,639,639,687,871,1103,1386,1591,1782,1826,1876,1898,1893,1859,1851,1834,1867,1866,1866,1854,1783,1645,1557,1438,1308,1116,963,812,684,621,574,568,571,564,516,447,324,213,100,45,17,-7,0,20,47,81,100,140,159,151,112,60,-5,-67,-86,-103,-112,-118,-126,-139,-151,-164,-168,-178,-173,-185,-202,-224,-251,-270,-309,-347,-391,-406,-2857
2,1,2055,50803,1311,1212,1137,1063,1007,931,864,800,742,702,681,640,647,648,697,882,1116,1401,1617,1813,1854,1907,1929,1923,1894,1884,1864,1898,1896,1891,1882,1810,1690,1582,1462,1328,1135,982,826,697,635,586,582,588,576,531,465,333,214,102,48,23,6,20,29,50,83,107,146,170,169,127,75,9,-59,-90,-110,-111,-112,-121,-142,-142,-160,-171,-171,-183,-190,-208,-233,-253,-280,-307,-340,-382,-415,-2936
2,1,2056,51854,1331,1232,1154,1081,1023,946,877,808,752,711,693,651,653,655,704,892,1130,1424,1644,1842,1889,1942,1963,1959,1926,1917,1894,1930,1926,1923,1913,1838,1720,1629,1485,1349,1155,998,842,713,648,602,592,601,587,544,477,350,221,105,52,26,7,31,47,58,88,112,155,176,183,145,91,26,-44,-84,-113,-119,-114,-119,-139,-146,-151,-162,-169,-175,-203,-214,-240,-262,-284,-320,-337,-372,-403,-3014
2,1,2057,52893,1353,1251,1174,1097,1039,960,891,819,764,719,699,656,660,663,713,903,1144,1446,1668,1873,1919,1973,1997,1992,1960,1947,1925,1961,1956,1952,1940,1867,1746,1654,1530,1369,1174,1014,857,725,658,615,604,614,604,558,489,363,234,110,54,30,13,34,56,77,94,117,160,187,189,159,111,41,-28,-69,-106,-122,-121,-118,-136,-143,-156,-157,-165,-174,-194,-226,-245,-270,-295,-321,-347,-369,-392,-3074
2,1,2058,53930,1373,1271,1194,1115,1054,975,901,833,773,729,709,665,666,671,723,914,1162,1464,1696,1901,1952,2007,2031,2026,1993,1980,1957,1990,1990,1981,1971,1896,1775,1677,1552,1413,1193,1031,870,737,671,626,618,626,613,568,499,373,248,123,58,30,18,40,61,84,111,125,164,192,197,166,125,62,-10,-55,-94,-117,-125,-125,-139,-140,-153,-158,-159,-171,-197,-220,-261,-277,-300,-335,-350,-382,-392,-3119
2,1,2059,54979,1394,1291,1211,1133,1070,990,914,842,782,738,719,676,677,680,733,924,1176,1486,1722,1932,1983,2039,2063,2060,2027,2012,1989,2023,2020,2014,1998,1924,1801,1704,1577,1436,1235,1047,884,749,681,637,630,636,626,581,512,385,258,133,69,32,14,44,68,87,118,137,171,193,204,177,133,78,8,-34,-80,-105,-121,-135,-144,-145,-154,-159,-159,-163,-191,-217,-251,-292,-311,-344,-367,-383,-405,-3148
2,1,2060,56025,1414,1311,1231,1150,1085,1003,926,854,793,746,727,681,682,688,742,936,1189,1506,1748,1964,2016,2074,2099,2095,2061,2044,2021,2053,2051,2041,2030,1955,1829,1731,1599,1456,1253,1083,897,760,693,650,640,650,639,591,521,393,265,140,80,45,17,40,72,94,122,145,185,203,209,182,142,83,24,-13,-61,-91,-109,-125,-151,-149,-153,-155,-159,-166,-184,-216,-251,-285,-328,-356,-374,-403,-408,-3187
2,2,2023,20013,713,275,248,290,250,247,261,246,242,272,286,290,293,304,342,392,478,596,601,640,667,679,715,782,931,930,1105,1073,1001,872,719,620,496,502,515,489,447,318,322,258,184,147,118,83,111,83,33,0,-70,-112,-128,-125,-124,-60,-18,43,30,39,7,-106,6,-20,-48,-79,-40,-87,-70,15,44,45,40,69,18,-37,33,5,-49,-15,41,27,-7,-4,-14,-38,-56,-608
2,2,2024,22173,728,623,275,310,282,284,286,275,280,285,308,305,317,328,356,424,511,634,619,726,715,720,791,899,962,1075,1100,1143,1084,973,842,669,619,527,544,499,466,394,314,284,218,187,124,110,94,83,51,6,-60,-118,-118,-112,-68,-89,-8,19,61,59,29,-5,-95,-1,-28,-63,-61,-56,-85,-59,14,33,42,31,57,26,-43,22,0,-50,-16,14,9,-28,-22,-38,-58,-611
2,2,2025,24221,741,637,575,334,304,310,315,296,301,320,313,323,322,355,382,440,549,684,657,761,788,776,849,946,1057,1114,1197,1187,1125,1057,941,781,656,637,569,543,460,415,374,283,249,211,159,122,125,68,46,18,-53,-109,-132,-101,-57,-43,-33,26,44,89,52,18,6,-86,-4,-45,-52,-46,-34,-65,-52,12,29,28,13,46,6,-26,13,-12,-57,-35,-1,-19,-47,-53,-59,-612
2,2,2026,26542,757,654,589,594,320,331,339,322,316,326,342,337,352,367,420,481,580,734,738,802,852,854,897,1035,1116,1202,1241,1251,1176,1106,1023,886,760,671,664,576,520,422,397,348,254,251,190,155,135,110,32,20,-41,-91,-115,-101,-41,-21,21,4,47,72,79,37,29,18,-85,-11,-36,-60,-20,-19,-62,-22,22,25,16,11,24,5,-17,2,-23,-75,-41,-27,-40,-76,-71,-620
2,2,2027,28768,775,671,605,609,542,350,356,346,347,351,352,362,368,401,435,520,636,778,791,899,883,925,977,1072,1188,1259,1325,1298,1241,1144,1067,957,863,762,715,641,545,466,419,359,316,267,220,197,162,115,79,1,-39,-84,-98,-84,-35,7,38,67,28,66,70,66,50,31,6,-89,-11,-40,-61,-15,-17,-58,0,18,11,14,1,14,5,-24,-10,-41,-74,-49,-41,-69,-94,-648
2,2,2028,30547,790,685,621,624,554,532,371,359,366,381,369,377,381,403,461,543,667,833,841,940,971,949,1026,1130,1224,1312,1373,1381,1270,1205,1106,982,921,858,778,707,597,484,438,384,315,306,241,219,197,141,87,44,-58,-88,-91,-81,-18,8,65,76,91,55,52,63,74,54,21,-19,-68,-30,-32,-51,-9,-12,-46,-7,-2,3,-7,-7,3,-10,-24,-34,-52,-81,-60,-74,-91,-710
2,2,2029,32244,807,703,636,638,569,543,521,373,379,421,396,397,402,422,467,565,703,875,901,1012,1002,1024,1060,1173,1281,1371,1421,1419,1351,1221,1150,1029,931,896,856,748,659,546,461,392,339,315,269,231,216,171,110,55,-23,-106,-103,-73,-22,20,67,99,94,104,47,42,76,73,40,-3,-8,-81,-23,-29,-37,-8,-10,-32,-22,-8,-14,-10,-16,-13,-22,-41,-46,-73,-93,-80,-99,-750
2,2,2030,33598,824,718,654,653,583,558,535,499,384,434,423,414,419,442,490,585,725,914,941,1062,1081,1062,1114,1215,1315,1424,1485,1466,1383,1277,1155,1056,974,911,884,806,695,591,514,417,342,323,277,253,232,184,137,68,-12,-75,-115,-84,-18,16,81,98,116,109,85,26,54,75,54,10,-10,-31,-81,-28,-31,-26,-16,-22,-27,-26,-26,-27,-22,-29,-26,-47,-59,-75,-95,-113,-103,-800
2,2,2031,34670,842,736,670,669,597,568,546,510,486,446,436,428,429,450,502,604,745,940,980,1098,1122,1122,1158,1252,1353,1447,1527,1517,1435,1316,1192,1062,991,942,905,833,733,623,553,458,370,327,278,259,246,196,142,96,1,-66,-90,-93,-31,17,70,107,115,126,92,62,34,48,50,16,5,-37,-44,-57,-39,-31,-25,-33,-41,-25,-39,-34,-35,-35,-40,-52,-67,-88,-101,-122,-137,-848
2,2,2032,35404,859,754,685,686,611,581,557,521,499,488,448,437,439,463,514,615,765,968,1009,1133,1155,1156,1201,1298,1391,1484,1555,1551,1467,1360,1236,1089,999,951,924,851,760,652,578,491,399,349,278,258,247,207,154,98,25,-52,-83,-73,-36,7,72,98,113,120,101,66,55,35,25,10,-2,-30,-45,-54,-48,-48,-46,-49,-58,-48,-52,-52,-47,-49,-51,-67,-79,-102,-112,-135,-151,-925
2,2,2033,36704,877,770,704,703,626,594,571,534,508,498,489,450,447,470,531,631,789,999,1044,1169,1196,1197,1246,1347,1443,1530,1600,1596,1511,1404,1292,1145,1034,976,947,878,787,688,614,522,441,385,305,263,255,217,167,114,29,-27,-68,-62,-16,6,72,106,110,125,101,84,70,55,18,-3,2,-27,-33,-46,-54,-49,-48,-54,-57,-54,-58,-51,-51,-56,-59,-72,-83,-106,-122,-144,-162,-1016
2,2,2034,38014,894,789,722,718,642,608,583,544,520,510,500,491,458,480,540,645,809,1024,1080,1212,1235,1239,1284,1388,1490,1582,1648,1641,1555,1446,1332,1201,1089,1009,973,904,811,713,650,559,472,421,337,289,261,219,174,124,43,-26,-43,-49,-5,25,71,102,118,124,110,83,86,72,40,-12,-11,-21,-31,-35,-43,-50,-47,-54,-60,-55,-65,-59,-53,-62,-64,-82,-90,-110,-129,-156,-174,-1089
2,2,2035,39325,913,806,738,733,656,623,594,555,530,519,508,502,498,491,549,665,832,1051,1117,1250,1274,1278,1329,1434,1537,1634,1703,1689,1599,1486,1372,1239,1141,1062,1003,923,835,738,675,594,507,452,372,320,284,223,179,133,55,-9,-39,-26,7,35,87,104,117,134,108,94,85,85,56,11,-17,-40,-29,-35,-36,-42,-53,-58,-66,-56,-65,-64,-58,-62,-68,-87,-100,-120,-138,-165,-184,-1181
2,2,2036,40636,931,825,756,751,671,637,609,568,542,529,520,509,508,527,564,677,851,1084,1150,1290,1315,1320,1366,1475,1583,1681,1754,1744,1646,1531,1409,1275,1177,1108,1053,953,852,758,695,617,538,482,402,353,311,250,181,135,62,1,-23,-20,33,50,98,122,116,131,112,88,94,87,71,27,1,-46,-42,-28,-34,-36,-46,-61,-63,-60,-68,-61,-64,-69,-71,-95,-108,-133,-151,-172,-191,-1278
2,2,2037,41955,950,844,773,768,687,650,621,580,552,540,531,520,514,536,598,691,874,1108,1184,1330,1359,1361,1411,1518,1628,1728,1807,1798,1701,1573,1449,1309,1211,1142,1097,1001,883,778,714,636,560,515,430,379,344,277,204,137,63,4,-16,-5,37,74,114,132,136,132,112,97,91,96,71,42,19,-25,-50,-45,-32,-34,-40,-53,-70,-61,-71,-69,-65,-74,-78,-95,-115,-143,-165,-185,-202,-1373
2,2,2038,43237,969,862,792,786,704,664,632,591,564,553,538,529,524,543,611,733,892,1135,1221,1363,1395,1401,1450,1561,1670,1777,1852,1849,1752,1627,1490,1346,1244,1174,1126,1040,923,802,731,653,578,535,461,406,369,307,231,159,61,3,-11,3,52,80,137,146,147,146,111,95,98,91,80,42,30,-11,-34,-51,-44,-32,-39,-51,-62,-67,-74,-70,-69,-75,-84,-103,-117,-149,-175,-199,-219,-1464
2,2,2039,44540,989,882,811,802,719,679,645,604,575,560,551,539,533,553,619,750,939,1163,1249,1403,1437,1440,1493,1605,1720,1823,1903,1898,1802,1676,1540,1380,1277,1203,1157,1069,963,842,753,668,595,552,478,435,394,331,263,186,84,3,-12,8,61,92,140,168,158,157,126,97,96,99,74,50,33,2,-18,-35,-52,-44,-40,-51,-59,-64,-77,-76,-73,-77,-86,-109,-124,-153,-184,-213,-237,-1572
2,2,2040,45855,1007,901,830,820,735,695,659,617,587,572,562,549,543,565,629,760,959,1216,1282,1438,1472,1476,1533,1650,1766,1876,1954,1949,1851,1721,1588,1428,1311,1234,1187,1098,988,881,793,691,607,564,494,451,421,360,287,219,111,28,-14,9,67,99,154,173,177,170,137,111,96,96,83,44,39,1,-4,-22,-37,-51,-52,-46,-61,-58,-75,-77,-76,-83,-91,-113,-135,-163,-189,-228,-252,-1689
2,2,2041,47137,1027,918,848,838,750,708,671,630,598,584,570,558,549,575,639,774,976,1242,1350,1472,1507,1516,1574,1693,1809,1922,2005,2000,1899,1766,1629,1472,1353,1266,1215,1120,1014,902,827,727,629,576,508,465,435,382,312,242,144,53,7,6,65,109,166,186,184,189,152,121,113,94,78,49,32,8,-6,-11,-26,-39,-57,-62,-57,-61,-70,-74,-78,-86,-93,-114,-138,-176,-203,-234,-264,-1812
2,2,2042,48461,1046,938,866,854,767,724,684,639,608,592,579,566,559,580,651,791,994,1270,1380,1548,1545,1553,1610,1734,1856,1971,2054,2052,1946,1813,1671,1512,1395,1306,1244,1151,1035,930,849,759,664,596,517,477,448,396,339,266,168,83,34,27,64,109,173,194,195,194,166,134,121,111,76,46,37,1,-1,-10,-17,-26,-47,-67,-70,-57,-75,-71,-76,-88,-94,-123,-142,-178,-215,-247,-269,-1924
2,2,2043,49768,1065,958,886,874,783,737,697,653,619,605,587,576,569,589,659,805,1014,1294,1415,1578,1618,1590,1649,1772,1901,2020,2104,2102,1994,1859,1713,1549,1431,1345,1278,1174,1060,949,868,779,694,628,533,485,460,412,353,292,194,109,65,53,83,110,173,204,207,204,171,151,136,121,95,43,34,6,-10,-6,-19,-22,-38,-56,-77,-72,-72,-73,-72,-89,-101,-126,-145,-184,-217,-259,-287,-2041
2,2,2044,51131,1086,976,905,892,798,752,710,664,632,615,598,586,577,599,669,818,1036,1320,1442,1616,1654,1663,1688,1814,1945,2063,2150,2153,2044,1903,1751,1590,1467,1379,1314,1210,1086,972,885,799,713,658,564,503,468,420,368,305,220,135,90,85,109,131,179,207,213,215,182,160,156,134,107,64,31,3,-5,-15,-10,-21,-31,-50,-68,-76,-82,-75,-71,-85,-100,-129,-150,-188,-223,-265,-300,-2166
2,2,2045,52439,1105,997,925,909,817,767,722,676,641,625,608,595,585,606,677,831,1053,1345,1476,1648,1688,1696,1758,1855,1989,2115,2203,2202,2092,1951,1794,1627,1503,1412,1345,1242,1115,995,909,816,732,673,592,531,484,430,377,317,233,160,115,106,138,155,199,209,219,217,193,169,158,157,119,73,47,0,-8,-12,-20,-18,-32,-46,-63,-69,-87,-84,-75,-86,-94,-123,-159,-195,-231,-275,-309,-2293
2,2,2046,53774,1125,1016,943,927,833,782,736,689,653,636,615,601,595,615,689,847,1073,1372,1505,1684,1725,1734,1794,1922,2033,2161,2252,2252,2141,1997,1837,1665,1537,1445,1377,1271,1147,1025,927,835,747,690,607,556,510,442,383,326,242,173,139,131,160,181,220,229,220,223,199,179,173,160,141,86,61,16,-13,-16,-16,-25,-30,-47,-53,-64,-83,-90,-84,-87,-96,-125,-155,-206,-238,-283,-317,-2405
2,2,2047,55135,1146,1037,963,946,849,797,749,703,665,646,627,614,605,623,699,864,1096,1399,1538,1718,1760,1769,1831,1961,2101,2207,2302,2303,2188,2039,1877,1705,1576,1479,1405,1298,1173,1052,957,854,765,708,624,570,535,472,397,330,250,183,152,156,183,203,246,251,241,223,201,184,179,173,143,108,74,27,3,-19,-22,-25,-38,-43,-56,-57,-74,-82,-89,-97,-100,-127,-150,-201,-249,-291,-326,-2521
2,2,2048,56459,1166,1056,984,962,865,812,762,712,677,658,635,624,613,632,709,876,1112,1424,1572,1754,1797,1804,1872,2002,2144,2280,2348,2353,2236,2087,1918,1744,1608,1511,1438,1329,1198,1076,979,879,783,720,639,584,548,494,424,343,255,188,160,168,207,227,269,273,260,242,204,188,187,183,158,114,94,38,12,-6,-27,-28,-36,-52,-56,-62,-75,-78,-85,-102,-107,-125,-155,-197,-245,-300,-335,-2640
2,2,2049,57807,1186,1077,1003,984,882,826,776,727,689,670,646,633,622,644,721,891,1134,1453,1604,1789,1834,1844,1908,2042,2188,2321,2420,2402,2284,2131,1959,1780,1647,1546,1470,1355,1226,1101,1000,903,809,740,651,597,562,504,447,369,265,192,167,176,219,249,290,294,282,259,219,189,188,191,168,126,98,60,22,2,-14,-33,-44,-54,-65,-60,-76,-73,-78,-97,-114,-137,-157,-200,-244,-297,-348,-2755
2,2,2050,59187,1208,1097,1024,1001,899,843,788,740,701,681,656,643,632,651,731,909,1154,1480,1640,1826,1872,1881,1945,2085,2235,2371,2468,2474,2332,2175,2002,1818,1683,1579,1502,1385,1249,1125,1024,924,829,760,667,610,573,520,458,392,292,201,170,183,226,261,311,315,301,280,238,206,190,192,177,137,111,63,40,13,-8,-23,-49,-57,-63,-67,-76,-78,-76,-88,-111,-148,-169,-203,-247,-293,-344,-2862
2,2,2051,60511,1228,1118,1043,1022,916,860,803,752,713,693,666,651,641,659,740,921,1172,1507,1671,1863,1907,1916,1984,2124,2279,2417,2517,2523,2400,2222,2042,1855,1717,1612,1532,1413,1273,1151,1047,944,850,779,684,623,585,530,470,403,316,230,177,183,231,270,324,335,321,301,259,226,208,195,176,142,120,75,45,29,-1,-18,-39,-62,-70,-69,-80,-75,-78,-89,-104,-139,-177,-221,-253,-301,-345,-2969
2,2,2052,61887,1249,1139,1064,1039,934,876,817,766,725,703,678,663,649,670,751,939,1194,1534,1705,1899,1947,1956,2023,2166,2322,2466,2568,2573,2447,2288,2080,1891,1751,1644,1561,1441,1304,1175,1065,962,867,798,706,643,597,543,483,412,327,251,206,194,237,278,333,348,342,317,275,246,227,211,177,144,126,84,54,29,15,-11,-33,-55,-76,-73,-82,-84,-82,-92,-102,-134,-175,-230,-272,-307,-351,-3048
2,2,2053,63299,1269,1160,1086,1060,952,892,831,778,739,713,687,674,660,678,764,953,1216,1562,1740,1937,1985,1993,2062,2207,2369,2513,2620,2627,2493,2331,2143,1928,1786,1677,1591,1469,1329,1198,1088,985,887,815,720,661,616,553,493,422,336,263,228,222,244,282,343,357,352,338,298,266,254,233,195,145,129,91,63,40,17,0,-29,-52,-68,-77,-90,-82,-85,-91,-107,-135,-169,-222,-283,-327,-356,-3136
2,2,2054,64673,1292,1182,1106,1078,970,907,844,790,750,727,699,683,670,686,772,969,1236,1590,1774,1972,2021,2028,2101,2249,2414,2565,2668,2677,2542,2376,2185,1988,1821,1708,1623,1499,1354,1222,1109,1004,905,831,738,675,630,571,504,432,343,268,234,240,271,293,350,366,363,348,315,285,272,257,217,163,128,92,66,46,22,1,-19,-47,-64,-73,-93,-90,-90,-100,-104,-136,-165,-219,-276,-342,-378,-3208
2,2,2055,66092,1313,1202,1127,1097,987,923,858,806,762,737,706,693,678,698,781,984,1258,1619,1807,2011,2059,2069,2140,2294,2459,2614,2722,2727,2592,2421,2224,2026,1876,1738,1652,1528,1379,1246,1130,1023,922,850,750,692,644,589,521,441,352,277,242,252,290,317,361,373,370,359,327,306,293,274,244,186,146,91,65,50,32,7,-22,-37,-61,-67,-86,-92,-92,-98,-116,-135,-172,-217,-273,-333,-394,-3302
2,2,2056,67537,1334,1223,1148,1116,1005,939,873,820,774,751,721,705,689,709,796,1002,1279,1647,1844,2049,2098,2108,2182,2338,2509,2664,2772,2781,2644,2465,2266,2063,1911,1791,1683,1552,1405,1272,1151,1045,944,865,769,703,661,600,537,458,360,285,250,260,297,337,384,382,376,365,336,318,311,296,267,213,166,107,67,48,31,11,-15,-39,-54,-65,-84,-88,-98,-107,-113,-148,-173,-222,-270,-328,-388,-3399
2,2,2057,68974,1356,1247,1171,1137,1024,957,889,833,788,761,730,715,698,716,807,1017,1300,1677,1878,2089,2138,2147,2223,2381,2555,2714,2826,2834,2693,2513,2307,2100,1944,1822,1728,1580,1428,1295,1174,1063,960,882,781,720,671,615,550,470,376,289,253,265,307,349,405,407,388,370,343,327,322,320,285,233,194,130,82,47,28,11,-11,-34,-53,-58,-81,-87,-91,-109,-116,-148,-181,-224,-277,-326,-381,-3484
2,2,2058,70403,1377,1269,1191,1157,1042,974,904,846,800,773,743,726,708,726,819,1031,1324,1705,1916,2127,2178,2186,2262,2423,2604,2766,2879,2886,2743,2559,2346,2137,1978,1854,1757,1624,1453,1316,1193,1081,979,897,798,732,688,628,563,483,389,304,262,270,313,356,414,424,409,380,349,334,332,332,310,256,215,155,102,63,28,9,-10,-34,-50,-59,-76,-84,-92,-105,-129,-152,-180,-237,-278,-334,-376,-3558
2,2,2059,71886,1401,1291,1214,1179,1060,988,919,859,814,787,751,738,718,737,829,1047,1340,1734,1948,2166,2217,2228,2307,2470,2650,2818,2932,2942,2794,2607,2391,2177,2014,1886,1788,1651,1495,1338,1212,1101,997,917,812,749,698,641,575,494,400,318,277,278,319,366,423,437,428,402,359,342,338,340,319,277,237,172,127,80,41,8,-16,-35,-50,-55,-74,-76,-86,-103,-119,-161,-193,-240,-290,-335,-387,-3603
2,2,2060,73306,1423,1313,1235,1198,1080,1006,933,872,827,796,763,747,729,747,841,1065,1366,1762,1986,2205,2257,2267,2347,2513,2696,2871,2985,2992,2844,2654,2432,2212,2048,1918,1818,1677,1518,1376,1233,1119,1015,929,828,761,712,654,586,505,411,327,288,291,328,374,433,446,438,417,379,351,345,349,330,286,255,196,144,101,57,16,-19,-38,-49,-57,-72,-78,-82,-97,-118,-156,-199,-247,-299,-350,-391,-3665
3,0,2023,-1987,136,9,0,-2,10,31,34,50,50,73,76,67,54,65,60,59,58,62,52,49,39,38,29,22,53,65,74,57,68,58,51,17,15,-22,-30,-46,-66,-107,-113,-132,-145,-146,-150,-138,-108,-106,-104,-116,-120,-132,-136,-131,-122,-109,-96,-82,-65,-59,-49,-63,-59,-65,-75,-70,-67,-62,-57,-47,-38,-23,-18,-16,-13,-26,-12,-13,-22,-11,-16,-18,-18,-16,-15,-15,-6,-75
3,0,2024,-1749,135,97,10,8,19,37,37,52,52,76,74,70,55,61,61,68,59,57,56,51,45,45,42,39,47,63,78,70,68,65,57,38,20,-4,-31,-36,-60,-87,-111,-125,-127,-143,-141,-129,-113,-103,-108,-119,-125,-134,-135,-129,-125,-112,-101,-83,-68,-57,-56,-54,-69,-66,-74,-75,-79,-70,-58,-51,-39,-35,-19,-15,-15,-20,-23,-18,-16,-24,-9,-20,-18,-17,-16,-14,-8,-77
3,0,2025,-1570,135,97,81,16,26,44,39,51,50,75,68,65,58,57,54,68,67,62,58,62,46,49,49,49,60,62,76,74,78,69,65,43,36,1,-13,-35,-48,-85,-92,-123,-124,-127,-139,-125,-106,-108,-106,-118,-128,-133,-138,-132,-122,-112,-102,-86,-72,-61,-56,-59,-63,-78,-75,-76,-82,-81,-66,-54,-44,-35,-30,-16,-18,-19,-19,-26,-16,-17,-18,-14,-17,-17,-16,-16,-12,-85
3,0,2026,-1397,135,96,80,68,32,46,44,52,51,74,62,64,53,61,55,66,70,67,63,61,65,52,59,58,71,75,72,71,81,74,68,49,40,16,-9,-21,-47,-71,-91,-106,-118,-121,-124,-116,-101,-103,-109,-115,-127,-135,-138,-134,-121,-106,-104,-90,-75,-64,-64,-57,-65,-72,-85,-74,-79,-82,-78,-61,-48,-39,-31,-28,-18,-25,-20,-24,-26,-19,-16,-23,-13,-17,-18,-18,-14,-88
3,0,2027,-1210,135,98,81,69,73,51,46,55,54,75,67,62,51,61,58,67,67,70,72,70,60,63,63,65,81,86,84,68,79,80,75,60,51,20,7,-13,-35,-68,-82,-104,-102,-114,-120,-104,-97,-100,-103,-122,-123,-137,-140,-135,-125,-110,-100,-90,-77,-68,-61,-63,-65,-75,-79,-82,-84,-81,-79,-70,-52,-41,-35,-25,-27,-26,-23,-20,-25,-28,-18,-22,-20,-15,-18,-18,-13,-100
3,0,2028,-1030,137,98,81,69,72,78,50,57,56,77,64,61,50,58,60,70,67,70,71,76,68,63,71,67,91,95,95,85,81,80,83,64,62,35,12,1,-28,-57,-72,-91,-100,-98,-114,-100,-84,-93,-105,-116,-131,-131,-140,-135,-125,-113,-101,-89,-81,-70,-66,-62,-73,-74,-84,-81,-86,-85,-80,-69,-58,-47,-34,-31,-29,-34,-24,-25,-24,-23,-24,-20,-21,-20,-17,-19,-16,-105
3,0,2029,-917,137,99,82,70,73,79,71,59,58,76,60,57,46,58,58,72,69,70,74,77,74,71,68,76,95,102,100,94,94,81,80,69,64,43,23,7,-13,-48,-68,-90,-85,-101,-99,-97,-78,-85,-99,-114,-125,-138,-135,-136,-125,-108,-104,-88,-79,-69,-66,-68,-70,-81,-82,-86,-87,-92,-85,-73,-58,-50,-39,-30,-31,-35,-32,-26,-27,-23,-21,-27,-24,-22,-25,-20,-16,-123
3,0,2030,-762,138,100,81,69,73,81,69,70,58,79,57,61,49,56,58,70,69,72,71,80,76,77,80,75,100,106,111,100,100,92,83,71,67,46,31,17,-4,-36,-61,-79,-83,-81,-97,-83,-76,-78,-88,-107,-119,-131,-143,-131,-125,-111,-102,-88,-79,-67,-63,-70,-77,-79,-88,-84,-92,-96,-88,-77,-62,-53,-46,-32,-29,-37,-33,-33,-28,-28,-21,-25,-23,-24,-23,-24,-20,-131
3,0,2031,-625,137,100,81,68,72,79,71,70,64,81,62,57,50,57,60,73,73,75,75,76,78,81,86,85,102,111,114,109,111,100,93,74,74,50,34,23,6,-24,-47,-71,-77,-81,-85,-79,-65,-75,-79,-98,-115,-127,-134,-140,-123,-113,-103,-91,-78,-68,-62,-69,-77,-89,-91,-90,-93,-96,-90,-83,-65,-57,-46,-40,-34,-36,-35,-37,-33,-34,-26,-25,-23,-23,-23,-25,-25,-137
3,0,2032,-531,138,101,81,70,73,78,72,71,66,84,62,60,50,59,61,74,77,76,76,80,78,85,91,93,109,116,118,112,119,111,101,79,76,54,40,28,12,-20,-33,-57,-68,-72,-82,-72,-62,-63,-76,-93,-104,-122,-133,-132,-130,-112,-106,-92,-79,-72,-68,-69,-77,-88,-97,-93,-99,-98,-95,-84,-72,-59,-51,-42,-37,-45,-41,-40,-33,-38,-29,-30,-25,-28,-27,-29,-27,-161
3,0,2033,-371,139,101,82,70,73,79,71,71,65,85,77,62,52,61,64,75,75,74,80,84,82,84,90,96,116,124,121,117,124,116,108,92,83,56,45,33,17,-8,-25,-44,-57,-68,-74,-68,-54,-64,-67,-90,-99,-112,-128,-128,-125,-119,-104,-94,-80,-71,-69,-70,-77,-86,-99,-99,-102,-103,-94,-84,-73,-62,-50,-42,-38,-46,-40,-39,-36,-41,-30,-34,-30,-28,-29,-31,-32,-172
3,0,2034,-206,139,101,82,71,73,78,72,71,65,85,77,72,53,63,65,78,77,79,83,84,86,90,94,101,118,128,129,122,127,119,115,100,91,63,47,38,20,-3,-18,-34,-41,-57,-67,-61,-53,-54,-66,-79,-94,-107,-116,-125,-122,-111,-111,-92,-80,-68,-67,-68,-77,-86,-96,-102,-111,-103,-99,-84,-74,-63,-53,-44,-41,-47,-45,-38,-37,-44,-36,-34,-33,-30,-30,-33,-33,-195
3,0,2035,-97,140,102,83,70,73,80,71,71,66,85,77,73,63,64,67,80,77,79,80,87,90,91,97,99,120,134,132,129,132,125,119,102,99,71,53,40,27,1,-13,-28,-36,-45,-58,-57,-46,-51,-58,-78,-87,-100,-111,-114,-119,-110,-105,-96,-80,-71,-67,-68,-78,-88,-99,-102,-115,-112,-103,-89,-72,-64,-53,-47,-45,-52,-43,-42,-44,-42,-39,-39,-35,-34,-34,-35,-35,-207
3,0,2036,27,140,102,82,71,72,81,70,71,65,86,78,74,63,73,68,81,82,81,82,91,90,90,101,106,122,136,138,135,135,129,122,106,104,77,59,43,29,5,-7,-23,-29,-35,-46,-47,-39,-48,-56,-73,-85,-93,-107,-107,-108,-105,-101,-92,-84,-72,-68,-69,-78,-88,-96,-98,-106,-117,-109,-91,-77,-63,-56,-49,-46,-52,-49,-49,-46,-45,-43,-46,-39,-40,-38,-36,-36,-226
3,0,2037,148,141,103,82,70,73,80,73,71,66,86,78,74,63,73,76,83,82,84,85,90,90,93,103,105,128,133,136,137,142,133,126,112,107,82,66,54,34,9,-2,-17,-24,-31,-40,-35,-32,-41,-52,-69,-78,-91,-98,-102,-105,-95,-99,-90,-80,-76,-68,-70,-78,-86,-95,-98,-108,-112,-112,-98,-79,-66,-54,-50,-49,-53,-48,-49,-47,-49,-43,-45,-46,-43,-43,-41,-40,-248
3,0,2038,262,142,102,83,71,73,80,72,72,66,86,78,73,64,74,76,90,84,85,89,95,91,96,105,108,128,139,138,137,145,138,130,114,109,85,71,60,43,12,-2,-12,-19,-26,-35,-33,-23,-34,-49,-64,-75,-85,-96,-97,-98,-91,-91,-85,-79,-69,-71,-67,-76,-87,-96,-100,-107,-111,-107,-100,-84,-68,-57,-50,-47,-54,-51,-55,-47,-51,-50,-48,-47,-47,-47,-47,-42,-265
3,0,2039,360,142,101,83,72,74,81,72,72,67,87,78,73,63,74,76,90,92,83,93,95,97,94,102,107,129,140,143,138,146,139,137,117,114,87,73,63,51,22,4,-12,-13,-22,-31,-28,-17,-27,-40,-58,-70,-81,-89,-93,-90,-89,-88,-81,-76,-66,-66,-71,-79,-86,-98,-98,-109,-109,-106,-97,-85,-73,-59,-51,-46,-56,-54,-56,-52,-58,-47,-52,-50,-47,-52,-52,-49,-282
3,0,2040,483,141,103,84,71,74,83,72,72,67,86,78,75,63,73,76,90,97,96,90,98,100,102,106,109,130,143,145,141,145,144,139,120,118,91,77,68,54,26,13,-8,-11,-16,-28,-22,-15,-23,-34,-52,-63,-76,-87,-88,-88,-82,-84,-76,-67,-65,-67,-67,-82,-89,-97,-97,-110,-113,-107,-97,-82,-73,-61,-53,-49,-55,-51,-59,-56,-56,-53,-53,-54,-51,-49,-54,-55,-302
3,0,2041,551,143,103,84,71,75,80,72,72,67,86,78,74,63,74,77,90,95,95,101,101,100,103,108,110,131,145,146,143,149,142,140,124,122,96,81,71,54,32,20,3,-7,-17,-20,-19,-11,-19,-30,-43,-57,-71,-82,-86,-85,-78,-77,-72,-66,-61,-65,-67,-80,-90,-95,-101,-110,-113,-108,-98,-83,-72,-62,-55,-53,-59,-56,-59,-54,-60,-54,-57,-54,-58,-55,-53,-58,-340
3,0,2042,632,142,102,84,72,74,80,73,72,66,85,77,74,64,73,76,89,91,92,102,112,102,104,111,116,134,145,149,144,152,146,140,126,121,99,84,72,57,35,22,10,2,-11,-18,-12,-9,-17,-23,-39,-51,-64,-76,-81,-81,-73,-76,-67,-62,-57,-59,-64,-79,-86,-99,-99,-110,-114,-107,-98,-83,-72,-62,-55,-58,-58,-58,-62,-58,-62,-59,-58,-60,-59,-59,-58,-59,-367
3,0,2043,722,142,103,84,71,73,80,71,72,67,85,77,74,64,74,76,87,93,94,101,110,113,107,113,116,133,147,148,149,152,148,141,123,124,99,88,78,60,40,24,14,7,-2,-17,-13,-5,-16,-21,-35,-47,-56,-68,-75,-76,-72,-71,-67,-60,-56,-56,-58,-74,-85,-95,-104,-107,-112,-108,-96,-86,-71,-62,-56,-58,-63,-59,-64,-56,-59,-57,-60,-62,-59,-60,-63,-63,-390
3,0,2044,782,142,103,84,71,75,80,72,72,68,86,77,74,63,73,75,90,91,95,104,113,112,116,113,120,138,145,150,148,153,149,141,126,122,100,91,81,64,42,29,15,13,3,-10,-11,-4,-11,-19,-33,-42,-50,-62,-68,-71,-68,-70,-62,-60,-53,-55,-59,-68,-83,-94,-98,-115,-112,-108,-97,-84,-72,-63,-56,-56,-65,-62,-67,-60,-61,-60,-64,-61,-65,-64,-64,-69,-421
3,0,2045,842,142,103,84,71,73,79,71,72,68,85,77,75,63,73,75,89,92,98,102,112,114,116,124,117,139,149,150,147,155,149,145,128,127,102,90,83,68,44,30,17,12,7,-5,-4,-3,-10,-18,-30,-38,-45,-55,-61,-67,-66,-65,-61,-55,-52,-49,-58,-65,-76,-89,-98,-110,-118,-109,-97,-84,-74,-63,-57,-57,-63,-64,-67,-65,-65,-64,-65,-65,-66,-67,-68,-69,-448
3,0,2046,939,143,103,85,70,74,80,71,71,67,85,77,75,63,72,76,89,93,95,102,111,114,114,125,127,140,152,153,152,156,150,146,129,126,105,91,83,68,48,33,19,16,9,-1,-1,6,-6,-15,-28,-37,-42,-52,-56,-58,-59,-61,-58,-53,-46,-45,-51,-62,-73,-84,-94,-107,-112,-113,-98,-85,-73,-62,-57,-57,-63,-66,-71,-68,-66,-63,-62,-66,-67,-68,-70,-73,-476
3,0,2047,992,142,103,85,71,74,77,71,71,66,84,76,75,63,73,76,88,91,94,101,111,111,114,123,129,147,152,155,152,157,150,146,128,126,104,91,82,70,48,37,25,16,9,2,4,8,-2,-10,-25,-32,-39,-49,-53,-54,-53,-58,-55,-52,-45,-42,-50,-57,-69,-79,-88,-103,-110,-108,-102,-85,-72,-61,-56,-59,-62,-63,-68,-66,-70,-64,-66,-66,-69,-70,-74,-77,-503
3,0,2048,1049,142,102,85,70,73,80,72,71,67,83,76,75,62,72,76,87,93,95,102,110,112,114,123,129,149,161,156,154,159,153,146,129,126,104,93,85,70,48,38,28,21,13,5,5,13,2,-9,-23,-31,-36,-47,-50,-50,-49,-52,-49,-48,-42,-44,-46,-58,-66,-78,-86,-96,-110,-108,-98,-89,-72,-64,-53,-56,-63,-63,-68,-67,-71,-68,-68,-70,-70,-72,-75,-80,-535
3,0,2049,1121,143,101,85,72,75,78,71,71,67,84,76,75,62,72,75,87,94,96,101,111,114,114,123,130,148,160,162,153,159,155,150,130,127,106,94,85,70,47,41,30,25,16,6,7,12,5,-5,-19,-27,-37,-44,-47,-47,-45,-48,-46,-44,-39,-41,-45,-55,-63,-73,-82,-91,-102,-102,-97,-83,-75,-63,-58,-57,-63,-63,-70,-68,-65,-70,-74,-71,-75,-72,-78,-82,-558
3,0,2050,1159,144,103,85,71,74,78,71,71,67,83,75,75,62,73,76,87,91,97,101,110,112,111,121,125,146,159,163,162,160,155,149,134,126,107,95,87,71,54,37,29,27,20,9,7,12,7,-2,-14,-23,-34,-43,-43,-46,-43,-44,-42,-39,-37,-41,-41,-54,-62,-71,-77,-86,-98,-96,-94,-82,-73,-66,-58,-59,-66,-62,-68,-66,-71,-71,-75,-78,-74,-77,-77,-82,-585
3,0,2051,1226,141,102,86,71,74,78,70,71,66,83,75,75,63,72,75,87,91,94,102,111,114,114,123,123,147,159,165,162,166,156,151,133,127,107,95,87,72,52,40,29,24,21,13,10,15,9,-1,-12,-20,-28,-40,-44,-44,-40,-44,-40,-35,-31,-35,-37,-49,-57,-68,-74,-85,-93,-94,-87,-80,-71,-63,-60,-58,-64,-62,-66,-64,-70,-70,-77,-78,-83,-79,-81,-81,-610
3,0,2052,1271,143,102,86,68,74,77,70,71,67,82,75,74,63,72,75,87,94,95,100,110,112,112,123,128,148,161,162,158,165,162,152,135,129,110,98,87,72,52,40,32,25,21,14,14,17,10,0,-12,-19,-24,-34,-40,-42,-39,-41,-38,-33,-32,-34,-35,-47,-58,-67,-72,-81,-88,-90,-85,-77,-69,-63,-59,-63,-62,-64,-65,-65,-74,-69,-73,-74,-81,-83,-83,-86,-632
3,0,2053,1304,141,102,86,69,75,75,68,71,66,82,74,75,62,72,75,85,92,95,100,110,114,108,122,127,146,158,162,159,167,163,161,134,132,109,99,88,73,54,42,32,27,20,12,14,20,13,5,-10,-17,-21,-30,-35,-39,-37,-39,-37,-32,-30,-30,-35,-42,-55,-64,-71,-80,-84,-84,-83,-74,-64,-63,-60,-58,-66,-64,-70,-67,-72,-71,-74,-74,-79,-84,-90,-87,-660
3,0,2054,1355,141,102,85,69,74,74,68,70,67,81,74,74,62,71,75,85,93,95,99,111,113,112,121,125,144,160,161,160,167,163,159,140,132,111,99,89,72,55,41,33,26,24,12,17,21,14,5,-7,-15,-20,-27,-31,-35,-36,-40,-34,-30,-29,-28,-33,-39,-51,-60,-67,-76,-82,-83,-77,-71,-63,-59,-56,-57,-65,-68,-69,-70,-69,-72,-76,-77,-77,-84,-89,-94,-675
3,0,2055,1403,142,102,86,69,74,75,69,70,66,81,74,74,62,71,76,86,93,95,100,110,115,111,123,124,145,161,162,159,166,164,159,139,137,109,99,89,74,53,42,34,28,22,15,13,22,12,9,-7,-15,-18,-28,-29,-32,-31,-36,-33,-27,-25,-26,-28,-39,-45,-55,-65,-74,-80,-80,-76,-67,-62,-56,-53,-58,-64,-65,-70,-72,-72,-70,-78,-78,-79,-81,-89,-95,-700
3,0,2056,1437,142,102,85,70,73,76,69,70,66,81,73,74,61,71,75,84,91,95,100,109,113,109,119,126,145,158,160,160,167,163,159,140,136,115,100,90,76,52,43,33,27,25,15,17,20,16,10,-5,-10,-17,-26,-28,-31,-29,-32,-31,-29,-26,-23,-30,-36,-42,-51,-59,-69,-78,-79,-74,-66,-59,-55,-51,-56,-62,-66,-69,-72,-69,-75,-76,-74,-81,-82,-88,-94,-724
3,0,2057,1478,142,100,84,69,72,75,67,70,66,81,73,74,61,70,74,85,90,95,101,110,112,110,120,126,146,160,159,161,165,163,160,139,137,115,106,91,76,55,43,33,28,25,18,17,25,13,8,-3,-8,-15,-24,-26,-29,-24,-31,-28,-26,-26,-22,-27,-36,-41,-49,-53,-65,-76,-77,-72,-63,-58,-51,-51,-54,-58,-64,-70,-70,-75,-74,-76,-79,-82,-83,-87,-94,-745
3,0,2058,1499,141,100,85,69,72,75,67,69,66,81,73,74,61,70,74,84,87,93,100,109,113,108,120,125,144,158,159,157,166,159,158,140,135,114,105,95,76,58,45,35,27,24,16,15,21,15,9,-4,-9,-12,-22,-26,-27,-25,-27,-26,-23,-24,-23,-25,-33,-39,-47,-50,-62,-70,-73,-70,-64,-53,-52,-48,-53,-57,-60,-66,-67,-70,-75,-78,-80,-79,-84,-90,-94,-761
3,0,2059,1562,141,100,85,69,74,77,67,68,65,81,73,74,60,70,74,84,92,92,101,110,114,108,118,124,146,157,159,156,166,160,158,139,135,113,105,96,82,58,44,35,31,22,17,17,25,13,7,-5,-10,-11,-20,-25,-26,-24,-26,-25,-20,-20,-21,-25,-31,-39,-45,-48,-57,-64,-70,-68,-60,-52,-48,-48,-49,-55,-58,-62,-70,-69,-72,-82,-79,-81,-85,-89,-94,-767
3,0,2060,1602,141,100,85,69,73,73,68,68,66,80,72,74,60,70,74,82,90,94,99,108,113,108,116,126,144,157,160,155,165,160,157,139,135,113,105,95,82,64,44,36,28,24,15,18,24,16,9,-2,-10,-10,-19,-22,-23,-22,-27,-24,-21,-18,-19,-22,-30,-38,-45,-45,-54,-60,-63,-63,-56,-53,-48,-46,-47,-53,-58,-61,-62,-67,-73,-78,-78,-80,-83,-91,-95,-786
3,1,2023,-1657,66,-5,-4,-5,3,10,16,27,32,37,41,37,26,34,32,33,31,39,27,33,20,9,6,-5,20,26,30,21,26,27,19,10,3,-20,-27,-35,-45,-80,-84,-96,-107,-100,-100,-94,-75,-69,-73,-74,-75,-87,-87,-82,-72,-70,-64,-55,-41,-43,-36,-39,-43,-42,-46,-45,-38,-37,-32,-29,-23,-19,-12,-13,-10,-13,-11,-10,-18,-10,-7,-9,-13,-8,-11,-12,-2,-36
3,1,2024,-1503,65,46,3,1,7,14,16,28,32,38,40,40,25,34,33,41,31,36,25,34,29,14,16,4,16,29,35,26,23,32,26,17,11,-7,-25,-31,-38,-69,-82,-95,-94,-98,-96,-89,-81,-71,-72,-75,-78,-87,-87,-79,-76,-69,-66,-55,-45,-38,-39,-38,-44,-44,-44,-47,-46,-40,-33,-30,-25,-23,-16,-9,-15,-10,-11,-13,-12,-20,-10,-12,-9,-12,-9,-10,-7,-39
3,1,2025,-1370,64,46,42,4,13,19,19,29,31,39,38,39,26,31,30,40,38,37,30,39,29,21,19,11,21,23,40,32,29,32,33,23,16,0,-11,-28,-35,-64,-71,-88,-92,-88,-96,-85,-74,-76,-74,-74,-79,-86,-89,-84,-74,-72,-65,-58,-48,-42,-37,-39,-44,-47,-46,-46,-47,-49,-36,-32,-27,-25,-20,-12,-15,-12,-10,-12,-11,-12,-17,-14,-10,-9,-10,-10,-9,-42
3,1,2026,-1244,64,46,42,34,16,22,22,30,32,39,33,38,26,31,29,38,39,41,34,38,41,25,27,17,29,32,33,37,34,34,34,29,23,6,-5,-16,-33,-59,-64,-80,-85,-83,-85,-82,-73,-70,-77,-74,-78,-87,-86,-85,-75,-68,-68,-57,-50,-46,-43,-38,-46,-46,-49,-46,-45,-49,-47,-36,-29,-25,-20,-16,-16,-16,-13,-13,-13,-13,-14,-21,-12,-10,-10,-12,-8,-47
3,1,2027,-1116,65,47,42,35,38,24,25,32,33,41,39,34,26,32,29,37,37,42,38,44,37,33,31,26,36,41,41,30,41,41,37,34,29,12,2,-8,-23,-54,-64,-75,-78,-75,-82,-72,-72,-69,-71,-80,-76,-88,-89,-83,-77,-73,-66,-59,-50,-48,-43,-41,-44,-49,-48,-49,-49,-49,-48,-44,-31,-27,-22,-15,-20,-17,-15,-13,-14,-16,-13,-18,-17,-12,-11,-11,-8,-51
3,1,2028,-983,65,47,42,35,38,40,27,34,33,41,36,36,22,31,32,39,38,42,40,48,44,30,36,28,42,47,53,42,37,45,45,35,35,20,6,-1,-17,-46,-54,-69,-74,-69,-76,-69,-60,-66,-71,-73,-83,-84,-88,-84,-74,-73,-67,-58,-52,-47,-46,-43,-49,-47,-51,-51,-49,-51,-47,-42,-38,-30,-21,-19,-23,-21,-16,-15,-15,-15,-15,-16,-16,-16,-13,-12,-9,-53
3,1,2029,-895,65,47,42,35,39,39,38,35,34,41,31,33,21,29,31,41,38,41,41,49,47,35,34,34,45,53,53,52,45,43,46,41,37,24,13,4,-8,-39,-48,-64,-66,-68,-69,-66,-57,-59,-68,-72,-76,-90,-84,-84,-75,-70,-68,-60,-51,-47,-44,-46,-47,-52,-49,-53,-49,-55,-50,-44,-37,-35,-24,-17,-21,-22,-20,-17,-15,-17,-14,-17,-17,-17,-16,-13,-11,-63
3,1,2030,-791,66,48,42,35,38,41,36,41,34,43,32,33,22,29,30,41,37,43,39,49,48,41,42,33,49,56,61,54,52,50,46,44,39,27,19,9,-1,-30,-42,-57,-63,-57,-65,-58,-55,-56,-61,-69,-73,-83,-91,-80,-74,-71,-66,-59,-53,-44,-43,-47,-53,-51,-53,-51,-53,-58,-51,-47,-38,-35,-29,-19,-22,-22,-21,-20,-19,-19,-17,-20,-18,-17,-16,-16,-12,-65
3,1,2031,-686,66,48,41,35,38,40,38,41,36,44,34,33,22,29,32,41,37,44,41,49,49,41,45,40,50,58,63,60,58,56,51,47,44,29,20,12,4,-22,-33,-50,-57,-54,-57,-56,-47,-53,-57,-62,-71,-80,-83,-87,-74,-69,-68,-59,-50,-46,-41,-47,-50,-58,-55,-55,-52,-57,-53,-50,-40,-38,-29,-26,-23,-20,-20,-23,-22,-20,-18,-20,-18,-17,-16,-16,-14,-69
3,1,2032,-621,66,48,41,36,39,40,39,41,37,45,35,35,23,31,32,43,40,44,42,52,50,44,49,46,56,61,66,62,63,61,55,50,45,31,23,15,6,-19,-24,-40,-51,-50,-56,-50,-46,-47,-55,-59,-64,-77,-82,-80,-79,-70,-68,-59,-51,-49,-47,-46,-51,-55,-58,-55,-57,-58,-56,-50,-44,-38,-33,-26,-26,-27,-25,-26,-21,-23,-20,-24,-19,-21,-18,-18,-15,-80
3,1,2033,-513,67,48,42,36,39,40,38,41,36,46,42,35,25,32,34,44,40,46,44,54,53,44,50,48,60,67,65,65,65,65,60,55,49,34,26,18,10,-13,-19,-31,-42,-45,-49,-47,-41,-46,-50,-57,-61,-71,-78,-78,-75,-75,-68,-60,-52,-48,-47,-47,-50,-54,-58,-59,-57,-62,-55,-50,-45,-41,-32,-25,-26,-28,-26,-22,-23,-27,-22,-26,-23,-21,-20,-19,-17,-88
3,1,2034,-414,67,48,42,36,39,41,38,42,36,46,42,40,25,33,34,45,40,47,45,54,54,49,52,49,61,68,71,67,67,68,64,60,53,38,28,21,11,-10,-16,-27,-33,-36,-46,-41,-39,-40,-47,-51,-58,-68,-71,-76,-72,-70,-72,-60,-52,-46,-45,-44,-51,-54,-57,-60,-64,-59,-58,-51,-46,-42,-34,-27,-28,-29,-27,-22,-25,-28,-26,-26,-24,-22,-21,-21,-17,-96
3,1,2035,-343,68,49,42,36,39,40,37,41,37,46,42,41,31,34,35,46,41,48,45,56,56,49,53,49,63,72,75,72,69,70,67,61,58,42,32,22,16,-8,-12,-24,-29,-28,-37,-36,-34,-38,-43,-50,-54,-64,-68,-69,-70,-69,-68,-63,-52,-48,-45,-45,-52,-57,-59,-61,-65,-66,-60,-54,-44,-42,-36,-30,-31,-31,-26,-25,-27,-25,-27,-30,-27,-24,-24,-23,-18,-105
3,1,2036,-258,67,49,41,36,39,42,36,41,37,46,43,42,31,38,36,47,43,52,45,56,58,50,56,54,64,74,78,75,72,72,69,64,62,45,34,24,16,-4,-9,-20,-26,-22,-29,-30,-30,-34,-41,-46,-52,-59,-67,-65,-64,-67,-67,-60,-56,-48,-46,-46,-53,-55,-57,-57,-59,-68,-64,-54,-49,-41,-38,-31,-32,-31,-29,-27,-29,-29,-29,-34,-29,-29,-25,-24,-19,-112
3,1,2037,-199,68,49,41,36,39,41,39,41,37,46,43,42,31,38,40,47,42,51,48,56,58,52,58,52,67,72,79,76,76,74,70,67,62,48,37,30,20,-3,-6,-17,-23,-21,-26,-24,-25,-30,-37,-44,-48,-58,-60,-63,-62,-62,-65,-59,-53,-53,-46,-46,-52,-53,-55,-58,-60,-65,-65,-59,-49,-43,-36,-32,-34,-31,-28,-29,-29,-32,-30,-32,-35,-31,-30,-26,-22,-125
3,1,2038,-118,68,48,42,36,39,41,38,41,37,46,43,41,31,39,40,51,45,51,50,59,59,54,59,55,67,76,79,77,78,78,72,67,63,48,40,34,25,-1,-5,-13,-19,-17,-23,-21,-18,-25,-33,-41,-46,-54,-59,-60,-59,-59,-59,-56,-52,-47,-49,-44,-49,-55,-57,-59,-60,-64,-62,-59,-53,-44,-39,-32,-33,-32,-29,-33,-30,-32,-33,-34,-34,-34,-33,-30,-24,-131
3,1,2039,-49,68,47,42,36,39,42,38,41,37,47,43,41,31,39,40,51,48,52,51,60,61,53,58,53,69,77,82,79,79,79,76,69,66,49,42,35,30,5,-1,-12,-16,-15,-20,-19,-16,-21,-28,-37,-42,-52,-55,-58,-54,-57,-57,-53,-50,-45,-44,-48,-53,-52,-59,-57,-61,-63,-60,-57,-52,-48,-39,-32,-32,-34,-32,-32,-32,-36,-32,-38,-35,-33,-35,-33,-27,-140
3,1,2040,15,68,49,43,36,39,43,38,41,37,46,44,42,31,38,40,51,54,57,51,62,63,57,59,57,69,79,82,81,79,81,78,69,69,52,44,38,31,8,5,-9,-14,-14,-19,-16,-14,-18,-23,-32,-38,-48,-53,-55,-53,-53,-55,-50,-44,-45,-46,-45,-56,-57,-57,-57,-62,-65,-62,-57,-51,-47,-41,-33,-34,-32,-30,-34,-35,-37,-35,-41,-40,-37,-33,-35,-31,-153
3,1,2041,51,69,49,43,36,39,41,38,41,37,46,44,41,31,39,40,51,51,58,58,64,64,58,62,56,69,81,84,81,80,80,79,72,71,55,46,40,29,11,7,-4,-11,-13,-15,-14,-12,-16,-21,-26,-34,-44,-49,-52,-51,-51,-51,-48,-44,-42,-46,-45,-54,-58,-56,-60,-64,-66,-62,-59,-51,-47,-40,-35,-37,-36,-33,-37,-34,-39,-36,-41,-40,-43,-37,-34,-32,-170
3,1,2042,113,69,48,43,37,39,42,38,42,37,46,43,41,32,39,40,50,48,56,58,71,66,60,61,61,70,80,86,82,82,83,79,74,70,56,47,40,31,13,10,0,-7,-9,-14,-11,-10,-14,-19,-24,-29,-39,-45,-48,-49,-47,-50,-45,-42,-39,-41,-43,-53,-55,-59,-58,-62,-67,-62,-58,-52,-46,-41,-34,-40,-34,-35,-37,-38,-40,-39,-43,-42,-43,-40,-37,-31,-186
3,1,2043,179,68,49,43,37,39,42,36,42,37,46,43,41,32,39,40,48,50,59,58,69,73,61,64,61,70,82,85,85,82,84,81,72,72,57,50,44,34,15,12,3,-4,-5,-12,-11,-9,-13,-17,-22,-28,-35,-40,-44,-45,-46,-47,-45,-40,-39,-39,-39,-49,-55,-56,-62,-60,-64,-63,-56,-54,-46,-41,-36,-38,-38,-34,-39,-38,-38,-39,-43,-44,-42,-40,-40,-34,-197
3,1,2044,216,69,50,43,37,39,42,37,42,37,47,43,41,32,38,40,50,48,58,58,70,72,67,64,62,73,80,85,85,83,86,82,73,71,58,52,46,35,16,12,3,0,-3,-9,-8,-8,-10,-15,-20,-25,-31,-36,-38,-42,-44,-46,-42,-40,-37,-39,-41,-45,-54,-55,-57,-66,-65,-62,-58,-53,-46,-42,-36,-38,-38,-37,-40,-36,-39,-42,-45,-43,-45,-42,-41,-39,-212
3,1,2045,258,69,50,44,36,39,41,36,42,37,46,43,41,32,38,40,50,49,58,57,70,73,66,72,61,75,83,86,83,85,86,82,73,75,59,51,47,38,18,14,4,1,-1,-6,-5,-6,-9,-14,-18,-23,-29,-33,-34,-39,-41,-42,-41,-37,-37,-34,-41,-43,-48,-52,-57,-64,-69,-63,-57,-53,-48,-42,-37,-38,-37,-37,-39,-41,-42,-42,-46,-47,-48,-45,-43,-38,-226
3,1,2046,311,69,50,44,36,39,42,37,42,38,46,43,41,32,38,39,49,50,57,57,70,73,67,72,69,75,85,86,86,86,85,82,75,73,60,51,48,38,20,15,6,1,1,-4,-2,-2,-7,-14,-17,-23,-27,-31,-33,-32,-36,-39,-38,-36,-32,-31,-35,-41,-47,-49,-55,-61,-65,-66,-58,-53,-49,-41,-36,-38,-37,-40,-42,-44,-43,-42,-45,-48,-48,-46,-45,-41,-243
3,1,2047,351,68,49,43,36,39,42,37,42,37,45,43,41,32,39,40,49,49,57,57,70,72,67,70,70,78,85,89,86,86,85,83,73,72,59,50,47,39,20,18,9,3,1,-2,0,1,-5,-11,-16,-21,-26,-30,-31,-31,-32,-36,-36,-34,-31,-29,-35,-37,-44,-46,-53,-58,-64,-63,-61,-53,-47,-40,-36,-39,-37,-37,-40,-40,-46,-43,-48,-46,-49,-48,-47,-43,-256
3,1,2048,385,69,50,43,35,38,42,38,42,37,44,43,41,32,38,40,48,50,58,58,70,73,66,72,70,81,90,89,87,88,87,82,75,72,59,52,49,38,21,19,10,5,2,-1,1,3,-2,-9,-14,-20,-24,-28,-29,-29,-30,-32,-33,-31,-29,-30,-32,-39,-42,-46,-51,-55,-64,-63,-59,-57,-48,-43,-33,-37,-37,-37,-39,-42,-45,-46,-49,-50,-51,-49,-49,-45,-273
3,1,2049,425,69,48,43,36,39,41,37,42,37,45,43,42,32,38,40,48,53,57,58,69,73,67,71,71,80,89,91,87,87,88,85,75,73,60,52,48,38,21,20,11,8,4,-1,2,3,-1,-7,-11,-18,-24,-26,-28,-27,-29,-31,-30,-29,-26,-28,-31,-37,-39,-42,-49,-52,-60,-58,-58,-52,-49,-42,-37,-37,-37,-37,-41,-41,-44,-47,-53,-50,-54,-49,-50,-48,-286
3,1,2050,461,70,50,43,36,39,43,37,42,37,45,42,42,32,39,40,48,49,57,58,69,73,65,69,69,79,88,93,93,89,89,85,78,71,61,53,50,39,23,19,12,9,7,1,2,4,0,-5,-9,-16,-22,-26,-26,-27,-27,-29,-28,-25,-25,-28,-27,-36,-40,-41,-45,-48,-57,-56,-56,-51,-48,-45,-38,-38,-40,-37,-40,-41,-45,-48,-53,-55,-53,-52,-49,-47,-299
3,1,2051,510,69,49,44,36,39,43,36,42,37,45,42,42,32,39,40,48,49,56,58,71,73,68,70,67,80,89,94,92,91,89,86,77,72,61,53,50,39,23,21,12,9,8,2,4,5,1,-5,-7,-14,-19,-24,-26,-25,-26,-28,-27,-23,-21,-23,-24,-32,-35,-40,-43,-49,-55,-55,-52,-50,-46,-42,-39,-37,-38,-36,-38,-40,-46,-46,-55,-53,-59,-53,-52,-47,-313
3,1,2052,532,70,50,44,34,40,42,37,42,37,44,43,41,32,40,40,48,51,56,58,69,73,66,69,69,80,89,92,90,91,93,86,78,74,63,54,50,39,24,20,14,9,8,4,6,6,1,-4,-6,-13,-16,-21,-24,-24,-24,-27,-26,-21,-22,-23,-23,-30,-36,-39,-43,-46,-52,-53,-51,-49,-45,-42,-39,-41,-36,-37,-38,-41,-48,-48,-53,-52,-57,-57,-53,-50,-324
3,1,2053,558,69,49,44,34,40,41,35,42,37,44,42,42,32,40,40,46,52,56,58,69,73,65,69,69,78,89,93,91,92,92,91,77,76,62,55,50,40,25,21,14,11,7,3,6,8,3,-3,-6,-12,-15,-18,-20,-22,-24,-26,-25,-21,-21,-20,-23,-26,-34,-36,-42,-47,-49,-49,-50,-47,-42,-43,-40,-37,-40,-37,-40,-40,-46,-48,-54,-52,-57,-56,-57,-51,-338
3,1,2054,596,69,49,44,34,40,40,35,41,37,43,42,41,32,39,40,46,52,55,59,70,74,64,69,68,77,91,91,91,92,93,90,81,75,64,54,51,39,26,21,15,11,10,3,7,8,4,-2,-5,-12,-14,-17,-18,-20,-23,-26,-23,-19,-20,-19,-22,-23,-31,-33,-39,-43,-48,-48,-46,-45,-41,-41,-37,-36,-39,-40,-40,-42,-47,-47,-53,-55,-55,-55,-56,-55,-346
3,1,2055,624,70,50,44,34,39,41,36,41,36,43,42,41,32,39,40,47,53,55,59,69,75,67,71,69,78,91,91,91,92,93,90,81,77,62,55,51,40,25,21,15,12,8,4,7,8,5,0,-5,-12,-13,-17,-18,-19,-21,-24,-23,-18,-18,-18,-18,-24,-26,-30,-38,-42,-47,-47,-46,-42,-41,-38,-35,-38,-39,-38,-41,-43,-46,-48,-55,-56,-57,-54,-56,-54,-361
3,1,2056,646,69,50,43,36,38,42,36,41,36,44,41,41,32,39,40,46,52,56,59,68,73,64,69,70,78,89,90,92,92,92,90,81,76,66,55,52,41,26,21,15,11,11,4,8,8,5,0,-3,-10,-12,-16,-17,-18,-19,-22,-22,-19,-18,-15,-20,-22,-24,-27,-33,-38,-45,-46,-45,-42,-39,-38,-34,-37,-37,-39,-40,-45,-47,-49,-55,-53,-56,-56,-55,-54,-375
3,1,2057,666,68,49,43,35,38,41,35,42,36,44,41,41,32,38,39,47,50,55,59,69,73,65,71,70,79,90,91,92,91,93,90,81,77,66,59,52,41,26,22,15,11,10,4,8,9,5,0,-3,-9,-11,-15,-15,-17,-17,-21,-20,-17,-19,-15,-18,-23,-24,-27,-29,-35,-44,-45,-43,-40,-39,-35,-34,-35,-35,-38,-41,-44,-50,-49,-53,-57,-58,-56,-56,-54,-386
3,1,2058,681,68,50,44,35,37,41,35,41,36,44,41,41,32,38,39,46,50,55,59,68,72,64,69,70,77,89,90,89,92,90,89,81,75,65,59,54,41,27,23,16,11,8,4,8,9,6,0,-3,-8,-9,-14,-17,-16,-17,-19,-19,-15,-17,-16,-16,-20,-22,-26,-28,-34,-40,-42,-42,-41,-35,-36,-32,-34,-35,-36,-38,-41,-47,-52,-55,-58,-57,-56,-56,-55,-393
3,1,2059,724,68,49,44,36,39,41,35,41,36,44,41,41,32,38,39,46,50,54,59,68,73,64,70,69,79,88,90,89,92,91,89,80,75,64,58,54,44,27,23,17,12,7,4,9,10,6,1,-3,-9,-9,-13,-15,-16,-16,-19,-17,-13,-14,-14,-16,-19,-23,-25,-27,-31,-36,-40,-41,-38,-33,-33,-32,-31,-33,-35,-36,-44,-47,-49,-58,-56,-58,-56,-56,-55,-396
3,1,2060,752,68,49,44,35,38,40,36,41,36,43,41,41,32,38,39,45,50,54,59,68,73,64,68,70,78,88,90,87,91,91,88,80,77,64,58,53,44,30,24,17,13,7,4,9,10,6,1,-2,-9,-9,-12,-13,-14,-16,-19,-17,-15,-13,-14,-14,-18,-22,-25,-25,-30,-34,-35,-37,-35,-34,-33,-31,-31,-32,-35,-36,-39,-45,-49,-55,-56,-57,-56,-56,-55,-402
3,2,2023,-330,70,14,4,3,7,21,18,23,18,36,35,30,28,31,28,26,27,23,25,16,19,29,23,27,33,39,44,36,42,31,32,7,12,-2,-3,-11,-21,-27,-29,-36,-38,-46,-50,-44,-33,-37,-31,-42,-45,-45,-49,-49,-50,-39,-32,-27,-24,-16,-13,-24,-16,-23,-29,-25,-29,-25,-25,-18,-15,-4,-6,-3,-3,-13,-1,-3,-4,-1,-9,-9,-5,-8,-4,-3,-4,-39
3,2,2024,-246,70,51,7,7,12,23,21,24,20,38,34,30,30,27,28,27,28,21,31,17,16,31,26,35,31,34,43,44,45,33,31,21,9,3,-6,-5,-22,-18,-29,-30,-33,-45,-45,-40,-32,-32,-36,-44,-47,-47,-48,-50,-49,-43,-35,-28,-23,-19,-17,-16,-25,-22,-30,-28,-33,-30,-25,-21,-14,-12,-3,-6,0,-10,-12,-5,-4,-4,1,-8,-9,-5,-7,-4,-1,-38
3,2,2025,-200,71,51,39,12,13,25,20,22,19,36,30,26,32,26,24,28,29,25,28,23,17,28,30,38,39,39,36,42,49,37,32,20,20,1,-2,-7,-13,-21,-21,-35,-32,-39,-43,-40,-32,-32,-32,-44,-49,-47,-49,-48,-48,-40,-37,-28,-24,-19,-19,-20,-19,-31,-29,-30,-35,-32,-30,-22,-17,-10,-10,-4,-3,-7,-9,-14,-5,-5,-1,0,-7,-8,-6,-6,-3,-43
3,2,2026,-153,71,50,38,34,16,24,22,22,19,35,29,26,27,30,26,28,31,26,29,23,24,27,32,41,42,43,39,34,47,40,34,20,17,10,-4,-5,-14,-12,-27,-26,-33,-38,-39,-34,-28,-33,-32,-41,-49,-48,-52,-49,-46,-38,-36,-33,-25,-18,-21,-19,-19,-26,-36,-28,-34,-33,-31,-25,-19,-14,-11,-12,-2,-9,-7,-11,-13,-6,-2,-2,-1,-7,-8,-6,-6,-41
3,2,2027,-94,70,51,39,34,35,27,21,23,21,34,28,28,25,29,29,30,30,28,34,26,23,30,32,39,45,45,43,38,38,39,38,26,22,8,5,-5,-12,-14,-18,-29,-24,-39,-38,-32,-25,-31,-32,-42,-47,-49,-51,-52,-48,-37,-34,-31,-27,-20,-18,-22,-21,-26,-31,-33,-35,-32,-31,-26,-21,-14,-13,-10,-7,-9,-8,-7,-11,-12,-5,-4,-3,-3,-7,-7,-5,-49
3,2,2028,-47,72,51,39,34,34,38,23,23,23,36,28,25,28,27,28,31,29,28,31,28,24,33,35,39,49,48,42,43,44,35,38,29,27,15,6,2,-11,-11,-18,-22,-26,-29,-38,-31,-24,-27,-34,-43,-48,-47,-52,-51,-51,-40,-34,-31,-29,-23,-20,-19,-24,-27,-33,-30,-37,-34,-33,-27,-20,-17,-13,-12,-6,-13,-8,-10,-9,-8,-9,-4,-5,-4,-4,-7,-7,-52
3,2,2029,-22,72,52,40,35,34,40,33,24,24,35,29,24,25,29,27,31,31,29,33,28,27,36,34,42,50,49,47,42,49,38,34,28,27,19,10,3,-5,-9,-20,-26,-19,-33,-30,-31,-21,-26,-31,-42,-49,-48,-51,-52,-50,-38,-36,-28,-28,-22,-22,-22,-23,-29,-33,-33,-38,-37,-35,-29,-21,-15,-15,-13,-10,-13,-12,-9,-12,-6,-7,-10,-7,-5,-9,-7,-5,-60
3,2,2030,29,72,52,39,34,35,40,33,29,24,36,25,28,27,27,28,29,32,29,32,31,28,36,38,42,51,50,50,46,48,42,37,27,28,19,12,8,-3,-6,-19,-22,-20,-24,-32,-25,-21,-22,-27,-38,-46,-48,-52,-51,-51,-40,-36,-29,-26,-23,-20,-23,-24,-28,-35,-33,-39,-38,-37,-30,-24,-18,-17,-13,-7,-15,-12,-13,-9,-9,-4,-5,-5,-7,-7,-8,-8,-66
3,2,2031,61,71,52,40,33,34,39,33,29,28,37,28,24,28,28,28,32,36,31,34,27,29,40,41,45,52,53,51,49,53,44,42,27,30,21,14,11,2,-2,-14,-21,-20,-27,-28,-23,-18,-22,-22,-36,-44,-47,-51,-53,-49,-44,-35,-32,-28,-22,-21,-22,-27,-31,-36,-35,-41,-39,-37,-33,-25,-19,-17,-14,-11,-16,-15,-14,-11,-14,-8,-5,-5,-6,-7,-9,-11,-68
3,2,2032,90,72,53,40,34,34,38,33,30,29,39,27,25,27,28,29,31,37,32,34,28,28,41,42,47,53,55,52,50,56,50,46,29,31,23,17,13,6,-1,-9,-17,-17,-22,-26,-22,-16,-16,-21,-34,-40,-45,-51,-52,-51,-42,-38,-33,-28,-23,-21,-23,-26,-33,-39,-38,-42,-40,-39,-34,-28,-21,-18,-16,-11,-18,-16,-14,-12,-15,-9,-6,-6,-7,-9,-11,-12,-81
3,2,2033,142,72,53,40,34,34,39,33,30,29,39,35,27,27,29,30,31,35,28,36,30,29,40,40,48,56,57,56,52,59,51,48,37,34,22,19,15,7,5,-6,-13,-15,-23,-25,-21,-13,-18,-17,-33,-38,-41,-50,-50,-50,-44,-36,-34,-28,-23,-22,-23,-27,-32,-41,-40,-45,-41,-39,-34,-28,-21,-18,-17,-12,-18,-14,-17,-13,-14,-8,-8,-7,-7,-9,-12,-15,-84
3,2,2034,208,72,53,40,35,34,37,34,29,29,39,35,32,28,30,31,33,37,32,38,30,32,41,42,52,57,60,58,55,60,51,51,40,38,25,19,17,9,7,-2,-7,-8,-21,-21,-20,-14,-14,-19,-28,-36,-39,-45,-49,-50,-41,-39,-32,-28,-22,-22,-24,-26,-32,-39,-42,-47,-44,-41,-33,-28,-21,-19,-17,-13,-18,-18,-16,-12,-16,-10,-8,-9,-8,-9,-12,-16,-99
3,2,2035,246,72,53,41,34,34,40,34,30,29,39,35,32,32,30,32,34,36,31,35,31,34,42,44,50,57,62,57,57,63,55,52,41,41,29,21,18,11,9,-1,-4,-7,-17,-21,-21,-12,-13,-15,-28,-33,-36,-43,-45,-49,-41,-37,-33,-28,-23,-22,-23,-26,-31,-40,-41,-50,-46,-43,-35,-28,-22,-17,-17,-14,-21,-17,-17,-17,-17,-12,-9,-8,-10,-10,-12,-17,-102
3,2,2036,285,73,53,41,35,33,39,34,30,28,40,35,32,32,35,32,34,39,29,37,35,32,40,45,52,58,62,60,60,63,57,53,42,42,32,25,19,13,9,2,-3,-3,-13,-17,-17,-9,-14,-15,-27,-33,-34,-40,-42,-44,-38,-34,-32,-28,-24,-22,-23,-25,-33,-39,-41,-47,-49,-45,-37,-28,-22,-18,-18,-14,-21,-20,-22,-17,-16,-14,-12,-10,-11,-13,-12,-17,-114
3,2,2037,347,73,54,41,34,34,39,34,30,29,40,35,32,32,35,36,36,40,33,37,34,32,41,45,53,61,61,57,61,66,59,56,45,45,34,29,24,14,12,4,0,-1,-10,-14,-11,-7,-11,-15,-25,-30,-33,-38,-39,-43,-33,-34,-31,-27,-23,-22,-24,-26,-33,-40,-40,-48,-47,-47,-39,-30,-23,-18,-18,-15,-22,-20,-20,-18,-17,-13,-13,-11,-12,-13,-15,-18,-123
3,2,2038,380,74,54,41,35,34,39,34,31,29,40,35,32,33,35,36,39,39,34,39,36,32,42,46,53,61,63,59,60,67,60,58,47,46,37,31,26,18,13,3,1,0,-9,-12,-12,-5,-9,-16,-23,-29,-31,-37,-37,-39,-32,-32,-29,-27,-22,-22,-23,-27,-32,-39,-41,-47,-47,-45,-41,-31,-24,-18,-18,-14,-22,-22,-22,-17,-19,-17,-14,-13,-13,-14,-17,-18,-134
3,2,2039,409,74,54,41,36,35,39,34,31,30,40,35,32,32,35,36,39,44,31,42,35,36,41,44,54,60,63,61,59,67,60,61,48,48,38,31,28,21,17,5,0,3,-7,-11,-9,-1,-6,-12,-21,-28,-29,-34,-35,-36,-32,-31,-28,-26,-21,-22,-23,-26,-34,-39,-41,-48,-46,-46,-40,-33,-25,-20,-19,-14,-22,-22,-24,-20,-22,-15,-14,-15,-14,-17,-19,-22,-142
3,2,2040,468,73,54,41,35,35,40,34,31,30,40,34,33,32,35,36,39,43,39,39,36,37,45,47,52,61,64,63,60,66,63,61,51,49,39,33,30,23,18,8,1,3,-2,-9,-6,-1,-5,-11,-20,-25,-28,-34,-33,-35,-29,-29,-26,-23,-20,-21,-22,-26,-32,-40,-40,-48,-48,-45,-40,-31,-26,-20,-20,-15,-23,-21,-25,-21,-19,-18,-12,-14,-14,-16,-19,-24,-149
3,2,2041,500,74,54,41,35,36,39,34,31,30,40,34,33,32,35,37,39,44,37,43,37,36,45,46,54,62,64,62,62,69,62,61,52,51,41,35,31,25,21,13,7,4,-4,-5,-5,1,-3,-9,-17,-23,-27,-33,-34,-34,-27,-26,-24,-22,-19,-19,-22,-26,-32,-39,-41,-46,-47,-46,-39,-32,-25,-22,-20,-16,-23,-23,-22,-20,-21,-18,-16,-14,-15,-18,-19,-26,-170
3,2,2042,519,73,54,41,35,35,38,35,30,29,39,34,33,32,34,36,39,43,36,44,41,36,44,50,55,64,65,63,62,70,63,61,52,51,43,37,32,26,22,12,10,9,-2,-4,-1,1,-3,-4,-15,-22,-25,-31,-33,-32,-26,-26,-22,-20,-18,-18,-21,-26,-31,-40,-41,-48,-47,-45,-40,-31,-26,-21,-21,-18,-24,-23,-25,-20,-22,-20,-15,-18,-16,-19,-21,-28,-181
3,2,2043,543,74,54,41,34,34,38,35,30,30,39,34,33,32,35,36,39,43,35,43,41,40,46,49,55,63,65,63,64,70,64,60,51,52,42,38,34,26,25,12,11,11,3,-5,-2,4,-3,-4,-13,-19,-21,-28,-31,-31,-26,-24,-22,-20,-17,-17,-19,-25,-30,-39,-42,-47,-48,-45,-40,-32,-25,-21,-20,-20,-25,-25,-25,-18,-21,-18,-17,-18,-17,-20,-23,-29,-193
3,2,2044,566,73,53,41,34,36,38,35,30,31,39,34,33,31,35,35,40,43,37,46,43,40,49,49,58,65,65,65,63,70,63,59,53,51,42,39,35,29,26,17,12,13,6,-1,-3,4,-1,-4,-13,-17,-19,-26,-30,-29,-24,-24,-20,-20,-16,-16,-18,-23,-29,-39,-41,-49,-47,-46,-39,-31,-26,-21,-20,-18,-27,-25,-27,-24,-22,-18,-19,-18,-20,-22,-23,-30,-209
3,2,2045,584,73,53,40,35,34,38,35,30,31,39,34,34,31,35,35,39,43,40,45,42,41,50,52,56,64,66,64,64,70,63,63,55,52,43,39,36,30,26,16,13,11,8,1,1,3,-1,-4,-12,-15,-16,-22,-27,-28,-25,-23,-20,-18,-15,-15,-17,-22,-28,-37,-41,-46,-49,-46,-40,-31,-26,-21,-20,-19,-26,-27,-28,-24,-23,-22,-19,-18,-18,-22,-25,-31,-222
3,2,2046,628,74,53,41,34,35,38,34,29,29,39,34,34,31,34,37,40,43,38,45,41,41,47,53,58,65,67,67,66,70,65,64,54,53,45,40,35,30,28,18,13,15,8,3,1,8,1,-1,-11,-14,-15,-21,-23,-26,-23,-22,-20,-17,-14,-14,-16,-21,-26,-35,-39,-46,-47,-47,-40,-32,-24,-21,-21,-19,-26,-26,-29,-24,-23,-21,-17,-18,-19,-22,-25,-32,-233
3,2,2047,641,74,54,42,35,35,35,34,29,29,39,33,34,31,34,36,39,42,37,44,41,39,47,53,59,69,67,66,66,71,65,63,55,54,45,41,35,31,28,19,16,13,8,4,4,7,3,1,-9,-11,-13,-19,-22,-23,-21,-22,-19,-18,-14,-13,-15,-20,-25,-33,-35,-45,-46,-45,-41,-32,-25,-21,-20,-20,-25,-26,-28,-26,-24,-21,-18,-20,-20,-22,-27,-34,-247
3,2,2048,664,73,52,42,35,35,38,34,29,30,39,33,34,30,34,36,39,43,37,44,40,39,48,51,59,68,71,67,67,71,66,64,54,54,45,41,36,32,27,19,18,16,11,6,4,10,4,0,-9,-11,-12,-19,-21,-21,-19,-20,-16,-17,-13,-14,-14,-19,-24,-32,-35,-41,-46,-45,-39,-32,-24,-21,-20,-19,-26,-26,-29,-25,-26,-22,-19,-20,-19,-23,-26,-35,-262
3,2,2049,696,74,53,42,36,36,37,34,29,30,39,33,33,30,34,35,39,41,39,43,42,41,47,52,59,68,71,71,66,72,67,65,55,54,46,42,37,32,26,21,19,17,12,7,5,9,6,2,-8,-9,-13,-18,-19,-20,-16,-17,-16,-15,-13,-13,-14,-18,-24,-31,-33,-39,-42,-44,-39,-31,-26,-21,-21,-20,-26,-26,-29,-27,-21,-23,-21,-21,-21,-23,-28,-34,-272
3,2,2050,698,74,53,42,35,35,35,34,29,30,38,33,33,30,34,36,39,42,40,43,41,39,46,52,56,67,71,70,69,71,66,64,56,55,46,42,37,32,31,18,17,18,13,8,5,8,7,3,-5,-7,-12,-17,-17,-19,-16,-15,-14,-14,-12,-13,-14,-18,-22,-30,-32,-38,-41,-40,-38,-31,-25,-21,-20,-21,-26,-25,-28,-25,-26,-23,-22,-23,-21,-25,-28,-35,-286
3,2,2051,716,72,53,42,35,35,35,34,29,29,38,33,33,31,33,35,39,42,38,44,40,41,46,53,56,67,70,71,70,75,67,65,56,55,46,42,37,33,29,19,17,15,13,11,6,10,8,4,-5,-6,-9,-16,-18,-19,-14,-16,-13,-12,-10,-12,-13,-17,-22,-28,-31,-36,-38,-39,-35,-30,-25,-21,-21,-21,-26,-26,-28,-24,-24,-24,-22,-25,-24,-26,-29,-34,-297
3,2,2052,739,73,52,42,34,34,35,33,29,30,38,32,33,31,32,35,39,43,39,42,41,39,46,54,59,68,72,70,68,74,69,66,57,55,47,44,37,33,28,20,18,16,13,10,8,11,9,4,-6,-6,-8,-13,-16,-18,-15,-14,-12,-12,-10,-11,-12,-17,-22,-28,-29,-35,-36,-37,-34,-28,-24,-21,-20,-22,-26,-27,-27,-24,-26,-21,-20,-22,-24,-26,-30,-36,-308
3,2,2053,746,72,53,42,35,35,34,33,29,29,38,32,33,30,32,35,39,40,39,42,41,41,43,53,58,68,69,69,68,75,71,70,57,56,47,44,38,33,29,21,18,16,13,9,8,12,10,8,-4,-5,-6,-12,-15,-17,-13,-13,-12,-11,-9,-10,-12,-16,-21,-28,-29,-33,-35,-35,-33,-27,-22,-20,-20,-21,-26,-27,-30,-27,-26,-23,-20,-22,-22,-28,-33,-36,-322
3,2,2054,759,72,53,41,35,34,34,33,29,30,38,32,33,30,32,35,39,41,40,40,41,39,48,52,57,67,69,70,69,75,70,69,59,57,47,45,38,33,29,20,18,15,14,9,10,13,10,7,-2,-3,-6,-10,-13,-15,-13,-14,-11,-11,-9,-9,-11,-16,-20,-27,-28,-33,-34,-35,-31,-26,-22,-18,-19,-21,-26,-28,-29,-28,-22,-25,-23,-22,-22,-29,-33,-39,-329
3,2,2055,779,72,52,42,35,35,34,33,29,30,38,32,33,30,32,36,39,40,40,41,41,40,44,52,55,67,70,71,68,74,71,69,58,60,47,44,38,34,28,21,19,16,14,11,6,14,7,9,-2,-3,-5,-11,-11,-13,-10,-12,-10,-9,-7,-8,-10,-15,-19,-25,-27,-32,-33,-33,-30,-25,-21,-18,-18,-20,-25,-27,-29,-29,-26,-22,-23,-22,-22,-27,-33,-41,-339
3,2,2056,791,73,52,42,34,35,34,33,29,30,37,32,33,29,32,35,38,39,39,41,41,40,45,50,56,67,69,70,68,75,71,69,59,60,49,45,38,35,26,22,18,16,14,11,9,12,11,10,-2,0,-5,-10,-11,-13,-10,-10,-9,-10,-8,-8,-10,-14,-18,-24,-26,-31,-33,-33,-29,-24,-20,-17,-17,-19,-25,-27,-29,-27,-22,-26,-21,-21,-25,-26,-33,-40,-349
3,2,2057,812,74,51,41,34,34,34,32,28,30,37,32,33,29,32,35,38,40,40,42,41,39,45,49,56,67,70,68,69,74,70,70,58,60,49,47,39,35,29,21,18,17,15,14,9,16,8,8,0,1,-4,-9,-11,-12,-7,-10,-8,-9,-7,-7,-9,-13,-17,-22,-24,-30,-32,-32,-29,-23,-19,-16,-17,-19,-23,-26,-29,-26,-25,-25,-23,-22,-24,-27,-31,-40,-359
3,2,2058,818,73,50,41,34,35,34,32,28,30,37,32,33,29,32,35,38,37,38,41,41,41,44,51,55,67,69,69,68,74,69,69,59,60,49,46,41,35,31,22,19,16,16,12,7,12,9,9,-1,-1,-3,-8,-9,-11,-8,-8,-7,-8,-7,-7,-9,-13,-17,-21,-22,-28,-30,-31,-28,-23,-18,-16,-16,-19,-22,-24,-28,-26,-23,-23,-23,-22,-22,-28,-34,-39,-368
3,2,2059,838,73,51,41,33,35,36,32,27,29,37,32,33,28,32,35,38,42,38,42,42,41,44,48,55,67,69,69,67,74,69,69,59,60,49,47,42,38,31,21,18,19,15,13,8,15,7,6,-2,-1,-2,-7,-10,-10,-8,-7,-8,-7,-6,-7,-9,-12,-16,-20,-21,-26,-28,-30,-27,-22,-19,-15,-16,-18,-22,-23,-26,-26,-22,-23,-24,-23,-23,-29,-33,-39,-371
3,2,2060,850,73,51,41,34,35,33,32,27,30,37,31,33,28,32,35,37,40,40,40,40,40,44,48,56,66,69,70,68,74,69,69,59,58,49,47,42,38,34,20,19,15,17,11,9,14,10,8,0,-1,-1,-7,-9,-9,-6,-8,-7,-6,-5,-5,-8,-12,-16,-20,-20,-24,-26,-28,-26,-21,-19,-15,-15,-16,-21,-23,-25,-23,-22,-24,-23,-22,-23,-27,-35,-40,-384
4,0,2023,131902,3354,2384,2415,2293,2104,1833,1557,1420,1291,1307,1231,1224,1125,1048,1196,1540,2332,3367,4316,4899,5034,5401,5818,6482,6856,6897,6955,6796,6184,5649,5046,4574,4060,3722,3361,3061,2560,2094,1540,1043,871,769,784,774,813,717,501,160,-280,-548,-784,-780,-629,-346,-9,206,435,447,439,469,633,685,568,366,292,10,47,-16,-137,-178,-275,-202,-256,-295,-245,-111,-222,-176,-236,-308,-348,-363,-524,-572,-652,-4961
4,0,2024,137795,3377,3335,2411,2333,2144,1920,1672,1460,1385,1360,1322,1214,1152,1128,1254,1658,2358,3439,4465,5154,5372,5518,6148,6540,6982,7207,7111,6974,6534,5837,5318,4915,4448,3951,3585,3154,2717,2152,1671,1238,886,815,756,791,777,715,509,192,-206,-565,-694,-752,-609,-375,-81,176,300,483,540,565,565,618,600,403,205,110,-133,-66,-99,-226,-230,-336,-208,-301,-286,-241,-186,-281,-226,-324,-393,-473,-493,-620,-652,-5068
4,0,2025,143811,3402,3359,3250,2331,2176,1954,1752,1561,1431,1441,1367,1304,1149,1139,1326,1740,2457,3512,4531,5338,5651,5848,6262,6842,7078,7325,7391,7160,6768,6170,5572,5151,4810,4294,3787,3381,2820,2307,1732,1361,1053,845,807,776,785,684,512,203,-157,-495,-693,-661,-561,-335,-101,128,285,391,570,649,677,574,508,449,231,45,-45,-244,-164,-183,-284,-265,-359,-243,-331,-278,-287,-258,-368,-296,-423,-508,-580,-612,-681,-5179
4,0,2026,149728,3426,3383,3273,3063,2176,1984,1777,1630,1500,1489,1419,1336,1230,1146,1357,1813,2579,3613,4653,5412,5842,6142,6564,6934,7313,7418,7514,7400,6932,6412,5838,5372,5040,4611,4095,3589,3028,2402,1887,1425,1159,1007,843,841,765,701,493,205,-143,-431,-614,-650,-480,-256,-39,128,248,368,511,687,741,683,477,350,277,92,-96,-154,-281,-261,-249,-335,-275,-358,-264,-329,-302,-350,-337,-451,-404,-537,-609,-680,-695,-5285
4,0,2027,154279,3449,3407,3295,3085,2808,1981,1804,1652,1560,1533,1472,1383,1273,1224,1368,1853,2653,3756,4775,5530,5931,6315,6849,7219,7394,7605,7568,7484,7128,6520,6024,5559,5143,4800,4315,3801,3227,2559,1967,1557,1238,1090,992,865,833,684,511,179,-158,-427,-556,-579,-458,-212,51,182,261,330,481,620,774,749,584,292,166,108,-70,-207,-261,-346,-355,-326,-385,-297,-370,-271,-361,-371,-423,-455,-564,-547,-662,-714,-753,-5409
4,0,2028,157749,3471,3429,3317,3107,2827,2519,1804,1675,1595,1593,1512,1439,1307,1265,1432,1870,2709,3831,4916,5677,6004,6405,6951,7479,7615,7688,7689,7555,7184,6683,6113,5702,5264,4860,4469,3977,3356,2728,2088,1609,1329,1166,1069,976,849,737,491,201,-195,-456,-560,-530,-414,-188,62,261,316,337,440,600,734,760,651,417,101,-18,-64,-211,-312,-352,-424,-433,-369,-414,-315,-358,-329,-430,-451,-516,-589,-702,-684,-768,-795,-5585
4,0,2029,161605,3494,3451,3339,3127,2844,2539,2261,1674,1604,1631,1600,1482,1362,1292,1479,1936,2743,3913,5005,5814,6170,6466,7054,7561,7846,7845,7812,7648,7297,6739,6243,5798,5413,4951,4540,4117,3537,2865,2225,1723,1373,1239,1139,1070,945,771,534,180,-149,-483,-568,-513,-346,-133,102,281,378,406,461,562,700,754,667,481,230,-21,-184,-207,-304,-390,-418,-460,-447,-380,-413,-325,-354,-387,-477,-542,-624,-723,-833,-800,-844,-5783
4,0,2030,163771,3515,3473,3360,3145,2863,2553,2275,2064,1616,1673,1607,1535,1375,1329,1503,1974,2803,3949,5079,5904,6282,6603,7113,7612,7915,8027,7865,7703,7338,6831,6236,5836,5467,5046,4596,4130,3636,2996,2345,1820,1443,1255,1172,1112,1014,830,571,209,-203,-449,-612,-529,-329,-85,143,305,392,434,497,588,657,680,627,495,269,42,-173,-329,-311,-374,-459,-469,-474,-434,-379,-420,-370,-398,-455,-533,-665,-774,-871,-965,-886,-6010
4,0,2031,163649,3537,3494,3381,3163,2877,2571,2286,2075,1922,1723,1634,1522,1385,1325,1506,1983,2811,3998,5108,5947,6330,6672,7203,7650,7915,8054,8024,7760,7366,6873,6315,5827,5470,5077,4629,4161,3624,3022,2414,1891,1500,1270,1142,1101,1029,860,597,228,-188,-530,-613,-597,-380,-89,148,319,389,432,499,569,644,616,530,388,261,34,-170,-349,-457,-427,-457,-532,-495,-489,-437,-413,-456,-451,-494,-564,-648,-840,-940,-1027,-1081,-6308
4,0,2032,161366,3558,3515,3400,3182,2897,2585,2302,2087,1930,1816,1637,1511,1369,1319,1502,1977,2821,3991,5136,5956,6354,6707,7241,7708,7937,8053,8022,7811,7382,6872,6350,5817,5418,5037,4609,4150,3604,3012,2398,1909,1537,1288,1131,1048,997,864,606,231,-187,-538,-710,-620,-452,-157,133,303,384,407,481,549,598,571,439,280,113,12,-216,-375,-501,-594,-560,-570,-604,-538,-520,-477,-495,-531,-567,-628,-719,-826,-1031,-1103,-1150,-6819
4,0,2033,162311,3578,3536,3419,3199,2912,2599,2313,2100,1940,1824,1725,1518,1375,1330,1520,1999,2842,4035,5172,6024,6405,6764,7306,7772,8024,8113,8085,7877,7443,6917,6405,5936,5448,5040,4655,4204,3669,3058,2467,1976,1625,1391,1205,1095,990,871,639,272,-158,-508,-691,-687,-446,-188,101,315,395,437,487,569,613,558,426,224,54,-93,-194,-373,-480,-592,-655,-613,-581,-584,-518,-508,-499,-543,-606,-663,-752,-877,-988,-1185,-1211,-7287
4,0,2034,163202,3597,3554,3438,3219,2929,2614,2325,2109,1952,1833,1736,1593,1381,1337,1531,2019,2878,4063,5228,6070,6468,6809,7365,7835,8086,8195,8140,7933,7507,6974,6448,5984,5561,5070,4656,4248,3719,3115,2508,2040,1684,1472,1300,1161,1033,863,643,299,-119,-481,-663,-674,-510,-186,72,288,407,447,515,574,634,578,414,210,-6,-156,-296,-354,-481,-567,-650,-697,-613,-563,-561,-504,-526,-551,-619,-707,-792,-920,-1045,-1138,-1302,-7778
4,0,2035,164038,3615,3572,3456,3234,2942,2625,2337,2118,1962,1842,1745,1600,1449,1341,1543,2034,2900,4109,5264,6127,6517,6878,7410,7894,8146,8250,8214,7987,7562,7034,6499,6020,5606,5175,4681,4245,3753,3167,2564,2080,1753,1532,1379,1250,1097,906,635,302,-88,-444,-639,-645,-497,-247,75,264,384,457,519,601,640,599,432,195,-21,-220,-363,-455,-465,-570,-632,-692,-695,-593,-543,-548,-525,-577,-624,-721,-842,-964,-1089,-1203,-1251,-8326
4,0,2036,164862,3634,3590,3474,3251,2957,2639,2349,2133,1971,1851,1749,1607,1455,1407,1544,2048,2915,4140,5316,6167,6580,6921,7474,7939,8198,8307,8270,8058,7607,7082,6556,6070,5637,5218,4780,4262,3752,3197,2610,2134,1787,1590,1432,1320,1180,966,678,295,-92,-414,-601,-621,-472,-231,28,270,362,434,533,611,666,602,452,213,-41,-238,-422,-524,-562,-557,-639,-677,-689,-669,-572,-524,-567,-577,-651,-729,-857,-1016,-1137,-1253,-1322,-8752
4,0,2037,165606,3650,3607,3488,3266,2970,2650,2356,2140,1977,1858,1755,1614,1463,1415,1613,2055,2933,4164,5352,6220,6613,6980,7514,7999,8241,8355,8325,8113,7677,7131,6600,6124,5681,5247,4819,4358,3765,3187,2639,2175,1836,1623,1485,1372,1250,1051,737,335,-104,-418,-571,-588,-450,-207,38,225,368,416,510,619,674,627,457,234,-27,-257,-446,-581,-624,-649,-624,-679,-676,-665,-642,-552,-546,-618,-652,-759,-865,-1033,-1197,-1307,-1378,-9225
4,0,2038,166371,3666,3623,3506,3281,2984,2661,2368,2146,1988,1866,1765,1620,1467,1422,1618,2133,2944,4184,5382,6265,6672,7016,7573,8039,8298,8400,8369,8162,7727,7193,6641,6161,5730,5286,4842,4392,3860,3203,2628,2203,1876,1673,1515,1427,1296,1116,825,399,-62,-434,-578,-558,-418,-186,61,237,324,418,494,597,688,637,484,238,-4,-243,-467,-607,-683,-705,-710,-670,-684,-654,-640,-625,-574,-598,-699,-758,-897,-1044,-1220,-1373,-1437,-9690
4,0,2039,167113,3681,3640,3518,3291,2995,2672,2380,2157,1997,1872,1774,1624,1473,1426,1627,2140,3037,4196,5407,6296,6715,7072,7611,8097,8340,8449,8410,8201,7773,7239,6702,6200,5767,5331,4883,4412,3893,3290,2635,2187,1904,1709,1560,1453,1345,1161,892,489,5,-388,-594,-565,-389,-154,81,253,334,381,494,578,663,651,491,267,-4,-224,-454,-628,-708,-763,-765,-747,-672,-659,-630,-623,-645,-625,-680,-808,-897,-1081,-1233,-1396,-1511,-10165
4,0,2040,167858,3696,3653,3534,3308,3007,2686,2387,2163,2002,1878,1781,1631,1481,1432,1633,2147,3049,4309,5424,6321,6743,7114,7662,8131,8386,8488,8454,8239,7807,7284,6746,6260,5800,5364,4919,4447,3912,3321,2726,2195,1884,1732,1594,1489,1374,1211,940,558,100,-323,-552,-580,-396,-130,107,272,352,391,462,581,643,623,507,273,32,-220,-435,-615,-729,-785,-818,-803,-744,-647,-635,-611,-642,-702,-709,-785,-955,-1081,-1276,-1410,-1537,-10667
4,0,2041,168611,3710,3668,3548,3319,3019,2695,2395,2174,2010,1887,1784,1638,1485,1433,1639,2155,3061,4322,5557,6338,6773,7140,7703,8180,8424,8533,8493,8283,7845,7318,6785,6296,5856,5391,4952,4485,3939,3335,2750,2281,1890,1717,1615,1521,1414,1235,984,608,176,-224,-482,-541,-410,-137,128,297,370,409,471,547,645,600,476,289,37,-190,-436,-599,-721,-808,-838,-851,-797,-719,-623,-617,-631,-699,-785,-820,-929,-1140,-1277,-1459,-1552,-11132
4,0,2042,169302,3724,3680,3559,3332,3027,2704,2404,2179,2018,1893,1786,1645,1488,1438,1645,2163,3070,4339,5573,6484,6791,7172,7734,8217,8467,8566,8533,8315,7884,7345,6817,6337,5891,5449,4978,4509,3974,3365,2762,2305,1975,1716,1596,1539,1440,1268,1011,657,228,-148,-387,-479,-374,-150,124,318,392,425,486,556,609,601,448,250,47,-183,-407,-599,-704,-800,-864,-872,-842,-765,-691,-607,-637,-690,-784,-899,-967,-1112,-1348,-1460,-1604,-11573
4,0,2043,169980,3736,3694,3573,3342,3039,2712,2413,2183,2022,1897,1795,1652,1489,1442,1649,2172,3080,4352,5591,6504,6933,7185,7760,8247,8501,8603,8565,8359,7914,7384,6842,6364,5922,5478,5025,4538,3996,3391,2786,2313,1997,1795,1601,1524,1455,1297,1047,682,276,-97,-312,-384,-313,-118,111,317,409,447,499,573,617,561,449,221,6,-175,-402,-574,-705,-784,-852,-891,-864,-808,-734,-668,-629,-690,-771,-901,-1058,-1159,-1317,-1539,-1604,-11998
4,0,2044,170607,3749,3705,3584,3354,3048,2721,2419,2191,2027,1903,1800,1655,1494,1446,1650,2178,3089,4364,5609,6520,6951,7323,7776,8271,8530,8641,8602,8386,7952,7413,6878,6388,5948,5507,5052,4579,4017,3416,2818,2340,2003,1817,1677,1528,1437,1314,1075,716,300,-44,-262,-311,-227,-63,142,305,405,459,515,583,631,569,402,221,-26,-217,-394,-568,-680,-786,-840,-884,-879,-824,-775,-711,-691,-682,-775,-889,-1054,-1258,-1366,-1503,-1692,-12385
4,0,2045,171157,3760,3717,3594,3360,3058,2729,2427,2199,2034,1908,1804,1657,1499,1449,1656,2185,3098,4379,5625,6538,6973,7345,7898,8292,8553,8667,8635,8424,7974,7444,6902,6418,5968,5527,5076,4607,4064,3433,2836,2363,2026,1825,1693,1597,1438,1295,1091,744,336,-19,-213,-259,-160,14,190,332,397,454,531,604,646,584,408,167,-28,-252,-438,-562,-678,-767,-846,-875,-873,-841,-791,-753,-730,-745,-766,-896,-1042,-1258,-1479,-1556,-1652,-12811
4,0,2046,171628,3770,3726,3604,3371,3065,2735,2432,2205,2038,1914,1810,1658,1501,1453,1659,2189,3106,4386,5637,6557,6989,7360,7917,8401,8573,8690,8658,8448,8012,7465,6931,6442,6000,5549,5099,4627,4083,3472,2849,2381,2051,1842,1697,1613,1507,1293,1070,759,363,17,-186,-212,-115,74,261,372,424,445,527,619,666,598,428,177,-83,-256,-473,-605,-673,-764,-823,-879,-866,-838,-806,-767,-770,-791,-837,-886,-1050,-1247,-1479,-1684,-1712,-13135
4,0,2047,172036,3779,3736,3615,3378,3071,2741,2437,2205,2044,1918,1813,1663,1504,1456,1664,2196,3111,4396,5651,6573,7008,7376,7935,8417,8666,8710,8683,8470,8033,7497,6951,6466,6016,5569,5111,4647,4105,3494,2890,2400,2066,1868,1716,1616,1521,1357,1069,735,379,43,-149,-189,-70,114,308,433,461,470,521,616,681,619,441,194,-76,-313,-479,-641,-712,-758,-824,-859,-869,-831,-806,-780,-786,-832,-883,-958,-1038,-1253,-1463,-1682,-1851,-13485
4,0,2048,172361,3789,3744,3623,3386,3079,2748,2444,2210,2047,1922,1817,1666,1508,1460,1667,2199,3121,4405,5664,6586,7017,7391,7949,8436,8684,8785,8696,8489,8054,7520,6979,6483,6040,5586,5139,4658,4120,3515,2907,2432,2077,1878,1736,1634,1525,1371,1136,733,352,56,-120,-153,-52,156,346,478,514,507,542,604,676,634,464,204,-57,-307,-538,-647,-750,-798,-820,-859,-852,-836,-795,-780,-803,-849,-928,-1008,-1120,-1243,-1471,-1666,-1849,-13926
4,0,2049,172659,3796,3753,3630,3393,3086,2753,2448,2214,2051,1923,1822,1672,1511,1460,1669,2200,3124,4414,5675,6597,7030,7405,7969,8452,8697,8806,8768,8507,8072,7537,6998,6507,6051,5610,5151,4680,4130,3526,2922,2448,2113,1891,1746,1651,1537,1375,1148,804,344,26,-109,-128,-20,173,382,510,557,556,576,627,669,630,478,225,-47,-294,-534,-708,-753,-828,-856,-852,-850,-818,-798,-774,-801,-866,-944,-1054,-1175,-1335,-1459,-1675,-1832,-14306
4,0,2050,172878,3803,3760,3637,3401,3092,2758,2453,2218,2057,1924,1825,1675,1511,1462,1671,2204,3131,4418,5683,6607,7041,7418,7978,8464,8714,8817,8786,8574,8077,7549,7011,6525,6076,5619,5168,4689,4149,3533,2939,2463,2130,1921,1756,1661,1558,1389,1148,816,419,21,-141,-115,5,200,396,541,584,593,626,662,691,620,471,244,-28,-280,-521,-703,-812,-839,-891,-893,-848,-818,-784,-774,-794,-860,-960,-1073,-1227,-1394,-1563,-1663,-1844,-14629
4,0,2051,173079,3810,3765,3643,3405,3095,2763,2456,2223,2061,1926,1824,1679,1515,1465,1675,2207,3137,4427,5694,6618,7052,7425,7988,8477,8727,8831,8795,8584,8150,7554,7020,6532,6092,5639,5178,4708,4158,3552,2944,2475,2142,1935,1792,1671,1569,1405,1163,817,430,96,-147,-147,18,223,423,554,610,621,666,709,726,641,458,236,-10,-259,-508,-690,-809,-896,-897,-924,-883,-816,-785,-762,-796,-853,-955,-1092,-1250,-1450,-1631,-1780,-1830,-14925
4,0,2052,173183,3816,3772,3649,3412,3100,2765,2459,2226,2062,1930,1826,1677,1515,1466,1678,2209,3138,4433,5702,6628,7060,7434,7995,8485,8735,8842,8806,8596,8158,7623,7025,6541,6098,5649,5192,4715,4173,3555,2957,2480,2151,1948,1800,1701,1575,1414,1180,830,432,106,-74,-156,-10,233,444,576,624,646,691,749,775,679,481,221,-21,-242,-490,-681,-800,-893,-948,-930,-910,-849,-786,-762,-781,-855,-949,-1090,-1268,-1481,-1697,-1857,-1959,-15166
4,0,2053,173249,3821,3778,3654,3414,3103,2768,2464,2226,2061,1932,1827,1678,1516,1467,1677,2213,3139,4438,5709,6633,7069,7443,8006,8495,8745,8855,8813,8603,8166,7629,7091,6546,6100,5657,5204,4728,4174,3569,2961,2494,2157,1957,1814,1709,1601,1419,1187,847,443,106,-60,-83,-19,208,451,594,643,657,714,775,813,732,524,245,-39,-258,-477,-666,-792,-884,-946,-978,-920,-876,-813,-760,-781,-841,-951,-1080,-1267,-1502,-1725,-1933,-2045,-15517
4,0,2054,173330,3825,3782,3657,3420,3106,2773,2465,2226,2062,1936,1829,1681,1518,1470,1680,2216,3142,4441,5713,6639,7076,7450,8010,8504,8751,8858,8823,8611,8174,7633,7096,6613,6101,5659,5208,4736,4187,3574,2974,2495,2170,1959,1820,1720,1611,1446,1194,854,459,118,-61,-73,47,202,427,600,655,673,724,798,843,775,580,286,-14,-276,-488,-647,-775,-875,-938,-975,-962,-881,-836,-789,-777,-841,-935,-1086,-1260,-1498,-1752,-1968,-2127,-15911
4,0,2055,173338,3829,3783,3659,3422,3108,2776,2467,2228,2064,1936,1831,1681,1516,1469,1681,2216,3146,4445,5717,6642,7079,7450,8017,8508,8759,8862,8828,8619,8175,7640,7097,6613,6164,5655,5207,4736,4196,3582,2978,2508,2171,1974,1820,1724,1618,1454,1217,860,467,133,-51,-76,57,260,423,581,662,686,737,807,865,802,622,349,33,-248,-506,-661,-763,-861,-933,-971,-958,-919,-843,-812,-809,-838,-935,-1071,-1266,-1489,-1746,-1997,-2162,-16358
4,0,2056,173363,3831,3786,3661,3424,3110,2775,2468,2227,2065,1936,1830,1678,1520,1468,1683,2219,3147,4446,5716,6647,7080,7453,8019,8507,8760,8868,8834,8620,8181,7639,7097,6612,6164,5716,5205,4738,4192,3590,2987,2509,2181,1975,1830,1726,1624,1461,1224,887,472,143,-37,-67,57,269,475,577,644,693,747,824,874,829,653,396,97,-203,-480,-682,-774,-846,-918,-966,-951,-921,-884,-816,-834,-867,-935,-1070,-1246,-1492,-1738,-1993,-2194,-16789
4,0,2057,173353,3833,3789,3664,3426,3112,2776,2468,2227,2065,1936,1832,1682,1517,1468,1683,2219,3149,4447,5721,6648,7082,7454,8019,8512,8761,8871,8836,8621,8184,7640,7099,6610,6165,5713,5261,4733,4192,3587,2988,2516,2183,1981,1831,1734,1623,1463,1233,895,499,149,-29,-49,66,267,480,620,638,673,750,835,891,837,679,425,147,-137,-436,-657,-790,-857,-909,-953,-951,-917,-884,-857,-841,-895,-967,-1070,-1247,-1473,-1744,-1982,-2192,-17215
4,0,2058,173359,3834,3790,3665,3427,3112,2775,2469,2228,2065,1935,1833,1680,1520,1469,1681,2219,3149,4448,5718,6648,7080,7454,8018,8513,8765,8872,8837,8621,8178,7642,7098,6607,6162,5711,5261,4790,4188,3588,2989,2520,2189,1981,1839,1735,1633,1465,1235,903,509,178,-24,-40,82,273,478,625,679,670,734,841,902,854,692,456,178,-90,-374,-617,-770,-879,-920,-939,-942,-913,-878,-860,-878,-901,-993,-1102,-1246,-1472,-1722,-1987,-2182,-17602
4,0,2059,173330,3835,3791,3667,3426,3111,2775,2469,2229,2065,1936,1832,1679,1518,1468,1680,2220,3150,4448,5719,6646,7080,7453,8016,8510,8759,8868,8835,8618,8175,7636,7092,6603,6159,5708,5258,4785,4239,3580,2988,2520,2192,1989,1836,1742,1631,1473,1235,905,516,188,5,-37,87,286,485,625,683,707,729,821,907,866,706,465,209,-57,-327,-556,-733,-861,-940,-951,-931,-901,-870,-850,-875,-940,-1000,-1130,-1281,-1470,-1722,-1963,-2189,-17920
4,0,2060,173236,3835,3791,3667,3425,3110,2775,2468,2228,2063,1935,1831,1681,1515,1466,1680,2219,3149,4444,5717,6643,7079,7449,8014,8506,8759,8867,8828,8617,8176,7632,7087,6601,6154,5704,5254,4781,4237,3633,2979,2514,2190,1991,1845,1738,1638,1471,1244,901,519,194,11,-11,88,291,496,628,681,711,764,816,888,868,720,484,219,-29,-295,-508,-676,-826,-922,-971,-941,-892,-861,-849,-873,-942,-1042,-1136,-1314,-1513,-1722,-1965,-2162,-18223
4,1,2023,54275,1820,1352,1329,1242,1118,954,807,729,657,679,621,640,599,539,598,709,1058,1551,2022,2381,2387,2688,2869,3139,3033,2833,2690,2614,2372,2332,2195,2062,1882,1659,1457,1261,948,760,420,87,13,56,160,237,314,348,224,5,-236,-401,-529,-582,-510,-435,-280,-143,13,41,96,163,219,279,211,29,28,-205,-176,-122,-96,-172,-232,-186,-173,-191,-179,-107,-132,-154,-167,-171,-208,-181,-305,-309,-345,-2327
4,1,2024,57257,1831,1800,1317,1251,1130,993,856,741,709,678,689,609,610,599,609,787,1077,1584,2090,2499,2679,2684,3049,3122,3167,2986,2771,2656,2576,2372,2346,2236,2055,1819,1573,1334,1069,731,513,251,7,47,141,253,308,297,247,39,-214,-402,-489,-549,-535,-424,-315,-170,-61,84,128,195,233,214,217,103,-74,-72,-243,-180,-151,-141,-198,-258,-193,-181,-188,-169,-152,-189,-173,-201,-195,-260,-251,-344,-346,-2386
4,1,2025,60336,1843,1812,1714,1243,1138,1002,889,786,719,729,696,675,590,595,658,806,1129,1627,2132,2572,2799,2964,3049,3271,3161,3111,2916,2740,2652,2563,2434,2390,2247,1981,1707,1453,1149,841,504,317,159,52,134,242,329,299,204,61,-168,-382,-483,-500,-491,-431,-295,-195,-83,28,168,216,269,253,149,117,-16,-157,-131,-258,-190,-182,-183,-216,-264,-211,-192,-182,-198,-198,-233,-197,-235,-250,-309,-310,-362,-2446
4,1,2026,63404,1855,1823,1725,1591,1129,1008,895,816,750,737,729,684,651,585,669,858,1170,1672,2199,2633,2885,3085,3302,3266,3268,3100,3042,2876,2737,2655,2600,2453,2394,2159,1875,1588,1252,918,612,333,195,192,142,252,307,326,205,26,-147,-329,-456,-488,-453,-376,-287,-154,-99,6,122,265,283,273,186,46,10,-99,-202,-153,-242,-223,-206,-224,-228,-254,-210,-192,-201,-233,-234,-272,-238,-279,-307,-362,-354,-2509
4,1,2027,65736,1866,1835,1735,1600,1430,1001,901,821,779,754,747,707,673,642,662,871,1223,1726,2251,2699,2940,3174,3410,3502,3275,3186,3007,2973,2839,2719,2644,2574,2395,2267,1989,1704,1382,990,669,432,234,208,271,253,328,299,230,16,-186,-315,-408,-468,-427,-364,-232,-151,-55,2,107,214,328,294,208,63,-66,-91,-159,-208,-176,-256,-264,-244,-255,-229,-259,-201,-216,-249,-263,-285,-320,-299,-338,-362,-393,-2574
4,1,2028,67450,1876,1846,1746,1611,1441,1259,894,825,786,799,769,739,680,663,708,869,1241,1777,2307,2750,2988,3220,3471,3593,3463,3212,3070,2951,2913,2805,2696,2589,2452,2260,2071,1777,1440,1098,719,463,304,255,283,351,325,321,206,39,-206,-353,-399,-424,-429,-325,-241,-107,-48,23,107,206,293,321,240,106,-57,-167,-159,-203,-216,-215,-288,-307,-269,-263,-219,-243,-231,-262,-290,-300,-341,-377,-364,-392,-403,-2669
4,1,2029,69403,1888,1856,1756,1620,1447,1267,1115,820,790,787,820,756,718,671,733,915,1249,1811,2359,2813,3055,3262,3526,3648,3548,3331,3121,3005,2931,2853,2776,2645,2504,2287,2085,1859,1522,1165,807,498,322,301,331,370,399,328,228,20,-174,-366,-420,-408,-370,-323,-196,-104,-11,47,126,210,285,318,260,139,2,-132,-226,-190,-220,-237,-257,-303,-314,-272,-260,-209,-236,-264,-285,-324,-346,-398,-440,-421,-427,-2769
4,1,2030,70500,1897,1867,1765,1628,1456,1275,1122,1011,792,818,802,786,713,695,742,935,1294,1820,2390,2862,3104,3317,3560,3667,3588,3404,3156,3015,2952,2883,2768,2669,2541,2335,2093,1854,1580,1235,861,565,340,299,344,402,416,370,241,37,-203,-340,-444,-424,-361,-279,-188,-84,-6,69,148,230,286,293,251,146,16,-104,-194,-260,-209,-240,-277,-299,-305,-291,-260,-257,-234,-265,-290,-304,-371,-412,-463,-505,-458,-2878
4,1,2031,70411,1908,1877,1776,1635,1462,1282,1125,1015,944,841,824,774,718,683,740,933,1290,1849,2397,2879,3130,3348,3595,3688,3577,3417,3228,3046,2946,2895,2809,2665,2537,2352,2114,1854,1571,1237,904,592,374,295,318,394,430,377,255,39,-194,-385,-440,-465,-393,-285,-177,-81,-8,67,151,227,287,281,214,107,7,-109,-193,-247,-282,-257,-275,-330,-319,-308,-280,-261,-278,-287,-311,-329,-352,-442,-488,-529,-550,-3014
4,1,2032,69255,1918,1886,1784,1645,1471,1288,1133,1020,948,888,823,763,706,677,733,924,1288,1840,2409,2877,3135,3361,3609,3707,3584,3405,3219,3062,2945,2882,2810,2658,2514,2329,2104,1858,1556,1234,882,599,391,304,309,364,415,385,257,43,-198,-389,-494,-477,-433,-326,-189,-86,-13,53,141,220,273,262,183,66,-50,-116,-209,-254,-288,-332,-324,-338,-367,-330,-316,-288,-301,-328,-346,-363,-391,-428,-528,-559,-579,-3245
4,1,2033,69594,1928,1896,1793,1652,1478,1293,1138,1026,952,891,862,765,708,681,741,933,1297,1856,2421,2906,3158,3385,3632,3734,3621,3428,3242,3084,2971,2894,2833,2709,2527,2325,2128,1886,1593,1258,922,630,434,359,344,384,409,387,279,58,-184,-379,-485,-514,-434,-344,-208,-84,-5,69,144,228,279,263,175,41,-79,-163,-197,-256,-281,-330,-373,-368,-357,-355,-315,-306,-304,-336,-368,-384,-412,-458,-502,-596,-602,-3457
4,1,2034,69932,1937,1904,1802,1662,1485,1301,1142,1030,958,896,866,796,711,683,743,939,1312,1868,2446,2925,3183,3405,3660,3760,3646,3462,3262,3102,2991,2917,2845,2732,2577,2340,2122,1909,1620,1291,943,669,461,400,394,414,426,382,279,75,-168,-366,-474,-507,-468,-347,-225,-98,-1,76,157,230,287,270,176,33,-105,-194,-245,-244,-283,-321,-367,-412,-379,-346,-340,-305,-320,-342,-377,-407,-432,-483,-535,-568,-643,-3668
4,1,2035,70243,1946,1913,1810,1668,1491,1305,1148,1033,961,899,869,798,736,683,748,945,1321,1888,2460,2949,3205,3434,3682,3785,3669,3482,3291,3120,3010,2937,2868,2740,2599,2390,2134,1900,1638,1321,977,689,503,425,433,459,456,400,274,77,-152,-352,-463,-497,-464,-379,-226,-112,-12,77,161,243,289,278,185,33,-115,-222,-277,-292,-273,-321,-362,-406,-420,-368,-331,-328,-321,-357,-380,-417,-461,-506,-560,-605,-612,-3901
4,1,2036,70524,1954,1921,1819,1677,1497,1311,1153,1040,965,903,870,802,738,710,748,950,1325,1901,2481,2966,3233,3453,3707,3805,3690,3502,3310,3145,3024,2952,2888,2762,2605,2411,2183,1910,1632,1335,1003,721,520,462,455,495,499,426,289,71,-154,-336,-449,-486,-455,-373,-253,-112,-26,67,164,251,301,279,190,40,-118,-235,-306,-326,-318,-315,-366,-401,-417,-406,-352,-317,-345,-357,-396,-422,-471,-534,-584,-632,-651,-4074
4,1,2037,70803,1961,1929,1825,1681,1503,1316,1155,1044,967,906,875,806,741,714,774,953,1333,1910,2499,2988,3243,3477,3724,3828,3706,3521,3329,3168,3051,2973,2903,2783,2626,2419,2203,1958,1639,1327,1019,744,550,478,488,518,533,469,315,87,-162,-339,-430,-473,-445,-366,-248,-136,-24,58,155,250,309,291,192,47,-112,-239,-320,-353,-349,-358,-358,-404,-413,-405,-390,-337,-335,-381,-396,-440,-475,-545,-614,-660,-682,-4269
4,1,2038,71056,1969,1937,1833,1689,1510,1320,1160,1044,973,909,877,807,743,715,777,988,1334,1917,2510,3008,3270,3491,3749,3844,3728,3537,3343,3182,3069,2994,2919,2795,2643,2437,2208,1975,1690,1333,1009,760,572,508,504,551,551,500,359,113,-147,-348,-434,-457,-434,-356,-241,-131,-47,56,148,243,311,298,206,49,-103,-232,-326,-368,-379,-387,-398,-399,-418,-401,-388,-378,-355,-371,-425,-440,-492,-551,-628,-693,-711,-4471
4,1,2039,71340,1976,1945,1838,1693,1514,1325,1165,1049,975,911,882,809,747,717,781,991,1379,1918,2517,3021,3289,3516,3765,3869,3743,3553,3360,3194,3083,3013,2943,2812,2657,2454,2226,1978,1706,1382,1011,746,588,531,531,564,582,520,391,158,-118,-331,-444,-462,-418,-344,-233,-127,-43,39,148,233,303,302,215,66,-102,-225,-319,-374,-394,-413,-427,-435,-410,-403,-385,-375,-393,-391,-417,-467,-494,-573,-636,-708,-748,-4675
4,1,2040,71616,1982,1950,1846,1700,1519,1330,1168,1054,979,914,885,812,750,720,783,993,1384,1973,2521,3029,3301,3534,3789,3882,3763,3565,3372,3206,3093,3027,2959,2836,2670,2467,2242,1997,1710,1397,1062,750,572,540,551,584,598,549,410,188,-73,-302,-430,-471,-422,-329,-224,-118,-38,44,134,234,295,292,219,74,-81,-221,-311,-368,-398,-431,-452,-464,-446,-396,-387,-370,-391,-435,-438,-456,-526,-573,-662,-715,-765,-4889
4,1,2041,71905,1989,1957,1852,1706,1525,1335,1171,1057,981,918,887,815,751,721,785,997,1389,1979,2586,3033,3313,3545,3805,3905,3775,3583,3385,3221,3108,3039,2972,2851,2696,2478,2254,2010,1723,1399,1073,798,574,529,563,603,620,561,437,209,-38,-256,-401,-458,-429,-333,-210,-110,-31,50,138,222,296,283,208,78,-73,-204,-310,-358,-395,-437,-467,-490,-476,-432,-379,-373,-387,-432,-480,-482,-515,-605,-663,-742,-772,-5095
4,1,2042,72151,1995,1963,1857,1710,1528,1336,1175,1057,984,919,887,819,754,724,787,999,1391,1985,2595,3105,3316,3558,3818,3916,3794,3595,3399,3230,3120,3048,2985,2867,2710,2503,2267,2021,1738,1414,1075,811,623,529,549,616,636,581,449,237,-19,-224,-356,-433,-415,-342,-214,-100,-23,56,141,226,281,282,195,61,-72,-195,-291,-358,-386,-432,-473,-502,-498,-459,-416,-367,-391,-427,-477,-527,-541,-593,-701,-744,-801,-5289
4,1,2043,72408,2001,1969,1863,1716,1533,1340,1179,1060,985,921,888,823,755,724,788,1003,1395,1988,2600,3113,3387,3561,3827,3928,3806,3608,3407,3246,3131,3060,2992,2874,2720,2516,2288,2034,1745,1425,1086,811,635,575,553,606,646,598,472,250,10,-202,-322,-386,-391,-333,-223,-100,-13,63,148,232,284,267,193,49,-91,-193,-282,-340,-386,-422,-468,-508,-510,-481,-438,-400,-385,-429,-471,-528,-590,-624,-686,-783,-803,-5481
4,1,2044,72628,2007,1974,1868,1720,1538,1344,1181,1062,988,924,892,822,757,726,790,1004,1398,1993,2607,3120,3394,3628,3834,3935,3816,3620,3420,3253,3141,3068,3006,2887,2731,2528,2301,2055,1758,1433,1102,823,632,586,596,606,633,607,489,270,23,-171,-303,-353,-352,-311,-213,-107,-15,69,149,234,288,270,171,46,-107,-213,-281,-331,-368,-423,-461,-503,-515,-491,-461,-424,-417,-423,-475,-522,-586,-678,-720,-768,-845,-5652
4,1,2045,72807,2012,1978,1871,1723,1542,1348,1186,1065,990,927,894,823,759,727,793,1006,1403,2000,2612,3126,3403,3638,3893,3943,3822,3630,3431,3266,3148,3081,3015,2895,2740,2534,2307,2068,1783,1442,1109,835,645,583,603,646,635,597,499,289,45,-157,-272,-334,-322,-274,-194,-99,-21,66,156,240,293,274,175,21,-109,-232,-303,-333,-361,-409,-463,-499,-512,-495,-472,-447,-441,-458,-470,-525,-584,-677,-779,-804,-829,-5853
4,1,2046,72945,2016,1983,1876,1726,1543,1351,1186,1069,991,929,895,824,759,727,792,1008,1405,2001,2616,3133,3410,3643,3901,3997,3827,3637,3436,3272,3160,3086,3025,2904,2750,2544,2317,2073,1789,1464,1115,840,655,594,600,654,673,598,487,298,61,-136,-259,-304,-305,-247,-162,-84,-12,61,154,247,299,279,182,26,-135,-235,-321,-352,-361,-402,-447,-499,-509,-495,-475,-457,-462,-484,-507,-518,-587,-674,-777,-869,-869,-5999
4,1,2047,73060,2020,1987,1882,1730,1546,1351,1189,1067,994,930,896,826,759,729,794,1010,1407,2004,2620,3138,3417,3650,3906,4001,3871,3641,3445,3279,3165,3098,3030,2915,2758,2550,2321,2084,1798,1475,1138,851,661,605,610,651,679,632,488,284,70,-118,-236,-292,-277,-233,-142,-57,0,68,152,245,305,284,187,31,-132,-264,-325,-371,-381,-401,-443,-483,-508,-491,-476,-461,-473,-505,-535,-556,-578,-678,-771,-866,-937,-6174
4,1,2048,73135,2024,1991,1885,1734,1549,1354,1192,1067,996,931,899,826,761,730,796,1011,1410,2006,2625,3145,3420,3655,3912,4008,3877,3675,3445,3283,3172,3107,3042,2917,2765,2556,2335,2089,1804,1482,1145,871,666,608,620,662,677,640,521,284,55,-110,-219,-271,-268,-208,-126,-39,22,80,158,239,305,292,194,36,-126,-261,-356,-377,-399,-420,-443,-480,-496,-491,-471,-460,-480,-518,-558,-585,-623,-669,-776,-862,-934,-6390
4,1,2049,73201,2028,1994,1887,1736,1552,1357,1193,1070,997,931,899,829,762,730,796,1013,1410,2009,2629,3148,3423,3660,3921,4013,3880,3681,3478,3288,3177,3110,3048,2928,2769,2565,2338,2096,1809,1487,1151,876,688,614,624,670,686,639,528,321,53,-128,-213,-256,-248,-199,-106,-29,41,100,168,244,303,292,203,41,-121,-257,-353,-407,-403,-436,-462,-479,-490,-478,-469,-457,-479,-525,-569,-610,-653,-716,-768,-867,-930,-6574
4,1,2050,73219,2030,1996,1890,1739,1555,1359,1194,1071,1000,932,901,830,763,730,797,1013,1412,2010,2632,3150,3427,3664,3922,4018,3885,3684,3482,3315,3175,3114,3052,2935,2778,2570,2344,2100,1817,1489,1159,882,696,633,627,673,694,646,524,329,91,-128,-230,-247,-234,-181,-98,-10,49,115,186,256,306,287,199,52,-117,-250,-350,-406,-435,-442,-479,-499,-491,-476,-458,-456,-475,-522,-576,-624,-682,-749,-820,-858,-936,-6731
4,1,2051,73231,2032,1999,1893,1740,1556,1360,1196,1073,1001,931,899,832,765,731,798,1014,1414,2013,2638,3154,3431,3665,3927,4022,3890,3688,3481,3317,3206,3110,3053,2935,2786,2577,2349,2106,1820,1499,1161,889,698,639,649,678,699,652,534,325,98,-90,-229,-264,-226,-167,-83,-3,64,123,200,272,316,291,192,48,-105,-243,-343,-400,-433,-475,-483,-516,-510,-477,-455,-446,-475,-517,-573,-629,-698,-778,-856,-916,-927,-6881
4,1,2052,73188,2035,2001,1895,1744,1557,1361,1197,1073,1001,933,900,829,765,731,799,1015,1415,2016,2639,3156,3433,3669,3927,4022,3890,3690,3485,3320,3208,3141,3053,2937,2785,2579,2352,2110,1827,1499,1166,888,704,643,651,695,704,655,541,334,93,-86,-192,-267,-242,-161,-71,10,70,137,208,285,333,302,198,41,-112,-234,-338,-396,-429,-472,-511,-520,-526,-493,-458,-443,-464,-517,-568,-628,-703,-797,-890,-957,-989,-6995
4,1,2053,73156,2037,2003,1896,1744,1558,1361,1199,1073,999,934,901,830,765,732,798,1016,1414,2017,2641,3158,3435,3673,3931,4026,3892,3693,3485,3320,3208,3142,3082,2939,2783,2582,2359,2115,1826,1506,1167,896,707,649,658,698,718,657,544,340,101,-89,-184,-230,-245,-176,-66,20,81,141,218,292,345,322,214,48,-120,-240,-330,-391,-426,-469,-509,-547,-529,-507,-474,-442,-460,-504,-569,-623,-702,-803,-909,-996,-1034,-7159
4,1,2054,73135,2038,2005,1898,1747,1559,1363,1199,1073,999,935,902,831,766,732,799,1017,1415,2017,2640,3159,3438,3675,3933,4030,3894,3691,3486,3322,3209,3142,3083,2969,2782,2581,2359,2118,1832,1506,1174,896,712,649,661,704,722,674,547,342,108,-81,-188,-225,-210,-178,-79,25,87,149,222,302,355,336,236,63,-112,-249,-333,-379,-418,-462,-507,-544,-555,-510,-486,-458,-460,-502,-556,-625,-698,-801,-918,-1017,-1073,-7349
4,1,2055,73063,2039,2005,1898,1747,1559,1364,1199,1073,1000,936,902,831,763,731,799,1016,1416,2018,2640,3159,3437,3670,3933,4029,3897,3691,3488,3323,3209,3144,3081,2967,2814,2577,2356,2118,1834,1510,1175,903,711,655,660,704,724,677,558,345,111,-75,-181,-231,-203,-147,-80,14,91,157,230,307,365,344,248,88,-95,-239,-344,-386,-410,-459,-504,-543,-552,-533,-491,-472,-476,-501,-552,-613,-698,-795,-914,-1026,-1096,-7561
4,1,2056,73027,2040,2005,1898,1747,1559,1363,1199,1071,1000,936,899,830,765,731,800,1017,1416,2017,2640,3160,3434,3672,3934,4025,3894,3690,3490,3322,3209,3143,3079,2965,2811,2608,2353,2117,1832,1513,1179,901,717,656,667,705,728,679,562,361,115,-71,-178,-223,-208,-141,-54,14,82,160,235,315,367,357,260,106,-65,-223,-333,-398,-416,-449,-499,-540,-549,-533,-513,-474,-491,-518,-553,-609,-684,-796,-909,-1023,-1105,-7768
4,1,2057,72984,2040,2006,1899,1747,1560,1362,1199,1071,999,936,900,832,761,731,799,1017,1415,2017,2641,3159,3435,3670,3932,4026,3893,3691,3486,3318,3208,3142,3079,2963,2812,2604,2385,2111,1830,1509,1179,905,718,659,666,710,728,680,565,364,130,-67,-177,-216,-202,-145,-49,35,81,151,236,321,375,361,272,116,-44,-192,-315,-388,-424,-455,-490,-536,-549,-533,-513,-499,-496,-534,-570,-611,-677,-780,-910,-1016,-1103,-7962
4,1,2058,72965,2040,2006,1899,1746,1560,1363,1199,1071,998,935,901,830,763,732,797,1017,1414,2017,2639,3160,3434,3668,3930,4026,3893,3690,3485,3317,3204,3140,3077,2959,2810,2605,2382,2146,1825,1510,1178,908,720,658,670,709,732,682,566,366,134,-51,-173,-212,-195,-142,-53,36,100,151,230,324,381,370,279,132,-34,-171,-285,-371,-416,-464,-494,-526,-545,-531,-512,-500,-519,-539,-587,-629,-680,-775,-894,-1018,-1098,-8135
4,1,2059,72927,2040,2005,1899,1745,1559,1362,1199,1070,997,935,900,829,762,731,796,1017,1414,2015,2638,3156,3433,3667,3928,4023,3887,3687,3482,3314,3200,3136,3073,2957,2808,2603,2381,2143,1857,1504,1176,907,722,663,666,713,730,685,566,367,136,-47,-156,-210,-193,-137,-49,34,102,167,229,317,384,376,287,138,-14,-159,-265,-341,-402,-459,-506,-533,-537,-526,-507,-495,-516,-562,-591,-645,-701,-776,-888,-999,-1099,-8277
4,1,2060,72873,2039,2005,1898,1744,1557,1361,1197,1069,997,933,900,830,761,728,796,1017,1413,2013,2635,3153,3431,3663,3927,4020,3886,3685,3477,3312,3200,3134,3069,2955,2804,2598,2379,2139,1855,1536,1168,903,722,664,671,710,734,685,571,367,138,-47,-151,-197,-193,-135,-45,36,99,168,242,317,378,377,295,149,-10,-142,-252,-320,-372,-442,-499,-544,-542,-519,-503,-493,-517,-564,-616,-650,-719,-799,-890,-994,-1079,-8403
4,2,2023,77627,1534,1032,1086,1051,986,879,750,691,634,628,610,584,526,509,598,831,1274,1816,2294,2518,2647,2713,2949,3343,3823,4064,4265,4182,3812,3317,2851,2512,2178,2063,1904,1800,1612,1334,1120,956,858,713,624,537,499,369,277,155,-44,-147,-255,-198,-119,89,271,349,422,406,343,306,414,406,357,337,264,215,223,106,-41,-6,-43,-16,-83,-104,-66,-4,-90,-22,-69,-137,-140,-182,-219,-263,-307,-2634
4,2,2024,80538,1546,1535,1094,1082,1014,927,816,719,676,682,633,605,542,529,645,871,1281,1855,2375,2655,2693,2834,3099,3418,3815,4221,4340,4318,3958,3465,2972,2679,2393,2132,2012,1820,1648,1421,1158,987,879,768,615,538,469,418,262,153,8,-163,-205,-203,-74,49,234,346,361,399,412,370,332,404,383,300,279,182,110,114,52,-85,-32,-78,-15,-120,-98,-72,-34,-92,-53,-123,-198,-213,-242,-276,-306,-2682
4,2,2025,83475,1559,1547,1536,1088,1038,952,863,775,712,712,671,629,559,544,668,934,1328,1885,2399,2766,2852,2884,3213,3571,3917,4214,4475,4420,4116,3607,3138,2761,2563,2313,2080,1928,1671,1466,1228,1044,894,793,673,534,456,385,308,142,11,-113,-210,-161,-70,96,194,323,368,363,402,433,408,321,359,332,247,202,86,14,26,-1,-101,-49,-95,-32,-139,-96,-89,-60,-135,-99,-188,-258,-271,-302,-319,-2733
4,2,2026,86324,1571,1560,1548,1472,1047,976,882,814,750,752,690,652,579,561,688,955,1409,1941,2454,2779,2957,3057,3262,3668,4045,4318,4472,4524,4195,3757,3238,2919,2646,2452,2220,2001,1776,1484,1275,1092,964,815,701,589,458,375,288,179,4,-102,-158,-162,-27,120,248,282,347,362,389,422,458,410,291,304,267,191,106,-1,-39,-38,-43,-111,-47,-104,-54,-137,-101,-117,-103,-179,-166,-258,-302,-318,-341,-2776
4,2,2027,88543,1583,1572,1560,1485,1378,980,903,831,781,779,725,676,600,582,706,982,1430,2030,2524,2831,2991,3141,3439,3717,4119,4419,4561,4511,4289,3801,3380,2985,2748,2533,2326,2097,1845,1569,1298,1125,1004,882,721,612,505,385,281,163,28,-112,-148,-111,-31,152,283,333,316,328,374,406,446,455,376,229,232,199,89,1,-85,-90,-91,-82,-130,-68,-111,-70,-145,-122,-160,-170,-244,-248,-324,-352,-360,-2835
4,2,2028,90299,1595,1583,1571,1496,1386,1260,910,850,809,794,743,700,627,602,724,1001,1468,2054,2609,2927,3016,3185,3480,3886,4152,4476,4619,4604,4271,3878,3417,3113,2812,2600,2398,2200,1916,1630,1369,1146,1025,911,786,625,524,416,285,162,11,-103,-161,-106,15,137,303,368,364,314,333,394,441,439,411,311,158,149,95,-8,-96,-137,-136,-126,-100,-151,-96,-115,-98,-168,-161,-216,-248,-325,-320,-376,-392,-2916
4,2,2029,92202,1606,1595,1583,1507,1397,1272,1146,854,814,844,780,726,644,621,746,1021,1494,2102,2646,3001,3115,3204,3528,3913,4298,4514,4691,4643,4366,3886,3467,3153,2909,2664,2455,2258,2015,1700,1418,1225,1051,938,808,700,546,443,306,160,25,-117,-148,-105,24,190,298,385,389,359,335,352,415,436,407,342,228,111,42,-17,-84,-153,-161,-157,-133,-108,-153,-116,-118,-123,-192,-218,-278,-325,-393,-379,-417,-3014
4,2,2030,93271,1618,1606,1595,1517,1407,1278,1153,1053,824,855,805,749,662,634,761,1039,1509,2129,2689,3042,3178,3286,3553,3945,4327,4623,4709,4688,4386,3948,3468,3167,2926,2711,2503,2276,2056,1761,1484,1255,1103,956,828,710,598,460,330,172,0,-109,-168,-105,32,194,331,389,398,365,349,358,371,387,376,349,253,146,21,-69,-102,-134,-182,-170,-169,-143,-119,-163,-136,-133,-165,-229,-294,-362,-408,-460,-428,-3132
4,2,2031,93238,1629,1617,1605,1528,1415,1289,1161,1060,978,882,810,748,667,642,766,1050,1521,2149,2711,3068,3200,3324,3608,3962,4338,4637,4796,4714,4420,3978,3506,3162,2933,2725,2515,2307,2053,1785,1510,1299,1126,975,824,707,599,483,342,189,6,-145,-173,-132,13,196,325,400,397,365,348,342,357,335,316,281,254,143,23,-102,-175,-170,-182,-202,-176,-181,-157,-152,-178,-164,-183,-235,-296,-398,-452,-498,-531,-3294
4,2,2032,92111,1640,1629,1616,1537,1426,1297,1169,1067,982,928,814,748,663,642,769,1053,1533,2151,2727,3079,3219,3346,3632,4001,4353,4648,4803,4749,4437,3990,3540,3159,2904,2708,2505,2292,2048,1778,1516,1310,1146,984,822,684,582,479,349,188,11,-149,-216,-143,-19,169,322,389,397,354,340,329,325,309,256,214,163,128,-7,-121,-213,-262,-236,-232,-237,-208,-204,-189,-194,-203,-221,-265,-328,-398,-503,-544,-571,-3574
4,2,2033,92717,1650,1640,1626,1547,1434,1306,1175,1074,988,933,863,753,667,649,779,1066,1545,2179,2751,3118,3247,3379,3674,4038,4403,4685,4843,4793,4472,4023,3572,3227,2921,2715,2527,2318,2076,1800,1545,1346,1191,1032,861,711,581,484,360,214,26,-129,-206,-173,-12,156,309,399,400,368,343,341,334,295,251,183,133,70,3,-117,-199,-262,-282,-245,-224,-229,-203,-202,-195,-207,-238,-279,-340,-419,-486,-589,-609,-3830
4,2,2034,93270,1660,1650,1636,1557,1444,1313,1183,1079,994,937,870,797,670,654,788,1080,1566,2195,2782,3145,3285,3404,3705,4075,4440,4733,4878,4831,4516,4057,3603,3252,2984,2730,2534,2339,2099,1824,1565,1371,1223,1072,906,747,607,481,364,224,49,-115,-189,-167,-42,161,297,386,408,371,358,344,347,308,238,177,99,38,-51,-110,-198,-246,-283,-285,-234,-217,-221,-199,-206,-209,-242,-300,-360,-437,-510,-570,-659,-4110
4,2,2035,93795,1669,1659,1646,1566,1451,1320,1189,1085,1001,943,876,802,713,658,795,1089,1579,2221,2804,3178,3312,3444,3728,4109,4477,4768,4923,4867,4552,4097,3631,3280,3007,2785,2547,2345,2115,1846,1587,1391,1250,1107,946,791,641,506,361,225,64,-92,-176,-148,-33,132,301,376,396,380,358,358,351,321,247,162,94,2,-86,-163,-192,-249,-270,-286,-275,-225,-212,-220,-204,-220,-244,-304,-381,-458,-529,-598,-639,-4425
4,2,2036,94338,1680,1669,1655,1574,1460,1328,1196,1093,1006,948,879,805,717,697,796,1098,1590,2239,2835,3201,3347,3468,3767,4134,4508,4805,4960,4913,4583,4130,3668,3308,3032,2807,2597,2352,2120,1862,1607,1413,1267,1128,977,825,681,540,389,224,62,-78,-152,-135,-17,142,281,382,388,367,369,360,365,323,262,173,77,-3,-116,-198,-244,-242,-273,-276,-272,-263,-220,-207,-222,-220,-255,-307,-386,-482,-553,-621,-671,-4678
4,2,2037,94803,1689,1678,1663,1585,1467,1334,1201,1096,1010,952,880,808,722,701,839,1102,1600,2254,2853,3232,3370,3503,3790,4171,4535,4834,4996,4945,4626,4158,3697,3341,3055,2828,2616,2400,2126,1860,1620,1431,1286,1145,997,854,717,582,422,248,58,-79,-141,-115,-5,159,286,361,392,358,355,369,365,336,265,187,85,-18,-126,-228,-275,-291,-266,-275,-263,-260,-252,-215,-211,-237,-256,-319,-390,-488,-583,-647,-696,-4956
4,2,2038,95315,1697,1686,1673,1592,1474,1341,1208,1102,1015,957,888,813,724,707,841,1145,1610,2267,2872,3257,3402,3525,3824,4195,4570,4863,5026,4980,4658,4199,3722,3366,3087,2849,2634,2417,2170,1870,1619,1443,1304,1165,1011,876,745,616,466,286,85,-86,-144,-101,16,170,302,368,371,362,346,354,377,339,278,189,99,-11,-141,-239,-304,-318,-312,-271,-266,-253,-252,-247,-219,-227,-274,-318,-405,-493,-592,-680,-726,-5219
4,2,2039,95773,1705,1695,1680,1598,1481,1347,1215,1108,1022,961,892,815,726,709,846,1149,1658,2278,2890,3275,3426,3556,3846,4228,4597,4896,5050,5007,4690,4226,3759,3388,3110,2877,2657,2434,2187,1908,1624,1441,1316,1178,1029,889,763,641,501,331,123,-57,-150,-103,29,190,314,380,377,342,346,345,360,349,276,201,98,1,-135,-254,-314,-350,-338,-312,-262,-256,-245,-248,-252,-234,-263,-341,-403,-508,-597,-688,-763,-5490
4,2,2040,96242,1714,1703,1688,1608,1488,1356,1219,1109,1023,964,896,819,731,712,850,1154,1665,2336,2903,3292,3442,3580,3873,4249,4623,4923,5082,5033,4714,4257,3787,3424,3130,2897,2677,2450,2202,1924,1664,1445,1312,1192,1043,905,776,662,530,370,173,-21,-122,-109,26,199,331,390,390,347,328,347,348,331,288,199,113,1,-124,-247,-331,-354,-366,-339,-298,-251,-248,-241,-251,-267,-271,-329,-429,-508,-614,-695,-772,-5778
4,2,2041,96706,1721,1711,1696,1613,1494,1360,1224,1117,1029,969,897,823,734,712,854,1158,1672,2343,2971,3305,3460,3595,3898,4275,4649,4950,5108,5062,4737,4279,3813,3445,3160,2913,2698,2475,2216,1936,1677,1483,1316,1188,1052,918,794,674,547,399,214,32,-81,-83,19,196,338,407,401,359,333,325,349,317,268,211,110,14,-126,-241,-326,-371,-371,-361,-321,-287,-244,-244,-244,-267,-305,-338,-414,-535,-614,-717,-780,-6037
4,2,2042,97151,1729,1717,1702,1622,1499,1368,1229,1122,1034,974,899,826,734,714,858,1164,1679,2354,2978,3379,3475,3614,3916,4301,4673,4971,5134,5085,4764,4297,3832,3470,3181,2946,2711,2488,2236,1951,1687,1494,1352,1187,1047,923,804,687,562,420,247,76,-31,-46,41,192,338,418,415,369,345,330,328,319,253,189,119,12,-116,-241,-318,-368,-391,-370,-344,-306,-275,-240,-246,-263,-307,-372,-426,-519,-647,-716,-803,-6284
4,2,2043,97572,1735,1725,1710,1626,1506,1372,1234,1123,1037,976,907,829,734,718,861,1169,1685,2364,2991,3391,3546,3624,3933,4319,4695,4995,5158,5113,4783,4324,3850,3490,3202,2962,2737,2504,2251,1966,1700,1502,1362,1220,1048,918,809,699,575,432,266,105,10,2,78,215,334,417,422,384,351,341,333,294,256,172,97,18,-120,-234,-319,-362,-384,-383,-354,-327,-296,-268,-244,-261,-300,-373,-468,-535,-631,-756,-801,-6517
4,2,2044,97979,1742,1731,1716,1634,1510,1377,1238,1129,1039,979,908,833,737,720,860,1174,1691,2371,3002,3400,3557,3695,3942,4336,4714,5021,5182,5133,4811,4345,3872,3501,3217,2979,2751,2524,2259,1983,1716,1517,1371,1231,1081,922,804,707,586,446,277,127,41,42,125,248,355,412,420,390,366,349,343,299,231,175,81,-4,-113,-237,-312,-363,-379,-381,-364,-333,-314,-287,-274,-259,-300,-367,-468,-580,-646,-735,-847,-6733
4,2,2045,98350,1748,1739,1723,1637,1516,1381,1241,1134,1044,981,910,834,740,722,863,1179,1695,2379,3013,3412,3570,3707,4005,4349,4731,5037,5204,5158,4826,4363,3887,3523,3228,2993,2769,2539,2281,1991,1727,1528,1381,1242,1090,951,803,698,592,455,291,138,59,75,162,288,384,431,418,388,375,364,353,310,233,146,81,-20,-135,-229,-317,-358,-383,-376,-361,-346,-319,-306,-289,-287,-296,-371,-458,-581,-700,-752,-823,-6958
4,2,2046,98683,1754,1743,1728,1645,1522,1384,1246,1136,1047,985,915,834,742,726,867,1181,1701,2385,3021,3424,3579,3717,4016,4404,4746,5053,5222,5176,4852,4379,3906,3538,3250,3005,2782,2554,2294,2008,1734,1541,1396,1248,1097,959,834,695,583,461,302,153,73,92,190,321,423,456,436,384,373,372,367,319,246,151,52,-21,-152,-253,-312,-362,-376,-380,-357,-343,-331,-310,-308,-307,-330,-368,-463,-573,-702,-815,-843,-7136
4,2,2047,98976,1759,1749,1733,1648,1525,1390,1248,1138,1050,988,917,837,745,727,870,1186,1704,2392,3031,3435,3591,3726,4029,4416,4795,5069,5238,5191,4868,4399,3921,3551,3258,3019,2790,2563,2307,2019,1752,1549,1405,1263,1106,965,842,725,581,451,309,161,87,103,207,347,450,490,461,402,369,371,376,335,254,163,56,-49,-154,-270,-331,-357,-381,-376,-361,-340,-330,-319,-313,-327,-348,-402,-460,-575,-692,-816,-914,-7311
4,2,2048,99226,1765,1753,1738,1652,1530,1394,1252,1143,1051,991,918,840,747,730,871,1188,1711,2399,3039,3441,3597,3736,4037,4428,4807,5110,5251,5206,4882,4413,3937,3566,3275,3030,2804,2569,2316,2033,1762,1561,1411,1270,1116,972,848,731,615,449,297,166,99,118,216,364,472,517,492,427,384,365,371,342,270,168,69,-46,-182,-270,-351,-378,-377,-379,-356,-345,-324,-320,-323,-331,-370,-423,-497,-574,-695,-804,-915,-7536
4,2,2049,99458,1768,1759,1743,1657,1534,1396,1255,1144,1054,992,923,843,749,730,873,1187,1714,2405,3046,3449,3607,3745,4048,4439,4817,5125,5290,5219,4895,4427,3950,3579,3282,3045,2813,2584,2321,2039,1771,1572,1425,1277,1122,981,851,736,620,483,291,154,104,128,228,372,488,539,516,456,408,383,366,338,275,184,74,-37,-181,-301,-350,-392,-394,-373,-360,-340,-329,-317,-322,-341,-375,-444,-522,-619,-691,-808,-902,-7732
4,2,2050,99659,1773,1764,1747,1662,1537,1399,1259,1147,1057,992,924,845,748,732,874,1191,1719,2408,3051,3457,3614,3754,4056,4446,4829,5133,5304,5259,4902,4435,3959,3590,3298,3049,2824,2589,2332,2044,1780,1581,1434,1288,1129,988,864,743,624,487,328,149,89,132,239,381,494,551,535,478,440,406,385,333,272,192,89,-30,-171,-297,-377,-397,-412,-394,-357,-342,-326,-318,-319,-338,-384,-449,-545,-645,-743,-805,-908,-7898
4,2,2051,99848,1778,1766,1750,1665,1539,1403,1260,1150,1060,995,925,847,750,734,877,1193,1723,2414,3056,3464,3621,3760,4061,4455,4837,5143,5314,5267,4944,4444,3967,3597,3306,3062,2829,2602,2338,2053,1783,1586,1444,1296,1143,993,870,753,629,492,332,186,82,117,244,390,506,557,546,498,466,437,410,350,266,188,95,-16,-165,-290,-376,-421,-414,-408,-373,-339,-330,-316,-321,-336,-382,-463,-552,-672,-775,-864,-903,-8044
4,2,2052,99995,1781,1771,1754,1668,1543,1404,1262,1153,1061,997,926,848,750,735,879,1194,1723,2417,3063,3472,3627,3765,4068,4463,4845,5152,5321,5276,4950,4482,3972,3604,3313,3070,2840,2605,2346,2056,1791,1592,1447,1305,1149,1006,871,759,639,496,339,192,118,111,232,394,515,566,554,509,483,464,442,377,283,180,91,-8,-152,-285,-371,-421,-437,-410,-384,-356,-328,-319,-317,-338,-381,-462,-565,-684,-807,-900,-970,-8171
4,2,2053,100093,1784,1775,1758,1670,1545,1407,1265,1153,1062,998,926,848,751,735,879,1197,1725,2421,3068,3475,3634,3770,4075,4469,4853,5162,5328,5283,4958,4487,4009,3607,3317,3075,2845,2613,2348,2063,1794,1598,1450,1308,1156,1011,883,762,643,507,342,195,124,147,226,384,517,574,562,516,496,483,468,410,310,197,81,-18,-147,-275,-366,-415,-437,-431,-391,-369,-339,-318,-321,-337,-382,-457,-565,-699,-816,-937,-1011,-8358
4,2,2054,100195,1787,1777,1759,1673,1547,1410,1266,1153,1063,1001,927,850,752,738,881,1199,1727,2424,3073,3480,3638,3775,4077,4474,4857,5167,5337,5289,4965,4491,4013,3644,3319,3078,2849,2618,2355,2068,1800,1599,1458,1310,1159,1016,889,772,647,512,351,199,127,152,257,380,506,575,568,524,502,496,488,439,344,223,98,-27,-155,-268,-357,-413,-431,-431,-407,-371,-350,-331,-317,-339,-379,-461,-562,-697,-834,-951,-1054,-8562
4,2,2055,100275,1790,1778,1761,1675,1549,1412,1268,1155,1064,1000,929,850,753,738,882,1200,1730,2427,3077,3483,3642,3780,4084,4479,4862,5171,5340,5296,4966,4496,4016,3646,3350,3078,2851,2618,2362,2072,1803,1605,1460,1319,1160,1020,894,777,659,515,356,208,130,155,260,407,503,567,571,529,507,500,500,458,374,261,128,-9,-162,-275,-353,-402,-429,-428,-406,-386,-352,-340,-333,-337,-383,-458,-568,-694,-832,-971,-1066,-8797
4,2,2056,100336,1791,1781,1763,1677,1551,1412,1269,1156,1065,1000,931,848,755,737,883,1202,1731,2429,3076,3487,3646,3781,4085,4482,4866,5178,5344,5298,4972,4496,4018,3647,3353,3108,2852,2621,2360,2077,1808,1608,1464,1319,1163,1021,896,782,662,526,357,214,141,156,265,410,529,563,562,533,512,509,507,472,393,290,162,20,-147,-284,-358,-397,-419,-426,-402,-388,-371,-342,-343,-349,-382,-461,-562,-696,-829,-970,-1089,-9021
4,2,2057,100369,1793,1783,1765,1679,1552,1414,1269,1156,1066,1000,932,850,756,737,884,1202,1734,2430,3080,3489,3647,3784,4087,4486,4868,5180,5350,5303,4976,4498,4020,3647,3353,3109,2876,2622,2362,2078,1809,1611,1465,1322,1165,1024,895,783,668,531,369,216,148,167,268,412,529,585,557,522,514,514,516,476,407,309,191,55,-121,-269,-366,-402,-419,-417,-402,-384,-371,-358,-345,-361,-397,-459,-570,-693,-834,-966,-1089,-9253
4,2,2058,100394,1794,1784,1766,1681,1552,1412,1270,1157,1067,1000,932,850,757,737,884,1202,1735,2431,3079,3488,3646,3786,4088,4487,4872,5182,5352,5304,4974,4502,4021,3648,3352,3106,2879,2644,2363,2078,1811,1612,1469,1323,1169,1026,901,783,669,537,375,229,149,172,277,415,531,589,579,519,504,517,521,484,413,324,212,81,-89,-246,-354,-415,-426,-413,-397,-382,-366,-360,-359,-362,-406,-473,-566,-697,-828,-969,-1084,-9467
4,2,2059,100403,1795,1786,1768,1681,1552,1413,1270,1159,1068,1001,932,850,756,737,884,1203,1736,2433,3081,3490,3647,3786,4088,4487,4872,5181,5353,5304,4975,4500,4019,3646,3351,3105,2877,2642,2382,2076,1812,1613,1470,1326,1170,1029,901,788,669,538,380,235,161,173,280,423,534,591,581,540,500,504,523,490,419,327,223,102,-62,-215,-331,-402,-434,-418,-394,-375,-363,-355,-359,-378,-409,-485,-580,-694,-834,-964,-1090,-9643
4,2,2060,100363,1796,1786,1769,1681,1553,1414,1271,1159,1066,1002,931,851,754,738,884,1202,1736,2431,3082,3490,3648,3786,4087,4486,4873,5182,5351,5305,4976,4498,4018,3646,3350,3106,2875,2642,2382,2097,1811,1611,1468,1327,1174,1028,904,786,673,534,381,241,162,186,281,426,541,592,582,543,522,499,510,491,425,335,229,113,-43,-188,-304,-384,-423,-427,-399,-373,-358,-356,-356,-378,-426,-486,-595,-714,-832,-971,-1083,-9820
5,0,2023,2186,81,33,27,23,21,25,18,21,20,25,19,25,28,22,28,43,54,74,88,94,74,78,70,86,82,91,112,90,91,102,75,53,69,60,56,52,37,28,15,4,10,3,0,3,6,9,9,7,1,-9,-8,-9,-12,-7,6,0,6,12,-8,7,-8,3,-5,3,9,9,14,22,0,-17,26,13,21,0,3,20,16,7,-1,9,8,2,3,-3,-9,-79
5,0,2024,2163,82,67,28,25,24,26,20,25,18,22,19,19,20,32,27,44,58,72,81,85,90,77,79,73,88,83,96,106,93,89,89,64,53,63,55,51,47,20,20,5,2,5,-4,6,1,7,8,5,-2,-8,-9,-8,-8,-10,-4,9,-4,8,14,-9,5,-12,1,-2,1,7,9,17,21,0,-22,21,14,19,-2,2,15,9,3,-7,4,1,1,0,-8,-68
5,0,2025,2243,80,66,55,28,27,28,24,27,20,24,20,21,18,29,35,45,58,78,74,81,80,92,81,84,79,93,89,95,108,92,77,78,61,58,60,49,42,30,14,8,5,2,1,3,4,3,4,4,-4,-6,-6,-7,-7,-3,-10,-1,6,1,7,12,-6,3,-8,2,-2,-1,11,9,14,18,-1,-19,19,15,17,1,1,7,5,-2,-8,0,1,1,-1,-49
5,0,2026,2305,80,66,57,50,28,31,28,25,25,25,21,21,19,25,29,50,60,79,91,73,77,84,90,83,88,81,103,89,100,106,85,68,76,59,60,53,44,28,25,6,7,4,0,4,0,4,2,0,-2,-13,-7,-7,-7,-6,-2,-10,-4,7,5,7,11,-7,3,-1,5,-3,0,17,9,14,14,-2,-17,14,15,15,6,0,4,-1,-5,-12,-1,-1,-2,-40
5,0,2027,2367,81,67,57,51,47,33,28,26,26,25,20,22,21,28,28,48,66,82,88,92,72,81,88,94,87,90,88,103,95,102,96,83,69,71,58,53,47,29,25,15,7,5,4,4,2,3,2,-6,-6,-14,-12,-8,-6,-6,-2,0,-11,-2,7,5,7,6,-11,4,0,5,0,-1,15,13,8,11,-5,-3,11,11,9,4,-1,-2,-2,-5,-11,-3,-4,-37
5,0,2028,2423,82,68,58,51,46,49,28,31,23,32,20,19,24,28,35,50,63,86,92,87,87,85,81,95,100,93,97,93,107,102,92,87,79,65,68,53,45,32,24,17,14,7,0,8,6,3,0,-1,-12,-13,-16,-15,-9,-5,-6,2,-1,-7,-3,5,5,4,2,-7,2,1,6,-1,-2,14,9,6,8,-2,9,8,6,2,1,-6,-7,-9,-5,-9,-4,-39
5,0,2029,2484,82,67,58,51,46,48,43,28,25,26,26,25,18,30,30,54,66,86,98,96,89,93,95,89,102,103,107,97,104,108,91,84,81,71,63,62,49,33,27,14,15,11,2,6,7,7,1,-2,-8,-18,-14,-15,-14,-8,-5,-2,-1,2,-7,-2,4,3,1,3,-9,0,3,5,4,-2,8,5,4,6,-1,6,3,-1,-1,-7,-8,-10,-5,-6,-6,-35
5,0,2030,2513,82,68,58,52,46,49,43,40,27,29,19,26,25,27,35,50,69,86,99,102,96,98,95,100,99,104,112,104,105,106,98,83,78,74,67,59,55,36,34,20,13,11,5,8,5,7,0,0,-9,-16,-20,-15,-13,-11,-8,-5,-2,1,2,0,2,-1,1,0,0,-10,1,5,6,5,-5,4,3,3,4,0,2,-4,-5,-8,-11,-12,-11,-11,-9,-44
5,0,2031,2489,82,67,57,52,47,49,43,41,32,29,24,23,23,29,36,53,66,86,99,98,95,98,98,101,103,103,113,110,107,108,93,85,80,73,69,63,55,41,35,23,16,9,5,7,7,5,1,-3,-14,-19,-18,-20,-14,-10,-10,-5,-5,0,-1,-1,1,-3,-2,-1,-2,-2,-3,3,4,4,1,-2,0,2,3,0,-1,-5,-7,-11,-13,-14,-12,-12,-10,-48
5,0,2032,2387,83,69,59,53,47,48,44,41,32,30,22,24,20,27,33,51,65,87,97,99,96,97,98,99,103,102,109,106,109,107,95,83,76,72,67,62,55,40,38,26,21,11,4,8,6,4,2,-3,-11,-21,-23,-21,-21,-15,-12,-8,-5,-2,-1,-2,-1,-5,-6,-4,-3,-5,-1,0,-2,3,2,-1,-2,0,0,-1,-4,-10,-9,-13,-14,-19,-17,-12,-14,-57
5,0,2033,2426,83,67,59,53,47,50,44,41,32,30,25,22,25,28,32,54,65,86,99,100,96,100,97,104,104,102,109,106,108,109,97,85,80,71,68,63,58,43,37,30,24,17,7,8,5,5,6,-3,-10,-18,-22,-21,-19,-19,-13,-8,-7,-1,-1,-2,0,-4,-5,-4,-4,-3,-3,-1,0,2,0,-1,-2,-1,-1,-2,-5,-10,-11,-14,-16,-20,-18,-13,-13,-62
5,0,2034,2482,83,68,58,53,48,47,44,42,33,31,26,28,25,28,32,56,65,86,100,102,97,101,100,103,105,105,111,109,110,111,98,87,82,72,67,62,60,45,42,28,26,19,11,9,6,10,7,2,-8,-17,-17,-20,-21,-16,-15,-8,-8,-5,-2,-2,0,-3,-4,-4,-5,-5,-3,1,1,3,-1,-1,-4,1,-2,-2,-5,-10,-12,-15,-15,-19,-19,-12,-13,-71
5,0,2035,2502,84,67,60,54,48,48,44,42,33,31,26,27,28,30,33,51,66,88,102,101,99,99,101,104,107,107,114,109,110,110,99,88,81,75,69,63,60,46,43,31,27,20,13,14,7,7,8,-2,-7,-18,-19,-13,-17,-12,-14,-11,-8,-4,-3,-2,-1,-4,-3,-5,-5,-8,-4,2,2,2,0,-3,-2,-3,-1,-3,-5,-10,-12,-17,-18,-21,-20,-14,-13,-76
5,0,2036,2500,84,67,61,53,48,49,45,42,33,31,27,28,25,29,37,54,67,87,103,102,101,101,101,104,106,108,115,109,111,111,100,89,83,77,70,63,59,46,41,32,29,22,15,16,11,8,5,3,-9,-18,-19,-17,-15,-15,-15,-9,-11,-5,-3,-3,-1,-5,-3,-4,-5,-6,-3,0,-1,2,-1,-5,-4,-1,-3,-4,-6,-10,-13,-18,-17,-21,-18,-16,-15,-91
5,0,2037,2499,85,69,62,54,48,49,45,42,33,31,26,26,23,30,40,54,66,90,103,103,101,102,102,105,109,108,113,111,112,110,101,90,82,76,71,66,61,45,42,34,31,24,16,17,14,11,6,1,-7,-16,-16,-18,-16,-15,-15,-9,-9,-8,-4,-2,-2,-5,-4,-4,-5,-6,-3,-3,0,1,0,-4,-7,-3,-2,-5,-7,-13,-14,-19,-22,-23,-21,-19,-16,-100
5,0,2038,2552,85,69,60,55,49,49,45,43,34,31,26,27,26,30,36,58,66,92,104,106,102,103,104,106,109,110,114,112,115,111,101,90,85,76,73,68,62,45,42,32,32,26,18,19,15,14,10,3,-8,-14,-13,-16,-16,-15,-11,-9,-10,-6,-5,-3,-1,-5,-5,-4,-6,-4,-3,-2,-1,1,0,-4,-5,-2,-3,-4,-9,-12,-14,-19,-21,-22,-23,-21,-14,-107
5,0,2039,2569,85,68,61,55,49,47,45,43,34,32,27,27,26,30,39,57,71,90,104,108,104,103,106,108,110,111,116,114,117,113,103,91,85,77,72,67,64,50,41,36,32,26,19,19,16,14,12,6,-7,-15,-17,-15,-15,-12,-12,-7,-9,-7,-4,-6,-1,-4,-7,-4,-7,-5,-4,1,-3,0,-3,-4,-7,-3,-3,-5,-8,-14,-14,-20,-22,-26,-22,-20,-16,-114
5,0,2040,2594,86,68,62,55,49,47,46,43,34,32,26,29,24,29,36,56,70,94,106,108,107,104,106,110,111,111,116,114,116,113,103,94,85,79,74,70,64,50,44,37,33,27,21,22,17,15,11,7,-2,-13,-17,-12,-15,-10,-12,-8,-9,-5,-4,-4,-4,-5,-5,-6,-5,-7,-4,1,-1,2,-4,-4,-5,-2,-3,-5,-8,-14,-16,-20,-23,-27,-27,-24,-18,-122
5,0,2041,2605,86,68,61,54,49,48,46,43,34,32,27,30,26,30,37,59,70,93,109,109,107,106,108,110,111,111,115,116,115,114,103,93,88,78,75,68,62,50,46,35,33,27,21,22,18,18,14,7,0,-9,-13,-16,-11,-12,-11,-6,-8,-4,-3,-5,-3,-8,-6,-6,-7,-6,-5,0,0,0,-4,-6,-6,-3,-3,-5,-8,-14,-15,-22,-24,-26,-27,-24,-23,-128
5,0,2042,2624,85,69,63,56,50,49,46,43,34,32,27,28,28,29,37,56,73,95,109,113,107,110,109,110,112,113,117,115,117,114,103,94,88,80,74,71,64,49,45,38,34,29,20,22,18,18,14,9,2,-7,-10,-14,-13,-11,-11,-5,-7,-4,-3,-4,-3,-7,-9,-8,-9,-7,-5,-2,-1,1,-1,-4,-6,-3,-3,-5,-8,-15,-17,-22,-25,-28,-28,-25,-21,-144
5,0,2043,2640,86,70,63,56,49,49,46,44,34,32,28,27,28,29,35,57,74,94,110,113,110,109,109,112,114,113,114,117,115,116,107,94,89,80,75,70,64,51,46,36,36,30,22,22,19,18,14,10,3,-5,-7,-9,-12,-11,-9,-5,-6,-5,-3,-2,-3,-7,-8,-9,-8,-7,-7,-2,0,2,-1,-3,-5,-4,-4,-5,-10,-14,-18,-22,-26,-31,-28,-29,-22,-154
5,0,2044,2652,86,69,62,56,50,47,46,44,35,32,27,27,27,31,37,57,71,95,110,114,112,112,112,112,114,113,114,116,117,116,106,96,88,81,76,70,64,51,47,36,35,30,23,24,20,18,15,10,6,-5,-6,-7,-8,-11,-8,-4,-6,-5,-2,-3,-1,-7,-8,-8,-11,-8,-6,-4,-1,0,-2,-2,-7,-4,-5,-6,-10,-14,-18,-22,-26,-31,-30,-27,-23,-159
5,0,2045,2660,86,68,61,56,50,50,47,43,34,33,27,27,28,30,36,55,76,95,111,113,112,113,115,114,115,118,115,118,116,116,105,97,90,81,77,70,67,51,46,38,35,30,24,25,19,18,16,12,4,-5,-5,-7,-7,-7,-8,-5,-5,-3,-1,-2,-1,-5,-7,-9,-10,-12,-9,-3,-3,2,-2,-2,-6,-6,-5,-7,-11,-14,-17,-22,-26,-31,-30,-30,-25,-177
5,0,2046,2677,86,68,65,57,51,47,47,43,34,32,27,29,27,31,36,57,72,94,110,114,112,114,116,115,117,117,118,117,119,118,107,98,92,82,78,70,66,53,46,38,35,30,24,24,21,20,15,14,5,-2,-5,-3,-7,-6,-6,-4,-5,-2,0,0,-1,-5,-6,-9,-10,-10,-12,-3,-2,-2,-3,-5,-5,-7,-3,-7,-11,-14,-17,-22,-26,-31,-31,-32,-28,-189
5,0,2047,2693,87,70,62,57,50,48,47,43,35,32,27,28,26,33,36,56,73,95,111,114,113,115,115,116,118,116,118,118,118,118,107,99,91,85,76,70,64,55,49,39,38,32,24,25,23,20,16,10,5,-4,-4,-4,-6,-4,-4,-2,-5,-2,0,-1,-1,-4,-5,-6,-9,-10,-9,-7,-4,-2,-3,-3,-6,-8,-3,-6,-10,-15,-18,-23,-28,-31,-30,-31,-25,-197
5,0,2048,2685,87,69,62,57,51,47,47,44,34,32,28,28,27,32,38,57,74,95,109,115,112,114,116,115,120,119,118,120,117,120,107,99,92,84,79,70,67,55,47,38,37,32,24,25,21,20,17,12,4,-4,-3,-4,-3,-2,-5,-2,-3,0,0,-1,1,-4,-5,-7,-9,-10,-10,-7,-6,-2,-3,-4,-6,-9,-4,-7,-10,-16,-19,-24,-28,-33,-30,-32,-28,-210
5,0,2049,2713,87,69,65,57,50,49,46,44,35,32,28,27,28,30,35,57,74,97,112,114,113,115,115,117,120,120,121,121,116,119,110,101,93,86,78,70,67,55,49,40,36,32,26,26,20,21,17,12,5,-4,-3,-4,-3,-2,-2,0,1,0,1,-1,1,-4,-4,-7,-8,-9,-8,-7,-6,-6,-3,-4,-7,-7,-6,-6,-10,-16,-19,-24,-27,-32,-31,-32,-28,-217
5,0,2050,2719,86,70,63,57,50,47,47,45,35,32,28,27,28,31,36,56,74,98,112,115,113,115,115,118,119,119,121,122,117,119,108,101,93,86,79,70,67,55,50,39,38,33,26,26,23,21,18,11,4,-2,-3,-3,-2,-1,0,1,0,2,1,1,0,-3,-4,-4,-7,-9,-7,-5,-5,-3,-5,-6,-9,-11,-6,-7,-10,-15,-18,-24,-28,-32,-32,-32,-29,-227
5,0,2051,2709,86,69,63,58,51,47,47,44,35,32,28,27,26,30,36,57,74,97,113,115,114,116,116,119,120,121,121,123,121,119,108,102,93,86,80,70,67,56,50,39,37,33,26,26,21,22,18,11,6,-3,-2,-2,-2,-2,-1,1,1,1,2,2,1,-3,-3,-4,-8,-9,-7,-3,-6,-5,-6,-8,-9,-10,-8,-6,-11,-16,-18,-24,-27,-33,-33,-33,-32,-241
5,0,2052,2722,87,70,62,58,51,46,47,44,35,32,27,27,29,29,34,60,73,96,111,116,114,117,116,117,119,121,120,122,120,122,108,102,94,88,81,74,67,56,49,42,38,34,27,27,21,21,17,11,5,-3,-3,-1,-3,-2,-1,1,1,2,2,4,3,-3,-4,-3,-6,-8,-7,-4,-4,-5,-6,-6,-10,-9,-8,-7,-10,-17,-18,-24,-28,-32,-35,-34,-30,-244
5,0,2053,2758,87,70,62,58,51,47,47,44,35,33,27,27,28,29,36,59,77,97,113,116,114,116,116,117,118,121,121,123,121,124,110,102,95,88,81,75,68,56,50,41,39,33,27,27,24,22,17,11,8,-2,-3,-3,-3,-3,0,2,2,3,5,4,4,1,-3,-4,-4,-7,-6,-3,-2,-4,-5,-6,-9,-12,-7,-7,-12,-17,-19,-24,-28,-32,-33,-33,-32,-248
5,0,2054,2751,87,69,64,58,51,47,47,44,35,33,28,28,26,29,34,58,77,97,111,117,115,116,117,117,120,121,120,123,120,123,111,105,94,87,81,75,69,56,51,42,39,34,27,27,24,22,19,13,7,-3,-3,-1,-3,-1,-1,2,1,4,6,5,4,3,-1,-4,-7,-7,-6,-2,-3,-4,-6,-8,-11,-10,-9,-8,-12,-17,-18,-24,-28,-33,-37,-31,-33,-258
5,0,2055,2760,87,69,64,57,51,46,46,44,35,33,27,28,28,29,35,61,75,95,111,117,115,118,117,117,119,122,120,123,122,124,111,106,98,86,83,74,70,55,51,42,40,34,28,27,24,22,17,12,8,-1,-4,-3,-1,0,0,2,3,3,5,6,5,2,-1,-2,-5,-7,-4,-4,-3,-3,-5,-6,-9,-12,-8,-10,-12,-17,-21,-24,-29,-32,-37,-33,-31,-265
5,0,2056,2772,87,70,65,58,51,46,46,44,35,33,27,28,25,29,34,59,76,97,112,116,115,117,117,117,120,122,120,123,120,125,111,106,97,90,82,74,71,57,52,42,40,34,28,26,23,22,19,12,7,-2,-2,-1,-1,0,0,2,2,4,6,6,6,3,1,0,-2,-4,-4,-2,-2,-1,-5,-6,-8,-13,-7,-11,-14,-18,-19,-26,-29,-33,-36,-31,-32,-276
5,0,2057,2756,87,69,64,58,51,44,47,44,35,33,27,28,26,32,34,56,74,96,111,116,115,117,118,117,121,121,120,123,121,123,111,106,97,90,84,77,72,58,52,42,40,34,29,28,23,22,18,13,7,-1,-1,-1,-2,0,0,1,2,3,6,6,6,3,3,0,-1,-3,-5,-5,-3,-3,-5,-6,-10,-10,-6,-9,-14,-20,-21,-26,-29,-34,-38,-34,-33,-285
5,0,2058,2766,87,69,64,58,51,47,46,45,35,32,27,28,26,32,35,58,73,97,112,117,116,117,116,118,120,122,120,123,121,121,110,106,98,90,85,75,71,59,52,42,41,35,29,27,23,23,18,13,8,-1,-1,-1,-1,0,-1,1,2,4,5,6,7,4,3,0,0,-3,-1,-5,-3,-1,-3,-6,-8,-12,-7,-10,-14,-18,-23,-27,-30,-36,-38,-36,-32,-286
5,0,2059,2772,87,70,65,59,51,46,45,45,35,32,27,27,26,31,35,58,75,98,112,117,116,118,117,118,120,122,120,122,121,122,111,107,98,90,84,76,72,59,52,42,40,35,29,27,23,23,19,12,7,-1,1,0,-1,0,-1,1,3,5,6,5,7,4,3,0,1,-1,1,1,-3,-1,-4,-7,-8,-11,-7,-10,-13,-18,-22,-29,-30,-37,-38,-38,-35,-294
5,0,2060,2776,87,70,64,59,51,45,46,45,36,32,27,28,27,27,35,56,77,98,112,117,116,118,117,118,120,122,119,122,120,123,111,107,98,90,83,76,70,60,53,43,39,37,29,27,23,23,19,13,7,-2,0,-1,-1,0,0,2,3,5,6,5,6,5,4,1,1,0,1,1,1,-1,-5,-6,-8,-11,-5,-9,-13,-18,-23,-28,-32,-38,-38,-38,-33,-297
5,1,2023,747,39,13,8,6,5,10,5,10,5,8,7,9,15,5,10,13,18,26,31,30,18,30,16,37,32,38,51,39,42,51,37,16,25,29,19,22,11,10,5,-9,-1,-8,-9,-5,2,2,3,1,-5,-4,-8,-12,-10,-8,0,2,-1,4,-3,-1,0,3,-12,3,0,1,3,8,-1,-14,11,3,11,10,-6,9,8,-1,5,4,2,-1,0,-1,-10,-19
5,1,2024,732,40,36,10,8,8,10,5,10,5,7,6,4,8,14,9,16,18,26,26,31,28,22,33,22,35,36,37,50,44,45,45,28,18,22,23,17,18,3,5,-2,-7,-5,-8,-4,-5,3,2,0,-5,-8,-5,-11,-11,-7,-8,3,-2,0,5,-4,-2,-2,1,-9,2,1,1,4,9,0,-14,8,1,10,7,-5,7,4,-4,3,1,-1,-2,-1,-6,-30
5,1,2025,761,40,35,28,11,11,11,8,11,6,7,9,6,6,11,15,16,21,28,22,28,28,30,25,38,23,43,37,37,49,47,42,35,32,23,17,19,11,12,-2,-3,-1,-8,-5,-3,-3,-4,0,-2,-7,-8,-9,-7,-10,-7,-7,-4,0,-1,0,4,-5,-3,-4,1,-8,2,3,1,2,7,0,-11,8,4,8,6,-3,2,1,-4,0,-3,-2,0,-2,-30
5,1,2026,808,40,35,29,25,12,14,11,10,9,7,8,6,7,7,11,18,21,32,33,24,28,30,31,29,37,29,46,37,40,51,43,34,39,33,24,15,15,5,10,-7,0,-3,-6,-1,-3,-3,-5,-3,-8,-10,-8,-10,-6,-7,-5,-4,-7,2,-1,1,3,-8,-2,-3,-1,-7,2,5,0,2,7,-2,-9,5,6,7,4,-1,0,-1,-6,-4,-4,-1,-2,-23
5,1,2027,849,40,36,29,25,25,15,10,12,10,8,8,7,8,10,7,18,26,32,34,37,23,30,34,36,30,42,30,45,42,44,48,36,35,37,28,20,15,8,6,3,-3,-3,-4,-1,0,-2,-3,-10,-9,-14,-11,-9,-9,-5,-5,-3,-6,-5,2,-1,1,0,-11,0,-2,-1,-6,0,4,4,1,6,-4,-3,4,5,3,1,-1,-2,-4,-7,-3,-2,-2,-20
5,1,2028,895,41,36,30,25,23,26,11,14,9,13,9,4,10,7,16,17,23,34,34,38,33,31,34,41,38,41,41,38,47,47,41,39,38,32,32,24,16,9,7,2,3,-3,-6,1,1,-2,-3,-4,-14,-12,-14,-12,-9,-8,-6,-1,-3,-3,-6,1,-1,-1,-2,-9,-1,-1,0,-5,0,4,4,1,4,-3,2,3,2,0,-1,-3,-6,-7,-6,-3,-3,-24
5,1,2029,924,41,36,29,26,23,27,20,12,9,8,12,9,2,9,10,19,24,35,36,39,34,35,38,41,43,46,47,41,48,50,41,35,40,36,28,28,19,10,9,3,3,1,-4,0,1,0,-3,-5,-10,-15,-13,-13,-12,-7,-7,-2,-3,-3,-5,-4,0,-1,-3,-2,-10,-1,-1,-2,-2,1,3,2,1,2,-3,1,0,-2,-2,-5,-7,-8,-7,-3,-3,-21
5,1,2030,947,41,37,30,26,23,27,20,21,9,11,8,10,10,6,14,16,24,34,37,40,38,38,38,44,43,48,48,45,47,53,47,36,36,37,31,25,23,13,14,6,4,1,-2,0,1,-1,-2,-6,-11,-15,-17,-13,-13,-10,-8,-4,-4,-3,-1,-3,-2,-3,-2,-3,-3,-10,-1,-2,0,1,1,1,1,-1,2,-3,0,-3,-4,-6,-8,-9,-9,-7,-6,-24
5,1,2031,949,41,35,29,26,24,27,20,21,14,10,11,8,10,8,14,19,23,33,36,39,35,38,41,45,44,48,50,48,48,51,48,38,39,37,33,27,23,17,15,8,6,1,-1,1,1,0,-3,-5,-12,-16,-15,-16,-13,-11,-10,-4,-6,-3,-3,-3,-3,-4,-4,-4,-4,-3,-6,-1,-2,-1,1,0,-1,-1,0,-1,-2,-3,-5,-7,-9,-12,-8,-7,-6,-27
5,1,2032,917,41,37,31,26,24,27,21,21,14,13,10,9,7,7,11,17,24,35,35,40,37,38,40,44,44,49,48,45,49,51,46,39,37,37,32,28,23,15,17,11,10,3,-1,2,0,1,-2,-4,-11,-15,-16,-16,-16,-12,-10,-6,-5,-4,-4,-3,-4,-5,-6,-5,-4,-5,-4,-4,-4,-1,0,-2,-2,-2,-2,-2,-3,-6,-6,-8,-10,-13,-11,-8,-8,-29
5,1,2033,927,41,36,31,26,24,26,21,21,14,13,11,9,7,7,10,18,23,33,37,40,37,39,40,47,44,49,48,46,48,52,47,38,41,36,32,29,24,17,15,13,11,7,1,2,2,0,-1,-4,-11,-15,-15,-16,-15,-14,-10,-6,-6,-3,-2,-3,-3,-5,-6,-6,-5,-5,-5,-4,-3,-2,-2,-2,-2,-3,-2,-3,-4,-6,-7,-8,-10,-13,-11,-8,-7,-33
5,1,2034,950,41,37,30,26,24,26,21,22,15,13,12,11,9,8,10,22,22,33,37,42,37,40,42,45,45,50,49,47,50,54,49,39,42,37,32,29,26,18,19,11,13,9,3,3,2,1,-1,-4,-11,-14,-14,-16,-16,-13,-12,-6,-7,-6,-3,-3,-3,-5,-6,-6,-6,-5,-4,-4,-3,-2,-2,-2,-4,-2,-2,-3,-5,-6,-8,-9,-10,-13,-12,-9,-7,-39
5,1,2035,966,42,36,31,27,24,27,21,22,15,13,12,10,12,11,9,18,23,35,39,41,37,39,42,47,47,50,50,48,49,52,48,40,41,39,34,29,26,19,19,13,13,10,5,6,4,1,1,-3,-9,-13,-15,-14,-15,-12,-12,-8,-8,-6,-4,-3,-4,-5,-5,-6,-6,-7,-5,-3,-3,-3,-1,-4,-2,-2,-3,-3,-5,-7,-8,-10,-11,-13,-14,-9,-8,-42
5,1,2036,981,42,36,30,26,24,27,22,22,15,13,12,11,11,9,13,20,25,34,39,41,38,40,42,47,46,51,50,47,49,54,48,41,42,40,35,30,25,19,18,13,14,10,6,8,6,3,0,-1,-10,-12,-14,-14,-12,-12,-12,-7,-10,-5,-4,-4,-3,-6,-5,-6,-6,-5,-5,-4,-4,-3,-2,-4,-2,-2,-4,-3,-5,-7,-8,-11,-12,-14,-11,-10,-8,-46
5,1,2037,970,42,37,31,27,24,27,22,22,15,13,11,10,10,8,16,19,24,36,39,41,39,41,42,47,47,51,49,48,51,53,49,40,41,39,35,31,27,19,18,15,15,11,7,9,7,5,1,-3,-8,-12,-12,-15,-13,-11,-12,-7,-9,-8,-5,-4,-4,-6,-6,-5,-6,-5,-5,-5,-3,-4,-1,-3,-5,-3,-3,-4,-5,-9,-10,-12,-13,-15,-14,-11,-10,-55
5,1,2038,988,42,37,31,28,25,27,21,22,15,13,11,11,11,8,13,22,24,36,39,43,39,41,44,47,48,52,50,48,51,53,49,41,42,38,35,31,26,19,18,12,16,12,8,10,8,6,3,-1,-9,-11,-13,-12,-14,-11,-10,-7,-9,-7,-6,-4,-4,-6,-6,-5,-6,-5,-5,-5,-4,-4,-1,-3,-3,-3,-4,-3,-7,-8,-10,-12,-13,-16,-16,-12,-9,-54
5,1,2039,1013,42,36,32,28,25,25,21,22,15,13,12,11,10,9,13,22,26,35,39,44,40,41,45,47,49,53,51,49,52,54,51,42,43,38,35,31,28,21,17,16,16,13,8,10,9,7,5,1,-6,-11,-12,-12,-12,-11,-11,-6,-8,-7,-5,-6,-4,-5,-7,-5,-6,-5,-5,-4,-4,-3,-2,-3,-5,-4,-4,-4,-6,-9,-10,-13,-14,-17,-14,-11,-11,-57
5,1,2040,1027,43,36,32,27,25,24,22,22,15,13,11,12,9,9,12,21,26,37,40,43,42,42,45,49,49,53,51,50,52,55,50,43,43,40,36,32,28,21,20,17,17,13,10,11,9,7,6,1,-4,-10,-12,-10,-13,-10,-11,-7,-8,-7,-5,-5,-6,-5,-6,-6,-5,-6,-4,-4,-4,-2,-4,-3,-3,-4,-4,-4,-6,-9,-11,-12,-15,-18,-17,-13,-11,-60
5,1,2041,1034,43,36,31,26,25,25,22,22,15,13,11,11,9,9,12,22,26,37,42,44,42,44,46,49,49,52,52,50,51,54,51,42,45,40,37,32,27,22,21,15,17,14,10,11,10,9,6,4,-3,-8,-9,-12,-11,-10,-9,-6,-7,-6,-4,-5,-5,-7,-7,-7,-6,-6,-7,-4,-4,-3,-4,-5,-4,-3,-4,-4,-6,-9,-10,-13,-14,-17,-18,-14,-13,-65
5,1,2042,1058,43,37,32,28,25,28,22,22,15,13,11,10,11,8,13,21,27,37,43,48,42,46,47,49,49,54,53,49,52,54,51,43,45,40,36,33,27,21,20,17,18,16,9,11,11,9,7,4,-2,-7,-7,-10,-11,-9,-10,-4,-7,-6,-4,-4,-5,-7,-9,-7,-7,-7,-5,-6,-5,-2,-3,-3,-3,-4,-4,-4,-6,-10,-11,-13,-15,-18,-18,-13,-13,-70
5,1,2043,1058,43,38,32,28,25,27,22,23,15,13,12,11,11,9,12,22,28,37,43,47,44,44,46,51,50,54,51,50,49,54,51,43,45,40,37,33,27,22,21,16,19,16,11,11,11,9,7,5,-1,-6,-6,-8,-9,-9,-8,-4,-6,-5,-4,-3,-5,-6,-8,-8,-8,-7,-7,-5,-4,-3,-3,-2,-3,-5,-5,-4,-7,-9,-12,-13,-16,-20,-16,-18,-14,-80
5,1,2044,1065,43,36,32,28,25,25,22,23,16,13,11,11,11,9,13,20,28,38,42,47,44,46,48,51,51,54,50,50,52,55,53,43,45,41,38,33,28,22,22,15,18,15,11,12,11,9,8,4,0,-5,-5,-7,-7,-8,-8,-4,-6,-5,-4,-3,-3,-6,-8,-8,-10,-7,-6,-7,-4,-5,-3,-3,-5,-5,-4,-4,-7,-9,-12,-13,-16,-19,-18,-17,-14,-82
5,1,2045,1074,43,36,32,28,25,27,23,22,15,14,11,11,10,10,12,20,27,37,43,47,44,47,51,52,51,56,52,52,51,54,52,44,46,41,38,34,28,21,20,16,18,15,12,13,12,10,7,5,-1,-5,-5,-6,-6,-6,-7,-4,-5,-4,-3,-3,-3,-6,-7,-8,-8,-9,-7,-6,-5,-2,-3,-2,-5,-6,-5,-6,-7,-9,-12,-13,-16,-20,-19,-19,-15,-88
5,1,2046,1085,43,36,33,29,26,25,23,22,15,14,12,11,10,9,13,21,28,37,43,48,45,48,51,52,51,56,53,51,52,57,52,44,47,42,38,34,30,22,20,16,18,15,12,14,12,11,7,5,0,-4,-5,-5,-6,-5,-6,-4,-5,-4,-3,-2,-3,-6,-7,-8,-8,-9,-10,-7,-5,-4,-4,-5,-4,-5,-3,-6,-7,-9,-12,-13,-16,-20,-19,-19,-16,-94
5,1,2047,1105,44,37,32,29,26,25,23,22,16,14,12,11,9,8,12,22,28,37,43,48,45,48,51,54,52,55,54,52,51,55,52,46,45,44,39,34,29,24,22,16,20,17,12,14,12,11,9,5,0,-3,-4,-4,-5,-4,-5,-2,-5,-4,-2,-2,-3,-5,-6,-7,-8,-8,-9,-9,-6,-4,-4,-3,-5,-5,-4,-5,-7,-10,-12,-14,-17,-20,-19,-18,-16,-97
5,1,2048,1109,44,36,32,29,26,24,23,23,15,14,12,11,10,10,14,22,29,37,43,48,45,47,52,53,54,57,53,54,51,57,53,46,47,43,39,34,30,24,20,15,19,17,12,14,12,11,7,6,0,-3,-3,-5,-4,-4,-5,-2,-3,-3,-2,-2,-2,-5,-6,-7,-7,-8,-9,-7,-6,-4,-4,-4,-5,-6,-4,-6,-6,-10,-13,-15,-17,-21,-18,-17,-16,-106
5,1,2049,1116,44,36,33,29,26,26,22,22,15,14,12,10,10,8,12,21,28,39,45,47,45,48,51,54,54,57,55,54,51,56,54,46,47,44,39,34,30,24,22,16,18,17,12,14,12,12,9,6,1,-4,-3,-4,-4,-4,-3,-1,-2,-2,-1,-2,-2,-5,-5,-7,-8,-7,-7,-7,-7,-7,-4,-4,-5,-4,-6,-5,-6,-10,-13,-15,-17,-21,-20,-18,-16,-109
5,1,2050,1116,44,37,32,28,26,25,23,23,15,14,12,10,11,8,14,20,29,40,43,48,46,48,51,53,53,56,55,54,51,56,52,46,48,44,40,34,30,24,23,16,19,17,12,14,13,12,9,5,0,-2,-4,-4,-3,-3,-3,-1,-2,-1,-1,0,-2,-4,-5,-5,-7,-7,-8,-6,-7,-6,-4,-5,-7,-6,-6,-6,-6,-10,-12,-15,-18,-21,-19,-18,-17,-116
5,1,2051,1112,44,36,32,29,27,25,23,22,15,14,12,10,10,8,12,21,28,39,44,47,46,49,52,54,53,58,54,55,53,56,52,46,48,44,40,35,30,24,23,16,18,17,13,14,13,12,9,5,1,-2,-2,-4,-3,-2,-4,-1,-2,-1,0,0,-1,-4,-4,-5,-7,-7,-7,-6,-7,-7,-6,-7,-7,-6,-7,-5,-7,-10,-12,-15,-18,-22,-20,-20,-20,-118
5,1,2052,1125,44,37,32,29,27,24,23,22,15,14,11,10,10,8,12,22,28,38,44,48,46,49,51,54,53,58,54,54,52,57,53,47,48,45,40,37,29,24,22,18,18,18,14,15,13,12,9,6,0,-2,-3,-2,-3,-3,-3,-1,-2,-1,0,1,-1,-4,-4,-4,-6,-6,-7,-6,-5,-7,-5,-5,-7,-6,-7,-6,-6,-11,-12,-15,-18,-22,-21,-21,-17,-121
5,1,2053,1140,44,37,32,29,26,25,23,22,15,14,11,10,11,8,14,22,30,38,44,48,46,48,51,54,53,58,54,55,53,59,54,47,48,45,40,37,29,24,23,17,19,18,14,15,14,12,9,6,1,-2,-3,-3,-3,-3,-3,0,-1,0,1,1,0,-1,-4,-5,-5,-6,-7,-6,-6,-6,-4,-5,-7,-8,-6,-6,-8,-11,-13,-15,-18,-22,-21,-18,-18,-124
5,1,2054,1142,44,36,33,29,26,25,23,22,15,14,12,11,10,8,13,21,31,38,45,49,46,48,53,55,54,57,54,55,52,58,55,49,48,44,41,37,30,24,22,18,19,19,14,15,14,12,9,6,2,-3,-3,-2,-4,-2,-3,0,-1,0,2,1,0,-1,-3,-4,-6,-5,-7,-5,-6,-7,-5,-7,-7,-6,-9,-6,-8,-11,-12,-15,-18,-22,-22,-17,-19,-130
5,1,2055,1152,44,36,33,28,26,24,23,22,15,14,11,11,11,8,12,21,30,38,45,49,46,50,53,54,53,58,54,55,54,59,55,49,50,44,41,37,31,24,22,18,20,19,15,15,14,12,9,6,2,-1,-3,-3,-3,-2,-2,0,-1,0,1,2,1,-1,-3,-2,-5,-6,-5,-6,-6,-6,-5,-5,-6,-6,-7,-8,-8,-11,-14,-15,-19,-22,-21,-20,-17,-133
5,1,2056,1150,44,37,33,29,26,24,23,22,15,14,11,11,11,8,12,21,30,38,45,48,46,49,53,55,54,58,54,55,52,60,55,49,50,46,41,36,31,25,23,18,20,18,15,14,14,12,9,6,2,-2,-3,-2,-3,-2,-2,0,-1,0,2,2,1,-1,-2,-2,-3,-5,-6,-4,-5,-5,-5,-5,-5,-9,-7,-9,-10,-11,-13,-16,-19,-23,-22,-19,-19,-137
5,1,2057,1145,44,36,33,29,26,24,23,22,15,14,11,10,12,8,12,20,30,38,44,48,47,49,52,55,54,58,54,54,52,59,54,49,50,46,42,36,31,25,23,18,20,18,15,15,14,12,9,8,2,-2,-1,-2,-3,-2,-2,-1,-1,0,2,2,1,-1,-1,-1,-3,-3,-6,-5,-5,-6,-5,-5,-6,-7,-6,-7,-10,-13,-14,-16,-19,-23,-23,-22,-19,-140
5,1,2058,1154,44,36,33,29,26,26,23,23,15,14,11,11,11,8,12,21,29,40,44,48,47,49,51,55,54,59,53,54,52,58,54,49,51,46,43,37,31,26,23,18,21,19,15,14,14,12,9,6,3,-2,-1,-2,-3,-2,-3,-1,-1,0,1,2,2,0,-1,-1,-2,-3,-3,-5,-5,-4,-3,-5,-5,-9,-7,-8,-10,-11,-15,-17,-19,-23,-23,-24,-17,-143
5,1,2059,1153,45,36,33,30,26,25,23,23,15,14,11,10,10,8,12,21,30,40,44,48,47,49,51,56,53,58,55,54,52,58,54,49,51,46,43,37,32,26,23,17,20,19,15,14,14,12,9,7,2,-1,-1,-2,-2,-2,-3,-1,0,1,2,2,2,0,-1,-1,-2,-2,-2,-3,-5,-4,-4,-6,-6,-7,-7,-8,-9,-11,-15,-18,-20,-24,-23,-24,-19,-148
5,1,2060,1163,45,36,33,30,26,24,24,23,16,14,11,11,11,8,12,20,30,40,45,48,47,49,51,56,53,59,53,55,51,57,54,50,51,46,43,37,33,27,24,18,18,20,15,14,14,12,10,7,2,-2,-1,-2,-2,-2,-3,-1,0,1,2,2,1,0,0,-1,-2,-2,-2,-2,-2,-4,-5,-5,-5,-7,-6,-7,-9,-11,-15,-18,-21,-24,-24,-22,-18,-151
5,2,2023,1439,42,20,19,17,16,15,13,11,15,17,12,16,13,17,18,30,36,48,57,64,56,48,54,49,50,53,61,51,49,51,38,37,44,31,37,30,26,18,10,13,11,11,9,8,4,7,6,6,6,-5,0,3,-2,1,6,-2,7,8,-5,8,-8,0,7,0,9,8,11,14,1,-3,15,10,10,-10,9,11,8,8,-6,5,6,3,3,-2,1,-60
5,2,2024,1431,42,31,18,17,16,16,15,15,13,15,13,15,12,18,18,28,40,46,55,54,62,55,46,51,53,47,59,56,49,44,44,36,35,41,32,34,29,17,15,7,9,10,4,10,6,4,6,5,3,0,-4,3,3,-3,4,6,-2,8,9,-5,7,-10,0,7,-1,6,8,13,12,0,-8,13,13,9,-9,7,8,5,7,-10,3,2,3,1,-2,-38
5,2,2025,1482,40,31,27,17,16,17,16,16,14,17,11,15,12,18,20,29,37,50,52,53,52,62,56,46,56,50,52,58,59,45,35,43,29,35,43,30,31,18,16,11,6,10,6,6,7,7,4,6,3,2,3,0,3,4,-3,3,6,2,7,8,-1,6,-4,1,6,-3,8,8,12,11,-1,-8,11,11,9,-5,4,5,4,2,-8,3,3,1,1,-19
5,2,2026,1497,40,31,28,25,16,17,17,15,16,18,13,15,12,18,18,32,39,47,58,49,49,54,59,54,51,52,57,52,60,55,42,34,37,26,36,38,29,23,15,13,7,7,6,5,3,7,7,3,6,-3,1,3,-1,1,3,-6,3,5,6,6,8,1,5,2,6,4,-2,12,9,12,7,0,-8,9,9,8,2,1,4,0,1,-8,3,0,0,-17
5,2,2027,1518,41,31,28,26,22,18,18,14,16,17,12,15,13,18,21,30,40,50,54,55,49,51,54,58,57,48,58,58,53,58,48,47,34,34,30,33,32,21,19,12,10,8,8,5,2,5,5,4,3,0,-1,1,3,-1,3,3,-5,3,5,6,6,6,0,4,2,6,6,-1,11,9,7,5,-1,0,7,6,6,3,0,0,2,2,-8,-1,-2,-17
5,2,2028,1528,41,32,28,26,23,23,17,17,14,19,11,15,14,21,19,33,40,52,58,49,54,54,47,54,62,52,56,55,60,55,51,48,41,33,36,29,29,23,17,15,11,10,6,7,5,5,3,3,2,-1,-2,-3,0,3,0,3,2,-4,3,4,6,5,4,2,3,2,6,4,-2,10,5,5,4,1,7,5,4,2,2,-3,-1,-2,1,-6,-1,-15
5,2,2029,1560,41,31,29,25,23,21,23,16,16,18,14,16,16,21,20,35,42,51,62,57,55,58,57,48,59,57,60,56,56,58,50,49,41,35,35,34,30,23,18,11,12,10,6,6,6,7,4,3,2,-3,-1,-2,-2,-1,2,0,2,5,-2,2,4,4,4,5,1,1,4,7,6,-3,5,3,3,4,2,5,3,1,1,-2,-1,-2,2,-3,-3,-14
5,2,2030,1566,41,31,28,26,23,22,23,19,18,18,11,16,15,21,21,34,45,52,62,62,58,60,57,56,56,56,64,59,58,53,51,47,42,37,36,34,32,23,20,14,9,10,7,8,4,8,2,6,2,-1,-3,-2,0,-1,0,-1,2,4,3,3,4,2,3,3,3,0,2,7,6,4,-6,3,2,4,2,3,2,-1,-1,-2,-3,-3,-2,-4,-3,-20
5,2,2031,1540,41,32,28,26,23,22,23,20,18,19,13,15,13,21,22,34,43,53,63,59,60,60,57,56,59,55,63,62,59,57,45,47,41,36,36,36,32,24,20,15,10,8,6,6,6,5,4,2,-2,-3,-3,-4,-1,1,0,-1,1,3,2,2,4,1,2,3,2,1,3,4,6,5,0,-2,1,3,3,1,1,-2,-2,-4,-4,-2,-4,-5,-4,-21
5,2,2032,1470,42,32,28,27,23,21,23,20,18,17,12,15,13,20,22,34,41,52,62,59,59,59,58,55,59,53,61,61,60,56,49,44,39,35,35,34,32,25,21,15,11,8,5,6,6,3,4,1,0,-6,-7,-5,-5,-3,-2,-2,0,2,3,1,3,0,0,1,1,0,3,4,2,4,2,1,0,2,2,1,-1,-4,-3,-5,-4,-6,-6,-4,-6,-28
5,2,2033,1499,42,31,28,27,23,24,23,20,18,17,14,13,18,21,22,36,42,53,62,60,59,61,57,57,60,53,61,60,60,57,50,47,39,35,36,34,34,26,22,17,13,10,6,6,3,5,7,1,1,-3,-7,-5,-4,-5,-3,-2,-1,2,1,1,3,1,1,2,1,2,2,3,3,4,2,1,0,2,1,1,-1,-4,-4,-6,-6,-7,-7,-5,-6,-29
5,2,2034,1532,42,31,28,27,24,21,23,20,18,18,14,17,16,20,22,34,43,53,63,60,60,61,58,58,60,55,62,62,60,57,49,48,40,35,35,33,34,27,23,17,13,10,8,6,4,9,8,6,3,-3,-3,-4,-5,-3,-3,-2,-1,1,1,1,3,2,2,2,1,0,1,5,4,5,1,1,0,3,0,1,0,-4,-4,-6,-5,-6,-7,-3,-6,-32
5,2,2035,1536,42,31,29,27,24,21,23,20,18,18,14,17,16,19,24,33,43,53,63,60,62,60,59,57,60,57,64,61,61,58,51,48,40,36,35,34,34,27,24,18,14,10,8,8,3,6,7,1,2,-5,-4,1,-2,0,-2,-3,0,2,1,1,3,1,2,1,1,-1,1,5,5,5,1,1,0,-1,2,0,0,-3,-4,-7,-7,-8,-6,-5,-5,-34
5,2,2036,1519,42,31,31,27,24,22,23,20,18,18,15,17,14,20,24,34,42,53,64,61,63,61,59,57,60,57,65,62,62,57,52,48,41,37,35,33,34,27,23,19,15,12,9,8,5,5,5,4,1,-6,-5,-3,-3,-3,-3,-2,-1,0,1,1,2,1,2,2,1,-1,2,4,3,5,1,-1,-2,1,1,-1,-1,-3,-5,-7,-5,-7,-7,-6,-7,-45
5,2,2037,1529,43,32,31,27,24,22,23,20,18,18,15,16,13,22,24,35,42,54,64,62,62,61,60,58,62,57,64,63,61,57,52,50,41,37,36,35,34,26,24,19,16,13,9,8,7,6,5,4,1,-4,-4,-3,-3,-4,-3,-2,0,0,1,2,2,1,2,1,1,-1,2,2,3,5,1,-1,-2,0,1,-1,-2,-4,-4,-7,-9,-8,-7,-8,-6,-45
5,2,2038,1564,43,32,29,27,24,22,24,21,19,18,15,16,15,22,23,36,42,56,65,63,63,62,60,59,61,58,64,64,64,58,52,49,43,38,38,37,36,26,24,20,16,14,10,9,7,8,7,4,1,-3,0,-4,-2,-4,-1,-2,-1,1,1,1,3,1,1,1,0,1,2,3,3,5,1,-1,-2,1,1,-1,-2,-4,-4,-7,-8,-6,-7,-9,-5,-53
5,2,2039,1556,43,32,29,27,24,22,24,21,19,19,15,16,16,21,26,35,45,55,65,64,64,62,61,61,61,58,65,65,65,59,52,49,42,39,37,36,36,29,24,20,16,13,11,9,7,7,7,5,-1,-4,-5,-3,-3,-1,-1,-1,-1,0,1,0,3,1,0,1,-1,0,1,5,1,3,-1,-1,-2,1,1,-1,-2,-5,-4,-7,-8,-9,-8,-9,-5,-57
5,2,2040,1567,43,32,30,28,24,23,24,21,19,19,15,17,15,20,24,35,44,57,66,65,65,62,61,61,62,58,65,64,64,58,53,51,42,39,38,38,36,29,24,20,16,14,11,11,8,8,5,6,2,-3,-5,-2,-2,0,-1,-1,-1,2,1,1,2,0,1,0,0,-1,0,5,3,4,0,-1,-2,2,1,-1,-2,-5,-5,-8,-8,-9,-10,-11,-7,-62
5,2,2041,1571,43,32,30,28,24,23,24,21,19,19,16,19,17,21,25,37,44,56,67,65,65,62,62,61,62,59,63,66,64,60,52,51,43,38,38,36,35,28,25,20,16,13,11,11,8,9,8,3,3,-1,-4,-4,0,-2,-2,0,-1,2,1,0,2,-1,1,1,-1,0,2,4,4,3,0,-1,-2,0,1,-1,-2,-5,-5,-9,-10,-9,-9,-10,-10,-63
5,2,2042,1566,42,32,31,28,25,21,24,21,19,19,16,18,17,21,24,35,46,58,66,65,65,64,62,61,63,59,64,66,65,60,52,51,43,40,38,38,37,28,25,21,16,13,11,11,7,9,7,5,4,0,-3,-4,-2,-2,-1,-1,0,2,1,0,2,0,0,-1,-2,0,0,4,4,3,2,-1,-3,1,1,-1,-2,-5,-6,-9,-10,-10,-10,-12,-8,-74
5,2,2043,1582,43,32,31,28,24,22,24,21,19,19,16,16,17,20,23,35,46,57,67,66,66,65,63,61,64,59,63,67,66,62,56,51,44,40,38,37,37,29,25,20,17,14,11,11,8,9,7,5,4,1,-1,-1,-3,-2,-1,-1,0,0,1,1,2,-1,0,-1,0,0,0,3,4,5,2,-1,-2,1,1,-1,-3,-5,-6,-9,-10,-11,-12,-11,-8,-74
5,2,2044,1587,43,33,30,28,25,22,24,21,19,19,16,16,16,22,24,37,43,57,68,67,68,66,64,61,63,59,64,66,65,61,53,53,43,40,38,37,36,29,25,21,17,15,12,12,9,9,7,6,6,0,-1,0,-1,-3,0,0,0,0,2,0,2,-1,0,0,-1,-1,0,3,3,5,1,1,-2,1,-1,-2,-3,-5,-6,-9,-10,-12,-12,-10,-9,-77
5,2,2045,1586,43,32,29,28,25,23,24,21,19,19,16,16,18,20,24,35,49,58,68,66,68,66,64,62,64,62,63,66,65,62,53,53,44,40,39,36,39,30,26,22,17,15,12,12,7,8,9,7,5,0,0,-1,-1,-1,-1,-1,0,1,2,1,2,1,0,-1,-2,-3,-2,3,2,4,1,0,-1,0,0,-1,-4,-5,-5,-9,-10,-11,-11,-11,-10,-89
5,2,2046,1592,43,32,32,28,25,22,24,21,19,18,15,18,17,22,23,36,44,57,67,66,67,66,65,63,66,61,65,66,67,61,55,54,45,40,40,36,36,31,26,22,17,15,12,10,9,9,8,9,5,2,0,2,-1,-1,0,0,0,2,3,2,2,1,1,-1,-2,-1,-2,4,3,2,1,0,-1,-2,0,-1,-4,-5,-5,-9,-10,-11,-12,-13,-12,-95
5,2,2047,1588,43,33,30,28,24,23,24,21,19,18,15,17,17,25,24,34,45,58,68,66,68,67,64,62,66,61,64,66,67,63,55,53,46,41,37,36,35,31,27,23,18,15,12,11,11,9,7,5,5,-1,0,0,-1,0,1,0,0,2,2,1,2,1,1,1,-1,-2,0,2,2,2,1,0,-1,-3,1,-1,-3,-5,-6,-9,-11,-11,-11,-13,-9,-100
5,2,2048,1576,43,33,30,28,25,23,24,21,19,18,16,17,17,22,24,35,45,58,66,67,67,67,64,62,66,62,65,66,66,63,54,53,45,41,40,36,37,31,27,23,18,15,12,11,9,9,10,6,4,-1,0,1,1,2,0,0,0,3,2,1,3,1,1,0,-2,-2,-1,0,0,2,1,0,-1,-3,0,-1,-4,-6,-6,-9,-11,-12,-12,-15,-12,-104
5,2,2049,1597,43,33,32,28,24,23,24,22,20,18,16,17,18,22,23,36,46,58,67,67,68,67,64,63,66,63,66,67,65,63,56,55,46,42,39,36,37,31,27,24,18,15,14,12,8,9,8,6,4,0,0,0,1,2,1,1,3,2,2,1,3,1,1,0,0,-2,-1,0,1,1,1,0,-2,-3,0,-1,-4,-6,-6,-9,-10,-11,-11,-14,-12,-108
5,2,2050,1603,42,33,31,29,24,22,24,22,20,18,16,17,17,23,22,36,45,58,69,67,67,67,64,65,66,63,66,68,66,63,56,55,45,42,39,36,37,31,27,23,19,16,14,12,10,9,9,6,4,0,1,1,1,2,3,2,2,3,2,1,2,1,1,1,0,-2,1,1,2,3,-1,-1,-2,-5,0,-1,-4,-5,-6,-9,-10,-11,-13,-14,-12,-111
5,2,2051,1597,42,33,31,29,24,22,24,22,20,18,16,17,16,22,24,36,46,58,69,68,68,67,64,65,67,63,67,68,68,63,56,56,45,42,40,35,37,32,27,23,19,16,13,12,8,10,9,6,5,-1,0,2,1,0,3,2,3,2,2,2,2,1,1,1,-1,-2,0,3,1,2,0,-1,-2,-4,-1,-1,-4,-6,-6,-9,-9,-11,-13,-13,-12,-123
5,2,2052,1597,43,33,30,29,24,22,24,22,20,18,16,17,19,21,22,38,45,58,67,68,68,68,65,63,66,63,66,68,68,65,55,55,46,43,41,37,38,32,27,24,20,16,13,12,8,9,8,5,5,-1,0,1,0,1,2,2,3,3,2,3,4,1,0,1,0,-2,0,2,1,2,-1,-1,-3,-3,-1,-1,-4,-6,-6,-9,-10,-10,-14,-13,-13,-123
5,2,2053,1618,43,33,30,29,25,22,24,22,20,19,16,17,17,21,22,37,47,59,69,68,68,68,65,63,65,63,67,68,68,65,56,55,47,43,41,38,39,32,27,24,20,15,13,12,10,10,8,5,7,0,0,0,0,0,3,2,3,3,4,3,4,2,1,1,1,-1,1,3,4,2,-1,-1,-2,-4,-1,-1,-4,-6,-6,-9,-10,-10,-12,-15,-14,-124
5,2,2054,1609,43,33,31,29,25,22,24,22,20,19,16,17,16,21,21,37,46,59,66,68,69,68,64,62,66,64,66,68,68,65,56,56,46,43,40,38,39,32,29,24,20,15,13,12,10,10,10,7,5,0,0,1,1,1,2,2,2,4,4,4,4,4,2,0,-1,-2,1,3,3,3,-1,-1,-4,-4,0,-2,-4,-6,-6,-9,-10,-11,-15,-14,-14,-128
5,2,2055,1608,43,33,31,29,25,22,23,22,20,19,16,17,17,21,23,40,45,57,66,68,69,68,64,63,66,64,66,68,68,65,56,57,48,42,42,37,39,31,29,24,20,15,13,12,10,10,8,6,6,0,-1,0,2,2,2,2,4,3,4,4,4,3,2,0,0,-1,1,2,3,3,0,-1,-3,-6,-1,-2,-4,-6,-7,-9,-10,-10,-16,-13,-14,-132
5,2,2056,1622,43,33,32,29,25,22,23,22,20,19,16,17,14,21,22,38,46,59,67,68,69,68,64,62,66,64,66,68,68,65,56,57,47,44,41,38,40,32,29,24,20,16,13,12,9,10,10,6,5,0,1,1,2,2,2,2,3,4,4,4,5,4,3,2,1,1,2,2,3,4,0,-1,-3,-4,0,-2,-4,-7,-6,-10,-10,-10,-14,-12,-13,-139
5,2,2057,1611,43,33,31,29,25,20,24,22,20,19,16,18,14,24,22,36,44,58,67,68,68,68,66,62,67,63,66,69,69,64,57,57,47,44,42,41,41,33,29,24,20,16,14,13,9,10,9,5,5,1,0,1,1,2,2,2,3,3,4,4,5,4,4,1,2,0,1,0,2,3,0,-1,-4,-3,0,-2,-4,-7,-7,-10,-10,-11,-15,-12,-14,-145
5,2,2058,1612,43,33,31,29,25,21,23,22,20,18,16,17,15,24,23,37,44,57,68,69,69,68,65,63,66,63,67,69,69,63,56,57,47,44,42,38,40,33,29,24,20,16,14,13,9,11,9,7,5,1,0,1,2,2,2,2,3,4,4,4,5,4,4,1,2,0,2,0,2,3,0,-1,-3,-3,0,-2,-4,-7,-8,-10,-11,-13,-15,-12,-15,-143
5,2,2059,1619,42,34,32,29,25,21,22,22,20,18,16,17,16,23,23,37,45,58,68,69,69,69,66,62,67,64,65,68,69,64,57,58,47,44,41,39,40,33,29,25,20,16,14,13,9,11,10,5,5,0,2,2,1,2,2,2,3,4,4,3,5,4,4,1,3,1,3,4,2,3,0,-1,-2,-4,0,-2,-4,-7,-7,-11,-10,-13,-15,-14,-16,-146
5,2,2060,1613,42,34,31,29,25,21,22,22,20,18,16,17,16,19,23,36,47,58,67,69,69,69,66,62,67,63,66,67,69,66,57,57,47,44,40,39,37,33,29,25,21,17,14,13,9,11,9,6,5,0,1,1,1,2,3,3,3,4,4,3,5,5,4,2,3,2,3,3,3,3,0,-1,-3,-4,1,-2,-4,-7,-8,-10,-11,-14,-14,-16,-15,-146
6,0,2023,10731,324,46,65,71,107,109,157,141,164,175,190,151,135,145,147,200,225,283,297,324,324,352,340,334,380,403,434,467,436,419,385,370,324,287,280,275,250,160,150,97,53,48,29,40,48,58,47,26,6,-15,-13,-21,-23,-8,9,27,21,54,43,43,52,30,59,18,44,30,21,40,48,29,-3,13,12,5,17,24,15,0,8,-5,5,11,-5,-17,-16,-99
6,0,2024,10905,324,225,67,84,116,112,155,142,166,172,182,155,149,136,157,204,234,263,295,326,360,341,378,367,351,422,451,438,466,429,385,356,344,299,271,255,228,186,146,109,61,54,34,40,40,50,39,19,5,-37,-19,-26,-12,-7,-4,29,38,15,47,43,39,39,40,41,-2,42,15,16,34,37,26,4,10,8,-1,7,23,15,-2,3,-11,6,-9,-9,-12,-109
6,0,2025,11100,328,224,212,86,116,114,151,142,164,166,169,152,147,146,156,212,247,284,267,317,374,368,355,416,383,384,462,445,442,443,400,365,344,311,278,251,217,164,163,113,83,64,42,43,39,45,34,13,-6,-37,-38,-30,-16,8,-2,8,38,36,20,46,39,32,43,33,22,6,33,16,24,28,40,25,-3,12,5,0,10,24,8,-2,-7,-9,-15,-14,-14,-104
6,0,2026,11463,331,227,217,204,120,124,155,147,167,169,180,148,153,144,167,221,257,294,289,299,365,385,385,394,427,417,456,456,443,439,415,380,357,331,294,258,211,160,143,130,89,76,58,47,50,50,24,2,-8,-43,-38,-42,-17,5,8,17,23,40,43,23,46,41,26,29,17,20,0,29,15,15,28,32,14,5,12,8,7,6,11,8,-7,-6,-20,-16,-16,-107
6,0,2027,11752,334,229,220,206,218,123,159,152,172,175,180,158,156,154,166,234,269,309,306,326,348,390,398,406,413,451,459,465,456,430,416,394,361,331,316,269,222,151,145,118,93,80,62,60,50,55,37,-6,-11,-42,-47,-46,-37,2,12,31,23,28,31,45,23,38,40,21,11,14,15,3,26,23,25,28,18,17,9,4,7,7,5,13,-8,-7,-21,-27,-20,-117
6,0,2028,11984,335,230,220,206,219,198,158,150,174,174,177,160,153,155,175,233,283,320,319,345,380,386,397,426,427,438,484,457,457,447,413,391,371,333,304,279,236,157,138,120,84,87,70,72,61,57,40,9,-23,-55,-49,-48,-32,-10,10,27,39,27,35,36,42,16,39,26,8,17,9,10,9,21,25,26,15,16,14,5,9,6,4,1,-4,-13,-20,-24,-21,-114
6,0,2029,12168,338,234,222,205,224,200,218,154,178,182,182,157,158,153,178,241,289,338,333,362,395,397,417,426,444,453,474,480,450,440,406,393,367,349,312,274,240,165,144,113,81,85,70,73,66,67,43,17,-11,-63,-48,-53,-36,-12,2,27,36,40,32,39,36,35,24,24,9,15,11,5,13,12,19,23,10,9,2,1,9,6,3,2,-13,-10,-28,-28,-24,-137
6,0,2030,12312,342,234,224,211,221,199,214,189,182,188,183,160,160,160,177,241,294,344,346,375,399,412,417,429,434,470,485,482,479,441,412,399,373,343,325,278,241,172,152,116,81,83,71,72,71,72,53,13,-10,-49,-58,-56,-38,-18,1,23,43,38,38,31,33,24,32,23,5,7,6,7,9,14,11,16,6,12,3,-7,9,0,3,2,-12,-14,-27,-35,-25,-154
6,0,2031,12404,343,238,228,215,223,200,216,193,208,199,177,162,162,160,184,243,304,346,353,392,420,423,425,437,446,468,501,488,482,463,414,396,374,346,326,288,245,180,161,118,84,80,69,70,72,81,52,22,-8,-49,-56,-67,-47,-26,-5,18,31,40,36,41,29,23,25,21,6,8,-1,-2,11,7,3,9,9,5,0,-3,-8,-1,-1,-3,-14,-20,-33,-40,-35,-176
6,0,2032,12417,344,238,229,212,220,205,218,192,210,202,177,165,165,163,186,247,307,355,358,391,429,435,431,452,448,475,505,497,488,475,435,398,378,349,330,288,247,187,157,130,84,81,67,75,73,76,58,21,1,-53,-56,-60,-56,-27,-11,10,27,31,36,35,27,15,14,10,-2,7,0,-6,2,3,1,2,-8,3,-5,-12,-10,-3,-10,-9,-16,-20,-36,-39,-34,-187
6,0,2033,12571,348,238,231,215,225,206,218,191,211,205,205,170,169,167,188,250,311,362,366,398,435,442,446,458,458,481,512,505,492,478,446,413,381,353,329,298,255,191,164,128,95,87,67,71,76,75,58,25,1,-40,-53,-62,-57,-38,-16,12,25,25,33,32,31,22,14,-2,-8,2,-2,-5,-1,4,2,7,0,-8,-16,-15,-12,-10,-11,-11,-21,-24,-37,-44,-34,-205
6,0,2034,12672,350,242,231,214,229,206,221,199,213,206,204,186,172,169,191,252,312,362,367,403,442,448,455,468,467,489,512,509,501,484,452,429,394,354,332,301,262,199,169,137,98,98,71,71,73,81,60,30,5,-44,-46,-55,-47,-32,-21,9,22,20,25,28,30,18,14,-1,-18,-5,-5,-6,-1,-7,-4,-1,-6,-6,-9,-16,-14,-13,-13,-16,-27,-30,-42,-47,-43,-239
6,0,2035,12844,353,247,235,221,229,206,220,204,215,207,203,189,185,168,190,259,319,366,372,411,446,454,463,479,477,492,533,518,504,488,457,434,413,372,338,302,265,203,177,143,108,97,80,76,67,74,58,30,4,-38,-47,-50,-44,-24,-17,4,17,22,24,25,28,19,15,3,-22,-8,-14,-7,-3,-5,-5,-1,-10,-6,-12,-20,-14,-17,-17,-18,-28,-31,-45,-50,-45,-266
6,0,2036,12973,355,247,233,221,230,206,220,197,216,207,205,192,188,184,193,260,322,369,379,416,454,467,474,488,489,511,536,529,515,490,463,437,414,383,352,314,265,208,185,148,107,99,81,85,72,75,61,30,6,-35,-39,-53,-36,-24,-15,7,13,20,23,18,19,13,12,0,-21,-15,-27,-13,-6,0,3,-3,-14,-10,-16,-20,-22,-13,-19,-21,-33,-38,-51,-56,-46,-287
6,0,2037,13088,359,250,237,220,231,210,220,200,221,210,202,190,189,181,208,265,320,373,388,423,463,469,476,495,492,519,548,536,521,501,468,448,418,387,368,323,272,205,188,150,116,108,88,85,83,83,58,25,9,-36,-42,-47,-36,-22,-8,6,15,11,17,18,18,10,8,0,-20,-15,-25,-20,-11,-4,-3,-6,-9,-12,-24,-29,-25,-18,-28,-27,-32,-43,-55,-62,-52,-303
6,0,2038,13169,361,252,239,220,232,210,222,200,215,208,205,190,192,186,210,276,322,378,387,425,466,473,485,503,498,525,558,547,527,514,474,447,427,390,365,332,287,215,193,158,121,110,91,93,87,90,61,19,5,-32,-41,-45,-36,-25,-6,10,24,17,14,18,15,2,4,-11,-21,-15,-19,-26,-20,-14,-10,0,-12,-16,-22,-23,-27,-22,-30,-29,-37,-48,-61,-70,-61,-347
6,0,2039,13315,363,254,240,226,234,212,221,202,217,210,202,194,191,186,210,277,344,386,390,434,469,483,492,501,502,535,561,555,537,522,482,457,427,397,371,339,293,227,194,161,123,120,100,94,90,91,65,29,1,-38,-42,-46,-36,-13,-7,14,25,21,23,13,13,1,2,-17,-25,-21,-24,-27,-19,-18,-14,-13,-14,-10,-24,-18,-25,-27,-30,-31,-44,-48,-62,-74,-64,-377
6,0,2040,13371,364,256,238,227,236,211,226,205,217,212,207,193,187,187,210,281,340,403,394,438,476,489,495,511,512,532,569,562,550,527,484,458,438,399,373,335,295,238,210,166,123,124,101,101,93,92,70,35,3,-43,-41,-47,-34,-18,0,12,30,22,22,13,5,-1,-7,-20,-33,-25,-24,-29,-19,-22,-20,-18,-14,-17,-22,-30,-26,-21,-33,-31,-46,-50,-68,-75,-70,-422
6,0,2041,13434,366,260,242,227,233,210,222,199,217,213,205,195,189,189,211,280,340,402,417,443,482,495,501,512,515,540,572,564,552,530,499,471,444,405,374,342,300,240,219,178,128,119,101,105,90,95,74,38,9,-37,-49,-46,-37,-18,-5,17,23,23,20,18,12,-4,-9,-28,-38,-31,-32,-24,-18,-18,-28,-14,-19,-12,-26,-25,-33,-30,-34,-36,-48,-59,-70,-79,-71,-455
6,0,2042,13469,368,262,245,226,232,210,218,202,217,206,203,192,191,185,212,279,339,403,417,464,478,494,501,517,521,544,581,567,559,535,497,470,442,408,378,342,304,240,221,182,138,126,105,108,97,101,72,40,11,-31,-40,-51,-43,-19,-1,18,28,19,26,19,16,1,-9,-25,-39,-39,-37,-29,-22,-21,-20,-18,-25,-23,-25,-25,-30,-25,-35,-38,-49,-60,-77,-82,-79,-491
6,0,2043,13480,369,260,240,226,229,208,221,200,216,207,198,191,191,187,210,280,341,408,413,464,511,496,507,524,528,550,583,569,567,537,502,477,453,411,383,346,305,247,224,186,144,134,105,105,97,104,75,42,13,-30,-37,-44,-37,-20,-3,14,25,24,24,24,14,0,-6,-33,-44,-42,-46,-35,-29,-21,-19,-20,-24,-24,-34,-31,-35,-30,-42,-42,-50,-62,-79,-92,-86,-532
6,0,2044,13513,372,263,244,224,234,209,217,198,214,206,198,192,187,185,211,279,342,405,419,466,510,524,510,525,532,557,592,576,566,544,506,480,461,418,392,354,308,243,224,189,143,143,117,105,97,103,79,46,8,-32,-36,-40,-42,-19,-3,14,24,24,26,22,20,-2,-9,-36,-51,-47,-46,-46,-38,-27,-21,-22,-28,-30,-33,-34,-38,-33,-39,-44,-53,-64,-79,-93,-90,-559
6,0,2045,13575,373,263,243,228,234,209,219,197,217,208,195,190,191,184,211,280,346,404,413,465,505,525,531,533,536,558,590,582,574,548,511,483,460,422,399,356,311,247,226,194,150,142,124,114,101,105,83,50,13,-29,-34,-42,-32,-17,-8,12,25,27,21,26,19,5,-8,-26,-49,-50,-50,-45,-39,-28,-28,-19,-26,-32,-44,-43,-37,-39,-38,-47,-57,-68,-82,-96,-92,-598
6,0,2046,13589,375,265,243,227,228,207,215,196,216,204,195,190,192,186,208,281,345,404,424,467,515,523,539,553,540,562,590,580,576,548,508,482,461,426,403,358,310,254,226,195,155,146,125,121,108,108,81,49,17,-28,-35,-42,-35,-13,-8,14,26,27,25,23,21,5,-3,-24,-51,-51,-59,-46,-45,-30,-25,-24,-32,-29,-36,-43,-45,-40,-40,-46,-55,-68,-84,-97,-99,-646
6,0,2047,13582,376,264,243,225,230,209,214,196,213,205,195,190,190,186,211,276,344,406,423,468,516,528,535,554,558,559,592,590,583,552,511,491,464,425,407,362,314,253,226,190,153,144,124,120,117,112,79,50,14,-21,-33,-40,-30,-13,0,14,23,28,26,23,21,5,-4,-23,-48,-48,-53,-54,-48,-38,-32,-31,-31,-29,-38,-44,-52,-45,-47,-46,-55,-68,-88,-103,-105,-678
6,0,2048,13621,377,265,246,229,231,211,212,198,213,205,191,191,189,184,210,279,345,411,423,472,515,529,534,555,560,577,597,590,584,557,517,489,469,429,407,366,318,258,233,200,157,149,127,121,114,118,87,48,13,-21,-30,-38,-30,-17,0,21,22,20,26,23,19,9,0,-23,-47,-44,-54,-53,-50,-39,-36,-37,-40,-29,-41,-38,-46,-49,-53,-58,-64,-70,-89,-107,-108,-708
6,0,2049,13621,378,267,245,228,230,208,216,194,211,206,191,191,188,187,212,280,346,408,418,471,514,528,540,556,560,583,614,592,589,557,519,494,466,426,412,369,320,264,236,200,161,147,127,128,117,116,96,57,18,-20,-30,-28,-25,-16,-2,19,24,27,22,22,17,2,0,-13,-46,-45,-51,-52,-50,-47,-40,-39,-41,-39,-47,-43,-48,-49,-56,-67,-67,-76,-89,-106,-110,-751
6,0,2050,13612,380,269,246,229,228,211,216,196,211,204,185,189,186,186,211,277,347,410,420,469,515,528,539,559,562,579,608,603,589,562,521,493,472,436,408,368,322,266,238,210,165,153,132,129,116,121,96,63,26,-19,-33,-34,-23,-8,-6,20,27,29,23,22,15,5,-3,-22,-48,-49,-50,-49,-50,-49,-40,-36,-46,-39,-53,-46,-46,-48,-54,-65,-71,-85,-97,-107,-109,-793
6,0,2051,13635,380,271,248,228,230,210,214,194,210,200,185,188,189,183,210,278,345,409,418,473,512,534,541,561,565,581,612,609,602,556,521,498,475,434,413,366,326,266,237,208,168,154,139,129,112,120,96,64,33,-11,-32,-28,-25,-8,-2,25,28,27,26,22,12,2,-6,-18,-42,-45,-52,-50,-46,-43,-39,-42,-43,-43,-51,-53,-56,-49,-59,-63,-76,-90,-99,-111,-108,-812
6,0,2052,13638,381,271,247,230,228,209,213,190,211,203,183,188,189,183,210,277,344,409,422,475,514,533,541,563,565,583,611,612,605,576,525,498,473,433,411,365,327,270,241,209,170,156,140,132,118,122,98,63,29,-5,-21,-31,-27,-9,3,26,29,35,29,26,18,1,-6,-20,-43,-49,-53,-48,-42,-42,-41,-41,-48,-46,-56,-57,-61,-55,-59,-69,-76,-93,-106,-118,-116,-837
6,0,2053,13652,384,272,249,231,226,213,212,190,212,199,185,188,190,183,207,276,346,406,419,475,516,539,540,562,564,579,613,610,603,574,537,497,479,433,415,370,330,273,237,211,169,159,145,133,122,126,100,65,27,-10,-14,-23,-23,-10,3,28,30,32,30,25,20,3,-8,-20,-41,-49,-49,-44,-53,-38,-43,-41,-47,-47,-56,-60,-61,-59,-58,-62,-77,-93,-110,-126,-125,-863
6,0,2054,13597,384,273,247,225,226,211,214,193,212,199,180,186,188,179,207,276,342,405,422,478,511,536,541,565,570,581,612,608,605,573,537,510,476,436,417,372,329,274,243,213,173,162,140,137,121,126,99,69,28,-7,-17,-18,-17,-8,3,28,35,33,32,27,20,4,-6,-24,-41,-50,-51,-51,-45,-41,-41,-44,-54,-47,-63,-58,-63,-64,-68,-71,-75,-95,-109,-130,-133,-905
6,0,2055,13607,386,273,248,228,225,213,213,188,209,199,180,187,190,181,205,276,343,408,418,478,517,538,540,565,566,580,614,606,606,572,541,512,491,443,418,375,327,275,240,212,171,161,144,139,125,132,104,71,33,-4,-14,-20,-15,0,6,23,29,32,36,27,22,10,-2,-23,-49,-59,-50,-50,-47,-40,-40,-42,-52,-48,-59,-64,-63,-67,-70,-76,-78,-97,-109,-127,-139,-940
6,0,2056,13575,385,273,251,229,230,211,209,190,212,193,176,186,185,181,204,275,345,408,423,475,513,536,542,568,567,579,618,610,608,577,537,508,488,448,415,374,328,277,240,211,172,158,147,141,128,133,107,74,32,-5,-12,-17,-11,4,11,27,31,35,34,31,21,7,-2,-24,-46,-56,-55,-47,-46,-44,-40,-42,-48,-49,-58,-64,-67,-69,-72,-77,-87,-100,-112,-129,-136,-988
6,0,2057,13569,388,275,249,228,230,212,210,188,210,194,175,188,186,181,206,274,347,409,424,474,516,536,540,563,565,588,618,605,605,575,537,507,487,449,429,372,328,278,243,214,176,160,148,141,128,135,108,76,35,-3,-13,-16,-15,-1,20,29,33,37,32,30,27,10,1,-21,-43,-55,-54,-57,-52,-45,-41,-43,-46,-46,-60,-58,-66,-70,-81,-82,-92,-106,-117,-130,-137,-1010
6,0,2058,13563,387,275,250,228,229,208,209,186,207,199,170,185,184,181,207,272,345,412,419,478,519,537,547,565,567,581,613,609,607,574,539,512,488,452,430,385,327,277,238,218,177,162,149,144,131,132,109,80,38,-1,-14,-15,-17,9,19,36,35,33,34,29,25,10,-3,-23,-44,-46,-58,-53,-57,-46,-41,-46,-46,-45,-52,-58,-64,-71,-79,-87,-95,-112,-121,-135,-138,-1038
6,0,2059,13500,388,276,248,228,229,209,209,186,205,191,177,184,183,180,206,272,345,409,419,478,521,537,545,566,567,586,615,611,609,573,540,509,487,452,427,382,341,275,241,217,174,160,147,142,130,132,110,80,40,2,-12,-15,-12,9,16,34,36,33,32,33,22,12,3,-19,-45,-51,-55,-54,-57,-46,-36,-43,-43,-44,-64,-60,-66,-75,-77,-88,-95,-115,-129,-144,-144,-1081
6,0,2060,13521,390,277,251,231,227,211,205,185,205,192,172,183,185,181,207,272,345,408,420,480,517,535,545,567,568,583,615,611,608,573,537,509,485,444,425,379,339,289,237,222,178,161,149,146,131,136,112,84,42,8,-5,-10,-8,9,16,38,39,42,36,30,24,13,1,-15,-41,-51,-57,-51,-57,-48,-41,-43,-48,-47,-60,-58,-62,-73,-78,-92,-101,-119,-130,-148,-149,-1097
6,1,2023,5313,178,32,57,53,74,55,99,87,98,95,112,86,88,74,81,117,116,148,151,177,180,175,187,178,172,186,191,243,223,198,177,190,183,146,148,138,117,77,49,41,16,14,6,13,24,26,25,13,5,-5,-9,-13,-24,-14,1,13,-2,15,7,4,9,12,22,12,9,21,12,11,27,2,-12,-12,0,-6,8,11,7,-5,-2,-18,-4,6,-10,-12,-14,-53
6,1,2024,5429,178,125,57,59,81,60,97,87,96,96,109,89,92,72,84,123,115,146,154,171,203,190,203,195,162,193,205,217,235,216,186,188,184,151,134,124,102,92,54,41,18,17,14,13,21,26,19,9,-2,-17,-12,-19,-10,-16,-7,4,7,7,14,10,-1,8,15,16,-4,16,9,4,7,19,2,-10,-6,-2,-8,0,9,4,-3,-7,-16,1,-6,-9,-7,-64
6,1,2025,5552,179,125,130,58,77,60,95,83,97,93,102,85,91,77,92,122,128,146,147,163,205,210,204,223,180,181,209,222,221,220,206,204,186,149,141,124,93,75,69,49,22,18,18,21,17,23,20,5,-10,-20,-25,-21,-19,-5,-9,-2,2,15,7,16,6,2,13,16,5,4,9,6,6,5,21,-2,-12,-4,-4,-8,1,7,0,-7,-7,-10,-14,-10,-10,-55
6,1,2026,5760,180,129,133,118,78,66,98,83,94,94,105,83,95,77,93,132,131,160,148,163,195,214,219,218,211,195,221,228,219,222,210,215,196,170,143,135,92,66,53,58,31,19,22,23,27,26,14,1,-9,-27,-25,-32,-17,-7,-2,-4,-6,10,17,11,13,9,3,10,5,11,0,5,7,1,5,16,-4,-6,-1,-2,-3,-4,-3,-3,-9,-7,-15,-11,-10,-59
6,1,2027,5904,183,129,136,119,128,65,99,86,98,98,105,85,98,83,93,134,140,162,163,164,195,211,220,226,204,219,210,251,225,209,219,217,204,168,165,137,106,61,51,49,34,23,18,26,25,29,18,-6,-6,-22,-30,-33,-32,-10,2,6,-10,6,8,19,7,13,12,1,0,8,5,-9,5,6,5,7,9,0,-1,-6,0,-4,-4,-1,-9,-6,-15,-17,-13,-69
6,1,2028,6034,184,129,136,118,129,104,97,87,97,96,104,87,92,87,96,132,147,175,167,182,204,218,220,232,213,212,226,223,240,217,212,225,201,174,157,143,111,73,48,48,25,31,25,28,27,31,18,0,-12,-27,-30,-34,-29,-16,-1,4,0,0,9,13,16,7,16,8,-5,10,4,-3,0,3,4,7,2,8,-1,-3,-1,-2,-3,-6,-7,-9,-15,-16,-15,-70
6,1,2029,6118,186,130,136,120,131,104,126,88,100,100,106,87,95,82,102,137,148,180,179,191,214,221,235,228,221,224,220,242,222,227,207,223,205,180,165,140,114,77,53,44,21,25,27,29,26,35,22,4,-13,-37,-31,-38,-29,-21,-6,3,2,12,4,11,10,10,11,10,-1,6,6,-5,2,-2,4,4,-1,0,2,-5,-4,-2,-5,-6,-12,-6,-21,-19,-18,-76
6,1,2030,6162,189,129,137,120,128,102,124,104,102,103,105,89,99,86,97,138,151,180,186,195,216,227,231,231,212,229,233,244,241,218,218,223,207,178,169,143,114,80,57,47,21,21,23,30,29,38,26,2,-15,-31,-37,-41,-30,-22,-7,0,4,10,9,8,8,7,11,9,0,5,2,-2,-1,1,-1,3,-2,1,-5,-5,-4,-5,-4,-4,-12,-10,-20,-24,-17,-89
6,1,2031,6164,187,133,138,122,132,103,127,105,115,106,100,88,100,86,103,136,155,182,188,206,226,234,236,236,217,227,235,245,245,231,208,222,204,180,169,147,117,81,60,46,25,24,21,25,34,41,25,5,-12,-32,-37,-46,-37,-29,-9,-5,0,11,8,13,6,4,10,8,-1,3,-3,-7,1,-4,-4,-1,-5,-2,-4,-8,-9,-7,-8,-9,-12,-14,-22,-27,-25,-99
6,1,2032,6153,188,133,137,122,128,106,128,104,116,109,101,89,101,88,104,139,156,187,189,203,232,240,238,242,220,231,239,247,245,234,221,219,204,177,170,148,118,87,56,53,22,20,20,28,32,37,28,5,-7,-34,-38,-43,-46,-30,-15,-8,-4,7,9,10,8,1,5,2,-6,3,-3,-10,-2,-5,-5,-6,-10,-4,-7,-8,-10,-10,-10,-11,-13,-13,-23,-26,-24,-102
6,1,2033,6228,189,132,138,123,131,107,126,101,116,110,114,91,104,90,105,141,159,191,193,208,236,246,249,244,227,235,242,254,246,236,227,234,208,179,168,155,123,87,58,48,30,25,19,26,33,34,27,7,-9,-28,-35,-46,-43,-35,-19,-7,-7,0,6,10,8,4,4,-1,-10,4,-2,-9,-4,-5,-3,-1,-8,-9,-12,-13,-13,-13,-14,-12,-16,-16,-25,-27,-23,-115
6,1,2034,6285,192,136,138,122,135,105,127,106,117,111,114,99,104,89,107,143,161,188,195,211,242,249,252,251,231,238,241,257,251,238,230,239,215,183,172,156,125,94,63,54,29,31,22,27,31,39,28,10,-5,-31,-33,-41,-42,-32,-24,-10,-9,-1,2,7,7,2,6,0,-15,-3,-4,-9,-4,-10,-9,-6,-11,-10,-8,-12,-13,-14,-15,-18,-18,-19,-28,-29,-27,-127
6,1,2035,6326,193,137,143,125,134,106,127,109,119,110,111,101,108,87,106,147,165,193,197,212,240,249,254,258,233,243,252,260,254,239,230,238,225,193,176,157,128,95,68,59,34,30,27,29,25,33,27,7,-7,-27,-33,-40,-40,-27,-20,-13,-10,-1,1,3,5,4,4,0,-16,-5,-12,-9,-8,-10,-9,-8,-14,-7,-12,-17,-14,-18,-17,-19,-22,-20,-29,-32,-28,-140
6,1,2036,6433,194,138,141,125,133,106,129,107,117,109,114,102,110,97,106,147,167,193,203,215,244,256,261,261,244,248,254,267,260,242,238,242,226,196,185,164,129,100,74,64,33,27,27,34,29,34,28,8,-7,-26,-31,-42,-36,-28,-20,-8,-12,-3,0,1,1,0,5,-3,-13,-5,-12,-12,-8,-7,-7,-8,-13,-8,-14,-15,-17,-15,-18,-20,-23,-24,-32,-34,-28,-153
6,1,2037,6470,196,139,143,126,134,108,127,105,122,112,111,100,110,93,113,148,166,196,207,220,249,260,262,265,247,257,260,269,262,247,236,246,229,198,189,170,132,96,76,65,40,34,30,31,35,37,27,5,-6,-28,-33,-40,-37,-28,-14,-10,-11,-7,0,2,1,-5,2,-1,-13,-7,-11,-17,-12,-9,-8,-8,-11,-12,-16,-21,-18,-18,-25,-24,-23,-27,-36,-37,-31,-161
6,1,2038,6514,198,139,143,124,135,109,128,105,117,111,114,100,112,97,114,155,167,198,206,217,252,260,269,270,250,258,263,275,266,255,242,248,235,200,189,173,140,106,78,66,44,35,31,35,38,41,26,2,-6,-28,-34,-38,-38,-32,-13,-6,-8,-5,-3,0,-1,-6,-4,-6,-15,-6,-9,-22,-16,-15,-10,-5,-12,-14,-16,-16,-20,-22,-26,-26,-26,-29,-38,-42,-35,-174
6,1,2039,6587,198,141,144,129,135,111,129,110,119,111,115,104,112,98,114,155,179,203,207,226,256,265,271,271,252,263,265,279,268,258,246,247,234,204,194,178,145,109,81,67,45,42,38,36,38,40,28,6,-12,-29,-35,-39,-36,-25,-15,-7,-8,-1,0,0,-1,-7,-6,-14,-16,-10,-13,-20,-15,-19,-16,-15,-13,-11,-16,-16,-20,-22,-26,-27,-29,-30,-40,-43,-38,-189
6,1,2040,6600,199,142,143,130,137,110,129,109,117,112,117,102,106,100,113,153,176,212,212,226,256,268,270,276,255,260,270,284,274,261,251,250,238,204,197,173,145,119,88,72,41,46,39,44,39,41,31,9,-9,-35,-31,-39,-36,-30,-14,-5,-4,-2,-1,-1,-7,-8,-10,-12,-23,-13,-12,-20,-13,-18,-19,-16,-17,-14,-16,-22,-20,-18,-28,-28,-30,-30,-43,-46,-41,-215
6,1,2041,6643,200,144,143,128,132,111,128,109,119,113,114,104,108,102,115,153,173,212,226,233,258,272,276,275,257,264,270,283,275,263,255,255,243,209,196,179,149,118,96,78,46,42,37,46,37,43,33,12,-4,-29,-39,-39,-39,-30,-18,-5,-5,0,1,1,-4,-14,-12,-16,-26,-15,-19,-17,-13,-17,-21,-13,-15,-14,-19,-16,-22,-24,-28,-29,-31,-34,-44,-48,-42,-232
6,1,2042,6661,201,146,146,130,136,111,127,107,118,109,114,101,109,99,116,153,172,210,223,243,254,268,276,277,258,267,276,286,278,266,252,257,241,211,201,179,150,122,96,82,52,48,40,47,42,45,33,11,-5,-28,-34,-41,-41,-31,-18,-6,-5,-1,2,5,-3,-9,-13,-13,-25,-21,-21,-17,-14,-20,-17,-18,-19,-16,-19,-20,-22,-22,-27,-30,-32,-37,-49,-49,-46,-243
6,1,2043,6655,201,145,143,128,134,111,126,109,114,110,112,100,108,100,117,152,173,211,223,238,275,272,278,280,263,271,278,286,282,270,255,261,249,213,198,182,152,122,99,82,56,51,40,45,42,49,33,14,-4,-26,-34,-39,-41,-28,-18,-10,-6,-1,1,6,-3,-10,-10,-19,-28,-23,-25,-24,-20,-21,-18,-18,-21,-19,-22,-21,-23,-26,-33,-32,-32,-37,-49,-53,-49,-262
6,1,2044,6691,203,147,146,128,136,110,126,104,114,111,113,99,105,97,118,152,174,209,225,240,272,287,283,283,266,277,281,289,286,271,256,263,252,214,205,187,154,121,95,86,54,57,46,47,46,49,37,19,-9,-28,-33,-38,-41,-29,-14,-11,-8,1,3,6,0,-11,-10,-22,-31,-27,-25,-26,-23,-21,-19,-21,-21,-20,-21,-23,-28,-26,-32,-35,-35,-39,-49,-53,-51,-279
6,1,2045,6716,203,147,147,129,133,113,125,105,117,111,113,100,110,98,115,152,179,208,222,237,273,287,290,283,270,276,278,292,285,271,259,263,248,217,209,187,155,124,100,87,59,59,52,52,49,52,38,18,-4,-27,-32,-42,-34,-29,-18,-10,-7,0,1,7,0,-6,-9,-20,-31,-26,-28,-29,-27,-23,-22,-18,-19,-24,-25,-30,-26,-29,-28,-35,-36,-43,-49,-55,-53,-295
6,1,2046,6718,205,146,145,129,133,112,125,104,117,110,110,101,109,98,113,153,176,208,230,244,275,287,296,295,271,279,281,290,290,273,258,263,250,216,208,186,154,127,97,89,63,58,50,56,54,53,35,17,-1,-25,-31,-41,-37,-28,-19,-8,-7,1,2,5,1,-9,-10,-17,-32,-27,-35,-31,-29,-21,-22,-20,-23,-21,-25,-28,-29,-32,-32,-37,-34,-42,-51,-54,-55,-317
6,1,2047,6712,205,145,144,127,134,114,124,105,116,111,111,101,108,100,116,150,175,209,230,242,278,287,294,294,281,277,280,294,294,274,261,264,252,218,211,190,156,126,100,86,59,56,50,54,58,55,33,17,-3,-21,-29,-39,-37,-25,-16,-9,-9,1,5,5,1,-8,-11,-15,-30,-27,-33,-34,-33,-28,-24,-24,-23,-20,-22,-27,-34,-34,-34,-36,-36,-41,-54,-58,-55,-337
6,1,2048,6715,206,146,145,133,134,113,124,105,111,111,105,102,107,97,113,152,175,212,227,243,273,290,292,296,283,289,284,292,295,278,263,265,252,220,210,191,157,127,104,89,63,61,51,55,58,59,39,17,-5,-23,-28,-38,-36,-28,-16,-6,-8,1,3,6,-1,-4,-8,-19,-28,-26,-33,-32,-35,-28,-27,-28,-28,-22,-26,-25,-31,-35,-37,-42,-41,-44,-54,-61,-59,-347
6,1,2049,6722,206,147,145,128,132,113,124,104,112,111,105,102,105,100,115,151,178,210,228,242,273,289,294,297,283,289,292,294,297,277,263,267,249,219,214,192,159,131,105,90,64,59,50,61,56,56,44,21,-1,-20,-28,-31,-32,-28,-19,-6,-7,3,0,5,1,-9,-8,-12,-28,-26,-33,-34,-33,-32,-29,-29,-30,-28,-28,-25,-31,-32,-40,-46,-44,-45,-54,-61,-60,-361
6,1,2050,6729,207,149,145,130,133,116,122,107,113,111,105,102,103,100,115,149,176,208,228,242,276,289,295,295,285,287,289,299,296,279,266,268,256,220,214,194,160,132,110,94,69,62,55,60,59,58,40,25,5,-22,-28,-36,-31,-24,-22,-7,-5,1,2,6,0,-7,-9,-19,-31,-27,-30,-33,-30,-36,-30,-27,-32,-24,-33,-29,-29,-33,-40,-45,-46,-51,-59,-63,-59,-381
6,1,2051,6722,207,149,147,131,135,115,123,103,112,109,104,99,106,97,114,149,177,208,227,243,272,292,294,299,288,286,295,301,304,280,264,269,256,223,215,188,163,132,108,93,69,60,59,57,53,58,42,23,7,-16,-30,-34,-33,-24,-19,-6,-4,2,3,4,-2,-9,-11,-16,-24,-27,-31,-32,-30,-31,-28,-29,-29,-28,-32,-33,-36,-34,-43,-44,-47,-54,-60,-65,-59,-392
6,1,2052,6720,207,150,147,130,134,114,122,101,114,112,102,101,106,97,113,149,174,208,228,246,275,293,294,300,284,286,293,303,303,286,266,269,253,220,212,190,165,135,110,96,69,62,60,61,56,60,45,22,6,-15,-20,-34,-33,-26,-17,-4,-4,5,5,6,-1,-9,-11,-16,-29,-28,-34,-31,-26,-31,-30,-29,-34,-31,-33,-35,-38,-38,-43,-48,-47,-56,-64,-68,-64,-398
6,1,2053,6737,209,150,149,129,134,116,122,100,112,105,103,98,106,97,112,148,176,206,228,247,274,298,295,299,284,285,294,302,304,287,273,267,258,225,214,193,166,135,109,97,69,64,61,63,59,61,44,25,6,-16,-21,-30,-29,-25,-15,-3,-2,4,6,9,2,-9,-13,-16,-26,-29,-29,-31,-35,-29,-33,-29,-32,-31,-34,-36,-37,-41,-42,-44,-48,-56,-65,-74,-69,-413
6,1,2054,6665,208,151,147,129,132,115,120,100,113,109,100,97,103,94,110,147,173,204,229,246,271,293,295,300,286,286,289,299,304,285,272,276,254,224,214,196,165,135,112,97,73,64,58,64,57,59,44,31,6,-17,-24,-27,-28,-21,-15,-4,1,5,9,8,0,-8,-11,-21,-29,-31,-33,-33,-31,-34,-31,-31,-37,-33,-36,-36,-38,-43,-48,-49,-46,-57,-65,-75,-73,-429
6,1,2055,6687,210,152,147,130,134,117,120,98,111,107,98,97,106,95,108,148,174,207,229,246,275,295,292,300,285,283,292,298,304,288,274,276,261,226,216,199,165,134,110,95,71,65,59,65,62,63,49,31,8,-15,-21,-26,-28,-17,-11,-6,-2,4,10,7,1,-7,-8,-19,-30,-33,-32,-32,-32,-30,-31,-30,-34,-32,-35,-39,-40,-45,-50,-52,-50,-59,-66,-72,-75,-451
6,1,2056,6675,209,150,147,130,135,116,120,103,115,104,98,95,100,96,110,148,174,207,228,244,273,294,292,304,286,284,293,298,307,285,271,274,260,228,218,196,165,138,112,97,72,64,63,66,64,62,50,31,6,-17,-18,-25,-25,-16,-9,-4,-2,8,8,10,0,-8,-8,-20,-31,-32,-35,-30,-30,-32,-31,-28,-34,-33,-34,-39,-43,-46,-51,-54,-54,-60,-66,-74,-74,-470
6,1,2057,6652,209,153,147,130,132,117,122,100,112,106,98,96,103,97,111,147,176,207,232,243,275,294,292,299,282,288,292,295,306,285,274,272,257,231,221,196,168,140,112,97,74,62,62,66,63,63,49,32,9,-16,-20,-26,-28,-20,-5,-4,1,10,8,10,4,-4,-8,-19,-31,-33,-34,-37,-33,-33,-31,-29,-33,-30,-35,-37,-42,-49,-58,-56,-58,-65,-69,-74,-76,-482
6,1,2058,6636,209,153,148,129,133,113,119,99,111,108,94,94,100,97,111,146,174,207,228,246,276,294,295,300,284,284,292,299,306,288,274,278,256,231,223,199,164,139,109,98,74,64,62,66,67,61,49,36,8,-16,-21,-25,-30,-16,-7,1,2,8,9,10,5,-5,-8,-19,-30,-30,-38,-35,-35,-38,-31,-32,-33,-30,-32,-36,-41,-47,-57,-57,-59,-67,-73,-77,-75,-494
6,1,2059,6611,210,154,147,130,134,113,119,100,110,103,100,95,98,97,111,147,174,208,229,245,277,297,296,302,283,286,291,299,307,285,276,278,256,231,220,198,171,137,109,97,72,65,63,67,64,62,47,32,10,-12,-20,-25,-25,-17,-9,1,2,8,8,11,2,-5,-5,-18,-32,-33,-34,-34,-34,-32,-31,-32,-30,-30,-39,-38,-42,-52,-54,-62,-60,-68,-77,-83,-77,-513
6,1,2060,6618,211,153,148,131,132,116,116,97,110,106,95,94,100,98,111,146,175,207,230,245,273,296,295,301,285,286,291,298,306,286,274,276,253,228,219,198,171,145,109,99,74,66,63,69,66,64,49,34,12,-9,-17,-23,-20,-16,-9,3,6,12,12,9,3,-2,-5,-16,-29,-33,-37,-33,-38,-37,-33,-32,-34,-33,-36,-37,-40,-46,-56,-61,-64,-70,-77,-85,-83,-523
6,2,2023,5418,146,14,8,18,33,54,58,54,66,80,78,65,47,71,66,83,109,135,146,147,144,177,153,156,208,217,243,224,213,221,208,180,141,141,132,137,133,83,101,56,37,34,23,27,24,32,22,13,1,-10,-4,-8,1,6,8,14,23,39,36,39,43,18,37,6,35,9,9,29,21,27,9,25,12,11,9,13,8,5,10,13,9,5,5,-5,-2,-46
6,2,2024,5476,146,100,10,25,35,52,58,55,70,76,73,66,57,64,73,81,119,117,141,155,157,151,175,172,189,229,246,221,231,213,199,168,160,148,137,131,126,94,92,68,43,37,20,27,19,24,20,10,7,-20,-7,-7,-2,9,3,25,31,8,33,33,40,31,25,25,2,26,6,12,27,18,24,14,16,10,7,7,14,11,1,10,5,5,-3,0,-5,-45
6,2,2025,5548,149,99,82,28,39,54,56,59,67,73,67,67,56,69,64,90,119,138,120,154,169,158,151,193,203,203,253,223,221,223,194,161,158,162,137,127,124,89,94,64,61,46,24,22,22,22,14,8,4,-17,-13,-9,3,13,7,10,36,21,13,30,33,30,30,17,17,2,24,10,18,23,19,27,9,16,9,8,9,17,8,5,0,1,-1,-4,-4,-49
6,2,2026,5703,151,98,84,86,42,58,57,64,73,75,75,65,58,67,74,89,126,134,141,136,170,171,166,176,216,222,235,228,224,217,205,165,161,161,151,123,119,94,90,72,58,57,36,24,23,24,10,1,1,-16,-13,-10,0,12,10,21,29,30,26,12,33,32,23,19,12,9,0,24,8,14,23,16,18,11,13,10,10,10,14,11,2,1,-5,-5,-6,-48
6,2,2027,5848,151,100,84,87,90,58,60,66,74,77,75,73,58,71,73,100,129,147,143,162,153,179,178,180,209,232,249,214,231,221,197,177,157,163,151,132,116,90,94,69,59,57,44,34,25,26,19,0,-5,-20,-17,-13,-5,12,10,25,33,22,23,26,16,25,28,20,11,6,10,12,21,17,20,21,9,17,10,10,7,11,9,14,1,-1,-6,-10,-7,-48
6,2,2028,5950,151,101,84,88,90,94,61,63,77,78,73,73,61,68,79,101,136,145,152,163,176,168,177,194,214,226,258,234,217,230,201,166,170,159,147,136,125,84,90,72,59,56,45,44,34,26,22,9,-11,-28,-19,-14,-3,6,11,23,39,27,26,23,26,9,23,18,13,7,5,13,9,18,21,19,13,8,15,8,10,8,7,7,3,-4,-5,-8,-6,-44
6,2,2029,6050,152,104,86,85,93,96,92,66,78,82,76,70,63,71,76,104,141,158,154,171,181,176,182,198,223,229,254,238,228,213,199,170,162,169,147,134,126,88,91,69,60,60,43,44,40,32,21,13,2,-26,-17,-15,-7,9,8,24,34,28,28,28,26,25,13,14,10,9,5,10,11,14,15,19,11,9,0,6,13,8,8,8,-1,-4,-7,-9,-6,-61
6,2,2030,6150,153,105,87,91,93,97,90,85,80,85,78,71,61,74,80,103,143,164,160,180,183,185,186,198,222,241,252,238,238,223,194,176,166,165,156,135,127,92,95,69,60,62,48,42,42,34,27,11,5,-18,-21,-15,-8,4,8,23,39,28,29,23,25,17,21,14,5,2,4,9,10,13,12,13,8,11,8,-2,13,5,7,6,0,-4,-7,-11,-8,-65
6,2,2031,6240,156,105,90,93,91,97,89,88,93,93,77,74,62,74,81,107,149,164,165,186,194,189,189,201,229,241,266,243,237,232,206,174,170,166,157,141,128,99,101,72,59,56,48,45,38,40,27,17,4,-17,-19,-21,-10,3,4,23,31,29,28,28,23,19,15,13,7,5,2,5,10,11,7,10,14,7,4,5,1,6,7,6,-2,-6,-11,-13,-10,-77
6,2,2032,6264,156,105,92,90,92,99,90,88,94,93,76,76,64,75,82,108,151,168,169,188,197,195,193,210,228,244,266,250,243,241,214,179,174,172,160,140,129,100,101,77,62,61,47,47,41,39,30,16,8,-19,-18,-17,-10,3,4,18,31,24,27,25,19,14,9,8,4,4,3,4,4,8,6,8,2,7,2,-4,0,7,0,2,-3,-7,-13,-13,-10,-85
6,2,2033,6343,159,106,93,92,94,99,92,90,95,95,91,79,65,77,83,109,152,171,173,190,199,196,197,214,231,246,270,251,246,242,219,179,173,174,161,143,132,104,106,80,65,62,48,45,43,41,31,18,10,-12,-18,-16,-14,-3,3,19,32,25,27,22,23,18,10,-1,2,-2,0,4,3,9,5,8,8,1,-4,-2,1,3,3,1,-5,-8,-12,-17,-11,-90
6,2,2034,6387,158,106,93,92,94,101,94,93,96,95,90,87,68,80,84,109,151,174,172,192,200,199,203,217,236,251,271,252,250,246,222,190,179,171,160,145,137,105,106,83,69,67,49,44,42,42,32,20,10,-13,-13,-14,-5,0,3,19,31,21,23,21,23,16,8,-1,-3,-2,-1,3,3,3,5,5,5,4,-1,-4,-1,1,2,2,-9,-11,-14,-18,-16,-112
6,2,2035,6518,160,110,92,96,95,100,93,95,96,97,92,88,77,81,84,112,154,173,175,199,206,205,209,221,244,249,281,258,250,249,227,196,188,179,162,145,137,108,109,84,74,67,53,47,42,41,31,23,11,-11,-14,-10,-4,3,3,17,27,23,23,22,23,15,11,3,-6,-3,-2,2,5,5,4,7,4,1,0,-3,0,1,0,1,-6,-11,-16,-18,-17,-126
6,2,2036,6540,161,109,92,96,97,100,91,90,99,98,91,90,78,87,87,113,155,176,176,201,210,211,213,227,245,263,282,262,255,248,225,195,188,187,167,150,136,108,111,84,74,72,54,51,43,41,33,22,13,-9,-8,-11,0,4,5,15,25,23,23,17,18,13,7,3,-8,-10,-15,-1,2,7,10,5,-1,-2,-2,-5,-5,2,-1,-1,-10,-14,-19,-22,-18,-134
6,2,2037,6618,163,111,94,94,97,102,93,95,99,98,91,90,79,88,95,117,154,177,181,203,214,209,214,230,245,262,288,267,259,254,232,202,189,189,179,153,140,109,112,85,76,74,58,54,48,46,31,20,15,-8,-9,-7,1,6,6,16,26,18,17,16,17,15,6,1,-7,-8,-14,-3,1,5,5,2,2,0,-8,-8,-7,0,-3,-3,-9,-16,-19,-25,-21,-142
6,2,2038,6655,163,113,96,96,97,101,94,95,98,97,91,90,80,89,96,121,155,180,181,208,214,213,216,233,248,267,295,272,261,259,232,199,192,190,176,159,147,109,115,92,77,75,60,58,49,49,35,17,11,-4,-7,-7,2,7,7,16,32,22,17,18,16,8,8,-5,-6,-9,-10,-4,-4,1,0,5,0,-2,-6,-7,-7,0,-4,-3,-11,-19,-23,-28,-26,-173
6,2,2039,6728,165,113,96,97,99,101,92,92,98,99,87,90,79,88,96,122,165,183,183,208,213,218,221,230,250,272,296,276,269,264,236,210,193,193,177,161,148,118,113,94,78,78,62,58,52,51,37,23,13,-9,-7,-7,0,12,8,21,33,22,23,13,14,8,8,-3,-9,-11,-11,-7,-4,1,2,2,-1,1,-8,-2,-5,-5,-4,-4,-15,-18,-22,-31,-26,-188
6,2,2040,6771,165,114,95,97,99,101,97,96,100,100,90,91,81,87,97,128,164,191,182,212,220,221,225,235,257,272,299,278,276,266,233,208,200,195,176,162,150,119,122,94,82,78,62,57,54,51,39,26,12,-8,-10,-8,2,12,14,17,34,24,23,14,12,7,3,-8,-10,-12,-12,-9,-6,-4,-1,-2,3,-3,-6,-8,-6,-3,-5,-3,-16,-20,-25,-29,-29,-207
6,2,2041,6791,166,116,99,99,101,99,94,90,98,100,91,91,81,87,96,127,167,190,191,210,224,223,225,237,258,276,302,281,277,267,244,216,201,196,178,163,151,122,123,100,82,77,64,59,53,52,41,26,13,-8,-10,-7,2,12,13,22,28,23,19,17,16,10,3,-12,-12,-16,-13,-7,-5,-1,-7,-1,-4,2,-7,-9,-11,-6,-6,-7,-17,-25,-26,-31,-29,-223
6,2,2042,6808,167,116,99,96,96,99,91,95,99,97,89,91,82,86,96,126,167,193,194,221,224,226,225,240,263,277,305,281,281,269,245,213,201,197,177,163,154,118,125,100,86,78,65,61,55,56,39,29,16,-3,-6,-10,-2,12,17,24,33,20,24,14,19,10,4,-12,-14,-18,-16,-12,-8,-1,-3,0,-6,-7,-6,-5,-8,-3,-8,-8,-17,-23,-28,-33,-33,-248
6,2,2043,6825,168,115,97,98,95,97,95,91,102,97,86,91,83,87,93,128,168,197,190,226,236,224,229,244,265,279,305,283,285,267,247,216,204,198,185,164,153,125,125,104,88,83,65,60,55,55,42,28,17,-4,-3,-5,4,8,15,24,31,25,23,18,17,10,4,-14,-16,-19,-21,-11,-9,0,-1,-2,-3,-5,-12,-10,-12,-4,-9,-10,-18,-25,-30,-39,-37,-270
6,2,2044,6822,169,116,98,96,98,99,91,94,100,95,85,93,82,88,93,127,168,196,194,226,238,237,227,242,266,280,311,287,280,273,250,217,209,204,187,167,154,122,129,103,89,86,71,58,51,54,42,27,17,-4,-3,-2,-1,10,11,25,32,23,23,16,20,9,1,-14,-20,-20,-21,-20,-15,-6,-2,-1,-7,-10,-12,-11,-10,-7,-7,-9,-18,-25,-30,-40,-39,-280
6,2,2045,6859,170,116,96,99,101,96,94,92,100,97,82,90,81,86,96,128,167,196,191,228,232,238,241,250,266,282,312,290,289,277,252,220,212,205,190,169,156,123,126,107,91,83,72,62,52,53,45,32,17,-2,-2,0,2,12,10,22,32,27,20,19,19,11,1,-6,-18,-24,-22,-16,-12,-5,-6,-1,-7,-8,-19,-13,-11,-10,-10,-12,-21,-25,-33,-41,-39,-303
6,2,2046,6871,170,119,98,98,95,95,90,92,99,94,85,89,83,88,95,128,169,196,194,223,240,236,243,258,269,283,309,290,286,275,250,219,211,210,195,172,156,127,129,106,92,88,75,65,54,55,46,32,18,-3,-4,-1,2,15,11,22,33,26,23,18,20,14,7,-7,-19,-24,-24,-15,-16,-9,-3,-4,-9,-8,-11,-15,-16,-8,-8,-9,-21,-26,-33,-43,-44,-329
6,2,2047,6870,171,119,99,98,96,95,90,91,97,94,84,89,82,86,95,126,169,197,193,226,238,241,241,260,277,282,312,296,289,278,250,227,212,207,196,172,158,127,126,104,94,88,74,66,59,57,46,33,17,0,-4,-1,7,12,16,23,32,27,21,18,20,13,7,-8,-18,-21,-20,-20,-15,-10,-8,-7,-8,-9,-16,-17,-18,-11,-13,-10,-19,-27,-34,-45,-50,-341
6,2,2048,6906,171,119,101,96,97,98,88,93,102,94,86,89,82,87,97,127,170,199,196,229,242,239,242,259,277,288,313,298,289,279,254,224,217,209,197,175,161,131,129,111,94,88,76,66,56,59,48,31,18,2,-2,0,6,11,16,27,30,19,23,17,20,13,8,-4,-19,-18,-21,-21,-15,-11,-9,-9,-12,-7,-15,-13,-15,-14,-16,-16,-23,-26,-35,-46,-49,-361
6,2,2049,6899,172,120,100,100,98,95,92,90,99,95,86,89,83,87,97,129,168,198,190,229,241,239,246,259,277,294,322,298,292,280,256,227,217,207,198,177,161,133,131,110,97,88,77,67,61,60,52,36,19,0,-2,3,7,12,17,25,31,24,22,17,16,11,8,-1,-18,-19,-18,-18,-17,-15,-11,-10,-11,-11,-19,-18,-17,-17,-16,-21,-23,-31,-35,-45,-50,-390
6,2,2050,6883,173,120,101,99,95,95,94,89,98,93,80,87,83,86,96,128,171,202,192,227,239,239,244,264,277,292,319,304,293,283,255,225,216,216,194,174,162,134,128,116,96,91,77,69,57,63,56,38,21,3,-5,2,8,16,16,27,32,28,21,16,15,12,6,-3,-17,-22,-20,-16,-20,-13,-10,-9,-14,-15,-20,-17,-17,-15,-14,-20,-25,-34,-38,-44,-50,-412
6,2,2051,6913,173,122,101,97,95,95,91,91,98,91,81,89,83,86,96,129,168,201,191,230,240,242,247,262,277,295,317,308,298,276,257,229,219,211,198,178,163,134,129,115,99,94,80,72,59,62,54,41,26,5,-2,6,8,16,17,31,32,25,23,18,14,11,5,-2,-18,-18,-21,-18,-16,-12,-11,-13,-14,-15,-19,-20,-20,-15,-16,-19,-29,-36,-39,-46,-49,-420
6,2,2052,6918,174,121,100,100,94,95,91,89,97,91,81,87,83,86,97,128,170,201,194,229,239,240,247,263,281,297,318,309,302,290,259,229,220,213,199,175,162,135,131,113,101,94,80,71,62,62,53,41,23,10,-1,3,6,17,20,30,33,30,24,20,19,10,5,-4,-14,-21,-19,-17,-16,-11,-11,-12,-14,-15,-23,-22,-23,-17,-16,-21,-29,-37,-42,-50,-52,-439
6,2,2053,6915,175,122,100,102,92,97,90,90,100,94,82,90,84,86,95,128,170,200,191,228,242,241,245,263,280,294,319,308,299,287,264,230,221,208,201,177,164,138,128,114,100,95,84,70,63,65,56,40,21,6,7,7,6,15,18,31,32,28,24,16,18,12,5,-4,-15,-20,-20,-13,-18,-9,-10,-12,-15,-16,-22,-24,-24,-18,-16,-18,-29,-37,-45,-52,-56,-450
6,2,2054,6932,176,122,100,96,94,96,94,93,99,90,80,89,85,85,97,129,169,201,193,232,240,243,246,265,284,295,323,309,301,288,265,234,222,212,203,176,164,139,131,116,100,98,82,73,64,67,55,38,22,10,7,9,11,13,18,32,34,28,23,19,20,12,5,-3,-12,-19,-18,-18,-14,-7,-10,-13,-17,-14,-27,-22,-25,-21,-20,-22,-29,-38,-44,-55,-60,-476
6,2,2055,6920,176,121,101,98,91,96,93,90,98,92,82,90,84,86,97,128,169,201,189,232,242,243,248,265,281,297,322,308,302,284,267,236,230,217,202,176,162,141,130,117,100,96,85,74,63,69,55,40,25,11,7,6,13,17,17,29,31,28,26,20,21,17,6,-4,-19,-26,-18,-18,-15,-10,-9,-12,-18,-16,-24,-25,-23,-22,-20,-24,-28,-38,-43,-55,-64,-489
6,2,2056,6900,176,123,104,99,95,95,89,87,97,89,78,91,85,85,94,127,171,201,195,231,240,242,250,264,281,295,325,312,301,292,266,234,228,220,197,178,163,139,128,114,100,94,84,75,64,71,57,43,26,12,6,8,14,20,20,31,33,27,26,21,21,15,6,-4,-15,-24,-20,-17,-16,-12,-9,-14,-14,-16,-24,-25,-24,-23,-21,-23,-33,-40,-46,-55,-62,-518
6,2,2057,6917,179,122,102,98,98,95,88,88,98,88,77,92,83,84,95,127,171,202,192,231,241,242,248,264,283,300,326,310,299,290,263,235,230,218,208,176,160,138,131,117,102,98,86,75,65,72,59,44,26,13,7,10,13,19,25,33,32,27,24,20,23,14,9,-2,-12,-22,-20,-20,-19,-12,-10,-14,-13,-16,-25,-21,-24,-21,-23,-26,-34,-41,-48,-56,-61,-528
6,2,2058,6927,178,122,102,99,96,95,90,87,96,91,76,91,84,84,96,126,171,205,191,232,243,243,252,265,283,297,321,310,301,286,265,234,232,221,207,186,163,138,129,120,103,98,87,78,64,71,60,44,30,15,7,10,13,25,26,35,33,25,25,19,20,15,5,-4,-14,-16,-20,-18,-22,-8,-10,-14,-13,-15,-20,-22,-23,-24,-22,-30,-36,-45,-48,-58,-63,-544
6,2,2059,6889,178,122,101,98,95,96,90,86,95,88,77,89,85,83,95,125,171,201,190,233,244,240,249,264,284,300,324,312,302,288,264,231,231,221,207,184,170,138,132,120,102,95,84,75,66,70,63,48,30,14,8,10,13,26,25,33,34,25,24,22,20,17,8,-1,-13,-18,-21,-20,-23,-14,-5,-11,-13,-14,-25,-22,-24,-23,-23,-26,-35,-47,-52,-61,-67,-568
6,2,2060,6903,179,124,103,100,95,95,89,88,95,86,77,89,85,83,96,126,170,201,190,235,244,239,250,266,283,297,324,313,302,287,263,233,232,216,206,181,168,144,128,123,104,95,86,77,65,72,63,50,30,17,12,13,12,25,25,35,33,30,24,21,21,15,6,1,-12,-18,-20,-18,-19,-11,-8,-11,-14,-14,-24,-21,-22,-27,-22,-31,-37,-49,-53,-63,-66,-574
7,0,2023,237520,7286,4572,4510,4280,3908,3578,3152,2829,2644,2567,2465,2502,2406,2382,2832,3899,5363,7260,7276,8395,9106,9427,9403,10409,11378,11494,11908,11739,10974,10116,9065,8215,7263,6599,6187,5664,4908,3880,3207,2398,1966,1776,1697,1642,1752,1657,1258,632,-222,-662,-1138,-1259,-1245,-696,-183,173,496,532,512,490,539,681,307,42,-92,-383,-357,-244,-221,-373,-423,-208,-361,-439,-277,-196,-451,-228,-301,-561,-718,-799,-1051,-1202,-1362,-10426
7,0,2024,249537,7362,6534,4473,4356,3982,3735,3331,2962,2846,2695,2603,2548,2506,2565,2956,4086,5553,7399,7588,8803,9604,9847,10097,10563,11485,12121,12119,12186,11587,10668,9723,8817,8008,7157,6422,5846,5128,4227,3300,2680,2155,1852,1735,1778,1668,1622,1277,629,-95,-738,-952,-1078,-984,-816,-269,100,409,601,670,694,572,528,467,36,-166,-337,-518,-453,-295,-348,-486,-539,-267,-408,-453,-318,-326,-623,-411,-540,-799,-1015,-1088,-1289,-1383,-10730
7,0,2025,261806,7441,6610,6205,4325,4050,3798,3471,3126,2958,2873,2721,2683,2558,2665,3155,4244,5742,7673,7747,9156,10052,10345,10485,11175,11673,12272,12651,12493,12009,11278,10290,9449,8633,7858,6987,6155,5331,4461,3622,2824,2398,2047,1830,1817,1804,1548,1247,658,-79,-612,-1019,-880,-816,-554,-387,37,383,567,733,844,795,576,297,203,-170,-338,-443,-615,-527,-368,-483,-570,-636,-321,-488,-487,-398,-529,-860,-611,-816,-1077,-1304,-1359,-1466,-11009
7,0,2026,274691,7519,6686,6276,5841,4027,3872,3533,3246,3066,2963,2878,2790,2726,2751,3290,4496,5986,7907,8133,9384,10447,10861,10996,11627,12191,12465,12879,12954,12351,11676,10857,9933,9231,8423,7648,6682,5673,4655,3879,3124,2563,2277,2033,1953,1827,1690,1198,642,-41,-558,-874,-910,-612,-350,-113,-37,311,542,749,899,948,804,329,45,-22,-332,-437,-519,-653,-588,-470,-587,-627,-644,-379,-520,-538,-574,-755,-1090,-860,-1109,-1351,-1577,-1568,-11346
7,0,2027,285383,7595,6762,6347,5909,5345,3848,3582,3299,3178,3056,2951,2959,2831,2915,3405,4639,6271,8202,8418,9756,10699,11232,11502,12055,12602,12905,13002,13130,12768,11972,11148,10410,9530,8885,8043,7150,6119,4903,4053,3318,2847,2437,2234,2114,1970,1714,1324,574,-76,-553,-828,-769,-617,-195,114,209,273,461,708,905,972,982,558,33,-189,-233,-503,-523,-620,-710,-707,-589,-690,-619,-684,-449,-573,-721,-797,-1003,-1364,-1158,-1395,-1607,-1790,-11778
7,0,2028,293542,7673,6834,6420,5975,5406,4984,3578,3352,3254,3169,3067,3018,2959,2991,3519,4780,6421,8509,8703,10080,10973,11477,11745,12478,12940,13209,13338,13292,12848,12305,11417,10583,9902,9121,8392,7480,6411,5268,4204,3446,2959,2653,2395,2257,2093,1835,1347,702,-183,-604,-840,-766,-508,-188,211,407,490,429,608,881,1002,972,737,254,-218,-421,-408,-651,-615,-724,-829,-842,-686,-732,-643,-720,-577,-764,-927,-1060,-1304,-1683,-1456,-1665,-1803,-12394
7,0,2029,301849,7750,6909,6493,6038,5469,5038,4543,3346,3294,3302,3236,3154,3055,3101,3612,4888,6602,8692,9062,10379,11313,11678,11979,12684,13306,13526,13629,13545,13093,12376,11636,10850,10083,9431,8637,7800,6771,5561,4526,3596,3059,2762,2559,2447,2210,1963,1455,721,-25,-686,-866,-752,-482,-86,243,500,666,637,624,785,966,1006,741,424,0,-413,-558,-573,-720,-721,-841,-893,-922,-712,-769,-705,-746,-771,-956,-1153,-1360,-1636,-1996,-1726,-1864,-12970
7,0,2030,306897,7826,6982,6564,6106,5530,5088,4588,4165,3276,3383,3285,3265,3111,3185,3706,4979,6705,8877,9216,10692,11585,11992,12123,12828,13457,13812,13832,13720,13208,12544,11637,10942,10213,9565,8827,7926,6987,5812,4763,3816,3152,2815,2608,2542,2360,2032,1562,791,-58,-576,-968,-793,-475,-80,325,498,734,769,761,802,868,931,727,421,107,-269,-585,-691,-699,-796,-877,-920,-941,-912,-778,-847,-795,-891,-989,-1161,-1449,-1700,-1972,-2325,-1929,-13550
7,0,2031,308099,7901,7056,6635,6170,5588,5143,4636,4209,3948,3460,3343,3266,3139,3181,3728,5034,6763,8954,9351,10809,11777,12166,12355,12927,13543,13905,14066,13883,13348,12675,11767,10932,10250,9600,8884,8026,7033,5916,4896,3953,3278,2818,2591,2527,2394,2105,1586,861,-21,-671,-936,-925,-576,-111,260,543,694,777,832,862,822,796,605,321,84,-238,-528,-773,-848,-859,-951,-1024,-1003,-960,-932,-877,-925,-978,-1109,-1255,-1469,-1807,-2055,-2302,-2590,-14150
7,0,2032,304998,7976,7128,6703,6237,5644,5194,4683,4256,3987,3673,3364,3259,3119,3181,3729,5039,6798,8995,9420,10889,11873,12280,12472,13083,13610,13945,14099,13967,13391,12720,11870,10928,10167,9543,8831,7991,7024,5921,4903,4002,3338,2850,2546,2455,2356,2119,1617,842,23,-668,-1055,-949,-725,-245,199,446,677,709,804,869,825,694,410,147,-89,-282,-566,-799,-954,-1069,-1112,-1143,-1187,-1073,-1055,-1027,-1021,-1125,-1236,-1381,-1611,-1854,-2179,-2401,-2566,-15450
7,0,2033,308970,8053,7201,6773,6303,5702,5251,4734,4303,4025,3712,3551,3285,3153,3216,3778,5107,6881,9114,9555,11063,12033,12456,12657,13285,13834,14112,14266,14143,13558,12862,12047,11198,10288,9608,8941,8113,7162,6053,5069,4156,3522,3036,2678,2517,2367,2160,1690,930,46,-571,-1004,-998,-693,-309,148,456,660,763,810,925,916,779,390,45,-167,-367,-510,-735,-904,-1068,-1190,-1189,-1182,-1136,-1058,-1062,-1063,-1150,-1301,-1441,-1659,-1938,-2173,-2485,-2637,-16479
7,0,2034,312909,8127,7273,6843,6368,5763,5303,4780,4345,4068,3748,3588,3450,3177,3247,3820,5168,6971,9218,9700,11212,12212,12613,12834,13466,14018,14329,14433,14299,13728,13024,12182,11370,10548,9720,8996,8208,7270,6177,5199,4314,3667,3208,2856,2643,2429,2167,1724,997,127,-548,-906,-954,-744,-284,92,412,676,749,866,925,976,876,477,14,-282,-450,-594,-682,-842,-1017,-1189,-1263,-1210,-1131,-1114,-1067,-1093,-1184,-1324,-1512,-1721,-1995,-2277,-2489,-2730,-17479
7,0,2035,316728,8204,7345,6911,6430,5819,5351,4826,4385,4108,3782,3623,3488,3331,3272,3854,5214,7047,9335,9831,11368,12363,12793,12992,13642,14198,14512,14640,14467,13881,13183,12327,11491,10713,9970,9104,8256,7359,6274,5307,4426,3818,3351,3011,2810,2540,2220,1725,1019,193,-470,-890,-856,-692,-332,114,361,640,762,848,982,977,934,580,116,-308,-576,-685,-766,-800,-964,-1143,-1258,-1283,-1164,-1111,-1126,-1095,-1223,-1365,-1541,-1808,-2077,-2345,-2602,-2734,-18481
7,0,2036,320578,8273,7417,6978,6493,5878,5406,4874,4431,4149,3820,3658,3522,3364,3423,3879,5262,7109,9438,9970,11512,12525,12942,13167,13797,14366,14689,14825,14672,14038,13324,12479,11635,10824,10116,9339,8357,7395,6355,5400,4536,3931,3489,3147,2957,2698,2337,1773,1021,207,-407,-817,-844,-608,-285,81,392,594,726,860,967,1034,939,641,213,-223,-612,-803,-860,-879,-924,-1099,-1229,-1287,-1228,-1143,-1111,-1148,-1227,-1404,-1587,-1835,-2161,-2434,-2680,-2855,-19376
7,0,2037,324384,8350,7490,7044,6553,5934,5459,4916,4471,4185,3857,3692,3549,3394,3453,4045,5304,7175,9516,10094,11660,12673,13106,13317,13970,14524,14860,14996,14848,14238,13482,12620,11772,10956,10219,9474,8575,7480,6378,5469,4618,4028,3594,3278,3077,2851,2487,1881,1066,195,-398,-753,-767,-594,-204,126,363,629,693,827,987,1014,996,640,278,-113,-514,-843,-979,-965,-999,-1066,-1190,-1255,-1232,-1209,-1148,-1145,-1285,-1409,-1627,-1892,-2202,-2535,-2780,-2939,-20299
7,0,2038,328191,8420,7558,7115,6616,5994,5511,4967,4508,4226,3894,3728,3586,3427,3485,4081,5492,7225,9603,10193,11798,12823,13247,13479,14118,14688,15016,15158,15015,14415,13676,12762,11900,11087,10344,9566,8703,7693,6465,5485,4681,4104,3693,3377,3211,2964,2631,2044,1178,237,-418,-741,-712,-526,-188,203,402,602,716,792,950,1027,975,701,269,-54,-412,-753,-1024,-1083,-1082,-1140,-1156,-1215,-1203,-1209,-1203,-1186,-1276,-1474,-1637,-1938,-2263,-2577,-2889,-3053,-21221
7,0,2039,331963,8493,7626,7179,6678,6048,5559,5015,4553,4263,3929,3763,3621,3457,3515,4117,5536,7457,9669,10296,11917,12960,13401,13625,14280,14841,15179,15311,15178,14571,13839,12949,12034,11207,10462,9682,8786,7807,6663,5554,4693,4162,3760,3463,3300,3082,2747,2192,1341,349,-384,-767,-703,-469,-119,220,471,634,691,817,914,998,990,674,335,-59,-359,-650,-941,-1134,-1197,-1221,-1231,-1191,-1172,-1181,-1215,-1244,-1306,-1476,-1709,-1945,-2320,-2644,-2936,-3175,-22142
7,0,2040,335830,8562,7697,7246,6740,6103,5609,5054,4593,4299,3965,3798,3653,3489,3546,4151,5582,7515,9947,10383,12031,13081,13540,13777,14421,15000,15324,15476,15331,14729,14002,13107,12218,11332,10575,9789,8889,7884,6768,5750,4754,4164,3815,3535,3381,3177,2867,2306,1487,517,-265,-734,-725,-462,-66,277,492,693,725,803,941,956,949,687,298,8,-365,-594,-842,-1048,-1240,-1325,-1306,-1262,-1145,-1158,-1186,-1247,-1376,-1509,-1707,-2029,-2323,-2710,-3018,-3229,-23087
7,0,2041,339632,8633,7764,7310,6802,6153,5659,5102,4635,4336,4002,3833,3683,3515,3576,4187,5626,7576,10026,10705,12122,13194,13655,13915,14573,15145,15485,15623,15487,14875,14143,13253,12366,11501,10687,9892,8993,7976,6830,5847,4936,4218,3814,3577,3441,3252,2948,2416,1601,668,-97,-622,-699,-482,-55,329,548,718,789,840,920,985,901,637,307,-36,-303,-612,-788,-958,-1170,-1372,-1409,-1326,-1214,-1132,-1159,-1225,-1384,-1580,-1748,-2025,-2413,-2722,-3095,-3315,-23957
7,0,2042,343468,8701,7829,7373,6859,6210,5709,5146,4670,4375,4034,3863,3716,3548,3602,4224,5669,7639,10108,10804,12482,13295,13773,14031,14711,15293,15628,15778,15633,15025,14282,13394,12503,11643,10846,9994,9082,8073,6917,5902,5026,4398,3865,3574,3483,3310,3021,2501,1718,783,57,-459,-592,-450,-77,342,593,767,807,899,956,965,927,580,249,-34,-341,-553,-802,-911,-1086,-1305,-1448,-1426,-1279,-1196,-1139,-1198,-1360,-1585,-1822,-2071,-2414,-2827,-3113,-3395,-24834
7,0,2043,347194,8770,7896,7433,6917,6265,5751,5192,4711,4412,4069,3895,3746,3578,3636,4253,5717,7695,10183,10904,12585,13645,13867,14156,14836,15433,15774,15924,15779,15167,14425,13520,12635,11765,10975,10140,9176,8149,6996,5978,5070,4479,4030,3620,3483,3352,3075,2570,1797,899,170,-308,-431,-355,-51,329,608,807,857,912,1013,1000,906,607,188,-106,-346,-597,-746,-930,-1048,-1228,-1387,-1460,-1369,-1263,-1197,-1181,-1338,-1569,-1832,-2156,-2471,-2829,-3228,-3416,-25684
7,0,2044,351025,8836,7964,7500,6975,6317,5802,5231,4751,4446,4100,3929,3776,3606,3668,4283,5759,7758,10258,10998,12690,13758,14213,14254,14957,15562,15917,16068,15925,15308,14554,13656,12755,11891,11094,10261,9315,8232,7063,6046,5140,4523,4112,3784,3531,3347,3116,2620,1869,983,284,-196,-285,-202,43,360,598,824,901,961,1034,1060,938,577,208,-172,-415,-603,-795,-879,-1065,-1195,-1322,-1410,-1408,-1346,-1261,-1239,-1317,-1535,-1803,-2170,-2570,-2892,-3223,-3535,-26426
7,0,2045,354699,8902,8030,7563,7035,6372,5851,5272,4791,4481,4134,3961,3811,3634,3693,4319,5799,7816,10333,11098,12797,13873,14322,14573,15068,15684,16043,16206,16067,15443,14694,13777,12876,11997,11202,10372,9422,8357,7140,6112,5206,4583,4151,3860,3677,3390,3106,2658,1910,1047,367,-82,-177,-69,181,444,624,819,907,996,1082,1080,1001,614,169,-155,-490,-677,-799,-926,-1019,-1211,-1285,-1353,-1358,-1381,-1342,-1298,-1375,-1514,-1776,-2145,-2586,-3003,-3294,-3538,-27240
7,0,2046,358218,8971,8090,7621,7091,6420,5891,5314,4829,4519,4167,3992,3837,3663,3722,4354,5843,7868,10408,11188,12900,13978,14432,14686,15354,15795,16173,16337,16202,15582,14818,13905,12994,12111,11302,10471,9521,8461,7260,6177,5259,4640,4204,3891,3749,3532,3142,2645,1945,1094,424,-6,-67,36,305,565,702,846,903,1007,1119,1124,1015,681,206,-194,-473,-754,-876,-936,-1067,-1175,-1309,-1325,-1306,-1337,-1380,-1380,-1442,-1584,-1763,-2117,-2562,-3020,-3424,-3619,-27947
7,0,2047,361726,9033,8154,7680,7146,6472,5941,5354,4863,4552,4200,4025,3871,3692,3750,4384,5887,7924,10484,11279,13000,14083,14538,14798,15474,16055,16287,16468,16326,15714,14947,14023,13109,12218,11410,10563,9616,8550,7352,6289,5319,4688,4262,3944,3782,3596,3285,2678,1922,1113,459,56,6,135,391,672,813,920,923,1003,1130,1168,1063,691,273,-164,-522,-746,-949,-1007,-1076,-1225,-1276,-1348,-1282,-1280,-1330,-1416,-1529,-1654,-1837,-2090,-2524,-2992,-3441,-3754,-28635
7,0,2048,365141,9098,8215,7739,7200,6523,5988,5398,4896,4583,4233,4054,3898,3716,3778,4412,5925,7980,10557,11370,13104,14180,14639,14907,15581,16178,16528,16575,16451,15830,15070,14141,13217,12326,11506,10660,9697,8633,7433,6372,5421,4740,4302,3996,3833,3624,3348,2822,1951,1082,479,93,65,200,493,756,908,1016,995,1031,1125,1176,1110,745,283,-97,-492,-799,-941,-1084,-1147,-1234,-1327,-1315,-1305,-1263,-1284,-1372,-1567,-1740,-1909,-2173,-2504,-2957,-3409,-3780,-29345
7,0,2049,368456,9159,8278,7798,7252,6570,6027,5435,4938,4619,4260,4088,3926,3745,3803,4439,5964,8030,10626,11457,13203,14286,14745,15009,15691,16294,16653,16806,16562,15943,15175,14254,13326,12420,11603,10747,9789,8703,7509,6437,5495,4839,4356,4034,3874,3674,3372,2876,2096,1102,447,110,97,253,554,838,984,1107,1088,1097,1146,1175,1115,784,336,-92,-430,-773,-992,-1074,-1225,-1299,-1335,-1359,-1274,-1282,-1258,-1326,-1529,-1783,-2008,-2260,-2600,-2929,-3367,-3745,-30022
7,0,2050,371734,9224,8337,7856,7310,6618,6073,5475,4969,4653,4291,4114,3954,3772,3834,4472,6005,8085,10695,11547,13299,14383,14846,15113,15806,16409,16764,16924,16786,16049,15283,14351,13425,12527,11694,10838,9861,8784,7564,6507,5563,4905,4441,4078,3912,3717,3416,2900,2149,1247,463,72,111,289,602,899,1059,1177,1174,1194,1218,1196,1109,790,372,-46,-426,-713,-972,-1132,-1224,-1373,-1397,-1374,-1303,-1258,-1284,-1307,-1474,-1737,-2055,-2374,-2696,-3037,-3347,-3708,-30579
7,0,2051,374913,9282,8396,7912,7360,6668,6115,5512,5006,4686,4320,4144,3981,3797,3857,4502,6042,8137,10766,11629,13398,14481,14946,15212,15910,16517,16882,17040,16903,16271,15378,14449,13516,12619,11782,10920,9941,8854,7638,6561,5615,4966,4505,4161,3950,3755,3457,2940,2165,1306,607,84,66,301,631,950,1112,1243,1244,1275,1308,1269,1131,775,374,-1,-383,-710,-917,-1109,-1272,-1371,-1469,-1440,-1326,-1298,-1260,-1330,-1457,-1685,-2006,-2423,-2820,-3147,-3468,-3684,-31031
7,0,2052,378069,9342,8456,7968,7410,6711,6157,5553,5038,4716,4350,4172,4009,3821,3880,4530,6079,8183,10831,11719,13490,14577,15047,15314,16017,16627,16994,17154,17012,16380,15600,14537,13601,12700,11868,11004,10019,8926,7694,6617,5666,5014,4560,4225,4032,3791,3488,2979,2200,1317,659,227,79,268,645,978,1155,1292,1306,1340,1398,1364,1206,799,360,-3,-345,-666,-920,-1057,-1256,-1419,-1472,-1501,-1385,-1312,-1298,-1301,-1472,-1671,-1957,-2379,-2882,-3294,-3597,-3816,-31379
7,0,2053,381167,9400,8511,8022,7461,6758,6200,5592,5072,4748,4378,4199,4041,3847,3907,4559,6119,8235,10898,11799,13581,14670,15138,15417,16120,16734,17107,17263,17125,16485,15698,14753,13681,12781,11946,11079,10092,8989,7758,6668,5723,5059,4604,4275,4094,3867,3526,3004,2231,1349,667,277,224,280,616,993,1184,1329,1348,1400,1464,1447,1306,875,383,-21,-350,-631,-879,-1058,-1205,-1406,-1519,-1504,-1448,-1367,-1307,-1339,-1454,-1693,-1940,-2323,-2833,-3361,-3758,-3957,-31836
7,0,2054,384215,9457,8571,8077,7511,6804,6243,5624,5102,4777,4410,4227,4064,3871,3930,4586,6154,8289,10963,11879,13678,14766,15232,15514,16217,16840,17212,17371,17233,16592,15796,14847,13888,12851,12014,11146,10162,9054,7811,6726,5764,5107,4646,4321,4131,3923,3599,3038,2258,1374,692,281,269,416,635,970,1197,1352,1384,1440,1527,1515,1399,979,457,-8,-374,-636,-848,-1024,-1213,-1372,-1505,-1556,-1451,-1423,-1364,-1353,-1491,-1666,-1966,-2296,-2773,-3303,-3832,-4134,-32360
7,0,2055,387204,9518,8620,8127,7561,6848,6279,5661,5135,4804,4440,4256,4090,3895,3953,4613,6191,8336,11026,11957,13764,14853,15326,15611,16323,16943,17318,17481,17337,16693,15891,14935,13973,13052,12078,11209,10220,9112,7874,6770,5812,5148,4691,4356,4177,3961,3651,3104,2288,1397,717,299,273,457,750,981,1182,1365,1406,1473,1566,1579,1472,1075,569,72,-358,-668,-852,-997,-1181,-1381,-1472,-1537,-1493,-1426,-1420,-1405,-1507,-1714,-1944,-2332,-2747,-3236,-3767,-4216,-33037
7,0,2056,390193,9570,8674,8177,7609,6889,6318,5699,5169,4836,4464,4282,4112,3917,3976,4644,6225,8386,11090,12035,13848,14944,15418,15701,16417,17042,17426,17589,17446,16796,15991,15025,14054,13127,12270,11264,10274,9161,7926,6821,5857,5194,4729,4399,4208,3999,3686,3150,2358,1417,732,324,295,457,790,1088,1195,1350,1423,1499,1604,1620,1538,1147,669,182,-284,-653,-884,-1008,-1155,-1351,-1483,-1506,-1490,-1470,-1426,-1468,-1568,-1728,-1991,-2303,-2779,-3211,-3689,-4147,-33735
7,0,2057,393224,9627,8730,8232,7659,6936,6361,5735,5199,4864,4491,4308,4139,3938,4002,4669,6258,8431,11153,12114,13937,15038,15505,15796,16514,17145,17532,17694,17547,16896,16081,15112,14134,13195,12338,11444,10322,9210,7965,6864,5901,5224,4765,4427,4252,4027,3726,3193,2403,1487,754,337,314,484,798,1127,1290,1364,1409,1510,1625,1660,1584,1218,736,287,-172,-581,-872,-1034,-1164,-1326,-1459,-1520,-1459,-1460,-1464,-1470,-1628,-1786,-2011,-2355,-2750,-3252,-3668,-4068,-34294
7,0,2058,396177,9679,8783,8282,7705,6978,6397,5766,5228,4893,4518,4335,4163,3961,4027,4696,6293,8482,11215,12192,14019,15122,15593,15886,16607,17241,17630,17796,17654,16994,16170,15198,14217,13272,12400,11501,10489,9247,8000,6897,5935,5264,4797,4467,4282,4069,3754,3227,2438,1532,821,357,325,502,815,1134,1327,1451,1417,1502,1641,1687,1615,1264,814,365,-66,-470,-807,-1027,-1202,-1336,-1446,-1500,-1470,-1438,-1460,-1515,-1635,-1849,-2073,-2376,-2814,-3220,-3714,-4045,-34688
7,0,2059,399093,9736,8835,8332,7749,7022,6433,5800,5262,4921,4543,4362,4189,3985,4048,4718,6328,8522,11273,12261,14108,15204,15682,15975,16702,17339,17731,17902,17750,17088,16262,15281,14291,13343,12464,11564,10541,9412,8031,6930,5958,5298,4834,4499,4314,4095,3791,3251,2470,1564,860,420,344,512,834,1157,1334,1487,1503,1512,1625,1695,1641,1303,862,437,5,-370,-696,-964,-1195,-1371,-1460,-1488,-1449,-1450,-1435,-1501,-1677,-1857,-2145,-2452,-2840,-3289,-3683,-4094,-35015
7,0,2060,401920,9789,8889,8382,7797,7062,6468,5835,5294,4950,4569,4386,4209,4004,4067,4745,6361,8567,11330,12337,14189,15291,15764,16064,16791,17437,17831,18002,17850,17184,16352,15363,14368,13411,12528,11624,10597,9454,8186,6951,5987,5320,4864,4531,4340,4134,3814,3286,2490,1586,885,455,405,528,845,1178,1351,1493,1532,1593,1634,1680,1653,1331,898,483,86,-299,-605,-863,-1136,-1368,-1491,-1495,-1442,-1430,-1443,-1484,-1672,-1904,-2156,-2532,-2919,-3324,-3763,-4057,-35357
7,1,2023,103834,3949,2667,2578,2400,2212,1967,1742,1557,1406,1339,1245,1271,1245,1174,1345,1803,2429,3344,3427,3978,4310,4582,4599,5095,5135,4929,4949,4820,4627,4491,4208,3939,3512,3018,2850,2525,1972,1493,1119,544,395,422,553,676,827,881,602,243,-245,-530,-806,-969,-1003,-774,-507,-289,-78,29,154,245,157,322,60,-166,-190,-475,-492,-354,-239,-394,-376,-242,-265,-246,-224,-231,-255,-183,-229,-372,-428,-440,-602,-653,-681,-4589
7,1,2024,109663,3988,3556,2542,2420,2232,2031,1822,1604,1503,1391,1330,1261,1286,1288,1390,1889,2555,3385,3635,4141,4662,4828,4994,5036,5279,5231,4994,5055,4928,4723,4563,4272,3878,3422,2897,2643,2152,1609,1144,810,487,422,581,751,797,804,657,238,-197,-569,-701,-850,-900,-822,-588,-331,-106,55,193,309,305,129,178,-110,-343,-341,-538,-488,-357,-290,-450,-429,-259,-315,-262,-225,-299,-389,-285,-341,-469,-566,-577,-705,-724,-4786
7,1,2025,115741,4027,3593,3331,2385,2249,2047,1881,1674,1546,1482,1393,1345,1287,1326,1515,1938,2628,3547,3699,4338,4854,5159,5196,5382,5241,5396,5263,5134,5147,5042,4799,4633,4234,3793,3307,2743,2282,1794,1271,862,712,525,596,777,873,779,587,287,-186,-523,-740,-728,-796,-707,-626,-387,-129,56,209,340,381,292,-27,-1,-281,-458,-408,-551,-473,-358,-368,-500,-446,-317,-343,-294,-267,-413,-520,-375,-471,-597,-698,-708,-766,-4974
7,1,2026,122232,4067,3631,3366,3084,2226,2066,1900,1725,1584,1513,1467,1410,1393,1350,1570,2100,2724,3644,3915,4470,5062,5388,5532,5602,5520,5371,5472,5394,5269,5233,5111,4817,4577,4114,3691,3123,2414,1909,1458,999,766,716,698,815,881,862,564,234,-142,-486,-679,-752,-672,-585,-504,-386,-181,26,234,358,410,354,126,-187,-190,-379,-513,-414,-535,-477,-391,-433,-510,-467,-331,-359,-331,-379,-532,-630,-498,-599,-724,-828,-800,-5179
7,1,2027,127591,4104,3667,3400,3114,2830,2044,1912,1742,1637,1539,1494,1486,1464,1451,1617,2152,2901,3761,4041,4675,5225,5586,5771,5894,5730,5605,5416,5555,5491,5365,5222,5066,4658,4365,3884,3387,2736,1994,1548,1147,898,761,856,894,935,861,644,191,-188,-463,-643,-688,-678,-507,-368,-289,-156,-4,203,367,426,416,199,-73,-338,-339,-475,-498,-433,-525,-537,-449,-465,-516,-477,-358,-380,-445,-505,-634,-768,-641,-727,-834,-915,-5420
7,1,2028,131600,4144,3705,3436,3146,2861,2571,1897,1758,1650,1619,1547,1509,1513,1503,1682,2217,2956,3959,4143,4825,5368,5742,5906,6091,5955,5757,5593,5528,5588,5518,5355,5117,4837,4427,4077,3535,2878,2251,1596,1193,992,874,909,1002,995,918,644,275,-257,-509,-634,-672,-635,-486,-336,-165,-79,3,191,352,442,412,277,9,-269,-463,-452,-516,-488,-473,-566,-607,-467,-505,-485,-485,-422,-496,-572,-627,-769,-919,-781,-856,-918,-5739
7,1,2029,135533,4184,3741,3470,3177,2887,2598,2348,1745,1670,1628,1649,1583,1563,1553,1738,2271,3042,4020,4362,4916,5529,5837,6029,6200,6124,5935,5740,5657,5621,5594,5447,5247,4917,4572,4160,3712,3064,2397,1809,1250,1021,945,1000,1079,1074,981,698,274,-157,-560,-663,-663,-598,-451,-295,-132,33,86,206,348,428,436,264,83,-190,-401,-538,-503,-512,-513,-539,-601,-623,-502,-511,-489,-491,-526,-607,-686,-784,-920,-1070,-910,-942,-6032
7,1,2030,137733,4221,3777,3503,3210,2918,2623,2368,2135,1653,1674,1633,1648,1583,1595,1783,2320,3091,4108,4411,5095,5611,5981,6096,6250,6192,6064,5824,5733,5660,5622,5461,5277,4976,4639,4234,3752,3170,2536,1918,1394,1054,948,1028,1129,1136,1021,757,316,-178,-489,-717,-693,-597,-431,-263,-126,63,168,264,370,413,408,272,58,-138,-349,-505,-564,-529,-538,-579,-597,-602,-626,-521,-553,-527,-579,-640,-697,-832,-940,-1061,-1230,-992,-6318
7,1,2031,138008,4257,3813,3539,3239,2946,2648,2393,2153,1979,1717,1667,1627,1596,1576,1785,2339,3115,4137,4472,5143,5720,6039,6195,6298,6210,6099,5922,5795,5715,5662,5501,5280,4977,4646,4269,3786,3188,2571,1987,1445,1125,944,1002,1124,1154,1052,763,351,-155,-545,-694,-764,-657,-456,-291,-107,37,168,303,391,410,370,226,25,-167,-332,-492,-571,-591,-578,-615,-660,-630,-637,-617,-565,-591,-636,-706,-756,-844,-994,-1092,-1204,-1333,-6603
7,1,2032,136149,4294,3849,3573,3273,2973,2673,2414,2173,1997,1822,1679,1618,1574,1567,1770,2332,3120,4144,4494,5171,5762,6086,6238,6359,6229,6094,5918,5810,5715,5665,5527,5264,4932,4607,4230,3769,3174,2571,1973,1460,1145,953,976,1082,1140,1067,778,338,-136,-543,-763,-782,-741,-536,-334,-158,25,135,287,393,409,327,151,-45,-236,-350,-503,-585,-630,-666,-689,-712,-720,-690,-665,-644,-644,-709,-774,-823,-921,-1010,-1154,-1246,-1305,-7236
7,1,2033,137747,4333,3884,3605,3304,3002,2700,2438,2195,2016,1840,1759,1628,1588,1583,1791,2359,3155,4193,4552,5249,5830,6169,6318,6449,6327,6162,5982,5878,5781,5720,5597,5384,4994,4632,4286,3830,3245,2639,2064,1534,1234,1044,1031,1108,1141,1087,818,375,-130,-499,-738,-811,-733,-575,-365,-163,19,159,293,414,446,367,141,-90,-275,-392,-475,-556,-609,-670,-729,-745,-723,-724,-667,-672,-669,-728,-814,-858,-952,-1063,-1146,-1287,-1333,-7734
7,1,2034,139378,4370,3921,3640,3335,3030,2724,2461,2216,2034,1857,1775,1691,1598,1594,1809,2383,3193,4238,4616,5314,5913,6242,6401,6523,6406,6250,6046,5934,5846,5790,5654,5454,5113,4690,4305,3874,3300,2704,2134,1624,1305,1130,1122,1164,1168,1088,837,414,-93,-490,-693,-788,-764,-569,-399,-185,20,154,314,414,469,407,185,-102,-327,-435,-517,-525,-579,-649,-733,-780,-746,-724,-702,-674,-686,-751,-831,-903,-988,-1101,-1211,-1283,-1381,-8206
7,1,2035,140926,4409,3956,3671,3363,3055,2749,2485,2233,2052,1872,1790,1706,1655,1605,1820,2401,3222,4289,4669,5385,5976,6324,6473,6606,6479,6325,6129,5999,5904,5849,5713,5501,5184,4811,4360,3892,3344,2753,2187,1681,1389,1197,1195,1245,1216,1112,833,424,-59,-457,-688,-743,-741,-597,-394,-216,1,154,312,438,472,431,232,-52,-343,-494,-563,-569,-555,-620,-710,-780,-778,-748,-705,-708,-693,-779,-860,-926,-1042,-1145,-1249,-1349,-1374,-8665
7,1,2036,142508,4441,3991,3706,3396,3083,2774,2504,2256,2070,1889,1807,1724,1670,1662,1829,2422,3252,4332,4729,5442,6048,6389,6551,6670,6549,6392,6204,6079,5964,5904,5776,5569,5230,4871,4477,3949,3351,2791,2237,1738,1447,1274,1263,1318,1294,1158,853,419,-53,-424,-658,-739,-702,-575,-418,-207,-24,140,312,440,496,435,253,-9,-296,-512,-621,-617,-594,-600,-688,-767,-785,-782,-729,-706,-725,-783,-885,-955,-1061,-1195,-1295,-1394,-1445,-9068
7,1,2037,144041,4478,4026,3738,3423,3109,2798,2524,2274,2088,1906,1824,1736,1683,1677,1894,2437,3277,4362,4784,5504,6110,6465,6616,6748,6618,6465,6266,6146,6046,5970,5833,5623,5292,4915,4533,4055,3397,2795,2271,1783,1499,1331,1336,1375,1366,1228,896,438,-65,-419,-624,-708,-700,-539,-397,-224,-16,121,298,442,495,457,253,16,-244,-461,-645,-677,-642,-636,-670,-747,-769,-788,-766,-730,-729,-817,-893,-984,-1095,-1221,-1354,-1446,-1496,-9497
7,1,2038,145613,4513,4060,3771,3452,3138,2824,2550,2289,2106,1919,1838,1754,1699,1689,1911,2519,3294,4397,4822,5566,6178,6524,6690,6809,6686,6527,6328,6207,6117,6049,5894,5677,5349,4975,4575,4112,3508,2842,2266,1810,1539,1382,1390,1448,1418,1295,973,482,-49,-434,-621,-679,-673,-539,-364,-208,-31,126,283,430,493,456,280,14,-218,-409,-592,-704,-701,-680,-707,-727,-751,-771,-765,-757,-756,-818,-931,-994,-1124,-1258,-1383,-1510,-1552,-9924
7,1,2039,147160,4548,4092,3801,3482,3165,2846,2569,2312,2122,1937,1854,1771,1711,1704,1927,2537,3400,4419,4866,5616,6239,6592,6752,6884,6749,6591,6389,6270,6168,6115,5978,5737,5402,5026,4629,4146,3555,2943,2303,1805,1566,1421,1436,1495,1485,1352,1039,558,-5,-425,-638,-679,-642,-510,-361,-180,-17,112,292,417,487,456,276,46,-220,-387,-542,-656,-728,-739,-749,-768,-734,-759,-754,-769,-787,-844,-936,-1033,-1135,-1296,-1423,-1542,-1621,-10351
7,1,2040,148814,4582,4127,3834,3511,3190,2868,2588,2331,2139,1952,1871,1785,1724,1716,1941,2556,3421,4553,4898,5664,6296,6655,6820,6942,6813,6646,6452,6331,6233,6181,6044,5820,5457,5078,4678,4196,3587,2990,2407,1839,1558,1445,1476,1540,1535,1417,1093,622,70,-378,-628,-696,-643,-481,-340,-175,5,129,289,425,473,444,274,36,-187,-389,-514,-604,-677,-765,-804,-809,-772,-739,-741,-754,-790,-877,-961,-1032,-1179,-1299,-1463,-1589,-1656,-10791
7,1,2041,150384,4618,4160,3863,3540,3214,2895,2611,2350,2154,1970,1886,1795,1737,1731,1956,2574,3445,4585,5048,5700,6340,6706,6882,7009,6874,6712,6505,6389,6289,6238,6103,5885,5539,5130,4720,4241,3632,3014,2450,1936,1585,1436,1494,1574,1576,1459,1155,673,137,-305,-587,-686,-658,-480,-312,-155,14,154,303,418,480,424,254,35,-200,-361,-524,-575,-631,-720,-832,-863,-808,-778,-723,-737,-781,-884,-1001,-1064,-1180,-1345,-1476,-1634,-1704,-11209
7,1,2042,151974,4652,4190,3895,3567,3242,2917,2631,2366,2172,1983,1901,1813,1751,1743,1972,2592,3473,4619,5093,5871,6382,6753,6930,7068,6936,6766,6565,6441,6346,6294,6162,5939,5603,5203,4768,4279,3676,3054,2468,1975,1682,1466,1484,1596,1610,1501,1198,738,185,-239,-517,-648,-647,-497,-310,-133,31,155,324,433,474,432,230,9,-209,-373,-490,-582,-606,-675,-789,-885,-862,-817,-755,-724,-765,-872,-1007,-1105,-1212,-1353,-1531,-1647,-1753,-11622
7,1,2043,153507,4685,4222,3921,3595,3266,2939,2655,2385,2188,1998,1914,1825,1765,1755,1985,2613,3495,4648,5133,5914,6546,6794,6984,7120,6992,6826,6621,6496,6400,6350,6217,6002,5653,5263,4839,4323,3705,3087,2504,1991,1719,1556,1514,1591,1631,1530,1238,776,250,-188,-451,-579,-615,-493,-322,-129,48,175,329,454,487,425,239,-20,-244,-385,-506,-551,-614,-653,-745,-846,-879,-865,-796,-759,-752,-861,-996,-1114,-1257,-1392,-1537,-1707,-1768,-12045
7,1,2044,155092,4718,4256,3954,3623,3291,2961,2672,2402,2206,2013,1931,1837,1778,1769,2000,2627,3522,4679,5176,5960,6597,6958,7027,7171,7044,6880,6677,6552,6452,6399,6273,6052,5713,5316,4896,4395,3744,3116,2534,2021,1734,1588,1601,1619,1621,1553,1265,815,294,-128,-402,-519,-547,-462,-315,-138,55,194,344,462,511,441,227,-17,-277,-419,-517,-570,-585,-665,-728,-807,-845,-889,-844,-795,-788,-847,-977,-1098,-1268,-1445,-1579,-1712,-1828,-12413
7,1,2045,156600,4749,4286,3984,3649,3316,2985,2689,2418,2221,2027,1945,1857,1790,1783,2014,2645,3547,4712,5218,6008,6652,7009,7180,7216,7091,6930,6726,6605,6502,6457,6320,6101,5760,5363,4946,4444,3808,3151,2560,2050,1761,1604,1634,1698,1649,1546,1283,838,326,-84,-339,-470,-493,-401,-288,-132,48,198,357,480,519,462,243,-35,-272,-456,-557,-583,-606,-637,-735,-789,-813,-855,-867,-843,-820,-880,-965,-1084,-1255,-1457,-1635,-1759,-1835,-12815
7,1,2046,158041,4784,4316,4011,3677,3338,3005,2710,2439,2238,2042,1960,1869,1802,1793,2030,2662,3567,4741,5254,6050,6698,7057,7231,7349,7132,6977,6778,6652,6555,6504,6375,6154,5808,5410,4992,4487,3859,3212,2588,2069,1788,1628,1644,1729,1726,1570,1275,855,353,-55,-302,-412,-448,-348,-238,-110,55,191,360,492,530,468,269,-20,-292,-454,-599,-620,-617,-655,-716,-801,-801,-824,-831,-864,-867,-918,-1009,-1072,-1239,-1443,-1646,-1821,-1887,-13158
7,1,2047,159476,4814,4345,4037,3703,3363,3026,2727,2451,2252,2059,1973,1884,1815,1806,2043,2681,3590,4772,5293,6097,6743,7103,7281,7404,7249,7019,6826,6697,6604,6556,6422,6204,5855,5459,5034,4531,3897,3258,2648,2098,1802,1649,1670,1741,1751,1640,1296,844,366,-32,-270,-377,-396,-315,-194,-64,77,196,358,497,550,483,273,9,-280,-479,-598,-661,-653,-665,-734,-778,-808,-808,-800,-832,-890,-968,-1047,-1115,-1222,-1425,-1631,-1834,-1950,-13519
7,1,2048,160902,4847,4375,4065,3731,3387,3049,2746,2467,2266,2072,1987,1893,1826,1820,2054,2699,3615,4800,5332,6140,6782,7150,7330,7449,7303,7125,6861,6744,6650,6605,6471,6248,5902,5501,5078,4569,3937,3291,2688,2151,1826,1665,1691,1766,1763,1668,1368,861,344,-19,-248,-343,-362,-262,-162,-27,115,216,368,495,555,506,292,12,-249,-461,-626,-658,-692,-704,-744,-802,-788,-819,-788,-805,-859,-991,-1097,-1159,-1267,-1411,-1615,-1819,-1967,-13871
7,1,2049,162242,4877,4405,4092,3753,3410,3069,2763,2487,2282,2084,2000,1907,1838,1829,2067,2714,3631,4831,5369,6183,6832,7196,7376,7494,7350,7171,6957,6784,6688,6647,6518,6295,5943,5543,5116,4609,3968,3328,2717,2187,1879,1689,1709,1784,1790,1680,1392,936,358,-40,-239,-325,-334,-231,-117,1,149,251,386,500,554,507,308,30,-251,-435,-615,-685,-695,-746,-778,-807,-807,-799,-798,-788,-833,-963,-1124,-1214,-1318,-1462,-1596,-1800,-1952,-14219
7,1,2050,163572,4907,4432,4120,3779,3432,3089,2784,2501,2299,2097,2014,1920,1850,1842,2082,2730,3657,4858,5407,6226,6875,7244,7421,7543,7398,7214,7001,6875,6725,6689,6558,6335,5993,5582,5156,4641,4006,3352,2747,2214,1911,1736,1727,1799,1806,1700,1402,958,431,-27,-263,-318,-316,-210,-90,39,175,279,419,520,559,504,309,47,-235,-436,-587,-675,-724,-744,-815,-845,-820,-813,-782,-800,-818,-931,-1090,-1242,-1382,-1515,-1653,-1783,-1935,-14495
7,1,2051,164842,4934,4461,4147,3801,3455,3109,2800,2517,2312,2109,2027,1931,1862,1852,2094,2748,3680,4887,5443,6268,6920,7289,7465,7588,7441,7260,7045,6916,6817,6723,6597,6374,6031,5619,5192,4675,4036,3383,2771,2238,1936,1767,1773,1817,1826,1719,1425,959,457,42,-249,-344,-308,-193,-66,64,206,303,446,549,578,507,303,46,-209,-419,-585,-650,-710,-775,-820,-884,-856,-828,-802,-785,-832,-920,-1060,-1208,-1412,-1583,-1712,-1845,-1917,-14726
7,1,2052,166091,4963,4489,4173,3824,3473,3129,2819,2531,2325,2122,2038,1942,1873,1863,2105,2762,3697,4914,5477,6307,6960,7330,7509,7636,7483,7302,7087,6957,6858,6817,6632,6409,6065,5658,5227,4711,4067,3407,2796,2259,1960,1790,1805,1862,1844,1731,1440,979,455,64,-182,-332,-331,-186,-51,83,225,335,469,578,606,531,308,37,-212,-402,-568,-652,-685,-762,-847,-884,-890,-861,-812,-804,-811,-928,-1052,-1178,-1377,-1617,-1788,-1913,-1984,-14898
7,1,2053,167322,4992,4515,4198,3848,3495,3149,2838,2545,2338,2134,2049,1957,1883,1875,2117,2778,3718,4940,5511,6346,7002,7373,7556,7680,7526,7345,7125,6997,6897,6856,6727,6441,6099,5692,5261,4742,4094,3437,2817,2284,1979,1809,1825,1895,1883,1747,1449,991,472,62,-159,-263,-322,-205,-45,96,241,350,494,601,635,565,333,45,-226,-406,-551,-636,-688,-739,-839,-912,-893,-896,-844,-811,-829,-914,-1062,-1167,-1344,-1584,-1827,-1997,-2056,-15112
7,1,2054,168549,5018,4543,4224,3874,3515,3168,2853,2559,2350,2149,2062,1967,1894,1885,2130,2792,3742,4967,5546,6387,7042,7415,7601,7722,7569,7384,7165,7037,6937,6897,6766,6538,6126,5720,5290,4773,4122,3456,2843,2301,1999,1829,1848,1908,1913,1788,1467,1002,481,74,-162,-247,-254,-193,-62,102,253,365,510,627,655,594,368,68,-223,-422,-555,-619,-672,-744,-819,-902,-923,-900,-877,-843,-840,-933,-1046,-1180,-1330,-1546,-1786,-2038,-2146,-15369
7,1,2055,169731,5047,4568,4248,3896,3537,3186,2870,2573,2363,2164,2073,1979,1905,1894,2139,2806,3759,4991,5580,6424,7080,7455,7641,7766,7611,7424,7204,7073,6974,6932,6802,6573,6225,5748,5315,4799,4144,3484,2858,2321,2014,1847,1867,1930,1926,1811,1502,1015,490,81,-154,-248,-241,-140,-53,90,258,377,523,641,686,619,402,112,-199,-421,-575,-622,-657,-731,-824,-884,-909,-923,-879,-878,-872,-948,-1066,-1167,-1347,-1529,-1745,-1992,-2190,-15697
7,1,2056,170936,5072,4590,4270,3916,3554,3201,2888,2587,2379,2173,2084,1987,1914,1904,2153,2821,3779,5019,5611,6458,7118,7499,7682,7807,7650,7465,7244,7113,7012,6972,6840,6608,6255,5842,5336,4817,4162,3502,2880,2340,2034,1864,1884,1946,1947,1828,1525,1052,500,88,-147,-238,-246,-127,-3,97,249,384,535,659,698,649,427,145,-155,-394,-570,-642,-662,-716,-812,-893,-891,-920,-905,-881,-909,-982,-1080,-1186,-1325,-1544,-1730,-1946,-2142,-16033
7,1,2057,172157,5098,4618,4296,3940,3575,3221,2904,2600,2390,2184,2096,1997,1924,1915,2165,2833,3796,5046,5644,6499,7160,7533,7721,7846,7691,7505,7282,7149,7048,7006,6875,6642,6285,5871,5430,4834,4182,3517,2894,2357,2044,1879,1896,1967,1962,1848,1544,1075,535,97,-145,-233,-234,-129,7,142,257,375,540,669,714,668,460,170,-116,-345,-545,-640,-681,-718,-796,-881,-903,-904,-901,-904,-912,-1018,-1116,-1205,-1349,-1525,-1748,-1933,-2096,-16284
7,1,2058,173379,5124,4643,4320,3960,3594,3238,2918,2612,2401,2195,2107,2008,1933,1927,2174,2849,3817,5070,5675,6532,7199,7572,7762,7887,7727,7543,7319,7191,7085,7041,6911,6679,6319,5899,5451,4923,4191,3529,2906,2368,2063,1893,1913,1979,1980,1864,1558,1087,558,131,-135,-230,-229,-121,6,150,292,380,535,675,728,680,477,208,-84,-303,-497,-617,-675,-741,-801,-870,-891,-910,-887,-901,-938,-1024,-1150,-1241,-1365,-1554,-1729,-1957,-2081,-16446
7,1,2059,174565,5151,4665,4341,3981,3615,3255,2934,2628,2412,2205,2120,2020,1943,1935,2185,2864,3835,5092,5705,6569,7234,7609,7801,7928,7767,7580,7358,7222,7117,7077,6944,6710,6351,5927,5479,4944,4282,3539,2912,2373,2073,1906,1925,1993,1993,1880,1569,1104,569,149,-102,-224,-227,-118,17,149,303,412,540,666,733,693,496,228,-47,-274,-455,-568,-655,-742,-823,-878,-885,-902,-896,-886,-929,-1048,-1158,-1280,-1409,-1570,-1759,-1933,-2103,-16571
7,1,2060,175734,5175,4690,4365,4003,3632,3271,2948,2644,2427,2218,2129,2028,1953,1944,2194,2877,3851,5118,5736,6605,7274,7647,7840,7965,7806,7617,7394,7257,7152,7110,6977,6742,6379,5954,5505,4968,4297,3627,2916,2382,2077,1920,1937,2005,2012,1890,1587,1113,578,157,-85,-194,-223,-116,21,154,302,420,570,675,726,699,512,244,-26,-236,-427,-528,-608,-719,-823,-895,-887,-894,-883,-891,-919,-1043,-1185,-1290,-1457,-1614,-1783,-1968,-2079,-16709
7,2,2023,133686,3337,1905,1932,1880,1696,1611,1410,1272,1238,1228,1220,1231,1161,1208,1487,2096,2934,3916,3849,4417,4796,4845,4804,5314,6243,6565,6959,6919,6347,5625,4857,4276,3751,3581,3337,3139,2936,2387,2088,1854,1571,1354,1144,966,925,776,656,389,23,-132,-332,-290,-242,78,324,462,574,503,358,245,382,359,247,208,98,92,135,110,18,21,-47,34,-96,-193,-53,35,-196,-45,-72,-189,-290,-359,-449,-549,-681,-5837
7,2,2024,139874,3374,2978,1931,1936,1750,1704,1509,1358,1343,1304,1273,1287,1220,1277,1566,2197,2998,4014,3953,4662,4942,5019,5103,5527,6206,6890,7125,7131,6659,5945,5160,4545,4130,3735,3525,3203,2976,2618,2156,1870,1668,1430,1154,1027,871,818,620,391,102,-169,-251,-228,-84,6,319,431,515,546,477,385,267,399,289,146,177,4,20,35,62,-58,-36,-110,-8,-93,-191,-93,-27,-234,-126,-199,-330,-449,-511,-584,-659,-5944
7,2,2025,146065,3414,3017,2874,1940,1801,1751,1590,1452,1412,1391,1328,1338,1271,1339,1640,2306,3114,4126,4048,4818,5198,5186,5289,5793,6432,6876,7388,7359,6862,6236,5491,4816,4399,4065,3680,3412,3049,2667,2351,1962,1686,1522,1234,1040,931,769,660,371,107,-89,-279,-152,-20,153,239,424,512,511,524,504,414,284,324,204,111,120,-35,-64,-54,-10,-115,-70,-190,-4,-145,-193,-131,-116,-340,-236,-345,-480,-606,-651,-700,-6035
7,2,2026,152459,3452,3055,2910,2757,1801,1806,1633,1521,1482,1450,1411,1380,1333,1401,1720,2396,3262,4263,4218,4914,5385,5473,5464,6025,6671,7094,7407,7560,7082,6443,5746,5116,4654,4309,3957,3559,3259,2746,2421,2125,1797,1561,1335,1138,946,828,634,408,101,-72,-195,-158,60,235,391,349,492,516,515,541,538,450,203,232,168,47,76,-105,-118,-111,-79,-154,-117,-177,-48,-161,-207,-195,-223,-460,-362,-510,-627,-749,-768,-6167
7,2,2027,157792,3491,3095,2947,2795,2515,1804,1670,1557,1541,1517,1457,1473,1367,1464,1788,2487,3370,4441,4377,5081,5474,5646,5731,6161,6872,7300,7586,7575,7277,6607,5926,5344,4872,4520,4159,3763,3383,2909,2505,2171,1949,1676,1378,1220,1035,853,680,383,112,-90,-185,-81,61,312,482,498,429,465,505,538,546,566,359,106,149,106,-28,-25,-187,-185,-170,-140,-225,-103,-207,-91,-193,-276,-292,-369,-596,-517,-668,-773,-875,-6358
7,2,2028,161942,3529,3129,2984,2829,2545,2413,1681,1594,1604,1550,1520,1509,1446,1488,1837,2563,3465,4550,4560,5255,5605,5735,5839,6387,6985,7452,7745,7764,7260,6787,6062,5466,5065,4694,4315,3945,3533,3017,2608,2253,1967,1779,1486,1255,1098,917,703,427,74,-95,-206,-94,127,298,547,572,569,426,417,529,560,560,460,245,51,42,44,-135,-127,-251,-263,-235,-219,-227,-158,-235,-155,-268,-355,-433,-535,-764,-675,-809,-885,-6655
7,2,2029,166316,3566,3168,3023,2861,2582,2440,2195,1601,1624,1674,1587,1571,1492,1548,1874,2617,3560,4672,4700,5463,5784,5841,5950,6484,7182,7591,7889,7888,7472,6782,6189,5603,5166,4859,4477,4088,3707,3164,2717,2346,2038,1817,1559,1368,1136,982,757,447,132,-126,-203,-89,116,365,538,632,633,551,418,437,538,570,477,341,190,-12,-20,-70,-208,-208,-302,-292,-299,-210,-258,-216,-255,-245,-349,-467,-576,-716,-926,-816,-922,-6938
7,2,2030,169164,3605,3205,3061,2896,2612,2465,2220,2030,1623,1709,1652,1617,1528,1590,1923,2659,3614,4769,4805,5597,5974,6011,6027,6578,7265,7748,8008,7987,7548,6922,6176,5665,5237,4926,4593,4174,3817,3276,2845,2422,2098,1867,1580,1413,1224,1011,805,475,120,-87,-251,-100,122,351,588,624,671,601,497,432,455,523,455,363,245,80,-80,-127,-170,-258,-298,-323,-339,-286,-257,-294,-268,-312,-349,-464,-617,-760,-911,-1095,-937,-7232
7,2,2031,170091,3644,3243,3096,2931,2642,2495,2243,2056,1969,1743,1676,1639,1543,1605,1943,2695,3648,4817,4879,5666,6057,6127,6160,6629,7333,7806,8144,8088,7633,7013,6266,5652,5273,4954,4615,4240,3845,3345,2909,2508,2153,1874,1589,1403,1240,1053,823,510,134,-126,-242,-161,81,345,551,650,657,609,529,471,412,426,379,296,251,94,-36,-202,-257,-281,-336,-364,-373,-323,-315,-312,-334,-342,-403,-499,-625,-813,-963,-1098,-1257,-7547
7,2,2032,168849,3682,3279,3130,2964,2671,2521,2269,2083,1990,1851,1685,1641,1545,1614,1959,2707,3678,4851,4926,5718,6111,6194,6234,6724,7381,7851,8181,8157,7676,7055,6343,5664,5235,4936,4601,4222,3850,3350,2930,2542,2193,1897,1570,1373,1216,1052,839,504,159,-125,-292,-167,16,291,533,604,652,574,517,476,416,367,259,192,147,68,-63,-214,-324,-403,-423,-431,-467,-383,-390,-383,-377,-416,-462,-558,-690,-844,-1025,-1155,-1261,-8214
7,2,2033,171223,3720,3317,3168,2999,2700,2551,2296,2108,2009,1872,1792,1657,1565,1633,1987,2748,3726,4921,5003,5814,6203,6287,6339,6836,7507,7950,8284,8265,7777,7142,6450,5814,5294,4976,4655,4283,3917,3414,3005,2622,2288,1992,1647,1409,1226,1073,872,555,176,-72,-266,-187,40,266,513,619,641,604,517,511,470,412,249,135,108,25,-35,-179,-295,-398,-461,-444,-459,-412,-391,-390,-394,-422,-487,-583,-707,-875,-1027,-1198,-1304,-8745
7,2,2034,173531,3757,3352,3203,3033,2733,2579,2319,2129,2034,1891,1813,1759,1579,1653,2011,2785,3778,4980,5084,5898,6299,6371,6433,6943,7612,8079,8387,8365,7882,7234,6528,5916,5435,5030,4691,4334,3970,3473,3065,2690,2362,2078,1734,1479,1261,1079,887,583,220,-58,-213,-166,20,285,491,597,656,595,552,511,507,469,292,116,45,-15,-77,-157,-263,-368,-456,-483,-464,-407,-412,-393,-407,-433,-493,-609,-733,-894,-1066,-1206,-1349,-9273
7,2,2035,175802,3795,3389,3240,3067,2764,2602,2341,2152,2056,1910,1833,1782,1676,1667,2034,2813,3825,5046,5162,5983,6387,6469,6519,7036,7719,8187,8511,8468,7977,7334,6614,5990,5529,5159,4744,4364,4015,3521,3120,2745,2429,2154,1816,1565,1324,1108,892,595,252,-13,-202,-113,49,265,508,577,639,608,536,544,505,503,348,168,35,-82,-122,-197,-245,-344,-433,-478,-505,-416,-406,-418,-402,-444,-505,-615,-766,-932,-1096,-1253,-1360,-9816
7,2,2036,178070,3832,3426,3272,3097,2795,2632,2370,2175,2079,1931,1851,1798,1694,1761,2050,2840,3857,5106,5241,6070,6477,6553,6616,7127,7817,8297,8621,8593,8074,7420,6703,6066,5594,5245,4862,4408,4044,3564,3163,2798,2484,2215,1884,1639,1404,1179,920,602,260,17,-159,-105,94,290,499,599,618,586,548,527,538,504,388,222,73,-100,-182,-243,-285,-324,-411,-462,-502,-446,-414,-405,-423,-444,-519,-632,-774,-966,-1139,-1286,-1410,-10308
7,2,2037,180343,3872,3464,3306,3130,2825,2661,2392,2197,2097,1951,1868,1813,1711,1776,2151,2867,3898,5154,5310,6156,6563,6641,6701,7222,7906,8395,8730,8702,8192,7512,6787,6149,5664,5304,4941,4520,4083,3583,3198,2835,2529,2263,1942,1702,1485,1259,985,628,260,21,-129,-59,106,335,523,587,645,572,529,545,519,539,387,262,131,-53,-198,-302,-323,-363,-396,-443,-486,-444,-443,-418,-416,-468,-516,-643,-797,-981,-1181,-1334,-1443,-10802
7,2,2038,182578,3907,3498,3344,3164,2856,2687,2417,2219,2120,1975,1890,1832,1728,1796,2170,2973,3931,5206,5371,6232,6645,6723,6789,7309,8002,8489,8830,8808,8298,7627,6868,6223,5738,5369,4991,4591,4185,3623,3219,2871,2565,2311,1987,1763,1546,1336,1071,696,286,16,-120,-33,147,351,567,610,633,590,509,520,534,519,421,255,164,-3,-161,-320,-382,-402,-433,-429,-464,-432,-444,-446,-430,-458,-543,-643,-814,-1005,-1194,-1379,-1501,-11297
7,2,2039,184803,3945,3534,3378,3196,2883,2713,2446,2241,2141,1992,1909,1850,1746,1811,2190,2999,4057,5250,5430,6301,6721,6809,6873,7396,8092,8588,8922,8908,8403,7724,6971,6297,5805,5436,5053,4640,4252,3720,3251,2888,2596,2339,2027,1805,1597,1395,1153,783,354,41,-129,-24,173,391,581,651,651,579,525,497,511,534,398,289,161,28,-108,-285,-406,-458,-472,-463,-457,-413,-427,-446,-457,-462,-540,-676,-810,-1024,-1221,-1394,-1554,-11791
7,2,2040,187016,3980,3570,3412,3229,2913,2741,2466,2262,2160,2013,1927,1868,1765,1830,2210,3026,4094,5394,5485,6367,6785,6885,6957,7479,8187,8678,9024,9000,8496,7821,7063,6398,5875,5497,5111,4693,4297,3778,3343,2915,2606,2370,2059,1841,1642,1450,1213,865,447,113,-106,-29,181,415,617,667,688,596,514,516,483,505,413,262,195,24,-80,-238,-371,-475,-521,-497,-490,-406,-417,-432,-457,-499,-548,-675,-850,-1024,-1247,-1429,-1573,-12296
7,2,2041,189248,4015,3604,3447,3262,2939,2764,2491,2285,2182,2032,1947,1888,1778,1845,2231,3052,4131,5441,5657,6422,6854,6949,7033,7564,8271,8773,9118,9098,8586,7905,7150,6481,5962,5557,5172,4752,4344,3816,3397,3000,2633,2378,2083,1867,1676,1489,1261,928,531,208,-35,-13,176,425,641,703,704,635,537,502,505,477,383,272,164,58,-88,-213,-327,-450,-540,-546,-518,-436,-409,-422,-444,-500,-579,-684,-845,-1068,-1246,-1461,-1611,-12748
7,2,2042,191494,4049,3639,3478,3292,2968,2792,2515,2304,2203,2051,1962,1903,1797,1859,2252,3077,4166,5489,5711,6611,6913,7020,7101,7643,8357,8862,9213,9192,8679,7988,7232,6564,6040,5643,5226,4803,4397,3863,3434,3051,2716,2399,2090,1887,1700,1520,1303,980,598,296,58,56,197,420,652,726,736,652,575,523,491,495,350,240,175,32,-63,-220,-305,-411,-516,-563,-564,-462,-441,-415,-433,-488,-578,-717,-859,-1061,-1296,-1466,-1642,-13212
7,2,2043,193687,4085,3674,3512,3322,2999,2812,2537,2326,2224,2071,1981,1921,1813,1881,2268,3104,4200,5535,5771,6671,7099,7073,7172,7716,8441,8948,9303,9283,8767,8075,7303,6633,6112,5712,5301,4853,4444,3909,3474,3079,2760,2474,2106,1892,1721,1545,1332,1021,649,358,143,148,260,442,651,737,759,682,583,559,513,481,368,208,138,39,-91,-195,-316,-395,-483,-541,-581,-504,-467,-438,-429,-477,-573,-718,-899,-1079,-1292,-1521,-1648,-13639
7,2,2044,195933,4118,3708,3546,3352,3026,2841,2559,2349,2240,2087,1998,1939,1828,1899,2283,3132,4236,5579,5822,6730,7161,7255,7227,7786,8518,9037,9391,9373,8856,8155,7383,6703,6178,5778,5365,4920,4488,3947,3512,3119,2789,2524,2183,1912,1726,1563,1355,1054,689,412,206,234,345,505,675,736,769,707,617,572,549,497,350,225,105,4,-86,-225,-294,-400,-467,-515,-565,-519,-502,-466,-451,-470,-558,-705,-902,-1125,-1313,-1511,-1707,-14013
7,2,2045,198099,4153,3744,3579,3386,3056,2866,2583,2373,2260,2107,2016,1954,1844,1910,2305,3154,4269,5621,5880,6789,7221,7313,7393,7852,8593,9113,9480,9462,8941,8237,7457,6775,6237,5839,5426,4978,4549,3989,3552,3156,2822,2547,2226,1979,1741,1560,1375,1072,721,451,257,293,424,582,732,756,771,709,639,602,561,539,371,204,117,-34,-120,-216,-320,-382,-476,-496,-540,-503,-514,-499,-478,-495,-549,-692,-890,-1129,-1368,-1535,-1703,-14425
7,2,2046,200177,4187,3774,3610,3414,3082,2886,2604,2390,2281,2125,2032,1968,1861,1929,2324,3181,4301,5667,5934,6850,7280,7375,7455,8005,8663,9196,9559,9550,9027,8314,7530,6840,6303,5892,5479,5034,4602,4048,3589,3190,2852,2576,2247,2020,1806,1572,1370,1090,741,479,296,345,484,653,803,812,791,712,647,627,594,547,412,226,98,-19,-155,-256,-319,-412,-459,-508,-524,-482,-506,-516,-513,-524,-575,-691,-878,-1119,-1374,-1603,-1732,-14789
7,2,2047,202250,4219,3809,3643,3443,3109,2915,2627,2412,2300,2141,2052,1987,1877,1944,2341,3206,4334,5712,5986,6903,7340,7435,7517,8070,8806,9268,9642,9629,9110,8391,7601,6905,6363,5951,5529,5085,4653,4094,3641,3221,2886,2613,2274,2041,1845,1645,1382,1078,747,491,326,383,531,706,866,877,843,727,645,633,618,580,418,264,116,-43,-148,-288,-354,-411,-491,-498,-540,-474,-480,-498,-526,-561,-607,-722,-868,-1099,-1361,-1607,-1804,-15116
7,2,2048,204239,4251,3840,3674,3469,3136,2939,2652,2429,2317,2161,2067,2005,1890,1958,2358,3226,4365,5757,6038,6964,7398,7489,7577,8132,8875,9403,9714,9707,9180,8465,7670,6969,6424,6005,5582,5128,4696,4142,3684,3270,2914,2637,2305,2067,1861,1680,1454,1090,738,498,341,408,562,755,918,935,901,779,663,630,621,604,453,271,152,-31,-173,-283,-392,-443,-490,-525,-527,-486,-475,-479,-513,-576,-643,-750,-906,-1093,-1342,-1590,-1813,-15474
7,2,2049,206214,4282,3873,3706,3499,3160,2958,2672,2451,2337,2176,2088,2019,1907,1974,2372,3250,4399,5795,6088,7020,7454,7549,7633,8197,8944,9482,9849,9778,9255,8528,7736,7031,6477,6060,5631,5180,4735,4181,3720,3308,2960,2667,2325,2090,1884,1692,1484,1160,744,487,349,422,587,785,955,983,958,837,711,646,621,608,476,306,159,5,-158,-307,-379,-479,-521,-528,-552,-475,-484,-470,-493,-566,-659,-794,-942,-1138,-1333,-1567,-1793,-15803
7,2,2050,208162,4317,3905,3736,3531,3186,2984,2691,2468,2354,2194,2100,2034,1922,1992,2390,3275,4428,5837,6140,7073,7508,7602,7692,8263,9011,9550,9923,9911,9324,8594,7793,7090,6534,6112,5682,5220,4778,4212,3760,3349,2994,2705,2351,2113,1911,1716,1498,1191,816,490,335,429,605,812,989,1020,1002,895,775,698,637,605,481,325,189,10,-126,-297,-408,-480,-558,-552,-554,-490,-476,-484,-489,-543,-647,-813,-992,-1181,-1384,-1564,-1773,-16084
7,2,2051,210071,4348,3935,3765,3559,3213,3006,2712,2489,2374,2211,2117,2050,1935,2005,2408,3294,4457,5879,6186,7130,7561,7657,7747,8322,9076,9622,9995,9987,9454,8655,7852,7142,6588,6163,5728,5266,4818,4255,3790,3377,3030,2738,2388,2133,1929,1738,1515,1206,849,565,333,410,609,824,1016,1048,1037,941,829,759,691,624,472,328,208,36,-125,-267,-399,-497,-551,-585,-584,-498,-496,-475,-498,-537,-625,-798,-1011,-1237,-1435,-1623,-1767,-16305
7,2,2052,211978,4379,3967,3795,3586,3238,3028,2734,2507,2391,2228,2134,2067,1948,2017,2425,3317,4486,5917,6242,7183,7617,7717,7805,8381,9144,9692,10067,10055,9522,8783,7905,7192,6635,6210,5777,5308,4859,4287,3821,3407,3054,2770,2420,2170,1947,1757,1539,1221,862,595,409,411,599,831,1029,1072,1067,971,871,820,758,675,491,323,209,57,-98,-268,-372,-494,-572,-588,-611,-524,-500,-494,-490,-544,-619,-779,-1002,-1265,-1506,-1684,-1832,-16481
7,2,2053,213845,4408,3996,3824,3613,3263,3051,2754,2527,2410,2244,2150,2084,1964,2032,2442,3341,4517,5958,6288,7235,7668,7765,7861,8440,9208,9762,10138,10128,9588,8842,8026,7240,6682,6254,5818,5350,4895,4321,3851,3439,3080,2795,2450,2199,1984,1779,1555,1240,877,605,436,487,602,821,1038,1088,1088,998,906,863,812,741,542,338,205,56,-80,-243,-370,-466,-567,-607,-611,-552,-523,-496,-510,-540,-631,-773,-979,-1249,-1534,-1761,-1901,-16724
7,2,2054,215666,4439,4028,3853,3637,3289,3075,2771,2543,2427,2261,2165,2097,1977,2045,2456,3362,4547,5996,6333,7291,7724,7817,7913,8495,9271,9828,10206,10196,9655,8899,8081,7350,6725,6294,5856,5389,4932,4355,3883,3463,3108,2817,2473,2223,2010,1811,1571,1256,893,618,443,516,670,828,1032,1095,1099,1019,930,900,860,805,611,389,215,48,-81,-229,-352,-469,-553,-603,-633,-551,-546,-521,-513,-558,-620,-786,-966,-1227,-1517,-1794,-1988,-16991
7,2,2055,217473,4471,4052,3879,3665,3311,3093,2791,2562,2441,2276,2183,2111,1990,2059,2474,3385,4577,6035,6377,7340,7773,7871,7970,8557,9332,9894,10277,10264,9719,8959,8133,7400,6827,6330,5894,5421,4968,4390,3912,3491,3134,2844,2489,2247,2035,1840,1602,1273,907,636,453,521,698,890,1034,1092,1107,1029,950,925,893,853,673,457,271,63,-93,-230,-340,-450,-557,-588,-628,-570,-547,-542,-533,-559,-648,-777,-985,-1218,-1491,-1775,-2026,-17340
7,2,2056,219257,4498,4084,3907,3693,3335,3117,2811,2582,2457,2291,2198,2125,2003,2072,2491,3404,4607,6071,6424,7390,7826,7919,8019,8610,9392,9961,10345,10333,9784,9019,8185,7446,6872,6428,5928,5457,4999,4424,3941,3517,3160,2865,2515,2262,2052,1858,1625,1306,917,644,471,533,703,917,1091,1098,1101,1039,964,945,922,889,720,524,337,110,-83,-242,-346,-439,-539,-590,-615,-570,-565,-545,-559,-586,-648,-805,-978,-1235,-1481,-1743,-2005,-17702
7,2,2057,221067,4529,4112,3936,3719,3361,3140,2831,2599,2474,2307,2212,2142,2014,2087,2504,3425,4635,6107,6470,7438,7878,7972,8075,8668,9454,10027,10412,10398,9848,9075,8237,7492,6910,6467,6014,5488,5028,4448,3970,3544,3180,2886,2531,2285,2065,1878,1649,1328,952,657,482,547,718,927,1120,1148,1107,1034,970,956,946,916,758,566,403,173,-36,-232,-353,-446,-530,-578,-617,-555,-559,-560,-558,-610,-670,-806,-1006,-1225,-1504,-1735,-1972,-18010
7,2,2058,222798,4555,4140,3962,3745,3384,3159,2848,2616,2492,2323,2228,2155,2028,2100,2522,3444,4665,6145,6517,7487,7923,8021,8124,8720,9514,10087,10477,10463,9909,9129,8287,7538,6953,6501,6050,5566,5056,4471,3991,3567,3201,2904,2554,2303,2089,1890,1669,1351,974,690,492,555,731,936,1128,1177,1159,1037,967,966,959,935,787,606,449,237,27,-190,-352,-461,-535,-576,-609,-560,-551,-559,-577,-611,-699,-832,-1011,-1260,-1491,-1757,-1964,-18242
7,2,2059,224528,4585,4170,3991,3768,3407,3178,2866,2634,2509,2338,2242,2169,2042,2113,2533,3464,4687,6181,6556,7539,7970,8073,8174,8774,9572,10151,10544,10528,9971,9185,8337,7581,6992,6537,6085,5597,5130,4492,4018,3585,3225,2928,2574,2321,2102,1911,1682,1366,995,711,522,568,739,952,1140,1185,1184,1091,972,959,962,948,807,634,484,279,85,-128,-309,-453,-548,-582,-603,-547,-554,-549,-572,-629,-699,-865,-1043,-1270,-1530,-1750,-1991,-18444
7,2,2060,226186,4614,4199,4017,3794,3430,3197,2887,2650,2523,2351,2257,2181,2051,2123,2551,3484,4716,6212,6601,7584,8017,8117,8224,8826,9631,10214,10608,10593,10032,9242,8386,7626,7032,6574,6119,5629,5157,4559,4035,3605,3243,2944,2594,2335,2122,1924,1699,1377,1008,728,540,599,751,961,1157,1197,1191,1112,1023,959,954,954,819,654,509,322,128,-77,-255,-417,-545,-596,-608,-548,-547,-552,-565,-629,-719,-866,-1075,-1305,-1541,-1795,-1978,-18648
8,0,2023,109108,6829,3627,3207,3162,3382,3587,3930,4089,4278,4563,4413,4401,4306,4349,4363,4402,4672,4952,5042,5090,5076,5009,4819,5077,5678,6388,6741,6555,6368,6257,5875,5107,4134,3572,3010,2427,1305,221,-545,-1200,-1775,-2182,-1987,-1886,-1214,-1243,-1585,-1949,-2383,-2717,-2936,-3014,-2833,-2525,-1860,-1575,-1164,-1061,-1128,-1033,-1259,-1348,-1480,-1631,-1519,-1457,-1309,-1096,-738,-449,-283,-178,-267,-310,-282,-280,-367,-255,-384,-320,-329,-342,-492,-541,-479,-3965
8,0,2024,110104,6836,5259,3087,3113,3373,3572,3898,4061,4223,4505,4394,4298,4256,4313,4379,4430,4702,4933,5128,5153,5170,5326,5113,5203,5722,6404,6705,6733,6509,6303,6082,5257,4347,3585,3051,2556,1428,464,-327,-1114,-1353,-1946,-1910,-1696,-1478,-1190,-1570,-2017,-2368,-2823,-2953,-3018,-2831,-2585,-2179,-1586,-1314,-1081,-1124,-1265,-1343,-1497,-1626,-1722,-1784,-1667,-1439,-1187,-846,-611,-305,-307,-250,-428,-391,-384,-368,-454,-345,-467,-438,-427,-470,-553,-584,-4146
8,0,2025,110624,6848,5256,4361,3009,3315,3557,3853,4021,4184,4433,4256,4255,4150,4236,4329,4452,4754,5001,5103,5247,5267,5375,5422,5492,5796,6376,6718,6661,6669,6414,6125,5434,4463,3778,3034,2554,1548,591,-100,-896,-1288,-1554,-1709,-1625,-1310,-1430,-1514,-1983,-2434,-2796,-3045,-3009,-2840,-2571,-2215,-1850,-1309,-1190,-1130,-1248,-1527,-1626,-1747,-1886,-1883,-1894,-1633,-1303,-935,-663,-456,-315,-397,-395,-486,-472,-453,-458,-518,-437,-579,-516,-550,-537,-609,-4392
8,0,2026,114122,6875,5277,4378,4006,3265,3544,3871,4038,4204,4449,4284,4165,4169,4205,4331,4481,4823,5108,5234,5271,5403,5525,5496,5820,6139,6499,6733,6760,6656,6622,6261,5589,4711,3961,3259,2604,1591,778,70,-584,-1041,-1439,-1335,-1395,-1207,-1222,-1706,-1908,-2371,-2810,-2997,-3083,-2781,-2537,-2185,-1869,-1515,-1173,-1201,-1231,-1493,-1745,-1872,-1957,-2031,-1982,-1837,-1447,-1027,-742,-475,-434,-405,-512,-470,-542,-541,-501,-514,-590,-555,-642,-620,-609,-599,-4601
8,0,2027,117879,6905,5300,4397,4021,3997,3526,3882,4060,4227,4460,4310,4217,4111,4225,4335,4514,4889,5196,5370,5429,5424,5631,5683,5913,6456,6846,6869,6782,6767,6633,6492,5743,4916,4227,3507,2820,1718,799,277,-409,-748,-1200,-1227,-1057,-995,-1132,-1488,-2097,-2290,-2750,-3015,-3038,-2865,-2483,-2135,-1841,-1540,-1344,-1201,-1298,-1475,-1749,-1981,-2100,-2113,-2113,-1903,-1633,-1149,-820,-561,-442,-507,-573,-551,-563,-593,-611,-559,-601,-708,-619,-737,-683,-675,-4823
8,0,2028,121365,6931,5319,4410,4033,4009,4023,3860,4067,4246,4494,4328,4217,4123,4187,4337,4529,4936,5294,5473,5583,5592,5681,5764,6088,6568,7135,7206,6919,6775,6729,6513,5952,5081,4440,3776,3091,1916,975,312,-179,-575,-910,-997,-951,-695,-931,-1402,-1879,-2478,-2669,-2953,-3041,-2836,-2568,-2105,-1792,-1508,-1371,-1337,-1316,-1562,-1729,-2024,-2214,-2258,-2213,-2026,-1684,-1317,-934,-628,-536,-517,-643,-660,-638,-633,-657,-689,-643,-731,-785,-718,-780,-749,-5086
8,0,2029,123946,6959,5343,4426,4050,4021,4035,4187,4062,4256,4505,4127,4177,4110,4162,4308,4534,4957,5344,5570,5682,5750,5810,5826,6145,6706,7270,7440,7233,6897,6726,6571,5977,5242,4583,3952,3319,2194,1149,488,-170,-332,-752,-738,-754,-599,-655,-1202,-1788,-2263,-2856,-2862,-2982,-2824,-2534,-2172,-1772,-1467,-1349,-1368,-1441,-1602,-1822,-2020,-2274,-2385,-2360,-2144,-1787,-1357,-1053,-728,-587,-629,-678,-724,-747,-714,-710,-720,-776,-762,-816,-905,-787,-833,-5347
8,0,2030,127156,6988,5364,4442,4062,4029,4054,4201,4264,4262,4524,4213,4077,4108,4211,4323,4550,4990,5394,5650,5816,5868,6012,5957,6243,6784,7412,7649,7496,7258,6880,6602,6042,5309,4738,4143,3525,2418,1469,675,50,-331,-526,-582,-523,-414,-558,-932,-1589,-2168,-2639,-3051,-2907,-2789,-2539,-2142,-1826,-1457,-1315,-1364,-1496,-1738,-1886,-2139,-2295,-2454,-2482,-2288,-1924,-1452,-1109,-828,-681,-662,-799,-787,-828,-812,-791,-783,-808,-881,-860,-944,-978,-860,-5679
8,0,2031,130647,7015,5383,4458,4075,4041,4065,4213,4278,4357,4535,4165,4149,4116,4237,4381,4581,5026,5449,5737,5938,6043,6170,6199,6395,6898,7508,7784,7707,7541,7258,6768,6100,5415,4856,4295,3752,2680,1708,1008,243,-100,-514,-375,-363,-197,-381,-842,-1321,-1976,-2556,-2853,-3104,-2723,-2520,-2164,-1816,-1527,-1318,-1340,-1491,-1818,-2052,-2207,-2419,-2484,-2550,-2409,-2055,-1562,-1198,-888,-806,-765,-841,-896,-910,-928,-904,-863,-873,-921,-950,-987,-1023,-1059,-6031
8,0,2032,134018,7041,5407,4475,4087,4056,4078,4225,4285,4373,4557,4186,4184,4173,4278,4416,4633,5066,5491,5795,6030,6185,6350,6375,6642,7064,7639,7906,7858,7737,7563,7167,6281,5495,4984,4457,3925,2926,1989,1267,575,99,-285,-357,-174,-57,-187,-677,-1234,-1717,-2374,-2785,-2923,-2917,-2471,-2159,-1860,-1524,-1401,-1370,-1489,-1814,-2147,-2398,-2508,-2625,-2601,-2465,-2181,-1702,-1294,-996,-868,-912,-962,-972,-1015,-1019,-1042,-986,-974,-1000,-1019,-1082,-1074,-1100,-6585
8,0,2033,137500,7065,5423,4491,4098,4068,4083,4231,4293,4382,4565,4473,4176,4180,4289,4437,4656,5098,5520,5828,6073,6262,6474,6525,6782,7279,7783,8013,7962,7868,7699,7411,6623,5626,5011,4528,4031,3057,2203,1519,814,393,-117,-173,-172,104,-68,-489,-1073,-1621,-2091,-2584,-2842,-2739,-2637,-2100,-1830,-1543,-1373,-1417,-1492,-1785,-2106,-2472,-2686,-2697,-2722,-2499,-2208,-1787,-1388,-1054,-947,-934,-1076,-1052,-1068,-1091,-1103,-1103,-1073,-1084,-1080,-1146,-1165,-1147,-7062
8,0,2034,140733,7090,5443,4502,4108,4076,4093,4241,4308,4392,4576,4481,4404,4174,4294,4447,4676,5122,5557,5859,6110,6303,6554,6645,6926,7419,7982,8143,8072,7971,7825,7537,6847,5944,5134,4553,4103,3165,2337,1725,1067,623,156,-28,-9,101,82,-376,-883,-1451,-2001,-2310,-2647,-2660,-2470,-2245,-1775,-1521,-1394,-1394,-1533,-1791,-2078,-2428,-2764,-2885,-2795,-2617,-2240,-1811,-1460,-1138,-1000,-1028,-1104,-1178,-1152,-1152,-1184,-1168,-1190,-1191,-1170,-1205,-1226,-1242,-7540
8,0,2035,143791,7112,5461,4518,4121,4087,4107,4250,4318,4403,4587,4489,4408,4354,4288,4452,4695,5148,5582,5897,6144,6341,6585,6723,7039,7552,8107,8334,8194,8070,7918,7659,6966,6159,5438,4668,4125,3233,2447,1866,1286,863,365,228,118,251,81,-231,-763,-1262,-1828,-2219,-2390,-2487,-2391,-2092,-1900,-1474,-1369,-1406,-1512,-1834,-2083,-2398,-2732,-2979,-2977,-2684,-2346,-1835,-1483,-1211,-1085,-1081,-1194,-1209,-1279,-1244,-1240,-1251,-1256,-1304,-1268,-1293,-1289,-1306,-8061
8,0,2036,146539,7137,5477,4531,4132,4091,4110,4259,4324,4411,4593,4502,4418,4361,4441,4453,4704,5164,5606,5923,6189,6374,6627,6759,7111,7660,8233,8448,8368,8189,8013,7749,7073,6271,5641,4956,4232,3253,2508,1968,1413,1063,593,415,345,369,213,-231,-628,-1138,-1636,-2046,-2301,-2240,-2235,-2031,-1770,-1587,-1326,-1383,-1532,-1813,-2141,-2405,-2694,-2925,-3068,-2864,-2402,-1929,-1505,-1225,-1141,-1160,-1256,-1305,-1321,-1382,-1331,-1314,-1338,-1377,-1400,-1402,-1383,-1374,-8592
8,0,2037,149062,7158,5493,4544,4142,4102,4119,4267,4333,4421,4602,4505,4430,4370,4449,4585,4699,5170,5630,5953,6223,6416,6654,6795,7150,7728,8328,8572,8484,8351,8120,7828,7160,6373,5746,5155,4521,3364,2528,2033,1517,1193,782,617,517,562,328,-98,-633,-998,-1515,-1862,-2141,-2161,-2021,-1895,-1715,-1476,-1439,-1347,-1517,-1830,-2114,-2463,-2703,-2896,-3028,-2948,-2562,-1983,-1585,-1244,-1157,-1222,-1337,-1364,-1419,-1417,-1471,-1410,-1406,-1457,-1468,-1533,-1498,-1473,-9149
8,0,2038,151362,7179,5509,4553,4152,4109,4125,4267,4347,4427,4606,4511,4431,4376,4455,4591,4832,5166,5635,5978,6252,6456,6699,6824,7186,7767,8394,8665,8596,8458,8277,7928,7233,6452,5840,5254,4707,3651,2626,2049,1583,1291,892,785,689,715,508,2,-505,-1006,-1373,-1745,-1959,-2013,-1950,-1704,-1589,-1423,-1328,-1450,-1474,-1808,-2137,-2435,-2762,-2905,-2994,-2907,-2634,-2120,-1631,-1315,-1178,-1243,-1401,-1457,-1488,-1511,-1513,-1549,-1501,-1527,-1556,-1609,-1641,-1587,-9738
8,0,2039,153520,7197,5524,4564,4158,4116,4136,4269,4351,4436,4613,4516,4434,4380,4460,4596,4843,5311,5634,5983,6266,6488,6728,6864,7209,7796,8432,8727,8682,8567,8378,8074,7325,6519,5914,5344,4803,3841,2923,2154,1589,1348,989,892,843,875,646,172,-400,-876,-1376,-1604,-1848,-1848,-1817,-1640,-1420,-1308,-1278,-1345,-1579,-1775,-2116,-2460,-2740,-2972,-2996,-2882,-2594,-2175,-1744,-1355,-1242,-1259,-1418,-1528,-1573,-1582,-1624,-1581,-1644,-1631,-1622,-1702,-1720,-1733,-10382
8,0,2040,155436,7216,5534,4573,4166,4122,4140,4282,4354,4443,4617,4523,4442,4382,4463,4599,4848,5318,5799,5976,6271,6503,6760,6894,7252,7817,8463,8754,8737,8646,8466,8162,7453,6607,5975,5414,4890,3932,3115,2450,1696,1357,1041,965,938,1002,788,306,-223,-773,-1249,-1612,-1715,-1745,-1672,-1521,-1369,-1153,-1175,-1308,-1478,-1878,-2074,-2439,-2760,-2953,-3067,-2889,-2575,-2151,-1797,-1459,-1281,-1320,-1442,-1539,-1649,-1678,-1684,-1694,-1680,-1774,-1732,-1771,-1811,-1812,-11113
8,0,2041,156302,7229,5544,4576,4160,4114,4129,4265,4340,4433,4598,4505,4426,4370,4449,4583,4838,5305,5789,6150,6255,6499,6760,6911,7262,7838,8457,8756,8747,8678,8526,8229,7511,6712,6037,5454,4925,3996,3191,2620,1982,1441,1033,1002,995,1070,901,442,-100,-606,-1153,-1491,-1728,-1629,-1586,-1398,-1270,-1120,-1049,-1220,-1443,-1779,-2189,-2399,-2745,-2979,-3048,-2954,-2586,-2137,-1770,-1504,-1375,-1369,-1508,-1573,-1672,-1755,-1784,-1761,-1794,-1817,-1890,-1881,-1883,-1913,-11873
8,0,2042,157021,7239,5552,4580,4157,4103,4122,4247,4334,4417,4578,4486,4408,4355,4432,4563,4825,5289,5778,6141,6443,6470,6746,6914,7272,7846,8471,8756,8750,8687,8548,8267,7567,6766,6135,5513,4957,4034,3254,2691,2158,1710,1113,991,1028,1116,962,549,30,-482,-983,-1391,-1614,-1651,-1479,-1324,-1157,-1030,-1012,-1094,-1356,-1743,-2083,-2524,-2699,-2959,-3081,-2939,-2649,-2150,-1758,-1489,-1424,-1466,-1552,-1644,-1700,-1780,-1865,-1868,-1866,-1933,-1930,-2039,-1994,-1993,-12628
8,0,2043,157768,7251,5556,4581,4152,4089,4114,4229,4321,4406,4563,4473,4391,4339,4410,4547,4812,5284,5772,6126,6438,6685,6720,6898,7269,7856,8476,8759,8750,8688,8552,8284,7603,6832,6190,5611,5007,4074,3299,2756,2237,1877,1371,1055,1016,1140,1005,615,142,-349,-850,-1221,-1522,-1536,-1490,-1233,-1093,-931,-936,-1056,-1228,-1650,-2050,-2411,-2836,-2905,-3059,-2970,-2637,-2203,-1764,-1478,-1411,-1517,-1652,-1687,-1777,-1809,-1885,-1942,-1973,-2006,-2049,-2082,-2165,-2109,-13381
8,0,2044,158269,7263,5556,4578,4147,4082,4102,4216,4309,4395,4548,4455,4378,4323,4390,4531,4801,5267,5764,6120,6436,6676,6923,6876,7257,7847,8472,8761,8754,8689,8556,8280,7615,6862,6244,5662,5091,4129,3337,2800,2307,1945,1525,1276,1073,1131,1022,657,200,-244,-711,-1096,-1362,-1461,-1394,-1250,-1010,-879,-853,-984,-1200,-1518,-1950,-2370,-2714,-3051,-3015,-2950,-2664,-2196,-1810,-1487,-1398,-1499,-1700,-1793,-1825,-1889,-1916,-1975,-2062,-2110,-2125,-2205,-2219,-2290,-14184
8,0,2045,158726,7271,5558,4575,4137,4070,4090,4205,4291,4384,4531,4438,4357,4309,4375,4510,4792,5256,5756,6100,6425,6662,6912,7073,7227,7837,8465,8758,8756,8696,8545,8272,7613,6883,6281,5712,5135,4226,3389,2829,2349,2007,1588,1412,1281,1176,1018,676,254,-180,-603,-961,-1243,-1312,-1325,-1169,-1022,-809,-792,-896,-1126,-1486,-1810,-2265,-2667,-2927,-3156,-2908,-2652,-2221,-1802,-1534,-1414,-1486,-1686,-1850,-1935,-1942,-1999,-2010,-2089,-2197,-2236,-2282,-2347,-2337,-15060
8,0,2046,159152,7275,5564,4578,4133,4062,4080,4184,4278,4365,4509,4423,4342,4292,4355,4489,4773,5248,5740,6092,6415,6654,6892,7065,7413,7809,8441,8739,8748,8696,8547,8257,7594,6881,6299,5752,5174,4263,3480,2880,2390,2046,1651,1468,1396,1358,1064,671,268,-141,-530,-851,-1115,-1206,-1193,-1106,-947,-821,-725,-840,-1038,-1401,-1769,-2116,-2552,-2883,-3035,-3042,-2612,-2209,-1821,-1521,-1450,-1498,-1671,-1832,-1989,-2055,-2046,-2086,-2111,-2222,-2320,-2399,-2426,-2471,-15891
8,0,2047,159387,7281,5564,4577,4123,4048,4065,4169,4266,4352,4488,4403,4321,4275,4336,4473,4756,5233,5724,6078,6408,6647,6880,7050,7396,7977,8404,8710,8737,8686,8539,8247,7580,6870,6289,5762,5196,4308,3524,2967,2447,2078,1685,1516,1447,1466,1222,718,261,-117,-482,-787,-1012,-1086,-1091,-985,-892,-759,-729,-778,-988,-1318,-1684,-2070,-2390,-2762,-2987,-2922,-2736,-2182,-1813,-1539,-1444,-1535,-1679,-1829,-1980,-2111,-2163,-2139,-2194,-2257,-2355,-2489,-2550,-2560,-16768
8,0,2048,159635,7284,5561,4575,4118,4037,4057,4149,4255,4339,4469,4385,4307,4260,4317,4458,4744,5217,5714,6066,6391,6636,6869,7036,7389,7959,8558,8684,8712,8671,8533,8238,7568,6856,6277,5758,5202,4340,3568,3010,2541,2130,1719,1544,1487,1509,1318,874,308,-128,-464,-745,-950,-987,-992,-899,-784,-709,-676,-791,-926,-1263,-1596,-1981,-2343,-2595,-2867,-2880,-2635,-2286,-1786,-1536,-1455,-1531,-1717,-1837,-1963,-2095,-2219,-2262,-2251,-2346,-2385,-2519,-2645,-2685,-17633
8,0,2049,159827,7287,5558,4572,4113,4026,4048,4136,4237,4323,4453,4366,4289,4240,4303,4442,4730,5206,5702,6051,6378,6623,6851,7029,7373,7938,8531,8822,8678,8654,8520,8221,7557,6853,6269,5747,5184,4349,3596,3060,2591,2215,1764,1570,1520,1538,1357,974,467,-78,-475,-728,-902,-931,-904,-805,-707,-617,-631,-736,-936,-1203,-1538,-1877,-2245,-2542,-2699,-2766,-2602,-2205,-1873,-1517,-1457,-1547,-1714,-1880,-1982,-2084,-2197,-2317,-2376,-2395,-2475,-2557,-2681,-2783,-18522
8,0,2050,159900,7286,5558,4565,4100,4013,4033,4118,4225,4306,4431,4348,4269,4220,4279,4418,4713,5188,5689,6034,6362,6611,6833,7013,7351,7918,8510,8797,8808,8615,8491,8199,7540,6840,6262,5730,5167,4337,3612,3083,2637,2262,1849,1607,1541,1559,1391,1013,569,87,-425,-743,-885,-897,-852,-734,-623,-548,-548,-696,-882,-1209,-1469,-1817,-2131,-2439,-2649,-2610,-2495,-2172,-1796,-1596,-1441,-1541,-1744,-1873,-2019,-2095,-2191,-2299,-2431,-2517,-2531,-2650,-2711,-2813,-19415
8,0,2051,159958,7284,5555,4560,4091,3997,4022,4100,4209,4293,4413,4328,4250,4207,4259,4397,4699,5169,5670,6020,6347,6595,6813,7001,7335,7903,8484,8773,8782,8740,8452,8166,7514,6824,6251,5722,5147,4318,3599,3090,2673,2298,1893,1682,1579,1571,1407,1047,608,181,-251,-690,-892,-881,-817,-694,-555,-473,-488,-613,-836,-1151,-1479,-1742,-2066,-2331,-2543,-2568,-2355,-2089,-1772,-1533,-1513,-1519,-1728,-1892,-2012,-2137,-2202,-2289,-2414,-2577,-2665,-2708,-2810,-2849,-20226
8,0,2052,159889,7283,5549,4553,4084,3990,4007,4081,4195,4279,4393,4312,4230,4191,4243,4378,4684,5156,5656,5997,6336,6582,6792,6982,7317,7882,8460,8742,8761,8716,8565,8123,7483,6804,6236,5710,5128,4300,3581,3078,2681,2329,1934,1708,1640,1601,1422,1066,643,220,-152,-521,-849,-894,-804,-663,-519,-416,-421,-556,-763,-1103,-1420,-1759,-1986,-2261,-2433,-2475,-2315,-1973,-1701,-1516,-1452,-1597,-1706,-1889,-2032,-2137,-2256,-2296,-2399,-2553,-2721,-2840,-2869,-2953,-20994
8,0,2053,159747,7280,5546,4549,4075,3974,3993,4061,4178,4264,4374,4291,4208,4170,4222,4357,4663,5139,5639,5983,6319,6570,6775,6958,7295,7857,8429,8718,8733,8691,8540,8224,7439,6776,6210,5697,5110,4290,3567,3059,2666,2332,1962,1741,1663,1656,1447,1087,665,251,-110,-418,-690,-853,-814,-652,-494,-383,-366,-488,-708,-1017,-1373,-1690,-2005,-2182,-2363,-2369,-2231,-1945,-1606,-1455,-1435,-1538,-1780,-1868,-2030,-2159,-2243,-2344,-2406,-2540,-2697,-2904,-3012,-3014,-21764
8,0,2054,159526,7276,5536,4538,4061,3959,3978,4046,4165,4247,4349,4272,4190,4153,4200,4335,4649,5116,5622,5965,6297,6547,6754,6940,7279,7833,8406,8692,8707,8665,8511,8193,7533,6739,6186,5675,5087,4276,3556,3037,2654,2318,1963,1755,1703,1678,1495,1112,682,274,-72,-378,-593,-712,-782,-664,-481,-357,-338,-435,-645,-957,-1283,-1637,-1933,-2193,-2283,-2308,-2138,-1874,-1577,-1364,-1382,-1515,-1721,-1949,-2005,-2153,-2267,-2345,-2457,-2560,-2682,-2880,-3082,-3163,-22513
8,0,2055,159312,7268,5535,4534,4049,3943,3967,4028,4148,4231,4327,4249,4170,4135,4182,4315,4631,5101,5605,5947,6281,6534,6729,6918,7251,7812,8380,8662,8682,8638,8485,8162,7500,6828,6146,5648,5058,4257,3534,3026,2639,2297,1951,1757,1716,1705,1515,1167,707,288,-51,-340,-555,-621,-646,-627,-493,-350,-317,-405,-592,-889,-1222,-1538,-1877,-2124,-2302,-2229,-2089,-1793,-1518,-1340,-1300,-1466,-1699,-1886,-2089,-2131,-2261,-2360,-2450,-2605,-2701,-2866,-3061,-3238,-23295
8,0,2056,159079,7263,5525,4527,4039,3935,3952,4004,4128,4214,4307,4231,4154,4116,4161,4290,4613,5081,5588,5931,6265,6513,6704,6902,7232,7788,8348,8630,8652,8613,8454,8126,7464,6800,6229,5610,5023,4235,3519,3008,2626,2277,1934,1743,1718,1717,1541,1191,758,319,-33,-321,-520,-585,-566,-512,-466,-363,-313,-388,-566,-835,-1148,-1464,-1770,-2061,-2225,-2247,-2019,-1746,-1453,-1290,-1278,-1386,-1638,-1863,-2022,-2214,-2233,-2359,-2473,-2601,-2756,-2881,-3049,-3217,-24058
8,0,2057,158801,7257,5517,4514,4024,3916,3934,3986,4112,4198,4286,4209,4135,4098,4136,4272,4597,5063,5569,5911,6245,6493,6685,6876,7206,7761,8318,8599,8623,8585,8426,8092,7430,6778,6201,5692,4983,4204,3497,2988,2611,2271,1921,1727,1702,1719,1550,1209,781,368,-5,-304,-499,-559,-539,-443,-363,-340,-325,-380,-546,-807,-1093,-1388,-1687,-1953,-2165,-2176,-2037,-1697,-1413,-1237,-1231,-1364,-1554,-1807,-1999,-2147,-2322,-2337,-2469,-2626,-2752,-2936,-3061,-3203,-24710
8,0,2058,158582,7246,5506,4506,4012,3901,3921,3968,4097,4177,4268,4188,4114,4080,4117,4252,4579,5040,5551,5886,6228,6476,6660,6858,7185,7739,8290,8568,8587,8555,8398,8058,7394,6746,6179,5670,5061,4168,3473,2960,2602,2253,1910,1706,1688,1703,1546,1222,805,388,50,-277,-483,-541,-507,-417,-302,-247,-298,-393,-542,-788,-1056,-1325,-1607,-1875,-2059,-2127,-1974,-1710,-1358,-1205,-1173,-1315,-1532,-1715,-1936,-2120,-2248,-2430,-2449,-2624,-2773,-2930,-3118,-3215,-25284
8,0,2059,158319,7236,5497,4496,4003,3883,3907,3949,4077,4160,4244,4168,4091,4057,4096,4230,4557,5025,5533,5869,6203,6461,6636,6834,7158,7711,8258,8532,8561,8526,8363,8023,7363,6717,6154,5639,5034,4248,3431,2928,2583,2233,1893,1687,1673,1685,1529,1222,815,409,75,-222,-458,-525,-489,-397,-278,-198,-218,-371,-549,-777,-1036,-1292,-1538,-1786,-1975,-2025,-1931,-1658,-1370,-1160,-1144,-1260,-1482,-1689,-1842,-2062,-2225,-2353,-2542,-2597,-2773,-2957,-3110,-3276,-25778
8,0,2060,158069,7225,5486,4485,3988,3867,3892,3926,4056,4141,4222,4145,4072,4040,4077,4210,4539,5005,5515,5847,6185,6438,6613,6809,7135,7680,8224,8498,8527,8498,8330,7986,7328,6690,6122,5612,4995,4222,3519,2887,2553,2207,1876,1673,1663,1662,1518,1210,819,428,102,-195,-406,-497,-477,-387,-252,-177,-165,-294,-525,-785,-1028,-1273,-1500,-1713,-1892,-1948,-1838,-1622,-1330,-1171,-1103,-1234,-1420,-1640,-1820,-1959,-2158,-2330,-2466,-2693,-2751,-2948,-3138,-3272,-26271
8,1,2023,38937,3241,1501,1422,1457,1588,1765,2030,2163,2324,2392,2360,2336,2331,2360,2362,2424,2578,2781,2781,2768,2670,2492,2228,2283,2544,3079,3299,3229,3132,3086,3016,2638,2093,1742,1426,1114,389,-256,-847,-1251,-1554,-1878,-1742,-1642,-1145,-1071,-1156,-1392,-1648,-1825,-1947,-1945,-1846,-1761,-1352,-1187,-989,-919,-915,-912,-982,-1049,-1021,-1059,-954,-905,-820,-743,-595,-484,-379,-287,-313,-298,-319,-248,-378,-317,-370,-336,-333,-312,-377,-337,-299,-1792
8,1,2024,40234,3241,2503,1377,1446,1598,1769,2013,2153,2294,2369,2329,2300,2294,2331,2378,2444,2599,2768,2858,2806,2723,2722,2424,2397,2597,3093,3307,3330,3277,3190,3150,2750,2202,1813,1421,1197,479,-91,-716,-1198,-1325,-1726,-1692,-1490,-1325,-1044,-1166,-1435,-1634,-1889,-1948,-1954,-1849,-1735,-1553,-1202,-1068,-928,-951,-1000,-1066,-1103,-1121,-1098,-1094,-1031,-897,-793,-664,-554,-379,-409,-296,-371,-311,-362,-320,-423,-388,-403,-400,-339,-357,-383,-339,-1888
8,1,2025,41369,3245,2503,2148,1405,1578,1773,1993,2133,2267,2336,2277,2249,2260,2274,2348,2455,2631,2812,2849,2886,2783,2749,2654,2604,2688,3114,3330,3333,3359,3308,3242,2871,2329,1902,1504,1178,588,-10,-538,-1053,-1284,-1500,-1566,-1444,-1188,-1205,-1139,-1427,-1675,-1871,-2001,-1936,-1866,-1730,-1517,-1369,-1075,-1005,-953,-1028,-1145,-1195,-1181,-1195,-1132,-1159,-1026,-862,-722,-590,-447,-383,-413,-341,-394,-348,-406,-378,-486,-425,-458,-389,-380,-369,-370,-2015
8,1,2026,43926,3257,2515,2156,2001,1563,1778,2007,2145,2282,2345,2273,2217,2246,2280,2335,2466,2665,2866,2933,2891,2888,2835,2692,2831,2938,3221,3381,3407,3400,3421,3381,2998,2480,2061,1617,1292,606,137,-422,-846,-1122,-1429,-1345,-1308,-1127,-1054,-1276,-1388,-1651,-1882,-1979,-1982,-1810,-1719,-1511,-1338,-1213,-1002,-1023,-1023,-1165,-1265,-1261,-1238,-1223,-1179,-1138,-974,-770,-645,-465,-452,-392,-425,-369,-425,-407,-424,-443,-524,-485,-447,-419,-391,-367,-2138
8,1,2027,46440,3272,2528,2168,2011,2007,1772,2019,2158,2292,2354,2291,2231,2219,2272,2348,2478,2700,2916,3000,2991,2883,2921,2795,2885,3150,3472,3483,3447,3475,3470,3491,3142,2622,2218,1788,1407,733,154,-264,-723,-922,-1274,-1283,-1108,-1002,-1001,-1126,-1525,-1613,-1866,-1993,-1966,-1872,-1677,-1486,-1337,-1202,-1117,-1030,-1085,-1169,-1288,-1338,-1326,-1270,-1270,-1152,-1071,-877,-687,-516,-461,-460,-446,-428,-421,-465,-460,-476,-491,-582,-466,-472,-434,-390,-2235
8,1,2028,48741,3285,2537,2173,2016,2013,2079,2013,2166,2308,2374,2308,2230,2216,2252,2335,2488,2727,2968,3066,3075,2998,2941,2874,2985,3226,3665,3728,3554,3510,3529,3539,3234,2740,2358,1943,1583,856,295,-245,-561,-804,-1080,-1139,-1050,-828,-885,-1075,-1371,-1747,-1823,-1977,-1969,-1865,-1738,-1464,-1308,-1187,-1125,-1125,-1109,-1233,-1295,-1368,-1407,-1358,-1315,-1237,-1091,-964,-795,-557,-511,-474,-496,-467,-480,-477,-502,-538,-530,-568,-575,-489,-472,-428,-2344
8,1,2029,50633,3297,2547,2182,2024,2021,2084,2215,2166,2316,2380,2209,2218,2207,2231,2322,2485,2737,2998,3122,3142,3087,3023,2909,3043,3311,3747,3883,3781,3608,3570,3590,3296,2829,2463,2075,1727,1031,415,-101,-548,-647,-972,-967,-929,-778,-721,-962,-1316,-1596,-1959,-1929,-1951,-1855,-1727,-1514,-1302,-1161,-1104,-1146,-1199,-1256,-1364,-1371,-1435,-1441,-1407,-1287,-1157,-975,-858,-652,-552,-529,-513,-522,-514,-535,-539,-570,-591,-598,-572,-603,-496,-461,-2476
8,1,2030,52805,3313,2558,2190,2029,2022,2092,2222,2292,2317,2393,2258,2164,2219,2264,2326,2497,2757,3028,3175,3229,3165,3158,2990,3108,3373,3848,3994,3936,3844,3665,3634,3343,2904,2556,2190,1858,1174,597,22,-397,-638,-825,-871,-779,-667,-674,-804,-1209,-1540,-1809,-2062,-1911,-1849,-1728,-1497,-1338,-1164,-1082,-1125,-1221,-1350,-1389,-1452,-1446,-1473,-1487,-1375,-1219,-1040,-875,-707,-619,-561,-586,-547,-578,-580,-587,-617,-629,-661,-603,-613,-602,-489,-2624
8,1,2031,55045,3326,2568,2197,2036,2033,2101,2228,2299,2383,2400,2236,2208,2222,2286,2366,2512,2774,3063,3229,3311,3284,3257,3152,3207,3447,3910,4093,4047,3998,3899,3728,3383,2961,2631,2271,1975,1322,736,207,-275,-494,-814,-738,-689,-526,-570,-762,-1055,-1435,-1760,-1926,-2047,-1815,-1730,-1513,-1330,-1203,-1083,-1101,-1199,-1374,-1488,-1477,-1520,-1485,-1520,-1451,-1300,-1093,-937,-730,-690,-621,-609,-610,-620,-655,-652,-663,-677,-698,-659,-642,-622,-596,-2787
8,1,2032,57090,3339,2580,2204,2042,2038,2107,2238,2306,2391,2417,2243,2228,2254,2307,2388,2543,2798,3090,3265,3369,3377,3380,3263,3362,3550,3989,4167,4144,4106,4053,3949,3483,2999,2694,2355,2064,1443,889,348,-92,-375,-684,-727,-571,-449,-451,-666,-1014,-1290,-1665,-1888,-1926,-1950,-1701,-1523,-1354,-1194,-1131,-1113,-1180,-1352,-1514,-1578,-1558,-1562,-1543,-1487,-1377,-1174,-984,-797,-718,-702,-677,-657,-680,-702,-737,-736,-734,-747,-707,-697,-649,-616,-3043
8,1,2033,59255,3350,2588,2213,2047,2044,2109,2240,2308,2395,2422,2396,2228,2262,2314,2398,2558,2817,3108,3286,3392,3430,3461,3360,3455,3693,4079,4235,4209,4183,4136,4082,3681,3088,2712,2403,2129,1521,1008,499,53,-202,-566,-605,-560,-345,-383,-549,-917,-1246,-1503,-1778,-1879,-1829,-1815,-1489,-1348,-1207,-1114,-1148,-1185,-1329,-1485,-1608,-1657,-1598,-1610,-1498,-1397,-1229,-1044,-831,-766,-715,-748,-708,-709,-751,-775,-814,-800,-799,-745,-737,-703,-639,-3274
8,1,2034,61241,3364,2599,2218,2052,2049,2115,2241,2316,2400,2427,2403,2354,2262,2319,2407,2574,2832,3127,3304,3413,3453,3509,3438,3551,3784,4211,4314,4282,4245,4207,4155,3799,3268,2797,2423,2182,1587,1088,614,202,-63,-404,-510,-454,-338,-285,-486,-803,-1147,-1464,-1622,-1774,-1785,-1705,-1590,-1317,-1205,-1125,-1129,-1214,-1337,-1463,-1576,-1685,-1703,-1646,-1566,-1412,-1250,-1093,-883,-799,-770,-764,-780,-763,-793,-827,-859,-882,-869,-797,-772,-741,-690,-3504
8,1,2035,63080,3376,2607,2228,2059,2056,2119,2247,2321,2406,2433,2405,2359,2360,2317,2413,2585,2851,3146,3329,3430,3476,3524,3486,3622,3868,4292,4439,4350,4304,4261,4223,3865,3379,2966,2503,2197,1637,1153,702,327,81,-275,-357,-366,-243,-280,-390,-734,-1029,-1364,-1582,-1628,-1690,-1658,-1488,-1406,-1177,-1124,-1142,-1200,-1370,-1470,-1556,-1657,-1735,-1745,-1600,-1473,-1260,-1114,-936,-853,-803,-817,-796,-841,-849,-863,-913,-927,-948,-863,-826,-779,-728,-3767
8,1,2036,64782,3388,2616,2231,2062,2058,2124,2254,2326,2410,2436,2412,2362,2365,2404,2413,2591,2858,3162,3347,3460,3495,3551,3508,3669,3942,4371,4509,4460,4371,4318,4277,3923,3443,3074,2664,2269,1653,1202,765,404,195,-140,-245,-234,-164,-192,-384,-645,-959,-1244,-1484,-1591,-1550,-1576,-1452,-1316,-1259,-1096,-1136,-1215,-1356,-1509,-1559,-1628,-1695,-1778,-1696,-1503,-1316,-1122,-948,-892,-852,-850,-850,-860,-933,-924,-957,-984,-997,-953,-895,-831,-764,-4026
8,1,2037,66339,3399,2624,2238,2070,2066,2130,2259,2329,2416,2443,2414,2369,2368,2405,2491,2591,2865,3177,3368,3484,3522,3567,3530,3689,3980,4436,4588,4532,4469,4377,4320,3974,3497,3130,2767,2432,1726,1215,813,467,272,-35,-124,-131,-50,-116,-297,-643,-870,-1177,-1368,-1499,-1516,-1455,-1376,-1286,-1179,-1177,-1108,-1212,-1366,-1489,-1598,-1634,-1672,-1746,-1726,-1591,-1342,-1174,-955,-906,-894,-898,-879,-919,-950,-1017,-1023,-1028,-1056,-1001,-982,-900,-814,-4291
8,1,2038,67734,3409,2632,2244,2073,2069,2131,2257,2338,2419,2449,2421,2368,2371,2411,2494,2667,2866,3180,3383,3503,3547,3595,3547,3710,4007,4472,4646,4601,4533,4470,4375,4013,3539,3177,2821,2530,1891,1284,830,519,334,32,-29,-27,43,-12,-232,-562,-865,-1089,-1303,-1388,-1434,-1422,-1267,-1214,-1148,-1099,-1186,-1185,-1359,-1507,-1581,-1674,-1680,-1721,-1698,-1616,-1422,-1199,-1002,-915,-905,-940,-933,-956,-1006,-1036,-1117,-1096,-1105,-1060,-1031,-987,-882,-4577
8,1,2039,69072,3419,2640,2249,2078,2071,2139,2261,2342,2423,2452,2424,2372,2377,2415,2495,2672,2951,3186,3388,3517,3569,3615,3574,3722,4024,4496,4682,4656,4597,4530,4456,4061,3576,3220,2872,2585,1996,1455,903,525,379,92,35,59,137,71,-135,-494,-785,-1081,-1214,-1324,-1332,-1347,-1240,-1117,-1083,-1066,-1112,-1264,-1338,-1501,-1598,-1662,-1724,-1723,-1674,-1586,-1445,-1266,-1026,-955,-915,-951,-977,-1004,-1045,-1103,-1135,-1199,-1175,-1106,-1092,-1033,-966,-4893
8,1,2040,70186,3431,2645,2256,2081,2073,2141,2266,2341,2425,2454,2428,2375,2377,2417,2498,2674,2960,3284,3391,3522,3574,3637,3592,3750,4036,4509,4699,4689,4642,4580,4508,4132,3624,3254,2910,2627,2047,1558,1077,600,385,132,81,117,210,154,-55,-392,-715,-1005,-1209,-1241,-1274,-1259,-1173,-1092,-990,-1011,-1091,-1189,-1420,-1477,-1594,-1674,-1710,-1769,-1684,-1570,-1424,-1287,-1088,-978,-954,-963,-989,-1051,-1103,-1142,-1209,-1223,-1280,-1184,-1139,-1092,-1012,-5265
8,1,2041,70835,3436,2652,2256,2075,2070,2136,2259,2334,2421,2445,2417,2369,2369,2411,2491,2669,2951,3281,3503,3518,3579,3640,3609,3755,4051,4507,4702,4695,4661,4617,4544,4163,3683,3284,2934,2651,2082,1604,1167,768,447,135,114,152,252,221,23,-315,-620,-937,-1135,-1243,-1199,-1209,-1096,-1033,-975,-932,-1035,-1165,-1344,-1561,-1570,-1678,-1730,-1753,-1724,-1581,-1409,-1267,-1108,-1033,-980,-1001,-1005,-1070,-1151,-1203,-1249,-1297,-1305,-1295,-1210,-1139,-1072,-5639
8,1,2042,71405,3441,2660,2257,2078,2066,2134,2251,2329,2411,2437,2409,2359,2362,2401,2480,2660,2943,3272,3499,3642,3566,3636,3614,3761,4056,4518,4703,4700,4667,4632,4567,4202,3714,3339,2971,2669,2104,1638,1213,866,604,194,115,180,284,256,82,-241,-544,-842,-1066,-1169,-1204,-1138,-1053,-962,-922,-910,-954,-1109,-1322,-1483,-1659,-1650,-1729,-1774,-1715,-1620,-1417,-1255,-1096,-1055,-1034,-1023,-1048,-1082,-1170,-1257,-1317,-1342,-1383,-1318,-1318,-1210,-1119,-6027
8,1,2043,71984,3447,2662,2259,2072,2063,2130,2238,2325,2404,2434,2404,2352,2354,2392,2476,2653,2943,3271,3494,3637,3712,3623,3608,3765,4066,4523,4703,4701,4670,4638,4575,4217,3752,3370,3025,2699,2131,1659,1251,912,693,347,164,178,305,284,119,-176,-468,-764,-972,-1109,-1135,-1133,-994,-926,-857,-865,-936,-1026,-1262,-1461,-1581,-1743,-1699,-1770,-1733,-1612,-1455,-1264,-1088,-1041,-1056,-1079,-1068,-1126,-1183,-1271,-1372,-1414,-1428,-1397,-1340,-1316,-1189,-6407
8,1,2044,72420,3455,2663,2258,2068,2059,2124,2233,2318,2396,2428,2395,2345,2345,2379,2466,2649,2933,3268,3489,3635,3706,3756,3600,3761,4065,4525,4704,4704,4674,4641,4576,4227,3768,3399,3054,2744,2162,1680,1274,951,732,434,294,220,309,303,145,-140,-412,-683,-900,-1017,-1081,-1072,-995,-875,-824,-806,-887,-1014,-1181,-1404,-1557,-1662,-1795,-1748,-1733,-1626,-1449,-1290,-1093,-1032,-1042,-1095,-1125,-1150,-1228,-1286,-1397,-1477,-1498,-1443,-1420,-1343,-1297,-6817
8,1,2045,72836,3459,2666,2258,2065,2051,2119,2231,2310,2392,2421,2387,2335,2337,2372,2454,2645,2929,3260,3479,3629,3699,3750,3727,3743,4066,4520,4707,4709,4679,4635,4574,4223,3780,3421,3081,2769,2219,1708,1296,975,767,472,370,342,344,304,164,-110,-369,-624,-823,-951,-996,-1025,-942,-875,-776,-774,-827,-967,-1163,-1316,-1498,-1635,-1715,-1841,-1708,-1628,-1463,-1283,-1127,-1041,-1030,-1083,-1144,-1209,-1258,-1338,-1410,-1498,-1562,-1520,-1464,-1420,-1321,-7273
8,1,2046,73204,3462,2669,2258,2061,2050,2115,2221,2302,2383,2412,2379,2327,2328,2361,2442,2636,2926,3256,3480,3629,3693,3742,3725,3866,4055,4513,4695,4711,4680,4641,4563,4214,3782,3426,3101,2791,2239,1762,1323,1003,785,507,401,407,450,341,160,-94,-346,-582,-761,-878,-934,-951,-897,-823,-778,-727,-791,-902,-1109,-1299,-1413,-1571,-1690,-1760,-1798,-1609,-1464,-1296,-1116,-1063,-1038,-1071,-1136,-1233,-1321,-1368,-1460,-1512,-1582,-1579,-1541,-1466,-1399,-7711
8,1,2047,73477,3465,2669,2258,2055,2043,2111,2215,2297,2377,2402,2370,2318,2319,2352,2434,2626,2918,3247,3474,3623,3693,3734,3716,3855,4166,4493,4682,4708,4679,4639,4562,4204,3775,3424,3112,2807,2266,1785,1373,1031,803,528,430,436,508,433,195,-96,-327,-553,-724,-820,-866,-888,-830,-787,-737,-726,-745,-870,-1050,-1243,-1393,-1483,-1627,-1734,-1723,-1690,-1450,-1299,-1130,-1058,-1065,-1077,-1126,-1220,-1343,-1436,-1492,-1568,-1599,-1603,-1604,-1541,-1446,-8164
8,1,2048,73718,3467,2671,2256,2052,2038,2103,2208,2291,2365,2393,2360,2312,2309,2340,2426,2618,2908,3244,3468,3616,3691,3730,3709,3851,4156,4591,4673,4694,4671,4639,4559,4201,3769,3418,3108,2807,2284,1808,1401,1087,830,550,448,459,534,487,283,-59,-327,-536,-698,-790,-814,-831,-775,-726,-700,-686,-750,-827,-1018,-1185,-1341,-1465,-1537,-1677,-1699,-1623,-1521,-1281,-1135,-1064,-1060,-1104,-1135,-1206,-1328,-1462,-1570,-1601,-1662,-1620,-1625,-1605,-1517,-8605
8,1,2049,73959,3470,2669,2255,2048,2031,2102,2198,2282,2356,2387,2352,2303,2299,2335,2418,2610,2908,3235,3463,3608,3681,3721,3705,3845,4146,4578,4759,4681,4667,4633,4547,4195,3768,3415,3104,2797,2289,1822,1428,1113,877,577,462,481,549,508,335,28,-290,-539,-681,-761,-782,-784,-725,-677,-646,-653,-712,-828,-974,-1149,-1273,-1407,-1515,-1586,-1638,-1605,-1462,-1342,-1123,-1072,-1069,-1100,-1159,-1219,-1312,-1443,-1596,-1684,-1691,-1679,-1643,-1627,-1578,-9057
8,1,2050,74125,3472,2671,2252,2042,2029,2096,2187,2277,2349,2379,2342,2294,2289,2322,2406,2600,2893,3227,3454,3599,3678,3708,3697,3831,4133,4566,4746,4759,4652,4624,4540,4191,3760,3409,3099,2791,2285,1827,1449,1142,907,627,485,492,566,526,355,81,-195,-503,-686,-746,-759,-750,-685,-631,-604,-601,-679,-786,-973,-1103,-1238,-1339,-1460,-1567,-1556,-1553,-1442,-1293,-1182,-1059,-1070,-1114,-1155,-1244,-1324,-1435,-1579,-1711,-1773,-1718,-1703,-1643,-1598,-9524
8,1,2051,74296,3473,2672,2250,2039,2023,2091,2180,2267,2342,2369,2332,2283,2282,2312,2395,2592,2885,3217,3449,3594,3669,3699,3690,3824,4128,4551,4736,4749,4723,4608,4523,4177,3757,3407,3095,2776,2276,1821,1450,1164,925,652,530,512,570,537,370,106,-151,-404,-650,-747,-745,-730,-661,-594,-558,-560,-628,-753,-932,-1101,-1192,-1303,-1396,-1509,-1543,-1473,-1398,-1272,-1134,-1110,-1055,-1115,-1166,-1238,-1350,-1442,-1566,-1694,-1799,-1805,-1737,-1703,-1614,-9948
8,1,2052,74398,3472,2670,2247,2036,2022,2083,2170,2259,2335,2363,2325,2276,2273,2303,2384,2585,2878,3210,3440,3588,3663,3691,3681,3810,4119,4534,4718,4739,4711,4671,4505,4165,3747,3398,3089,2769,2265,1810,1444,1170,943,676,545,548,586,547,382,127,-126,-356,-552,-717,-748,-717,-644,-572,-525,-522,-589,-707,-894,-1062,-1194,-1252,-1361,-1442,-1492,-1459,-1331,-1235,-1122,-1069,-1110,-1099,-1169,-1250,-1349,-1477,-1573,-1680,-1780,-1832,-1823,-1736,-1673,-10335
8,1,2053,74480,3472,2669,2246,2027,2014,2075,2161,2251,2325,2353,2316,2263,2261,2294,2374,2573,2872,3202,3432,3582,3655,3682,3668,3799,4105,4521,4706,4727,4699,4659,4560,4146,3735,3391,3087,2760,2262,1801,1434,1163,943,697,566,562,620,562,392,138,-108,-330,-506,-627,-716,-718,-631,-555,-504,-488,-549,-667,-843,-1028,-1151,-1256,-1312,-1405,-1429,-1412,-1322,-1177,-1089,-1055,-1066,-1151,-1156,-1254,-1362,-1468,-1607,-1689,-1766,-1811,-1852,-1821,-1707,-10734
8,1,2054,74512,3472,2666,2242,2022,2008,2068,2152,2243,2317,2342,2307,2255,2249,2280,2362,2566,2858,3193,3424,3570,3649,3667,3661,3792,4094,4507,4688,4714,4685,4645,4543,4194,3721,3380,3076,2749,2257,1795,1423,1156,935,697,576,584,631,587,403,149,-94,-311,-481,-580,-640,-693,-633,-543,-486,-471,-515,-628,-802,-972,-1113,-1211,-1314,-1357,-1394,-1355,-1279,-1166,-1037,-1025,-1051,-1111,-1210,-1241,-1363,-1484,-1603,-1725,-1778,-1796,-1830,-1849,-1790,-11111
8,1,2055,74540,3470,2668,2238,2016,2000,2062,2143,2235,2308,2332,2296,2244,2241,2272,2352,2559,2852,3184,3415,3561,3643,3655,3650,3776,4084,4493,4675,4702,4672,4635,4528,4176,3765,3359,3066,2734,2250,1783,1419,1148,924,689,575,594,652,602,436,161,-87,-299,-460,-560,-595,-616,-609,-546,-477,-459,-496,-593,-763,-932,-1058,-1175,-1268,-1358,-1349,-1329,-1230,-1128,-1027,-975,-1024,-1101,-1169,-1295,-1348,-1484,-1617,-1717,-1813,-1813,-1818,-1831,-1819,-11516
8,1,2056,74573,3467,2666,2234,2013,1996,2060,2132,2228,2299,2324,2288,2237,2229,2261,2341,2547,2842,3175,3408,3554,3633,3641,3641,3768,4072,4476,4658,4688,4658,4618,4507,4157,3752,3402,3052,2721,2242,1779,1411,1142,912,684,572,594,657,614,447,190,-71,-290,-450,-541,-574,-575,-544,-526,-484,-450,-484,-579,-727,-888,-1013,-1114,-1227,-1313,-1354,-1285,-1204,-1084,-996,-961,-978,-1067,-1154,-1251,-1406,-1467,-1621,-1736,-1810,-1853,-1830,-1819,-1801,-11889
8,1,2057,74556,3467,2663,2228,2003,1987,2051,2125,2220,2290,2316,2276,2227,2219,2247,2329,2540,2832,3163,3398,3542,3624,3633,3630,3754,4057,4460,4641,4672,4644,4607,4493,4138,3742,3390,3095,2702,2229,1767,1404,1135,909,675,561,585,656,621,456,202,-41,-274,-438,-531,-561,-559,-507,-470,-466,-454,-474,-563,-710,-856,-972,-1067,-1169,-1278,-1311,-1290,-1168,-1065,-960,-933,-966,-1019,-1122,-1239,-1361,-1531,-1604,-1735,-1826,-1847,-1868,-1828,-1788,-12198
8,1,2058,74572,3462,2658,2226,1998,1981,2044,2114,2214,2279,2308,2266,2217,2208,2239,2321,2530,2823,3156,3387,3536,3614,3621,3620,3742,4047,4444,4626,4653,4630,4592,4473,4122,3725,3379,3087,2741,2214,1758,1390,1132,897,670,553,577,650,615,465,216,-29,-244,-427,-523,-553,-544,-493,-435,-409,-435,-478,-552,-694,-833,-935,-1024,-1125,-1221,-1279,-1252,-1175,-1027,-941,-896,-938,-1011,-1075,-1204,-1344,-1478,-1675,-1719,-1831,-1861,-1862,-1866,-1798,-12462
8,1,2059,74588,3458,2656,2220,1994,1973,2037,2105,2205,2269,2297,2257,2206,2199,2229,2309,2519,2812,3148,3379,3521,3606,3610,3610,3729,4034,4427,4607,4642,4617,4576,4456,4106,3711,3367,3069,2730,2258,1735,1379,1126,888,665,545,571,640,609,463,221,-17,-229,-398,-508,-543,-532,-483,-420,-381,-383,-459,-555,-683,-819,-915,-986,-1080,-1173,-1225,-1223,-1139,-1027,-911,-878,-899,-980,-1063,-1154,-1314,-1463,-1616,-1795,-1812,-1870,-1880,-1860,-1838,-12691
8,1,2060,74598,3455,2653,2216,1986,1964,2032,2094,2192,2259,2287,2246,2196,2187,2217,2300,2509,2803,3136,3369,3512,3592,3597,3598,3716,4021,4411,4589,4626,4603,4561,4438,4090,3699,3350,3058,2709,2248,1779,1363,1111,878,657,540,565,629,603,455,223,-5,-217,-381,-481,-526,-526,-477,-405,-367,-354,-410,-536,-685,-807,-903,-963,-1043,-1127,-1182,-1175,-1116,-1000,-915,-851,-887,-944,-1037,-1145,-1253,-1426,-1602,-1735,-1883,-1854,-1882,-1877,-1832,-12915
8,2,2023,70171,3588,2126,1785,1705,1794,1822,1900,1926,1954,2171,2053,2065,1975,1989,2001,1978,2094,2171,2261,2322,2406,2517,2591,2794,3134,3309,3442,3326,3236,3171,2859,2469,2041,1830,1584,1313,916,477,302,51,-221,-304,-245,-244,-69,-172,-429,-557,-735,-892,-989,-1069,-987,-764,-508,-388,-175,-142,-213,-121,-277,-299,-459,-572,-565,-552,-489,-353,-143,35,96,109,46,-12,37,-32,11,62,-14,16,4,-30,-115,-204,-180,-2173
8,2,2024,69870,3595,2756,1710,1667,1775,1803,1885,1908,1929,2136,2065,1998,1962,1982,2001,1986,2103,2165,2270,2347,2447,2604,2689,2806,3125,3311,3398,3403,3232,3113,2932,2507,2145,1772,1630,1359,949,555,389,84,-28,-220,-218,-206,-153,-146,-404,-582,-734,-934,-1005,-1064,-982,-850,-626,-384,-246,-153,-173,-265,-277,-394,-505,-624,-690,-636,-542,-394,-182,-57,74,102,46,-57,-80,-22,-48,-31,43,-64,-38,-88,-113,-170,-245,-2258
8,2,2025,69255,3603,2753,2213,1604,1737,1784,1860,1888,1917,2097,1979,2006,1890,1962,1981,1997,2123,2189,2254,2361,2484,2626,2768,2888,3108,3262,3388,3328,3310,3106,2883,2563,2134,1876,1530,1376,960,601,438,157,-4,-54,-143,-181,-122,-225,-375,-556,-759,-925,-1044,-1073,-974,-841,-698,-481,-234,-185,-177,-220,-382,-431,-566,-691,-751,-735,-607,-441,-213,-73,-9,68,16,-54,-92,-124,-47,-80,-32,-12,-121,-127,-170,-168,-239,-2377
8,2,2026,70196,3618,2762,2222,2005,1702,1766,1864,1893,1922,2104,2011,1948,1923,1925,1996,2015,2158,2242,2301,2380,2515,2690,2804,2989,3201,3278,3352,3353,3256,3201,2880,2591,2231,1900,1642,1312,985,641,492,262,81,-10,10,-87,-80,-168,-430,-520,-720,-928,-1018,-1101,-971,-818,-674,-531,-302,-171,-178,-208,-328,-480,-611,-719,-808,-803,-699,-473,-257,-97,-10,18,-13,-87,-101,-117,-134,-77,-71,-66,-70,-195,-201,-218,-232,-2463
8,2,2027,71439,3633,2772,2229,2010,1990,1754,1863,1902,1935,2106,2019,1986,1892,1953,1987,2036,2189,2280,2370,2438,2541,2710,2888,3028,3306,3374,3386,3335,3292,3163,3001,2601,2294,2009,1719,1413,985,645,541,314,174,74,56,51,7,-131,-362,-572,-677,-884,-1022,-1072,-993,-806,-649,-504,-338,-227,-171,-213,-306,-461,-643,-774,-843,-843,-751,-562,-272,-133,-45,19,-47,-127,-123,-142,-128,-151,-83,-110,-126,-153,-265,-249,-285,-2588
8,2,2028,72624,3646,2782,2237,2017,1996,1944,1847,1901,1938,2120,2020,1987,1907,1935,2002,2041,2209,2326,2407,2508,2594,2740,2890,3103,3342,3470,3478,3365,3265,3200,2974,2718,2341,2082,1833,1508,1060,680,557,382,229,170,142,99,133,-46,-327,-508,-731,-846,-976,-1072,-971,-830,-641,-484,-321,-246,-212,-207,-329,-434,-656,-807,-900,-898,-789,-593,-353,-139,-71,-25,-43,-147,-193,-158,-156,-155,-151,-113,-163,-210,-229,-308,-321,-2742
8,2,2029,73313,3662,2796,2244,2026,2000,1951,1972,1896,1940,2125,1918,1959,1903,1931,1986,2049,2220,2346,2448,2540,2663,2787,2917,3102,3395,3523,3557,3452,3289,3156,2981,2681,2413,2120,1877,1592,1163,734,589,378,315,220,229,175,179,66,-240,-472,-667,-897,-933,-1031,-969,-807,-658,-470,-306,-245,-222,-242,-346,-458,-649,-839,-944,-953,-857,-630,-382,-195,-76,-35,-100,-165,-202,-233,-179,-171,-150,-185,-164,-244,-302,-291,-372,-2871
8,2,2030,74351,3675,2806,2252,2033,2007,1962,1979,1972,1945,2131,1955,1913,1889,1947,1997,2053,2233,2366,2475,2587,2703,2854,2967,3135,3411,3564,3655,3560,3414,3215,2968,2699,2405,2182,1953,1667,1244,872,653,447,307,299,289,256,253,116,-128,-380,-628,-830,-989,-996,-940,-811,-645,-488,-293,-233,-239,-275,-388,-497,-687,-849,-981,-995,-913,-705,-412,-234,-121,-62,-101,-213,-240,-250,-232,-204,-166,-179,-220,-257,-331,-376,-371,-3055
8,2,2031,75602,3689,2815,2261,2039,2008,1964,1985,1979,1974,2135,1929,1941,1894,1951,2015,2069,2252,2386,2508,2627,2759,2913,3047,3188,3451,3598,3691,3660,3543,3359,3040,2717,2454,2225,2024,1777,1358,972,801,518,394,300,363,326,329,189,-80,-266,-541,-796,-927,-1057,-908,-790,-651,-486,-324,-235,-239,-292,-444,-564,-730,-899,-999,-1030,-958,-755,-469,-261,-158,-116,-144,-232,-286,-290,-273,-252,-200,-196,-223,-291,-345,-401,-463,-3244
8,2,2032,76928,3702,2827,2271,2045,2018,1971,1987,1979,1982,2140,1943,1956,1919,1971,2028,2090,2268,2401,2530,2661,2808,2970,3112,3280,3514,3650,3739,3714,3631,3510,3218,2798,2496,2290,2102,1861,1483,1100,919,667,474,399,370,397,392,264,-11,-220,-427,-709,-897,-997,-967,-770,-636,-506,-330,-270,-257,-309,-462,-633,-820,-950,-1063,-1058,-978,-804,-528,-310,-199,-150,-210,-285,-315,-335,-317,-305,-250,-240,-253,-312,-385,-425,-484,-3542
8,2,2033,78245,3715,2835,2278,2051,2024,1974,1991,1985,1987,2143,2077,1948,1918,1975,2039,2098,2281,2412,2542,2681,2832,3013,3165,3327,3586,3704,3778,3753,3685,3563,3329,2942,2538,2299,2125,1902,1536,1195,1020,761,595,449,432,388,449,315,60,-156,-375,-588,-806,-963,-910,-822,-611,-482,-336,-259,-269,-307,-456,-621,-864,-1029,-1099,-1112,-1001,-811,-558,-344,-223,-181,-219,-328,-344,-359,-340,-328,-289,-273,-285,-335,-409,-462,-508,-3788
8,2,2034,79492,3726,2844,2284,2056,2027,1978,2000,1992,1992,2149,2078,2050,1912,1975,2040,2102,2290,2430,2555,2697,2850,3045,3207,3375,3635,3771,3829,3790,3726,3618,3382,3048,2676,2337,2130,1921,1578,1249,1111,865,686,560,482,445,439,367,110,-80,-304,-537,-688,-873,-875,-765,-655,-458,-316,-269,-265,-319,-454,-615,-852,-1079,-1182,-1149,-1051,-828,-561,-367,-255,-201,-258,-340,-398,-389,-359,-357,-309,-308,-322,-373,-433,-485,-552,-4036
8,2,2035,80711,3736,2854,2290,2062,2031,1988,2003,1997,1997,2154,2084,2049,1994,1971,2039,2110,2297,2436,2568,2714,2865,3061,3237,3417,3684,3815,3895,3844,3766,3657,3436,3101,2780,2472,2165,1928,1596,1294,1164,959,782,640,585,484,494,361,159,-29,-233,-464,-637,-762,-797,-733,-604,-494,-297,-245,-264,-312,-464,-613,-842,-1075,-1244,-1232,-1084,-873,-575,-369,-275,-232,-278,-377,-413,-438,-395,-377,-338,-329,-356,-405,-467,-510,-578,-4294
8,2,2036,81757,3749,2861,2300,2070,2033,1986,2005,1998,2001,2157,2090,2056,1996,2037,2040,2113,2306,2444,2576,2729,2879,3076,3251,3442,3718,3862,3939,3908,3818,3695,3472,3150,2828,2567,2292,1963,1600,1306,1203,1009,868,733,660,579,533,405,153,17,-179,-392,-562,-710,-690,-659,-579,-454,-328,-230,-247,-317,-457,-632,-846,-1066,-1230,-1290,-1168,-899,-613,-383,-277,-249,-308,-406,-455,-461,-449,-407,-357,-354,-380,-447,-507,-552,-610,-4566
8,2,2037,82723,3759,2869,2306,2072,2036,1989,2008,2004,2005,2159,2091,2061,2002,2044,2094,2108,2305,2453,2585,2739,2894,3087,3265,3461,3748,3892,3984,3952,3882,3743,3508,3186,2876,2616,2388,2089,1638,1313,1220,1050,921,817,741,648,612,444,199,10,-128,-338,-494,-642,-645,-566,-519,-429,-297,-262,-239,-305,-464,-625,-865,-1069,-1224,-1282,-1222,-971,-641,-411,-289,-251,-328,-439,-485,-500,-467,-454,-387,-378,-401,-467,-551,-598,-659,-4858
8,2,2038,83628,3770,2877,2309,2079,2040,1994,2010,2009,2008,2157,2090,2063,2005,2044,2097,2165,2300,2455,2595,2749,2909,3104,3277,3476,3760,3922,4019,3995,3925,3807,3553,3220,2913,2663,2433,2177,1760,1342,1219,1064,957,860,814,716,672,520,234,57,-141,-284,-442,-571,-579,-528,-437,-375,-275,-229,-264,-289,-449,-630,-854,-1088,-1225,-1273,-1209,-1018,-698,-432,-313,-263,-338,-461,-524,-532,-505,-477,-432,-405,-422,-496,-578,-654,-705,-5161
8,2,2039,84448,3778,2884,2315,2080,2045,1997,2008,2009,2013,2161,2092,2062,2003,2045,2101,2171,2360,2448,2595,2749,2919,3113,3290,3487,3772,3936,4045,4026,3970,3848,3618,3264,2943,2694,2472,2218,1845,1468,1251,1064,969,897,857,784,738,575,307,94,-91,-295,-390,-524,-516,-470,-400,-303,-225,-212,-233,-315,-437,-615,-862,-1078,-1248,-1273,-1208,-1008,-730,-478,-329,-287,-344,-467,-551,-569,-537,-521,-446,-445,-456,-516,-610,-687,-767,-5489
8,2,2040,85250,3785,2889,2317,2085,2049,1999,2016,2013,2018,2163,2095,2067,2005,2046,2101,2174,2358,2515,2585,2749,2929,3123,3302,3502,3781,3954,4055,4048,4004,3886,3654,3321,2983,2721,2504,2263,1885,1557,1373,1096,972,909,884,821,792,634,361,169,-58,-244,-403,-474,-471,-413,-348,-277,-163,-164,-217,-289,-458,-597,-845,-1086,-1243,-1298,-1205,-1005,-727,-510,-371,-303,-366,-479,-550,-598,-575,-542,-485,-457,-494,-548,-632,-719,-800,-5848
8,2,2041,85467,3793,2892,2320,2085,2044,1993,2006,2006,2012,2153,2088,2057,2001,2038,2092,2169,2354,2508,2647,2737,2920,3120,3302,3507,3787,3950,4054,4052,4017,3909,3685,3348,3029,2753,2520,2274,1914,1587,1453,1214,994,898,888,843,818,680,419,215,14,-216,-356,-485,-430,-377,-302,-237,-145,-117,-185,-278,-435,-628,-829,-1067,-1249,-1295,-1230,-1005,-728,-503,-396,-342,-389,-507,-568,-602,-604,-581,-512,-497,-512,-595,-671,-744,-841,-6234
8,2,2042,85616,3798,2892,2323,2079,2037,1988,1996,2005,2006,2141,2077,2049,1993,2031,2083,2165,2346,2506,2642,2801,2904,3110,3300,3511,3790,3953,4053,4050,4020,3916,3700,3365,3052,2796,2542,2288,1930,1616,1478,1292,1106,919,876,848,832,706,467,271,62,-141,-325,-445,-447,-341,-271,-195,-108,-102,-140,-247,-421,-600,-865,-1049,-1230,-1307,-1224,-1029,-733,-503,-393,-369,-432,-529,-596,-618,-610,-608,-551,-524,-550,-612,-721,-784,-874,-6601
8,2,2043,85784,3804,2894,2322,2080,2026,1984,1991,1996,2002,2129,2069,2039,1985,2018,2071,2159,2341,2501,2632,2801,2973,3097,3290,3504,3790,3953,4056,4049,4018,3914,3709,3386,3080,2820,2586,2308,1943,1640,1505,1325,1184,1024,891,838,835,721,496,318,119,-86,-249,-413,-401,-357,-239,-167,-74,-71,-120,-202,-388,-589,-830,-1093,-1206,-1289,-1237,-1025,-748,-500,-390,-370,-461,-573,-619,-651,-626,-614,-570,-559,-578,-652,-742,-849,-920,-6974
8,2,2044,85849,3808,2893,2320,2079,2023,1978,1983,1991,1999,2120,2060,2033,1978,2011,2065,2152,2334,2496,2631,2801,2970,3167,3276,3496,3782,3947,4057,4050,4015,3915,3704,3388,3094,2845,2608,2347,1967,1657,1526,1356,1213,1091,982,853,822,719,512,340,168,-28,-196,-345,-380,-322,-255,-135,-55,-47,-97,-186,-337,-546,-813,-1052,-1256,-1267,-1217,-1038,-747,-520,-394,-366,-457,-605,-668,-675,-661,-630,-578,-585,-612,-682,-785,-876,-993,-7367
8,2,2045,85890,3812,2892,2317,2072,2019,1971,1974,1981,1992,2110,2051,2022,1972,2003,2056,2147,2327,2496,2621,2796,2963,3162,3346,3484,3771,3945,4051,4047,4017,3910,3698,3390,3103,2860,2631,2366,2007,1681,1533,1374,1240,1116,1042,939,832,714,512,364,189,21,-138,-292,-316,-300,-227,-147,-33,-18,-69,-159,-323,-494,-767,-1032,-1212,-1315,-1200,-1024,-758,-519,-407,-373,-456,-603,-706,-726,-684,-661,-600,-591,-635,-716,-818,-927,-1016,-7787
8,2,2046,85948,3813,2895,2320,2072,2012,1965,1963,1976,1982,2097,2044,2015,1964,1994,2047,2137,2322,2484,2612,2786,2961,3150,3340,3547,3754,3928,4044,4037,4016,3906,3694,3380,3099,2873,2651,2383,2024,1718,1557,1387,1261,1144,1067,989,908,723,511,362,205,52,-90,-237,-272,-242,-209,-124,-43,2,-49,-136,-292,-470,-703,-981,-1193,-1275,-1244,-1003,-745,-525,-405,-387,-460,-600,-696,-756,-734,-678,-626,-599,-640,-741,-858,-960,-1072,-8180
8,2,2047,85910,3816,2895,2319,2068,2005,1954,1954,1969,1975,2086,2033,2003,1956,1984,2039,2130,2315,2477,2604,2785,2954,3146,3334,3541,3811,3911,4028,4029,4007,3900,3685,3376,3095,2865,2650,2389,2042,1739,1594,1416,1275,1157,1086,1011,958,789,523,357,210,71,-63,-192,-220,-203,-155,-105,-22,-3,-33,-118,-268,-441,-677,-907,-1135,-1253,-1199,-1046,-732,-514,-409,-386,-470,-602,-703,-760,-768,-727,-647,-626,-658,-752,-885,-1009,-1114,-8604
8,2,2048,85917,3817,2890,2319,2066,1999,1954,1941,1964,1974,2076,2025,1995,1951,1977,2032,2126,2309,2470,2598,2775,2945,3139,3327,3538,3803,3967,4011,4018,4000,3894,3679,3367,3087,2859,2650,2395,2056,1760,1609,1454,1300,1169,1096,1028,975,831,591,367,199,72,-47,-160,-173,-161,-124,-58,-9,10,-41,-99,-245,-411,-640,-878,-1058,-1190,-1181,-1012,-765,-505,-401,-391,-471,-613,-702,-757,-767,-757,-692,-650,-684,-765,-894,-1040,-1168,-9028
8,2,2049,85868,3817,2889,2317,2065,1995,1946,1938,1955,1967,2066,2014,1986,1941,1968,2024,2120,2298,2467,2588,2770,2942,3130,3324,3528,3792,3953,4063,3997,3987,3887,3674,3362,3085,2854,2643,2387,2060,1774,1632,1478,1338,1187,1108,1039,989,849,639,439,212,64,-47,-141,-149,-120,-80,-30,29,22,-24,-108,-229,-389,-604,-838,-1027,-1113,-1128,-997,-743,-531,-394,-385,-478,-614,-721,-763,-772,-754,-721,-692,-704,-796,-914,-1054,-1205,-9465
8,2,2050,85775,3814,2887,2313,2058,1984,1937,1931,1948,1957,2052,2006,1975,1931,1957,2012,2113,2295,2462,2580,2763,2933,3125,3316,3520,3785,3944,4051,4049,3963,3867,3659,3349,3080,2853,2631,2376,2052,1785,1634,1495,1355,1222,1122,1049,993,865,658,488,282,78,-57,-139,-138,-102,-49,8,56,53,-17,-96,-236,-366,-579,-792,-979,-1082,-1054,-942,-730,-503,-414,-382,-471,-630,-718,-775,-771,-756,-720,-720,-744,-813,-947,-1068,-1215,-9891
8,2,2051,85662,3811,2883,2310,2052,1974,1931,1920,1942,1951,2044,1996,1967,1925,1947,2002,2107,2284,2453,2571,2753,2926,3114,3311,3511,3775,3933,4037,4033,4017,3844,3643,3337,3067,2844,2627,2371,2042,1778,1640,1509,1373,1241,1152,1067,1001,870,677,502,332,153,-40,-145,-136,-87,-33,39,85,72,15,-83,-219,-378,-550,-763,-935,-1034,-1025,-882,-691,-500,-399,-403,-464,-613,-726,-774,-787,-760,-723,-720,-778,-860,-971,-1107,-1235,-10278
8,2,2052,85491,3811,2879,2306,2048,1968,1924,1911,1936,1944,2030,1987,1954,1918,1940,1994,2099,2278,2446,2557,2748,2919,3101,3301,3507,3763,3926,4024,4022,4005,3894,3618,3318,3057,2838,2621,2359,2035,1771,1634,1511,1386,1258,1163,1092,1015,875,684,516,346,204,31,-132,-146,-87,-19,53,109,101,33,-56,-209,-358,-565,-734,-900,-991,-983,-856,-642,-466,-394,-383,-487,-607,-720,-782,-788,-779,-723,-719,-773,-889,-1017,-1133,-1280,-10659
8,2,2053,85267,3808,2877,2303,2048,1960,1918,1900,1927,1939,2021,1975,1945,1909,1928,1983,2090,2267,2437,2551,2737,2915,3093,3290,3496,3752,3908,4012,4006,3992,3881,3664,3293,3041,2819,2610,2350,2028,1766,1625,1503,1389,1265,1175,1101,1036,885,695,527,359,220,88,-63,-137,-96,-21,61,121,122,61,-41,-174,-345,-539,-749,-870,-958,-940,-819,-623,-429,-366,-380,-472,-629,-712,-776,-797,-775,-737,-717,-774,-886,-1052,-1191,-1307,-11030
8,2,2054,85014,3804,2870,2296,2039,1951,1910,1894,1922,1930,2007,1965,1935,1904,1920,1973,2083,2258,2429,2541,2727,2898,3087,3279,3487,3739,3899,4004,3993,3980,3866,3650,3339,3018,2806,2599,2338,2019,1761,1614,1498,1383,1266,1179,1119,1047,908,709,533,368,239,103,-13,-72,-89,-31,62,129,133,80,-17,-155,-311,-524,-722,-879,-926,-914,-783,-595,-411,-327,-357,-464,-610,-739,-764,-790,-783,-742,-732,-782,-886,-1050,-1233,-1373,-11402
8,2,2055,84772,3798,2867,2296,2033,1943,1905,1885,1913,1923,1995,1953,1926,1894,1910,1963,2072,2249,2421,2532,2720,2891,3074,3268,3475,3728,3887,3987,3980,3966,3850,3634,3324,3063,2787,2582,2324,2007,1751,1607,1491,1373,1262,1182,1122,1053,913,731,546,375,248,120,5,-26,-30,-18,53,127,142,91,1,-126,-290,-480,-702,-856,-944,-880,-760,-563,-390,-313,-325,-442,-598,-717,-794,-783,-777,-743,-733,-792,-888,-1048,-1230,-1419,-11779
8,2,2056,84506,3796,2859,2293,2026,1939,1892,1872,1900,1915,1983,1943,1917,1887,1900,1949,2066,2239,2413,2523,2711,2880,3063,3261,3464,3716,3872,3972,3964,3955,3836,3619,3307,3048,2827,2558,2302,1993,1740,1597,1484,1365,1250,1171,1124,1060,927,744,568,390,257,129,21,-11,9,32,60,121,137,96,13,-108,-260,-451,-656,-834,-912,-893,-734,-542,-369,-294,-317,-408,-571,-709,-771,-808,-766,-738,-737,-791,-903,-1051,-1230,-1416,-12169
8,2,2057,84245,3790,2854,2286,2021,1929,1883,1861,1892,1908,1970,1933,1908,1879,1889,1943,2057,2231,2406,2513,2703,2869,3052,3246,3452,3704,3858,3958,3951,3941,3819,3599,3292,3036,2811,2597,2281,1975,1730,1584,1476,1362,1246,1166,1117,1063,929,753,579,409,269,134,32,2,20,64,107,126,129,94,17,-97,-237,-416,-620,-784,-887,-865,-747,-529,-348,-277,-298,-398,-535,-685,-760,-786,-791,-733,-734,-800,-905,-1068,-1233,-1415,-12512
8,2,2058,84010,3784,2848,2280,2014,1920,1877,1854,1883,1898,1960,1922,1897,1872,1878,1931,2049,2217,2395,2499,2692,2862,3039,3238,3443,3692,3846,3942,3934,3925,3806,3585,3272,3021,2800,2583,2320,1954,1715,1570,1470,1356,1240,1153,1111,1053,931,757,589,417,294,150,40,12,37,76,133,162,137,85,10,-94,-223,-390,-583,-750,-838,-848,-722,-535,-331,-264,-277,-377,-521,-640,-732,-776,-770,-755,-730,-793,-912,-1068,-1252,-1417,-12822
8,2,2059,83731,3778,2841,2276,2009,1910,1870,1844,1872,1891,1947,1911,1885,1858,1867,1921,2038,2213,2385,2490,2682,2855,3026,3224,3429,3677,3831,3925,3919,3909,3787,3567,3257,3006,2787,2570,2304,1990,1696,1549,1457,1345,1228,1142,1102,1045,920,759,594,426,304,176,50,18,43,86,142,183,165,88,6,-94,-217,-377,-552,-706,-802,-800,-708,-519,-343,-249,-266,-361,-502,-626,-688,-748,-762,-737,-747,-785,-903,-1077,-1250,-1438,-13087
8,2,2060,83471,3770,2833,2269,2002,1903,1860,1832,1864,1882,1935,1899,1876,1853,1860,1910,2030,2202,2379,2478,2673,2846,3016,3211,3419,3659,3813,3909,3901,3895,3769,3548,3238,2991,2772,2554,2286,1974,1740,1524,1442,1329,1219,1133,1098,1033,915,755,596,433,319,186,75,29,49,90,153,190,189,116,11,-100,-221,-370,-537,-670,-765,-766,-663,-506,-330,-256,-252,-347,-476,-603,-675,-706,-732,-728,-731,-810,-897,-1066,-1261,-1440,-13356
9,0,2023,61788,2464,1478,1396,1297,1181,1179,1063,969,928,835,826,827,831,891,1120,1604,2113,2695,1751,2114,2663,2589,2213,2435,2710,2873,2911,2941,2820,2704,2448,2239,2069,1822,1753,1554,1438,1071,998,809,626,570,529,487,556,559,445,270,16,-52,-220,-318,-360,-268,-179,-121,15,-45,10,-26,-221,-119,-310,-283,-439,-341,-358,-328,-201,-254,-187,-134,-148,-155,-133,-88,-179,-69,-129,-277,-350,-409,-480,-531,-611,-4594
9,0,2024,63628,2485,1916,1331,1294,1163,1183,1075,996,950,856,839,863,862,930,1154,1630,2153,2708,1850,2148,2687,2743,2313,2343,2735,2884,3027,3017,2953,2831,2624,2359,2167,2012,1738,1652,1451,1216,969,842,746,568,559,562,505,550,439,236,21,-74,-181,-200,-247,-270,-190,-140,-37,25,-32,20,-56,-191,-238,-383,-314,-479,-320,-345,-272,-207,-288,-233,-169,-141,-182,-167,-132,-280,-183,-233,-396,-477,-533,-591,-613,-4758
9,0,2025,65560,2508,1935,1719,1237,1161,1165,1078,1009,970,875,865,874,895,962,1206,1672,2192,2749,1877,2245,2736,2775,2436,2426,2658,2912,3037,3132,2996,2962,2745,2532,2300,2133,1942,1658,1567,1254,1101,842,756,677,565,591,581,506,433,242,-9,-72,-208,-154,-155,-179,-195,-147,-27,-15,27,-2,-15,-54,-307,-315,-407,-352,-439,-323,-313,-243,-247,-315,-277,-172,-172,-228,-169,-239,-398,-278,-374,-504,-624,-648,-677,-4903
9,0,2026,67736,2528,1954,1735,1577,1113,1166,1065,1010,984,897,893,899,923,1009,1243,1744,2254,2806,1924,2296,2825,2853,2490,2592,2731,2849,3078,3159,3127,2986,2873,2638,2437,2269,2069,1835,1591,1352,1161,965,781,685,665,619,607,570,402,244,4,-91,-195,-176,-110,-91,-116,-153,-45,2,12,31,-1,-16,-189,-388,-352,-433,-333,-409,-302,-306,-260,-278,-341,-288,-186,-209,-254,-251,-353,-522,-406,-497,-639,-759,-741,-5096
9,0,2027,69333,2548,1973,1751,1590,1405,1126,1065,999,981,912,901,941,937,1036,1291,1775,2332,2866,2000,2315,2876,2922,2560,2619,2895,2912,3015,3179,3171,3113,2876,2761,2520,2348,2157,1933,1720,1351,1223,1008,888,717,669,683,640,593,446,207,-5,-89,-215,-151,-123,-52,-27,-96,-46,-16,26,31,-8,33,-156,-281,-427,-383,-415,-315,-379,-309,-336,-296,-307,-329,-320,-225,-224,-339,-366,-471,-683,-523,-630,-751,-869,-5341
9,0,2028,70298,2567,1990,1770,1607,1420,1377,1030,1002,988,903,931,935,973,1038,1305,1818,2353,2962,2047,2422,2885,2953,2626,2668,2888,3037,3062,3130,3167,3138,2979,2732,2623,2420,2217,1984,1789,1457,1203,1055,912,794,707,680,680,624,466,246,-48,-100,-219,-186,-104,-62,9,-4,-6,-22,-3,36,-3,8,-99,-256,-342,-451,-369,-411,-298,-376,-346,-375,-323,-313,-345,-351,-267,-318,-441,-483,-621,-827,-651,-750,-841,-5704
9,0,2029,71491,2588,2009,1787,1623,1434,1389,1244,972,993,938,933,966,983,1065,1313,1835,2412,2983,2159,2458,3002,2971,2622,2726,2924,3046,3159,3161,3148,3142,2995,2815,2617,2514,2292,2071,1849,1536,1311,1042,955,820,765,729,676,660,503,265,-4,-135,-224,-188,-124,-45,-7,30,88,22,-2,10,-1,-1,-115,-188,-297,-387,-403,-364,-385,-304,-391,-380,-419,-326,-337,-373,-368,-367,-425,-533,-626,-759,-982,-771,-846,-5982
9,0,2030,72011,2606,2027,1804,1638,1448,1403,1257,1158,951,949,951,980,981,1080,1334,1851,2423,3044,2172,2549,3032,3067,2639,2718,2963,3062,3186,3233,3153,3119,2991,2812,2630,2517,2345,2101,1912,1576,1369,1120,944,852,773,763,721,657,529,286,6,-109,-261,-200,-137,-73,12,-3,107,98,36,12,-29,1,-123,-213,-247,-339,-374,-362,-358,-385,-351,-396,-410,-422,-368,-380,-390,-441,-476,-531,-656,-761,-902,-1136,-861,-6243
9,0,2031,71682,2627,2044,1820,1652,1462,1414,1268,1165,1102,934,945,972,986,1066,1335,1859,2438,3041,2206,2560,3077,3080,2697,2725,2968,3094,3195,3247,3201,3141,2975,2805,2626,2493,2332,2113,1906,1597,1386,1146,980,831,784,765,735,682,521,305,14,-122,-265,-243,-162,-94,-32,14,73,88,86,41,-42,-38,-141,-217,-278,-312,-346,-378,-348,-374,-416,-409,-423,-410,-426,-412,-399,-457,-524,-576,-673,-769,-899,-1033,-1256,-6463
9,0,2032,70134,2643,2061,1835,1668,1476,1425,1277,1176,1111,974,937,958,969,1060,1329,1856,2435,3046,2203,2573,3088,3093,2710,2747,2964,3080,3191,3238,3180,3133,2980,2775,2589,2459,2285,2078,1885,1574,1374,1144,985,830,758,751,732,685,528,287,25,-124,-282,-264,-214,-129,-65,-41,62,55,66,64,-15,-74,-200,-269,-286,-338,-336,-373,-382,-389,-439,-462,-459,-435,-445,-459,-436,-493,-548,-611,-725,-806,-901,-1031,-1142,-7100
9,0,2033,70979,2662,2079,1851,1682,1487,1437,1290,1187,1116,982,978,959,975,1066,1335,1869,2454,3069,2234,2607,3122,3138,2751,2792,3012,3116,3220,3268,3213,3161,3018,2834,2619,2470,2303,2094,1909,1599,1405,1178,1028,872,787,763,744,704,551,311,20,-89,-267,-260,-216,-154,-79,-48,38,68,58,74,32,-7,-209,-295,-313,-324,-327,-327,-348,-389,-420,-460,-478,-436,-432,-460,-457,-492,-559,-623,-725,-830,-931,-1015,-1129,-7513
9,0,2034,71853,2681,2095,1867,1697,1499,1449,1300,1196,1127,989,983,996,978,1073,1344,1880,2471,3097,2261,2637,3155,3170,2786,2834,3054,3162,3258,3297,3244,3194,3041,2867,2674,2500,2314,2107,1921,1623,1431,1209,1057,916,827,789,756,715,570,335,45,-93,-231,-244,-211,-160,-100,-59,33,47,74,67,43,43,-139,-304,-344,-353,-311,-315,-308,-356,-421,-446,-473,-454,-440,-456,-461,-507,-562,-632,-732,-834,-961,-1050,-1110,-7858
9,0,2035,72697,2699,2112,1881,1710,1513,1460,1312,1205,1137,995,992,1002,1010,1074,1351,1886,2486,3117,2291,2663,3186,3202,2821,2868,3091,3203,3297,3333,3273,3222,3070,2890,2705,2550,2340,2118,1934,1633,1450,1228,1085,945,868,827,780,728,582,354,70,-70,-237,-212,-197,-158,-100,-81,25,41,53,78,36,57,-87,-230,-356,-385,-339,-301,-295,-315,-394,-443,-457,-450,-456,-461,-453,-511,-585,-633,-745,-847,-965,-1081,-1150,-8148
9,0,2036,73554,2715,2129,1898,1722,1525,1471,1321,1214,1146,1002,1001,1012,1018,1109,1354,1895,2499,3133,2311,2695,3215,3233,2850,2898,3123,3237,3338,3376,3308,3249,3100,2921,2728,2581,2390,2140,1943,1642,1459,1247,1107,971,892,865,819,752,585,363,85,-44,-219,-220,-168,-143,-99,-79,8,32,48,58,52,46,-73,-175,-277,-396,-371,-332,-282,-310,-357,-420,-459,-437,-450,-470,-454,-509,-586,-652,-748,-855,-978,-1085,-1185,-8444
9,0,2037,74418,2733,2144,1911,1737,1537,1482,1330,1225,1152,1012,1009,1018,1026,1116,1389,1900,2512,3145,2335,2720,3245,3259,2880,2931,3156,3275,3375,3414,3346,3284,3124,2938,2752,2598,2414,2188,1963,1650,1469,1256,1126,990,920,889,853,786,610,369,93,-31,-192,-194,-172,-115,-86,-74,11,20,36,55,25,62,-82,-160,-217,-314,-384,-365,-310,-295,-350,-388,-439,-440,-438,-467,-468,-517,-575,-655,-773,-860,-989,-1100,-1190,-8737
9,0,2038,75289,2749,2161,1927,1749,1551,1495,1341,1234,1162,1020,1016,1027,1034,1124,1397,1945,2519,3163,2350,2744,3275,3290,2909,2962,3186,3302,3407,3447,3387,3323,3156,2971,2774,2624,2431,2213,2008,1669,1466,1263,1130,1006,937,914,878,821,650,396,99,-25,-176,-173,-150,-120,-62,-66,13,18,22,46,19,38,-65,-172,-201,-256,-306,-375,-343,-321,-338,-382,-406,-418,-441,-460,-468,-527,-583,-650,-779,-891,-991,-1112,-1207,-9005
9,0,2039,76156,2766,2176,1941,1764,1561,1507,1352,1242,1169,1028,1023,1037,1044,1132,1406,1957,2570,3171,2371,2761,3293,3314,2936,2990,3216,3336,3440,3483,3417,3360,3194,2997,2799,2642,2455,2226,2031,1712,1491,1261,1135,1011,951,933,900,848,687,433,125,-23,-168,-158,-132,-99,-64,-43,20,18,22,30,10,28,-94,-154,-214,-239,-244,-296,-356,-353,-364,-369,-399,-392,-423,-462,-458,-521,-600,-658,-770,-898,-1025,-1117,-1219,-9254
9,0,2040,77020,2783,2192,1955,1774,1574,1514,1358,1252,1179,1035,1025,1042,1051,1138,1416,1969,2584,3237,2384,2783,3313,3338,2962,3015,3243,3363,3469,3513,3451,3392,3230,3034,2825,2664,2473,2248,2043,1729,1529,1280,1137,1015,958,946,915,868,711,467,164,4,-166,-154,-119,-78,-47,-46,38,27,25,33,-3,20,-101,-187,-198,-254,-229,-239,-278,-364,-393,-392,-394,-387,-399,-442,-459,-514,-595,-675,-776,-885,-1031,-1154,-1223,-9485
9,0,2041,77819,2799,2205,1968,1789,1582,1525,1369,1259,1187,1039,1037,1045,1054,1146,1424,1979,2599,3257,2451,2794,3332,3354,2985,3041,3274,3393,3495,3540,3477,3424,3259,3066,2857,2690,2493,2264,2061,1741,1545,1318,1147,1013,960,946,928,885,731,490,201,46,-144,-153,-113,-67,-28,-32,36,45,35,28,-4,0,-116,-196,-233,-239,-244,-226,-225,-294,-404,-425,-415,-381,-393,-419,-443,-515,-589,-674,-793,-894,-1018,-1167,-1263,-9682
9,0,2042,78660,2814,2219,1982,1799,1597,1537,1382,1268,1192,1050,1044,1052,1060,1155,1431,1988,2615,3272,2475,2870,3342,3373,3002,3063,3293,3420,3523,3569,3508,3450,3291,3093,2891,2718,2514,2279,2073,1760,1555,1332,1185,1029,955,950,932,899,745,513,221,84,-106,-130,-109,-65,-20,-15,50,46,57,40,-2,-2,-139,-213,-246,-272,-230,-241,-212,-244,-340,-436,-439,-400,-388,-416,-418,-502,-589,-661,-793,-916,-1027,-1155,-1276,-9895
9,0,2043,79495,2831,2233,1994,1812,1606,1543,1386,1276,1202,1056,1052,1059,1067,1160,1440,1999,2625,3286,2497,2896,3421,3386,3022,3084,3321,3444,3554,3590,3532,3476,3311,3124,2916,2751,2545,2298,2088,1769,1571,1342,1201,1062,970,949,938,898,758,526,244,106,-68,-91,-90,-62,-14,-6,66,60,53,57,5,1,-141,-234,-264,-286,-264,-225,-225,-232,-296,-374,-451,-426,-407,-410,-415,-476,-572,-663,-783,-911,-1054,-1167,-1263,-10094
9,0,2044,80336,2844,2247,2007,1823,1616,1555,1397,1285,1209,1062,1058,1065,1074,1166,1450,2010,2640,3305,2517,2917,3443,3461,3034,3102,3341,3471,3577,3620,3559,3499,3341,3145,2941,2774,2571,2326,2106,1780,1577,1355,1209,1075,1003,961,933,902,755,539,258,126,-45,-54,-54,-42,-14,-2,75,73,65,57,24,13,-136,-238,-286,-304,-280,-258,-212,-249,-283,-331,-398,-437,-432,-428,-409,-470,-546,-645,-789,-902,-1054,-1193,-1274,-10237
9,0,2045,81103,2859,2260,2020,1835,1626,1565,1405,1291,1213,1067,1066,1072,1078,1170,1459,2021,2653,3320,2538,2941,3470,3482,3101,3116,3364,3487,3600,3641,3583,3523,3360,3168,2963,2798,2594,2348,2130,1797,1588,1358,1217,1082,1018,993,945,897,756,535,268,138,-24,-32,-24,-11,2,3,78,81,76,70,21,31,-124,-238,-291,-331,-299,-274,-249,-236,-296,-322,-359,-386,-441,-449,-430,-463,-545,-618,-765,-907,-1043,-1190,-1302,-10389
9,0,2046,81838,2874,2273,2030,1847,1636,1571,1410,1299,1222,1073,1070,1080,1085,1175,1463,2027,2665,3338,2555,2961,3483,3504,3121,3174,3377,3512,3619,3667,3604,3549,3383,3190,2979,2814,2611,2370,2154,1821,1606,1370,1220,1092,1024,1003,974,907,755,536,268,147,-12,-14,-3,18,31,16,81,85,83,83,33,26,-107,-228,-290,-334,-323,-295,-258,-267,-290,-337,-349,-348,-394,-464,-453,-487,-540,-615,-736,-884,-1049,-1175,-1301,-10553
9,0,2047,82561,2886,2287,2044,1856,1646,1580,1419,1307,1228,1078,1074,1087,1091,1180,1468,2037,2678,3353,2572,2978,3504,3522,3146,3201,3431,3527,3642,3683,3625,3568,3405,3206,3001,2834,2632,2387,2172,1841,1626,1384,1230,1096,1030,1010,982,937,765,529,264,141,-4,-2,14,34,58,41,96,82,85,92,46,37,-112,-204,-285,-339,-331,-317,-277,-277,-319,-328,-366,-343,-361,-419,-463,-510,-561,-611,-733,-849,-1023,-1181,-1285,-10694
9,0,2048,83327,2900,2298,2053,1866,1656,1589,1430,1313,1233,1086,1081,1089,1094,1187,1474,2047,2688,3367,2590,2999,3524,3542,3165,3219,3454,3578,3657,3706,3643,3587,3423,3227,3016,2849,2644,2401,2186,1855,1646,1401,1243,1104,1035,1017,987,947,795,537,256,137,-9,6,24,50,75,65,118,97,87,94,53,53,-102,-210,-262,-328,-331,-323,-302,-300,-331,-357,-355,-357,-354,-384,-416,-520,-581,-633,-724,-846,-984,-1150,-1293,-10764
9,0,2049,84001,2913,2311,2065,1875,1663,1597,1434,1322,1241,1088,1085,1092,1101,1191,1477,2057,2698,3380,2609,3018,3544,3562,3177,3235,3474,3597,3702,3717,3660,3601,3440,3239,3034,2863,2659,2416,2199,1872,1657,1420,1262,1114,1042,1019,996,950,803,567,263,130,-12,1,32,60,88,78,138,118,104,92,57,60,-85,-199,-269,-303,-327,-326,-311,-324,-345,-369,-382,-349,-365,-375,-385,-477,-595,-660,-753,-841,-980,-1109,-1262,-10855
9,0,2050,84694,2925,2320,2075,1887,1672,1604,1440,1325,1245,1095,1091,1098,1107,1199,1485,2065,2708,3393,2625,3040,3564,3580,3199,3255,3493,3617,3725,3765,3676,3617,3451,3257,3047,2880,2676,2425,2212,1879,1670,1433,1273,1130,1050,1026,999,958,804,576,291,136,-24,-4,28,69,97,90,152,141,126,107,60,62,-79,-187,-253,-310,-302,-318,-313,-330,-371,-386,-393,-371,-359,-392,-380,-445,-548,-674,-786,-871,-972,-1110,-1217,-10906
9,0,2051,85355,2937,2332,2084,1893,1681,1611,1449,1332,1252,1101,1098,1104,1107,1205,1491,2071,2720,3406,2639,3055,3578,3598,3216,3275,3510,3637,3740,3783,3717,3632,3469,3269,3060,2891,2687,2439,2222,1891,1680,1443,1285,1146,1064,1033,1005,959,811,576,299,167,-17,-18,21,63,106,98,161,154,146,128,75,63,-73,-179,-238,-301,-313,-298,-306,-331,-378,-407,-409,-384,-386,-386,-394,-438,-515,-622,-800,-905,-1006,-1100,-1214,-10892
9,0,2052,85989,2948,2342,2095,1903,1688,1619,1456,1338,1257,1105,1102,1110,1113,1210,1498,2078,2728,3419,2655,3070,3595,3614,3233,3291,3531,3654,3762,3800,3735,3674,3477,3280,3071,2903,2700,2453,2228,1899,1690,1452,1293,1157,1078,1047,1013,963,811,581,299,172,10,-13,12,60,99,104,168,161,157,148,94,79,-73,-175,-232,-287,-298,-306,-284,-325,-382,-414,-430,-399,-395,-410,-386,-448,-509,-586,-745,-923,-1045,-1140,-1205,-10883
9,0,2053,86579,2958,2351,2104,1912,1697,1626,1461,1345,1261,1108,1105,1116,1117,1215,1504,2087,2737,3432,2669,3084,3608,3627,3249,3309,3546,3673,3777,3817,3753,3688,3521,3289,3080,2913,2707,2455,2239,1905,1699,1456,1301,1163,1088,1061,1025,971,815,580,303,171,15,15,19,52,96,102,176,167,163,161,110,102,-59,-175,-230,-280,-285,-293,-291,-306,-374,-417,-437,-420,-409,-419,-411,-444,-525,-582,-703,-863,-1067,-1184,-1247,-10856
9,0,2054,87177,2968,2363,2113,1919,1703,1634,1466,1351,1267,1112,1110,1119,1121,1220,1507,2091,2747,3444,2683,3102,3624,3642,3265,3322,3562,3690,3796,3834,3767,3703,3535,3328,3088,2919,2711,2463,2247,1913,1700,1461,1305,1167,1097,1070,1040,984,820,581,301,175,14,24,46,58,91,99,170,173,169,171,124,123,-35,-160,-233,-276,-278,-280,-282,-316,-358,-413,-439,-426,-426,-430,-419,-469,-519,-596,-698,-817,-993,-1204,-1296,-10872
9,0,2055,87726,2979,2371,2121,1927,1710,1636,1472,1354,1270,1117,1117,1122,1124,1220,1513,2095,2756,3454,2698,3115,3639,3657,3278,3340,3581,3706,3811,3849,3782,3719,3546,3341,3125,2926,2722,2471,2250,1922,1709,1467,1311,1169,1103,1076,1044,995,833,588,302,172,16,21,51,77,93,94,170,171,173,175,135,134,-13,-135,-216,-278,-279,-274,-273,-304,-367,-399,-434,-428,-435,-451,-434,-481,-544,-590,-712,-809,-945,-1126,-1320,-10942
9,0,2056,88243,2988,2379,2129,1933,1716,1644,1479,1359,1274,1120,1120,1124,1130,1223,1519,2101,2765,3463,2707,3130,3655,3673,3292,3351,3592,3723,3826,3864,3795,3734,3560,3354,3135,2962,2725,2475,2255,1923,1710,1473,1314,1178,1106,1081,1049,1001,843,599,309,170,13,24,46,83,113,97,162,166,172,182,140,144,-3,-111,-192,-266,-283,-274,-268,-296,-359,-406,-422,-426,-439,-456,-453,-495,-555,-619,-705,-828,-936,-1069,-1235,-11033
9,0,2057,88778,2997,2388,2137,1942,1722,1651,1483,1363,1278,1125,1123,1129,1132,1225,1522,2107,2772,3471,2721,3144,3671,3686,3305,3366,3610,3735,3839,3880,3813,3745,3572,3366,3145,2971,2759,2477,2259,1925,1713,1477,1317,1179,1107,1083,1053,1008,851,610,322,175,13,19,51,81,117,114,164,160,171,177,146,149,7,-100,-170,-240,-270,-276,-265,-291,-349,-398,-430,-412,-435,-457,-459,-515,-567,-631,-736,-819,-956,-1062,-1174,-11030
9,0,2058,89272,3006,2395,2143,1948,1730,1656,1486,1366,1282,1127,1127,1133,1135,1230,1525,2115,2780,3480,2732,3155,3679,3698,3319,3378,3620,3753,3855,3897,3825,3760,3585,3375,3154,2980,2765,2508,2258,1925,1716,1476,1317,1184,1110,1089,1058,1014,858,616,329,188,16,18,44,79,115,120,181,164,167,174,145,152,15,-90,-154,-216,-243,-264,-268,-293,-345,-390,-422,-422,-426,-455,-461,-520,-587,-648,-752,-854,-948,-1085,-1167,-10948
9,0,2059,89706,3015,2402,2152,1954,1735,1660,1491,1373,1289,1130,1127,1137,1139,1232,1526,2120,2784,3489,2743,3168,3689,3710,3331,3391,3636,3766,3868,3906,3836,3769,3594,3386,3164,2987,2773,2516,2291,1924,1715,1475,1320,1185,1115,1089,1060,1016,859,622,333,194,27,23,43,76,117,118,186,182,169,170,141,150,19,-82,-142,-204,-217,-238,-253,-295,-348,-387,-417,-414,-433,-445,-460,-523,-599,-671,-770,-871,-990,-1075,-1191,-10876
9,0,2060,90119,3022,2411,2159,1962,1741,1665,1496,1377,1291,1135,1132,1138,1138,1235,1530,2125,2790,3500,2754,3180,3703,3722,3344,3402,3649,3779,3884,3923,3852,3782,3607,3395,3175,2995,2784,2524,2294,1956,1712,1472,1316,1184,1115,1092,1063,1017,862,624,338,197,35,34,47,75,115,119,184,185,184,172,133,146,18,-79,-136,-191,-206,-217,-233,-284,-347,-388,-415,-406,-425,-453,-448,-519,-601,-678,-798,-891,-1009,-1120,-1182,-10845
9,1,2023,29660,1363,872,811,745,691,670,626,563,506,440,410,400,401,421,499,724,941,1246,843,912,1235,1221,1124,1276,1276,1381,1395,1358,1339,1350,1243,1178,1104,906,943,796,663,459,472,302,239,209,254,251,319,340,223,131,-13,-84,-161,-245,-283,-232,-172,-122,-50,-29,39,2,-119,-35,-149,-176,-218,-235,-282,-240,-171,-205,-123,-87,-104,-107,-86,-84,-105,-45,-95,-192,-192,-240,-258,-274,-287,-1952
9,1,2024,30493,1374,1072,776,740,680,667,631,572,516,454,418,426,418,434,525,713,971,1221,935,931,1220,1336,1152,1192,1341,1350,1439,1430,1411,1396,1351,1232,1154,1065,873,877,689,541,395,375,305,218,262,300,284,326,250,106,-17,-87,-145,-177,-224,-226,-203,-127,-64,-24,-1,53,-18,-118,-101,-191,-213,-259,-254,-269,-206,-167,-224,-148,-87,-133,-123,-100,-103,-166,-119,-150,-249,-260,-287,-308,-310,-2046
9,1,2025,31423,1386,1081,953,708,672,657,629,575,523,456,435,428,437,455,551,736,970,1250,911,1018,1249,1314,1247,1223,1271,1414,1404,1487,1449,1476,1393,1328,1211,1129,1041,823,778,589,472,333,353,282,276,311,327,294,238,133,-38,-94,-151,-157,-169,-178,-190,-154,-54,-30,1,24,38,-28,-193,-152,-224,-248,-266,-255,-241,-173,-184,-248,-145,-124,-145,-148,-90,-159,-238,-166,-226,-296,-324,-343,-343,-2142
9,1,2026,32462,1396,1090,960,865,647,653,617,574,526,464,440,445,451,478,573,780,1000,1258,945,1007,1320,1360,1238,1328,1297,1355,1464,1465,1515,1493,1473,1378,1282,1176,1111,970,743,658,527,409,333,315,333,327,337,330,206,129,-13,-101,-154,-163,-150,-125,-149,-139,-79,-22,14,11,24,29,-104,-235,-202,-248,-263,-247,-247,-223,-168,-199,-235,-180,-136,-163,-144,-146,-229,-303,-238,-278,-349,-389,-380,-2256
9,1,2027,33229,1406,1100,969,871,783,631,617,566,526,466,441,460,462,493,595,794,1051,1288,974,1030,1325,1414,1298,1304,1397,1374,1412,1497,1508,1566,1470,1444,1335,1218,1131,1019,851,615,570,442,397,307,353,367,355,340,241,87,-17,-87,-158,-150,-156,-113,-95,-112,-67,-36,14,29,-4,31,-54,-156,-263,-242,-268,-242,-236,-237,-231,-192,-184,-254,-196,-162,-154,-187,-226,-289,-391,-293,-332,-394,-436,-2391
9,1,2028,33667,1416,1110,978,881,790,748,595,565,520,472,458,457,477,495,603,812,1054,1347,981,1088,1340,1416,1344,1358,1357,1448,1414,1458,1525,1544,1538,1423,1387,1270,1167,1034,884,694,526,470,418,352,357,373,379,359,246,126,-64,-91,-152,-167,-140,-113,-87,-49,-49,-34,11,26,14,-2,-44,-121,-205,-280,-272,-261,-233,-231,-238,-251,-174,-217,-249,-215,-179,-208,-256,-287,-368,-463,-349,-387,-425,-2577
9,1,2029,34190,1427,1119,987,887,796,755,697,547,524,472,464,480,483,509,605,821,1088,1347,1054,1073,1404,1434,1321,1394,1399,1422,1481,1445,1492,1566,1512,1478,1377,1315,1215,1076,915,745,600,442,440,374,393,390,384,382,268,133,-21,-128,-156,-166,-148,-98,-89,-41,13,-12,4,26,11,8,-71,-98,-174,-248,-280,-270,-245,-229,-233,-253,-249,-198,-225,-254,-218,-232,-277,-310,-366,-431,-530,-405,-424,-2725
9,1,2030,34318,1436,1128,996,896,804,762,703,637,499,475,463,489,482,517,617,828,1086,1385,1051,1134,1391,1483,1341,1372,1419,1448,1470,1502,1471,1529,1524,1451,1391,1309,1234,1094,939,762,636,496,422,385,403,410,404,380,288,147,-17,-100,-183,-175,-153,-113,-72,-57,20,31,23,23,2,5,-66,-128,-155,-214,-268,-255,-264,-249,-235,-243,-240,-277,-220,-253,-248,-268,-301,-329,-380,-430,-486,-602,-438,-2856
9,1,2031,34063,1447,1136,1004,902,811,767,709,639,574,473,458,474,485,505,616,833,1097,1378,1073,1137,1425,1478,1363,1381,1413,1461,1477,1496,1512,1533,1500,1455,1372,1298,1223,1096,938,766,639,507,444,372,400,418,411,392,280,162,-11,-107,-179,-198,-170,-124,-97,-44,0,26,48,39,1,-10,-73,-124,-177,-200,-244,-261,-247,-256,-265,-260,-238,-264,-272,-255,-252,-287,-329,-353,-401,-435,-485,-544,-650,-2969
9,1,2032,33187,1455,1146,1012,910,818,773,714,645,578,494,457,465,470,499,609,829,1093,1380,1067,1144,1429,1484,1366,1388,1408,1448,1470,1488,1500,1533,1503,1432,1351,1274,1193,1072,922,753,628,501,443,368,389,406,413,397,287,148,-6,-108,-188,-208,-196,-145,-116,-74,-5,10,40,49,11,-25,-97,-144,-177,-212,-239,-257,-264,-259,-275,-288,-259,-278,-278,-289,-270,-302,-343,-373,-430,-457,-488,-543,-585,-3297
9,1,2033,33533,1465,1154,1019,918,824,779,720,651,581,498,474,466,472,501,612,834,1100,1390,1082,1156,1444,1507,1384,1409,1431,1464,1485,1498,1512,1549,1515,1459,1368,1276,1203,1078,935,765,644,518,466,388,401,415,417,408,300,161,-8,-89,-180,-205,-200,-159,-122,-78,-15,16,38,52,32,4,-103,-156,-189,-208,-236,-235,-248,-260,-264,-289,-271,-278,-273,-291,-281,-305,-350,-377,-432,-474,-504,-537,-580,-3508
9,1,2034,33920,1474,1163,1028,925,830,784,726,655,586,501,476,480,473,504,615,837,1107,1402,1093,1169,1460,1520,1400,1428,1450,1484,1500,1513,1526,1563,1530,1472,1395,1294,1206,1087,939,778,658,535,480,412,421,425,427,413,311,175,7,-92,-160,-195,-196,-161,-132,-83,-18,8,46,49,37,27,-71,-159,-202,-221,-229,-226,-227,-244,-267,-279,-269,-288,-277,-289,-283,-316,-354,-387,-436,-479,-525,-554,-574,-3691
9,1,2035,34249,1484,1172,1033,931,837,791,732,659,590,504,479,481,486,504,617,840,1113,1408,1104,1182,1473,1535,1419,1444,1466,1502,1517,1526,1539,1574,1542,1484,1405,1318,1221,1089,946,780,667,543,496,426,442,444,437,422,315,185,20,-79,-164,-178,-187,-160,-134,-93,-23,5,38,54,36,33,-48,-124,-210,-237,-242,-223,-220,-223,-254,-279,-260,-288,-289,-292,-283,-319,-370,-391,-446,-487,-528,-576,-593,-3841
9,1,2036,34607,1492,1180,1043,938,843,796,734,664,595,507,484,486,489,517,617,842,1119,1415,1111,1194,1485,1550,1431,1455,1480,1517,1536,1545,1553,1588,1554,1499,1420,1331,1246,1104,947,784,669,553,505,439,454,465,455,430,320,188,28,-65,-152,-182,-172,-152,-134,-93,-29,1,35,47,41,29,-41,-98,-171,-243,-259,-239,-215,-220,-233,-269,-263,-281,-286,-300,-284,-320,-372,-404,-450,-495,-536,-580,-617,-3988
9,1,2037,34977,1501,1188,1049,946,849,801,741,669,598,512,489,490,491,522,631,845,1124,1418,1121,1204,1497,1558,1443,1472,1494,1533,1549,1561,1569,1603,1568,1507,1429,1340,1256,1127,960,788,675,556,515,450,468,476,472,446,328,194,30,-57,-139,-168,-174,-136,-126,-90,-29,-3,29,46,30,37,-44,-91,-140,-200,-267,-255,-230,-214,-229,-252,-253,-282,-279,-299,-296,-324,-369,-406,-467,-501,-546,-588,-622,-4142
9,1,2038,35365,1509,1197,1057,951,856,808,746,674,603,516,491,494,496,526,635,864,1125,1426,1127,1214,1510,1573,1456,1484,1508,1544,1563,1574,1588,1620,1582,1522,1441,1353,1266,1137,986,798,669,561,515,458,478,487,483,462,346,205,36,-55,-129,-158,-161,-140,-114,-86,-27,-5,25,45,29,27,-35,-96,-132,-170,-225,-261,-246,-226,-226,-248,-235,-271,-280,-293,-293,-333,-373,-408,-472,-518,-551,-599,-630,-4285
9,1,2039,35738,1518,1204,1064,959,862,814,750,678,606,520,494,500,500,529,640,869,1149,1429,1137,1220,1517,1583,1468,1498,1521,1559,1577,1589,1598,1637,1599,1536,1454,1361,1278,1145,992,821,684,555,519,459,485,498,495,476,363,221,45,-53,-128,-149,-153,-128,-116,-74,-23,-5,25,41,27,22,-47,-86,-137,-161,-192,-219,-256,-245,-239,-241,-230,-259,-272,-297,-287,-330,-383,-410,-471,-525,-572,-607,-641,-4416
9,1,2040,36130,1527,1213,1072,964,867,818,754,683,610,522,495,502,504,530,644,874,1153,1460,1140,1230,1526,1593,1480,1507,1531,1570,1591,1603,1614,1651,1616,1553,1467,1374,1286,1156,1001,828,707,567,518,461,487,505,503,486,375,237,62,-44,-124,-150,-144,-117,-105,-78,-16,1,28,42,24,20,-51,-100,-128,-168,-184,-189,-212,-251,-254,-255,-229,-253,-260,-286,-289,-325,-382,-421,-474,-521,-577,-629,-648,-4538
9,1,2041,36470,1535,1219,1078,971,872,824,759,686,614,525,500,501,507,535,647,878,1159,1467,1170,1231,1532,1600,1491,1519,1546,1583,1599,1616,1623,1664,1629,1568,1481,1384,1296,1162,1009,835,711,590,524,457,490,505,511,495,386,246,79,-25,-117,-145,-144,-112,-95,-69,-17,8,34,39,23,15,-58,-104,-144,-159,-189,-181,-183,-212,-261,-273,-240,-251,-254,-273,-282,-327,-379,-421,-486,-526,-574,-638,-672,-4647
9,1,2042,36845,1543,1226,1085,977,879,829,766,691,616,530,505,505,508,539,650,882,1167,1475,1181,1269,1536,1606,1497,1528,1555,1594,1611,1625,1637,1676,1643,1580,1499,1400,1307,1170,1014,843,717,592,545,467,484,508,513,503,395,259,88,-7,-102,-139,-141,-111,-91,-60,-10,8,44,44,25,12,-66,-114,-154,-175,-182,-187,-174,-182,-224,-279,-254,-262,-251,-269,-267,-319,-381,-415,-486,-541,-578,-637,-681,-4764
9,1,2043,37230,1552,1232,1091,983,884,833,769,694,622,533,509,507,511,541,655,888,1173,1480,1192,1281,1574,1612,1506,1537,1566,1605,1624,1634,1647,1688,1654,1596,1509,1416,1323,1180,1022,845,724,600,552,486,495,505,517,503,402,264,99,2,-84,-122,-135,-108,-90,-55,-3,16,42,52,30,15,-66,-122,-160,-184,-200,-179,-180,-176,-199,-242,-260,-278,-264,-268,-264,-305,-370,-418,-478,-538,-597,-642,-678,-4877
9,1,2044,37599,1559,1239,1097,989,889,839,773,698,626,536,512,511,514,543,659,892,1179,1488,1201,1290,1585,1648,1509,1544,1574,1614,1635,1647,1658,1697,1666,1604,1523,1427,1334,1195,1029,853,727,606,557,490,512,514,511,507,398,271,106,11,-74,-105,-118,-102,-88,-56,3,22,48,52,36,22,-62,-123,-170,-193,-209,-196,-174,-185,-190,-216,-229,-283,-278,-279,-261,-301,-354,-407,-484,-531,-595,-659,-683,-4965
9,1,2045,37929,1566,1246,1103,994,894,844,777,700,627,537,515,516,515,545,663,897,1184,1494,1211,1300,1597,1658,1543,1551,1582,1622,1643,1654,1668,1708,1675,1615,1533,1439,1347,1204,1044,861,733,605,560,497,517,532,519,501,399,267,111,18,-64,-96,-107,-89,-85,-51,3,27,51,60,36,30,-56,-122,-173,-206,-218,-206,-194,-177,-197,-212,-206,-252,-285,-290,-273,-297,-353,-392,-471,-536,-588,-657,-702,-5054
9,1,2046,38245,1574,1253,1108,1001,899,846,781,705,631,540,517,519,519,547,665,898,1188,1503,1216,1307,1602,1668,1552,1576,1587,1633,1650,1665,1675,1719,1685,1625,1541,1446,1356,1217,1056,875,741,614,562,500,523,533,536,508,397,270,109,21,-59,-88,-97,-77,-72,-49,6,27,54,64,40,28,-47,-116,-171,-207,-229,-216,-198,-194,-194,-220,-200,-230,-254,-300,-287,-311,-353,-389,-455,-524,-594,-649,-702,-5151
9,1,2047,38556,1581,1260,1114,1006,902,851,784,708,633,544,518,523,523,550,667,902,1194,1508,1225,1316,1611,1675,1565,1591,1613,1637,1660,1671,1684,1728,1694,1633,1551,1456,1366,1223,1064,884,751,619,566,499,526,540,538,523,404,265,110,17,-56,-84,-90,-71,-60,-40,11,27,54,69,47,33,-51,-105,-167,-208,-233,-227,-208,-200,-209,-214,-208,-225,-235,-271,-294,-324,-366,-389,-453,-505,-580,-655,-693,-5237
9,1,2048,38910,1588,1265,1119,1009,909,857,788,711,637,547,522,521,525,553,668,907,1199,1514,1233,1325,1622,1685,1573,1598,1623,1661,1665,1680,1691,1735,1703,1642,1558,1463,1371,1231,1073,891,763,629,572,504,528,542,543,526,420,271,104,18,-59,-78,-85,-63,-54,-30,19,30,57,68,51,40,-46,-106,-157,-200,-232,-229,-220,-213,-215,-229,-203,-233,-230,-251,-264,-332,-378,-401,-449,-503,-560,-639,-699,-5279
9,1,2049,39222,1595,1273,1124,1016,913,861,791,717,640,549,525,523,529,554,670,911,1202,1521,1240,1334,1632,1694,1579,1605,1632,1669,1684,1684,1696,1742,1710,1647,1567,1470,1378,1238,1077,900,769,640,584,511,532,544,548,530,423,287,108,13,-58,-82,-80,-58,-47,-24,26,36,62,69,50,43,-39,-101,-160,-188,-230,-229,-227,-224,-223,-236,-217,-228,-236,-244,-244,-304,-385,-417,-465,-501,-556,-617,-683,-5342
9,1,2050,39536,1601,1276,1130,1021,917,863,795,718,643,551,527,526,531,558,674,915,1208,1525,1249,1345,1641,1704,1588,1615,1641,1679,1695,1705,1704,1749,1715,1655,1573,1478,1386,1240,1083,903,775,645,589,520,536,548,547,535,426,288,124,17,-67,-83,-83,-54,-43,-19,30,45,69,72,55,43,-35,-96,-151,-194,-217,-224,-226,-227,-235,-246,-224,-241,-231,-252,-239,-283,-355,-425,-483,-518,-553,-615,-661,-5375
9,1,2051,39827,1607,1283,1133,1023,921,868,799,721,646,553,531,528,530,561,677,918,1214,1530,1255,1352,1648,1713,1596,1624,1647,1686,1700,1712,1720,1755,1723,1661,1579,1481,1391,1248,1088,907,778,651,596,528,543,552,552,535,429,291,125,33,-62,-91,-84,-59,-39,-15,34,49,77,79,57,46,-33,-92,-143,-185,-221,-215,-221,-227,-241,-257,-232,-249,-246,-248,-247,-278,-333,-392,-491,-538,-572,-611,-657,-5378
9,1,2052,40109,1613,1287,1139,1029,924,873,801,724,648,554,533,532,533,564,680,922,1217,1536,1260,1357,1653,1718,1606,1630,1658,1693,1710,1719,1728,1773,1726,1666,1584,1488,1397,1255,1090,911,784,654,601,534,552,560,556,539,427,293,127,34,-49,-87,-91,-58,-43,-12,36,53,81,85,62,50,-30,-93,-138,-179,-212,-218,-209,-221,-242,-260,-243,-256,-253,-264,-243,-283,-330,-369,-458,-548,-593,-632,-655,-5381
9,1,2053,40362,1618,1292,1145,1033,929,876,805,727,649,557,533,536,533,566,682,925,1221,1541,1266,1362,1662,1723,1612,1639,1664,1701,1715,1725,1735,1779,1745,1669,1586,1492,1400,1253,1095,914,787,657,604,536,556,569,563,542,431,291,129,35,-47,-73,-87,-63,-42,-15,39,56,82,90,67,58,-28,-89,-140,-175,-205,-209,-212,-212,-237,-260,-249,-267,-260,-269,-257,-281,-339,-367,-432,-511,-604,-657,-676,-5372
9,1,2054,40638,1624,1298,1148,1037,932,879,808,730,652,560,537,537,535,569,684,927,1224,1548,1273,1371,1668,1730,1619,1644,1672,1709,1724,1733,1741,1788,1752,1688,1590,1494,1402,1257,1098,917,787,658,605,539,561,572,572,549,433,293,126,36,-45,-72,-72,-60,-46,-15,37,59,83,95,72,65,-20,-84,-139,-176,-201,-203,-206,-217,-226,-256,-248,-272,-270,-276,-263,-296,-336,-374,-429,-484,-561,-669,-702,-5385
9,1,2055,40875,1629,1302,1152,1041,936,880,810,732,655,564,539,539,536,568,686,928,1228,1551,1280,1376,1676,1737,1625,1653,1679,1715,1729,1738,1746,1793,1757,1694,1610,1496,1406,1260,1098,920,791,661,607,538,564,575,573,554,441,295,129,33,-45,-71,-73,-51,-45,-18,39,58,85,96,77,68,-11,-75,-135,-175,-204,-200,-201,-210,-231,-248,-243,-272,-274,-286,-272,-303,-350,-370,-436,-478,-533,-621,-716,-5426
9,1,2056,41105,1633,1306,1157,1043,938,884,813,734,656,564,542,539,539,570,689,930,1232,1555,1284,1384,1683,1746,1632,1658,1685,1723,1735,1744,1752,1799,1763,1701,1612,1515,1404,1260,1099,918,790,663,609,543,565,577,575,558,448,302,132,36,-48,-70,-74,-51,-35,-16,34,56,84,100,79,72,-9,-65,-127,-170,-202,-201,-199,-204,-225,-254,-236,-269,-277,-290,-282,-313,-357,-387,-431,-487,-527,-589,-667,-5477
9,1,2057,41342,1639,1311,1160,1048,942,888,815,735,658,565,544,541,541,570,691,932,1234,1558,1289,1391,1690,1751,1637,1665,1692,1727,1741,1753,1759,1805,1770,1705,1618,1518,1425,1262,1099,920,790,663,609,543,566,578,576,562,451,307,139,37,-47,-74,-72,-50,-37,-8,35,51,85,97,81,73,-5,-63,-117,-160,-200,-200,-199,-201,-220,-248,-240,-261,-274,-290,-285,-322,-364,-395,-449,-482,-537,-583,-631,-5476
9,1,2058,41563,1643,1314,1163,1051,945,890,818,736,659,565,545,543,543,573,692,936,1239,1561,1294,1395,1694,1758,1645,1670,1696,1735,1747,1760,1764,1811,1774,1711,1622,1524,1427,1277,1098,918,790,660,609,545,566,581,579,565,455,309,144,44,-46,-73,-77,-51,-37,-8,41,53,84,96,80,74,-2,-59,-110,-150,-187,-196,-197,-203,-217,-243,-235,-266,-267,-288,-286,-327,-375,-404,-458,-502,-533,-595,-625,-5431
9,1,2059,41765,1647,1317,1167,1054,947,893,820,740,662,567,544,545,545,573,693,938,1241,1564,1300,1400,1697,1761,1651,1677,1704,1740,1752,1761,1768,1816,1779,1715,1628,1527,1429,1281,1117,915,787,660,609,544,568,581,581,566,455,313,144,47,-39,-71,-76,-53,-35,-8,43,61,85,93,81,74,0,-56,-105,-146,-176,-186,-192,-203,-220,-238,-232,-261,-271,-282,-285,-326,-382,-416,-469,-511,-554,-588,-638,-5383
9,1,2060,41939,1651,1322,1171,1058,951,896,821,743,663,570,546,545,545,574,694,939,1244,1570,1304,1406,1705,1768,1657,1681,1708,1745,1759,1769,1775,1821,1785,1718,1633,1530,1435,1284,1116,934,785,656,604,542,567,581,582,567,455,314,146,48,-36,-66,-75,-52,-38,-8,43,62,91,96,76,74,0,-55,-103,-141,-173,-177,-183,-200,-217,-240,-230,-257,-265,-287,-277,-323,-383,-421,-484,-522,-567,-612,-631,-5363
9,2,2023,32128,1101,606,585,552,490,509,437,406,422,395,416,427,430,470,621,880,1172,1449,908,1202,1428,1368,1089,1159,1434,1492,1516,1583,1481,1354,1205,1061,965,916,810,758,775,612,526,507,387,361,275,236,237,219,222,139,29,32,-59,-73,-77,-36,-7,1,65,-16,-29,-28,-102,-84,-161,-107,-221,-106,-76,-88,-30,-49,-64,-47,-44,-48,-47,-4,-74,-24,-34,-85,-158,-169,-222,-257,-324,-2642
9,2,2024,33135,1111,844,555,554,483,516,444,424,434,402,421,437,444,496,629,917,1182,1487,915,1217,1467,1407,1161,1151,1394,1534,1588,1587,1542,1435,1273,1127,1013,947,865,775,762,675,574,467,441,350,297,262,221,224,189,130,38,13,-36,-23,-23,-44,13,-13,27,49,-31,-33,-38,-73,-137,-192,-101,-220,-66,-76,-66,-40,-64,-85,-82,-8,-59,-67,-29,-114,-64,-83,-147,-217,-246,-283,-303,-2712
9,2,2025,34137,1122,854,766,529,489,508,449,434,447,419,430,446,458,507,655,936,1222,1499,966,1227,1487,1461,1189,1203,1387,1498,1633,1645,1547,1486,1352,1204,1089,1004,901,835,789,665,629,509,403,395,289,280,254,212,195,109,29,22,-57,3,14,-1,-5,7,27,15,26,-26,-53,-26,-114,-163,-183,-104,-173,-68,-72,-70,-63,-67,-132,-48,-27,-80,-79,-80,-160,-112,-148,-208,-300,-305,-334,-2761
9,2,2026,35274,1132,864,775,712,466,513,448,436,458,433,453,454,472,531,670,964,1254,1548,979,1289,1505,1493,1252,1264,1434,1494,1614,1694,1612,1493,1400,1260,1155,1093,958,865,848,694,634,556,448,370,332,292,270,240,196,115,17,10,-41,-13,40,34,33,-14,34,24,-2,20,-25,-45,-85,-153,-150,-185,-70,-162,-55,-83,-92,-79,-106,-108,-50,-46,-110,-105,-124,-219,-168,-219,-290,-370,-361,-2840
9,2,2027,36104,1142,873,782,719,622,495,448,433,455,446,460,481,475,543,696,981,1281,1578,1026,1285,1551,1508,1262,1315,1498,1538,1603,1682,1663,1547,1406,1317,1185,1130,1026,914,869,736,653,566,491,410,316,316,285,253,205,120,12,-2,-57,-1,33,61,68,16,21,20,12,2,-4,2,-102,-125,-164,-141,-147,-73,-143,-72,-105,-104,-123,-75,-124,-63,-70,-152,-140,-182,-292,-230,-298,-357,-433,-2950
9,2,2028,36631,1151,880,792,726,630,629,435,437,468,431,473,478,496,543,702,1006,1299,1615,1066,1334,1545,1537,1282,1310,1531,1589,1648,1672,1642,1594,1441,1309,1236,1150,1050,950,905,763,677,585,494,442,350,307,301,265,220,120,16,-9,-67,-19,36,51,96,45,43,12,-14,10,-17,10,-55,-135,-137,-171,-97,-150,-65,-145,-108,-124,-149,-96,-96,-136,-88,-110,-185,-196,-253,-364,-302,-363,-416,-3127
9,2,2029,37301,1161,890,800,736,638,634,547,425,469,466,469,486,500,556,708,1014,1324,1636,1105,1385,1598,1537,1301,1332,1525,1624,1678,1716,1656,1576,1483,1337,1240,1199,1077,995,934,791,711,600,515,446,372,339,292,278,235,132,17,-7,-68,-22,24,53,82,71,75,34,-6,-16,-12,-9,-44,-90,-123,-139,-123,-94,-140,-75,-158,-127,-170,-128,-112,-119,-150,-135,-148,-223,-260,-328,-452,-366,-422,-3257
9,2,2030,37693,1170,899,808,742,644,641,554,521,452,474,488,491,499,563,717,1023,1337,1659,1121,1415,1641,1584,1298,1346,1544,1614,1716,1731,1682,1590,1467,1361,1239,1208,1111,1007,973,814,733,624,522,467,370,353,317,277,241,139,23,-9,-78,-25,16,40,84,54,87,67,13,-11,-31,-4,-57,-85,-92,-125,-106,-107,-94,-136,-116,-153,-170,-145,-148,-127,-142,-173,-175,-202,-276,-331,-416,-534,-423,-3387
9,2,2031,37619,1180,908,816,750,651,647,559,526,528,461,487,498,501,561,719,1026,1341,1663,1133,1423,1652,1602,1334,1344,1555,1633,1718,1751,1689,1608,1475,1350,1254,1195,1109,1017,968,831,747,639,536,459,384,347,324,290,241,143,25,-15,-86,-45,8,30,65,58,73,62,38,2,-43,-28,-68,-93,-101,-112,-102,-117,-101,-118,-151,-149,-185,-146,-154,-157,-147,-170,-195,-223,-272,-334,-414,-489,-606,-3494
9,2,2032,36947,1188,915,823,758,658,652,563,531,533,480,480,493,499,561,720,1027,1342,1666,1136,1429,1659,1609,1344,1359,1556,1632,1721,1750,1680,1600,1477,1343,1238,1185,1092,1006,963,821,746,643,542,462,369,345,319,288,241,139,31,-16,-94,-56,-18,16,51,33,67,45,26,15,-26,-49,-103,-125,-109,-126,-97,-116,-118,-130,-164,-174,-200,-157,-167,-170,-166,-191,-205,-238,-295,-349,-413,-488,-557,-3803
9,2,2033,37446,1197,925,832,764,663,658,570,536,535,484,504,493,503,565,723,1035,1354,1679,1152,1451,1678,1631,1367,1383,1581,1652,1735,1770,1701,1612,1503,1375,1251,1194,1100,1016,974,834,761,660,562,484,386,348,327,296,251,150,28,0,-87,-55,-16,5,43,30,53,52,20,22,0,-11,-106,-139,-124,-116,-91,-92,-100,-129,-156,-171,-207,-158,-159,-169,-176,-187,-209,-246,-293,-356,-427,-478,-549,-4005
9,2,2034,37933,1207,932,839,772,669,665,574,541,541,488,507,516,505,569,729,1043,1364,1695,1168,1468,1695,1650,1386,1406,1604,1678,1758,1784,1718,1631,1511,1395,1279,1206,1108,1020,982,845,773,674,577,504,406,364,329,302,259,160,38,-1,-71,-49,-15,1,32,24,51,39,28,18,6,16,-68,-145,-142,-132,-82,-89,-81,-112,-154,-167,-204,-166,-163,-167,-178,-191,-208,-245,-296,-355,-436,-496,-536,-4167
9,2,2035,38448,1215,940,848,779,676,669,580,546,547,491,513,521,524,570,734,1046,1373,1709,1187,1481,1713,1667,1402,1424,1625,1701,1780,1807,1734,1648,1528,1406,1300,1232,1119,1029,988,853,783,685,589,519,426,383,343,306,267,169,50,9,-73,-34,-10,2,34,12,48,36,15,24,0,24,-39,-106,-146,-148,-97,-78,-75,-92,-140,-164,-197,-162,-167,-169,-170,-192,-215,-242,-299,-360,-437,-505,-557,-4307
9,2,2036,38947,1223,949,855,784,682,675,587,550,551,495,517,526,529,592,737,1053,1380,1718,1200,1501,1730,1683,1419,1443,1643,1720,1802,1831,1755,1661,1546,1422,1308,1250,1144,1036,996,858,790,694,602,532,438,400,364,322,265,175,57,21,-67,-38,4,9,35,14,37,31,13,11,11,17,-32,-77,-106,-153,-112,-93,-67,-90,-124,-151,-196,-156,-164,-170,-170,-189,-214,-248,-298,-360,-442,-505,-568,-4456
9,2,2037,39441,1232,956,862,791,688,681,589,556,554,500,520,528,535,594,758,1055,1388,1727,1214,1516,1748,1701,1437,1459,1662,1742,1826,1853,1777,1681,1556,1431,1323,1258,1158,1061,1003,862,794,700,611,540,452,413,381,340,282,175,63,26,-53,-26,2,21,40,16,40,23,7,9,-5,25,-38,-69,-77,-114,-117,-110,-80,-81,-121,-136,-186,-158,-159,-168,-172,-193,-206,-249,-306,-359,-443,-512,-568,-4595
9,2,2038,39924,1240,964,870,798,695,687,595,560,559,504,525,533,538,598,762,1081,1394,1737,1223,1530,1765,1717,1453,1478,1678,1758,1844,1873,1799,1703,1574,1449,1333,1271,1165,1076,1022,871,797,702,615,548,459,427,395,359,304,191,63,30,-47,-15,11,20,52,20,40,23,-3,1,-10,11,-30,-76,-69,-86,-81,-114,-97,-95,-112,-134,-171,-147,-161,-167,-175,-194,-210,-242,-307,-373,-440,-513,-577,-4720
9,2,2039,40418,1248,972,877,805,699,693,602,564,563,508,529,537,544,603,766,1088,1421,1742,1234,1541,1776,1731,1468,1492,1695,1777,1863,1894,1819,1723,1595,1461,1345,1281,1177,1081,1039,891,807,706,616,552,466,435,405,372,324,212,80,30,-40,-9,21,29,52,31,43,23,-3,-11,-17,6,-47,-68,-77,-78,-52,-77,-100,-108,-125,-128,-169,-133,-151,-165,-171,-191,-217,-248,-299,-373,-453,-510,-578,-4838
9,2,2040,40890,1256,979,883,810,707,696,604,569,569,513,530,540,547,608,772,1095,1431,1777,1244,1553,1787,1745,1482,1508,1712,1793,1878,1910,1837,1741,1614,1481,1358,1290,1187,1092,1042,901,822,713,619,554,471,441,412,382,336,230,102,48,-42,-4,25,39,58,32,54,26,-3,-9,-27,0,-50,-87,-70,-86,-45,-50,-66,-113,-139,-137,-165,-134,-139,-156,-170,-189,-213,-254,-302,-364,-454,-525,-575,-4947
9,2,2041,41349,1264,986,890,818,710,701,610,573,573,514,537,544,547,611,777,1101,1440,1790,1281,1563,1800,1754,1494,1522,1728,1810,1896,1924,1854,1760,1630,1498,1376,1306,1197,1102,1052,906,834,728,623,556,470,441,417,390,345,244,122,71,-27,-8,31,45,67,37,53,37,1,-11,-27,-15,-58,-92,-89,-80,-55,-45,-42,-82,-143,-152,-175,-130,-139,-146,-161,-188,-210,-253,-307,-368,-444,-529,-591,-5035
9,2,2042,41815,1271,993,897,822,718,708,616,577,576,520,539,547,552,616,781,1106,1448,1797,1294,1601,1806,1767,1505,1535,1738,1826,1912,1944,1871,1774,1648,1513,1392,1318,1207,1109,1059,917,838,740,640,562,471,442,419,396,350,254,133,91,-4,9,32,46,71,45,60,38,13,-4,-27,-14,-73,-99,-92,-97,-48,-54,-38,-62,-116,-157,-185,-138,-137,-147,-151,-183,-208,-246,-307,-375,-449,-518,-595,-5131
9,2,2043,42265,1279,1001,903,829,722,710,617,582,580,523,543,552,556,619,785,1111,1452,1806,1305,1615,1847,1774,1516,1547,1755,1839,1930,1956,1885,1788,1657,1528,1407,1335,1222,1118,1066,924,847,742,649,576,475,444,421,395,356,262,145,104,16,31,45,46,76,49,69,44,11,5,-25,-14,-75,-112,-104,-102,-64,-46,-45,-56,-97,-132,-191,-148,-143,-142,-151,-171,-202,-245,-305,-373,-457,-525,-585,-5217
9,2,2044,42737,1285,1008,910,834,727,716,624,587,583,526,546,554,560,623,791,1118,1461,1817,1316,1627,1858,1813,1525,1558,1767,1857,1942,1973,1901,1802,1675,1541,1418,1347,1237,1131,1077,927,850,749,652,585,491,447,422,395,357,268,152,115,29,51,64,60,74,54,72,51,17,5,-12,-9,-74,-115,-116,-111,-71,-62,-38,-64,-93,-115,-169,-154,-154,-149,-148,-169,-192,-238,-305,-371,-459,-534,-591,-5272
9,2,2045,43174,1293,1014,917,841,732,721,628,591,586,530,551,556,563,625,796,1124,1469,1826,1327,1641,1873,1824,1558,1565,1782,1865,1957,1987,1915,1815,1685,1553,1430,1359,1247,1144,1086,936,855,753,657,585,501,461,426,396,357,268,157,120,40,64,83,78,87,54,75,54,25,10,-15,1,-68,-116,-118,-125,-81,-68,-55,-59,-99,-110,-153,-134,-156,-159,-157,-166,-192,-226,-294,-371,-455,-533,-600,-5335
9,2,2046,43593,1300,1020,922,846,737,725,629,594,591,533,553,561,566,628,798,1129,1477,1835,1339,1654,1881,1836,1569,1598,1790,1879,1969,2002,1929,1830,1698,1565,1438,1368,1255,1153,1098,946,865,756,658,592,501,470,438,399,358,266,159,126,47,74,94,95,103,65,75,58,29,19,-7,-2,-60,-112,-119,-127,-94,-79,-60,-73,-96,-117,-149,-118,-140,-164,-166,-176,-187,-226,-281,-360,-455,-526,-599,-5402
9,2,2047,44005,1305,1027,930,850,744,729,635,599,595,534,556,564,568,630,801,1135,1484,1845,1347,1662,1893,1847,1581,1610,1818,1890,1982,2012,1941,1840,1711,1573,1450,1378,1266,1164,1108,957,875,765,664,597,504,470,444,414,361,264,154,124,52,82,104,105,118,81,85,55,31,23,-1,4,-61,-99,-118,-131,-98,-90,-69,-77,-110,-114,-158,-118,-126,-148,-169,-186,-195,-222,-280,-344,-443,-526,-592,-5457
9,2,2048,44417,1312,1033,934,857,747,732,642,602,596,539,559,568,569,634,806,1140,1489,1853,1357,1674,1902,1857,1592,1621,1831,1917,1992,2026,1952,1852,1720,1585,1458,1386,1273,1170,1113,964,883,772,671,600,507,475,444,421,375,266,152,119,50,84,109,113,129,95,99,67,30,26,2,13,-56,-104,-105,-128,-99,-94,-82,-87,-116,-128,-152,-124,-124,-133,-152,-188,-203,-232,-275,-343,-424,-511,-594,-5485
9,2,2049,44779,1318,1038,941,859,750,736,643,605,601,539,560,569,572,637,807,1146,1496,1859,1369,1684,1912,1868,1598,1630,1842,1928,2018,2033,1964,1859,1730,1592,1467,1393,1281,1178,1122,972,888,780,678,603,510,475,448,420,380,280,155,117,46,83,112,118,135,102,112,82,42,23,7,17,-46,-98,-109,-115,-97,-97,-84,-100,-122,-133,-165,-121,-129,-131,-141,-173,-210,-243,-288,-340,-424,-492,-579,-5513
9,2,2050,45158,1324,1044,945,866,755,741,645,607,602,544,564,572,576,641,811,1150,1500,1868,1376,1695,1923,1876,1611,1640,1852,1938,2030,2060,1972,1868,1736,1602,1474,1402,1290,1185,1129,976,895,788,684,610,514,478,452,423,378,288,167,119,43,79,111,123,140,109,122,96,57,35,5,19,-44,-91,-102,-116,-85,-94,-87,-103,-136,-140,-169,-130,-128,-140,-141,-162,-193,-249,-303,-353,-419,-495,-556,-5531
9,2,2051,45528,1330,1049,951,870,760,743,650,611,606,548,567,576,577,644,814,1153,1506,1876,1384,1703,1930,1885,1620,1651,1863,1951,2040,2071,1997,1877,1746,1608,1481,1410,1296,1191,1134,984,902,792,689,618,521,481,453,424,382,285,174,134,45,73,105,122,145,113,127,105,69,49,18,17,-40,-87,-95,-116,-92,-83,-85,-104,-137,-150,-177,-135,-140,-138,-147,-160,-182,-230,-309,-367,-434,-489,-557,-5514
9,2,2052,45880,1335,1055,956,874,764,746,655,614,609,551,569,578,580,646,818,1156,1511,1883,1395,1713,1942,1896,1627,1661,1873,1961,2052,2081,2007,1901,1751,1614,1487,1415,1303,1198,1138,988,906,798,692,623,526,487,457,424,384,288,172,138,59,74,103,118,142,116,132,108,76,63,32,29,-43,-82,-94,-108,-86,-88,-75,-104,-140,-154,-187,-143,-142,-146,-143,-165,-179,-217,-287,-375,-452,-508,-550,-5502
9,2,2053,46217,1340,1059,959,879,768,750,656,618,612,551,572,580,584,649,822,1162,1516,1891,1403,1722,1946,1904,1637,1670,1882,1972,2062,2092,2018,1909,1776,1620,1494,1421,1307,1202,1144,991,912,799,697,627,532,492,462,429,384,289,174,136,62,88,106,115,138,117,137,111,81,71,43,44,-31,-86,-90,-105,-80,-84,-79,-94,-137,-157,-188,-153,-149,-150,-154,-163,-186,-215,-271,-352,-463,-527,-571,-5484
9,2,2054,46539,1344,1065,965,882,771,755,658,621,615,552,573,582,586,651,823,1164,1523,1896,1410,1731,1956,1912,1646,1678,1890,1981,2072,2101,2026,1915,1783,1640,1498,1425,1309,1206,1149,996,913,803,700,628,536,498,468,435,387,288,175,139,59,96,118,118,137,114,133,114,86,76,52,58,-15,-76,-94,-100,-77,-77,-76,-99,-132,-157,-191,-154,-156,-154,-156,-173,-183,-222,-269,-333,-432,-535,-594,-5487
9,2,2055,46851,1350,1069,969,886,774,756,662,622,615,553,578,583,588,652,827,1167,1528,1903,1418,1739,1963,1920,1653,1687,1902,1991,2082,2111,2036,1926,1789,1647,1515,1430,1316,1211,1152,1002,918,806,704,631,539,501,471,441,392,293,173,139,61,92,124,128,138,112,131,113,88,79,58,66,-2,-60,-81,-103,-75,-74,-72,-94,-136,-151,-191,-156,-161,-165,-162,-178,-194,-220,-276,-331,-412,-505,-604,-5516
9,2,2056,47138,1355,1073,972,890,778,760,666,625,618,556,578,585,591,653,830,1171,1533,1908,1423,1746,1972,1927,1660,1693,1907,2000,2091,2120,2043,1935,1797,1653,1523,1447,1321,1215,1156,1005,920,810,705,635,541,504,474,443,395,297,177,134,61,94,120,134,148,113,128,110,88,82,61,72,6,-46,-65,-96,-81,-73,-69,-92,-134,-152,-186,-157,-162,-166,-171,-182,-198,-232,-274,-341,-409,-480,-568,-5556
9,2,2057,47436,1358,1077,977,894,780,763,668,628,620,560,579,588,591,655,831,1175,1538,1913,1432,1753,1981,1935,1668,1701,1918,2008,2098,2127,2054,1940,1802,1661,1527,1453,1334,1215,1160,1005,923,814,708,636,541,505,477,446,400,303,183,138,60,93,123,131,154,122,129,109,86,80,65,76,12,-37,-53,-80,-70,-76,-66,-90,-129,-150,-190,-151,-161,-167,-174,-193,-203,-236,-287,-337,-419,-479,-543,-5554
9,2,2058,47709,1363,1081,980,897,785,766,668,630,623,562,582,590,592,657,833,1179,1541,1919,1438,1760,1985,1940,1674,1708,1924,2018,2108,2137,2061,1949,1811,1664,1532,1456,1338,1231,1160,1007,926,816,708,639,544,508,479,449,403,307,185,144,62,91,121,130,152,128,140,111,83,78,65,78,17,-31,-44,-66,-56,-68,-71,-90,-128,-147,-187,-156,-159,-167,-175,-193,-212,-244,-294,-352,-415,-490,-542,-5517
9,2,2059,47941,1368,1085,985,900,788,767,671,633,627,563,583,592,594,659,833,1182,1543,1925,1443,1768,1992,1949,1680,1714,1932,2026,2116,2145,2068,1953,1815,1671,1536,1460,1344,1235,1174,1009,928,815,711,641,547,508,479,450,404,309,189,147,66,94,119,129,152,126,143,121,84,77,60,76,19,-26,-37,-58,-41,-52,-61,-92,-128,-149,-185,-153,-162,-163,-175,-197,-217,-255,-301,-360,-436,-487,-553,-5493
9,2,2060,48180,1371,1089,988,904,790,769,675,634,628,565,586,593,593,661,836,1186,1546,1930,1450,1774,1998,1954,1687,1721,1941,2034,2125,2154,2077,1961,1822,1677,1542,1465,1349,1240,1178,1022,927,816,712,642,548,511,481,450,407,310,192,149,71,100,122,127,153,127,141,123,93,76,57,72,18,-24,-33,-50,-33,-40,-50,-84,-130,-148,-185,-149,-160,-166,-171,-196,-218,-257,-314,-369,-442,-508,-551,-5482

