"RACE_HISP","SEX","YEAR","TOTAL_NIM","NIM_0","NIM_1","NIM_2","NIM_3","NIM_4","NIM_5","NIM_6","NIM_7","NIM_8","NIM_9","NIM_10","NIM_11","NIM_12","NIM_13","NIM_14","NIM_15","NIM_16","NIM_17","NIM_18","NIM_19","NIM_20","NIM_21","NIM_22","NIM_23","NIM_24","NIM_25","NIM_26","NIM_27","NIM_28","NIM_29","NIM_30","NIM_31","NIM_32","NIM_33","NIM_34","NIM_35","NIM_36","NIM_37","NIM_38","NIM_39","NIM_40","NIM_41","NIM_42","NIM_43","NIM_44","NIM_45","NIM_46","NIM_47","NIM_48","NIM_49","NIM_50","NIM_51","NIM_52","NIM_53","NIM_54","NIM_55","NIM_56","NIM_57","NIM_58","NIM_59","NIM_60","NIM_61","NIM_62","NIM_63","NIM_64","NIM_65","NIM_66","NIM_67","NIM_68","NIM_69","NIM_70","NIM_71","NIM_72","NIM_73","NIM_74","NIM_75","NIM_76","NIM_77","NIM_78","NIM_79","NIM_80","NIM_81","NIM_82","NIM_83","NIM_84","NIM_85"
0,0,2023,-666552,-282,-5570,-5472,-5232,-4875,-4435,-3895,-3500,-3034,-2407,-2281,-1892,-1817,-1875,-2183,-2751,-3525,-4510,-7749,-9081,-9919,-10789,-12140,-11918,-11265,-11239,-10807,-11082,-11609,-11842,-12292,-12483,-12976,-12833,-12502,-12284,-12651,-13340,-13616,-14080,-14093,-13613,-12536,-11747,-10377,-9942,-10086,-10481,-11225,-11536,-11847,-11678,-11194,-10100,-8737,-7923,-7017,-6768,-6845,-6826,-7099,-7131,-7701,-8108,-8018,-8057,-7598,-6974,-6307,-5862,-5394,-4688,-4565,-4358,-3898,-3594,-3677,-3059,-2982,-2889,-2754,-2564,-2740,-2773,-2739,-18419
0,0,2024,-631219,-294,-929,-4746,-4472,-4222,-3835,-3412,-3157,-2720,-2224,-2082,-1896,-1729,-1696,-2007,-2488,-3210,-4211,-7030,-8115,-8688,-9345,-10434,-10949,-10469,-10003,-10078,-9935,-10362,-10778,-10993,-11329,-11652,-11940,-11934,-11701,-12052,-12512,-13081,-13503,-13296,-13140,-12291,-11315,-10639,-9847,-9967,-10457,-10979,-11606,-11560,-11382,-10817,-10171,-9030,-7894,-7134,-6587,-6540,-6697,-6976,-7236,-7469,-7966,-8101,-7955,-7615,-6998,-6213,-5723,-5212,-4889,-4213,-4218,-3973,-3626,-3374,-3491,-2906,-2887,-2835,-2775,-2683,-2813,-2819,-18691
0,0,2025,-598116,-308,-951,-890,-3899,-3637,-3340,-2979,-2787,-2476,-1997,-2019,-1747,-1739,-1637,-1826,-2270,-2915,-3761,-6689,-7315,-7635,-8183,-9108,-9433,-9626,-9337,-9020,-9213,-9310,-9600,-9950,-10114,-10539,-10706,-11080,-11110,-11453,-11886,-12282,-12913,-12786,-12379,-11852,-11092,-10242,-10077,-9856,-10297,-10919,-11334,-11594,-11052,-10537,-9777,-9072,-8108,-7038,-6603,-6347,-6381,-6775,-7137,-7560,-7741,-7964,-7925,-7468,-7004,-6260,-5520,-5094,-4669,-4482,-3870,-3892,-3688,-3351,-3235,-3379,-2796,-2879,-2828,-2899,-2806,-2876,-18995
0,0,2026,-563091,-309,-953,-893,-704,-3156,-2843,-2566,-2398,-2167,-1766,-1745,-1664,-1502,-1540,-1655,-1956,-2563,-3354,-6049,-6835,-6739,-7025,-7971,-8109,-8253,-8536,-8312,-8197,-8529,-8552,-8813,-9066,-9314,-9605,-9871,-10232,-10781,-11222,-11580,-12054,-12150,-11845,-11118,-10598,-10014,-9634,-10004,-10134,-10698,-11164,-11269,-11025,-10150,-9419,-8652,-8086,-7197,-6484,-6265,-6165,-6435,-6861,-7467,-7765,-7739,-7766,-7410,-6787,-6207,-5553,-4834,-4546,-4234,-4076,-3554,-3597,-3402,-3160,-3120,-3294,-2781,-2883,-2929,-3027,-2913,-19301
0,0,2027,-531397,-310,-955,-896,-707,-574,-2463,-2179,-2079,-1848,-1532,-1553,-1374,-1403,-1314,-1491,-1739,-2172,-2923,-5552,-6162,-6224,-6198,-6837,-7116,-7068,-7314,-7630,-7581,-7584,-7825,-7873,-8029,-8425,-8518,-8890,-9227,-9900,-10652,-10910,-11410,-11330,-11236,-10637,-9961,-9543,-9419,-9557,-10280,-10526,-10959,-11099,-10698,-10105,-9087,-8254,-7694,-7137,-6606,-6166,-6082,-6238,-6526,-7174,-7728,-7778,-7572,-7300,-6722,-6034,-5487,-4893,-4299,-4153,-3876,-3722,-3349,-3310,-3255,-3061,-3081,-3317,-2805,-3001,-3054,-3149,-19700
0,0,2028,-503697,-312,-957,-898,-711,-577,-431,-1893,-1777,-1571,-1249,-1321,-1244,-1205,-1225,-1328,-1538,-1929,-2478,-5110,-5601,-5633,-5674,-6202,-6147,-6226,-6340,-6584,-6909,-7112,-7002,-7182,-7248,-7502,-7706,-7924,-8292,-9085,-9793,-10414,-10756,-10777,-10501,-10056,-9559,-8991,-8979,-9336,-9810,-10684,-10780,-10894,-10546,-9824,-9030,-8002,-7322,-6764,-6534,-6266,-5977,-6147,-6360,-6872,-7446,-7757,-7648,-7096,-6655,-5942,-5355,-4824,-4394,-3911,-3824,-3570,-3492,-3172,-3179,-3175,-3047,-3159,-3388,-2949,-3131,-3172,-20314
0,0,2029,-477741,-312,-958,-900,-713,-581,-435,-309,-1559,-1343,-970,-1249,-1069,-1060,-1083,-1214,-1372,-1674,-2192,-4605,-5145,-5044,-5203,-5711,-5630,-5419,-5562,-5735,-6013,-6399,-6571,-6531,-6577,-6784,-6891,-7155,-7403,-8109,-8986,-9588,-10286,-10148,-9982,-9423,-9002,-8639,-8447,-8899,-9564,-10163,-10890,-10668,-10311,-9631,-8750,-7904,-7079,-6416,-6170,-6141,-6053,-6069,-6261,-6701,-7161,-7486,-7589,-7149,-6450,-5845,-5221,-4680,-4243,-4017,-3607,-3541,-3381,-3235,-3072,-3084,-3140,-3127,-3263,-3579,-3117,-3247,-20856
0,0,2030,-455214,-313,-960,-902,-716,-586,-438,-313,-321,-1186,-740,-1009,-976,-940,-891,-1046,-1208,-1480,-1897,-4314,-4641,-4591,-4604,-5321,-5233,-4987,-4886,-5050,-5290,-5619,-5926,-6157,-6066,-6229,-6248,-6426,-6726,-7320,-8066,-8818,-9516,-9749,-9435,-8990,-8490,-8151,-8144,-8380,-9145,-9940,-10393,-10784,-10105,-9423,-8592,-7647,-6997,-6204,-5867,-5855,-5941,-6148,-6240,-6671,-7017,-7273,-7380,-7121,-6490,-5687,-5110,-4571,-4119,-3826,-3698,-3394,-3400,-3195,-3103,-3029,-3045,-3213,-3262,-3496,-3821,-3266,-21451
0,0,2031,-436885,-313,-961,-904,-718,-591,-442,-319,-326,-264,-529,-897,-819,-834,-802,-904,-1060,-1323,-1696,-4023,-4337,-4162,-4215,-4783,-4903,-4673,-4541,-4475,-4673,-4933,-5129,-5550,-5688,-5748,-5756,-5876,-6057,-6662,-7363,-7990,-8838,-9072,-9134,-8556,-8141,-7727,-7737,-8114,-8641,-9532,-10218,-10369,-10252,-9283,-8439,-7576,-6795,-6167,-5714,-5613,-5724,-6120,-6380,-6697,-7072,-7153,-7240,-6996,-6499,-5732,-5035,-4469,-4111,-3757,-3559,-3439,-3309,-3255,-3130,-3074,-3069,-3153,-3352,-3526,-3757,-4052,-22068
0,0,2032,-423481,-314,-962,-906,-722,-595,-447,-323,-331,-267,-182,-762,-710,-724,-697,-799,-935,-1175,-1537,-3815,-4085,-3854,-3864,-4454,-4463,-4391,-4290,-4195,-4260,-4475,-4531,-4776,-5214,-5441,-5361,-5441,-5581,-6076,-6716,-7356,-8093,-8472,-8570,-8323,-7805,-7437,-7361,-7753,-8399,-9037,-9830,-10215,-9899,-9439,-8348,-7465,-6777,-6025,-5712,-5515,-5558,-5954,-6418,-6916,-7164,-7289,-7158,-6908,-6461,-5774,-5125,-4516,-4060,-3859,-3570,-3423,-3363,-3255,-3243,-3168,-3154,-3246,-3357,-3649,-3822,-3994,-23575
0,0,2033,-413368,-315,-964,-907,-725,-599,-451,-330,-336,-273,-188,-190,-620,-628,-603,-692,-814,-1040,-1379,-3647,-3875,-3628,-3585,-4151,-4174,-4014,-4041,-3971,-4005,-4174,-4223,-4304,-4533,-5102,-5168,-5141,-5216,-5649,-6192,-6741,-7498,-7799,-8039,-7858,-7617,-7158,-7106,-7403,-8056,-8821,-9352,-9867,-9784,-9162,-8527,-7421,-6711,-6046,-5619,-5550,-5501,-5830,-6290,-7004,-7439,-7430,-7353,-6876,-6411,-5797,-5207,-4642,-4174,-3865,-3735,-3495,-3440,-3357,-3317,-3336,-3300,-3366,-3488,-3692,-3981,-4094,-24966
0,0,2034,-403600,-316,-966,-909,-728,-603,-454,-334,-340,-278,-193,-195,-156,-554,-522,-605,-702,-905,-1224,-3468,-3692,-3411,-3363,-3887,-3898,-3755,-3698,-3739,-3792,-3926,-3927,-4006,-4078,-4448,-4843,-4953,-4922,-5280,-5757,-6207,-6880,-7219,-7402,-7369,-7193,-6985,-6847,-7154,-7695,-8462,-9128,-9390,-9450,-9057,-8275,-7578,-6669,-5984,-5639,-5460,-5534,-5770,-6158,-6866,-7537,-7721,-7496,-7063,-6380,-5750,-5223,-4715,-4291,-3975,-3744,-3665,-3516,-3435,-3421,-3413,-3475,-3519,-3617,-3835,-4026,-4262,-26323
0,0,2035,-394153,-316,-968,-913,-730,-606,-459,-340,-346,-283,-200,-201,-161,-163,-458,-529,-608,-777,-1063,-3286,-3492,-3220,-3156,-3678,-3658,-3507,-3466,-3426,-3573,-3723,-3688,-3721,-3791,-4008,-4213,-4637,-4737,-4981,-5377,-5763,-6340,-6618,-6854,-6780,-6747,-6598,-6681,-6896,-7438,-8088,-8758,-9169,-8993,-8747,-8179,-7355,-6810,-5948,-5583,-5479,-5446,-5806,-6094,-6723,-7388,-7825,-7787,-7204,-6555,-5719,-5179,-4728,-4360,-4087,-3854,-3677,-3690,-3515,-3502,-3521,-3554,-3703,-3778,-3973,-4183,-4308,-27711
0,0,2036,-384985,-317,-969,-913,-735,-612,-464,-344,-350,-288,-206,-207,-167,-169,-112,-466,-524,-673,-914,-3104,-3292,-3013,-2967,-3482,-3468,-3291,-3243,-3209,-3273,-3509,-3489,-3488,-3517,-3732,-3794,-4027,-4424,-4793,-5072,-5377,-5893,-6093,-6283,-6277,-6214,-6184,-6309,-6730,-7178,-7820,-8372,-8798,-8780,-8322,-7902,-7272,-6611,-6078,-5553,-5426,-5466,-5713,-6134,-6653,-7234,-7668,-7894,-7486,-6688,-5878,-5147,-4688,-4372,-4156,-3965,-3792,-3703,-3691,-3583,-3606,-3667,-3786,-3975,-4148,-4330,-4476,-28997
0,0,2037,-376084,-319,-970,-916,-738,-615,-467,-351,-354,-292,-212,-214,-173,-174,-118,-134,-460,-578,-792,-2932,-3090,-2807,-2769,-3309,-3292,-3120,-3047,-3000,-3067,-3219,-3283,-3296,-3290,-3464,-3531,-3619,-3822,-4475,-4879,-5063,-5505,-5655,-5784,-5753,-5755,-5693,-5911,-6357,-7004,-7552,-8100,-8415,-8423,-8126,-7524,-7028,-6537,-5897,-5671,-5399,-5415,-5735,-6035,-6693,-7159,-7506,-7734,-7588,-6948,-6001,-5289,-4658,-4335,-4171,-4037,-3901,-3822,-3706,-3766,-3690,-3755,-3903,-4063,-4358,-4521,-4634,-30321
0,0,2038,-367404,-319,-972,-918,-740,-618,-471,-358,-359,-296,-218,-219,-179,-178,-124,-139,-109,-508,-681,-2791,-2900,-2595,-2566,-3122,-3136,-2967,-2894,-2820,-2870,-3018,-2997,-3098,-3105,-3247,-3275,-3364,-3423,-3865,-4555,-4866,-5188,-5277,-5371,-5296,-5280,-5271,-5444,-5954,-6617,-7367,-7823,-8139,-8055,-7798,-7346,-6691,-6318,-5832,-5508,-5514,-5386,-5681,-6059,-6586,-7202,-7428,-7572,-7434,-7042,-6237,-5400,-4788,-4308,-4138,-4057,-3978,-3930,-3827,-3782,-3877,-3840,-3999,-4190,-4450,-4746,-4836,-31662
0,0,2039,-358901,-320,-975,-920,-743,-621,-474,-362,-363,-302,-225,-225,-184,-186,-129,-147,-114,-110,-596,-2663,-2745,-2401,-2362,-2932,-2970,-2828,-2757,-2678,-2698,-2826,-2802,-2822,-2916,-3069,-3067,-3114,-3173,-3460,-3931,-4534,-4991,-4968,-5010,-4916,-4864,-4834,-5040,-5485,-6197,-6961,-7629,-7864,-7790,-7456,-7050,-6536,-6019,-5637,-5446,-5354,-5503,-5653,-6000,-6609,-7088,-7472,-7490,-7275,-6897,-6322,-5611,-4892,-4430,-4114,-4028,-4005,-4012,-3939,-3905,-3893,-4035,-4086,-4289,-4585,-4846,-5076,-33055
0,0,2040,-350546,-320,-976,-922,-747,-627,-479,-367,-369,-307,-232,-231,-188,-192,-136,-155,-119,-116,-135,-2566,-2605,-2238,-2171,-2741,-2800,-2683,-2633,-2554,-2563,-2660,-2617,-2634,-2649,-2885,-2897,-2913,-2929,-3206,-3517,-3899,-4655,-4778,-4718,-4587,-4517,-4455,-4625,-5081,-5710,-6518,-7208,-7672,-7524,-7212,-6745,-6276,-5883,-5370,-5267,-5297,-5344,-5770,-5969,-6545,-7111,-7350,-7534,-7195,-6749,-6189,-5685,-5081,-4524,-4230,-4006,-3977,-4041,-4021,-4017,-4019,-4049,-4290,-4377,-4691,-4990,-5179,-34537
0,0,2041,-343317,-324,-983,-932,-759,-647,-498,-391,-391,-328,-259,-258,-215,-216,-161,-180,-140,-140,-157,-2055,-2512,-2105,-2032,-2576,-2647,-2549,-2529,-2464,-2464,-2550,-2479,-2478,-2490,-2646,-2738,-2765,-2754,-2978,-3276,-3499,-4031,-4470,-4550,-4333,-4232,-4152,-4275,-4674,-5300,-6015,-6758,-7257,-7349,-6975,-6533,-6010,-5657,-5255,-5027,-5131,-5295,-5611,-6100,-6517,-7047,-7380,-7413,-7242,-6676,-6056,-5566,-5152,-4705,-4323,-4122,-3965,-4020,-4059,-4107,-4139,-4183,-4305,-4597,-4786,-5107,-5333,-35962
0,0,2042,-336236,-330,-990,-940,-775,-664,-514,-416,-412,-350,-290,-287,-241,-239,-189,-206,-163,-161,-177,-2075,-1945,-2007,-1906,-2445,-2504,-2417,-2414,-2369,-2376,-2451,-2374,-2351,-2345,-2488,-2510,-2611,-2617,-2796,-3039,-3252,-3618,-3861,-4253,-4183,-4000,-3892,-3984,-4320,-4876,-5585,-6235,-6806,-6950,-6812,-6321,-5825,-5422,-5053,-4920,-4901,-5131,-5558,-5930,-6659,-7015,-7312,-7443,-7129,-6718,-5993,-5441,-5047,-4772,-4497,-4210,-4080,-4007,-4038,-4145,-4230,-4308,-4444,-4612,-5019,-5205,-5459,-37381
0,0,2043,-329283,-333,-996,-950,-788,-683,-535,-439,-433,-371,-315,-309,-266,-261,-215,-234,-182,-181,-196,-2096,-1964,-1420,-1813,-2325,-2387,-2291,-2303,-2266,-2284,-2362,-2275,-2252,-2218,-2339,-2355,-2386,-2471,-2651,-2850,-3011,-3364,-3464,-3675,-3916,-3861,-3680,-3734,-4024,-4508,-5140,-5785,-6281,-6514,-6444,-6173,-5639,-5256,-4845,-4735,-4799,-4902,-5385,-5873,-6474,-7165,-7281,-7376,-7159,-6610,-6032,-5382,-4936,-4674,-4561,-4379,-4170,-4123,-4028,-4122,-4267,-4402,-4577,-4759,-5032,-5455,-5561,-38755
0,0,2044,-322518,-337,-1004,-958,-799,-699,-548,-461,-451,-392,-340,-333,-287,-286,-238,-259,-203,-202,-214,-2115,-1982,-1437,-1244,-2238,-2284,-2193,-2198,-2166,-2183,-2267,-2189,-2160,-2121,-2213,-2210,-2234,-2255,-2495,-2699,-2818,-3113,-3216,-3293,-3389,-3615,-3555,-3533,-3770,-4199,-4756,-5322,-5834,-6010,-6044,-5844,-5510,-5089,-4698,-4542,-4621,-4802,-5144,-5690,-6412,-6969,-7438,-7347,-7096,-6642,-5935,-5416,-4882,-4570,-4469,-4442,-4339,-4212,-4145,-4110,-4244,-4438,-4671,-4905,-5187,-5469,-5824,-40055
0,0,2045,-315985,-340,-1010,-966,-812,-715,-566,-481,-472,-410,-365,-358,-311,-306,-263,-284,-221,-220,-230,-2135,-1998,-1453,-1265,-1709,-2208,-2102,-2113,-2071,-2082,-2167,-2097,-2081,-2034,-2112,-2087,-2095,-2113,-2268,-2537,-2662,-2914,-2976,-3058,-3042,-3131,-3334,-3413,-3564,-3931,-4430,-4921,-5369,-5577,-5579,-5486,-5221,-4975,-4551,-4405,-4437,-4624,-5038,-5431,-6209,-6899,-7235,-7504,-7072,-6587,-5968,-5325,-4914,-4522,-4372,-4354,-4406,-4382,-4233,-4229,-4233,-4414,-4706,-5003,-5345,-5635,-5837,-41475
0,0,2046,-309660,-343,-1015,-971,-824,-731,-586,-507,-492,-430,-392,-379,-335,-328,-287,-307,-241,-238,-251,-2156,-2016,-1470,-1287,-1726,-1739,-2037,-2039,-1996,-1995,-2067,-2003,-1994,-1955,-2019,-1990,-1971,-1983,-2123,-2304,-2502,-2748,-2786,-2827,-2828,-2818,-2890,-3201,-3438,-3717,-4152,-4580,-4966,-5131,-5181,-5068,-4904,-4716,-4447,-4266,-4303,-4438,-4849,-5315,-5929,-6678,-7162,-7299,-7223,-6569,-5919,-5354,-4831,-4550,-4327,-4259,-4317,-4448,-4406,-4320,-4356,-4397,-4675,-5034,-5446,-5808,-6014,-42741
0,0,2047,-303552,-347,-1022,-980,-837,-747,-601,-527,-511,-449,-417,-403,-357,-350,-310,-331,-259,-256,-268,-2173,-2030,-1483,-1307,-1743,-1758,-1626,-1988,-1930,-1918,-1975,-1906,-1905,-1872,-1938,-1901,-1877,-1869,-1982,-2150,-2267,-2579,-2631,-2641,-2621,-2623,-2604,-2777,-3223,-3588,-3926,-4289,-4628,-4743,-4769,-4712,-4537,-4436,-4215,-4171,-4170,-4309,-4657,-5114,-5803,-6373,-6933,-7229,-7030,-6710,-5913,-5311,-4859,-4478,-4356,-4215,-4230,-4362,-4471,-4498,-4453,-4528,-4656,-5000,-5473,-5912,-6200,-44026
0,0,2048,-297524,-350,-1029,-986,-847,-760,-614,-547,-527,-469,-440,-426,-377,-371,-331,-352,-278,-274,-283,-2191,-2046,-1501,-1324,-1761,-1777,-1645,-1623,-1885,-1855,-1902,-1812,-1812,-1784,-1851,-1823,-1788,-1781,-1859,-2006,-2110,-2337,-2467,-2491,-2454,-2432,-2428,-2504,-2795,-3363,-3791,-4053,-4337,-4414,-4411,-4341,-4222,-4110,-3965,-3955,-4078,-4177,-4521,-4907,-5583,-6235,-6616,-7000,-6968,-6537,-6041,-5309,-4825,-4502,-4285,-4243,-4187,-4273,-4385,-4563,-4633,-4629,-4796,-4979,-5433,-5938,-6308,-45306
0,0,2049,-291634,-353,-1035,-994,-858,-777,-629,-565,-544,-487,-461,-446,-398,-391,-350,-374,-295,-293,-300,-2209,-2063,-1513,-1344,-1776,-1796,-1666,-1648,-1548,-1809,-1834,-1740,-1727,-1693,-1761,-1738,-1710,-1699,-1763,-1878,-1964,-2171,-2234,-2333,-2320,-2278,-2254,-2336,-2520,-2917,-3555,-3908,-4099,-4131,-4109,-4021,-3897,-3829,-3672,-3720,-3868,-4084,-4381,-4761,-5358,-5999,-6470,-6681,-6747,-6484,-5890,-5423,-4828,-4471,-4308,-4174,-4217,-4232,-4297,-4472,-4703,-4820,-4904,-5130,-5408,-5894,-6333,-46564
0,0,2050,-285868,-356,-1040,-1002,-868,-792,-644,-585,-562,-503,-485,-467,-418,-410,-372,-397,-312,-309,-315,-2225,-2079,-1528,-1362,-1792,-1814,-1684,-1673,-1576,-1486,-1791,-1678,-1663,-1612,-1667,-1649,-1626,-1631,-1677,-1779,-1835,-2017,-2075,-2112,-2181,-2154,-2115,-2169,-2347,-2629,-3087,-3664,-3956,-3902,-3849,-3750,-3616,-3540,-3420,-3449,-3640,-3873,-4283,-4613,-5197,-5753,-6223,-6535,-6444,-6282,-5848,-5289,-4932,-4473,-4278,-4195,-4151,-4264,-4256,-4381,-4607,-4890,-5105,-5248,-5570,-5866,-6285,-47691
0,0,2051,-280184,-360,-1045,-1009,-881,-807,-656,-605,-578,-520,-506,-488,-438,-428,-394,-418,-327,-328,-332,-2243,-2092,-1543,-1379,-1806,-1831,-1703,-1695,-1598,-1508,-1466,-1634,-1603,-1544,-1583,-1559,-1540,-1554,-1601,-1687,-1732,-1882,-1929,-1958,-1977,-2026,-2005,-2036,-2176,-2450,-2787,-3176,-3709,-3766,-3640,-3517,-3377,-3288,-3162,-3215,-3377,-3644,-4062,-4507,-5038,-5582,-5966,-6286,-6307,-6004,-5673,-5253,-4814,-4570,-4277,-4161,-4171,-4197,-4287,-4340,-4512,-4790,-5179,-5468,-5700,-6043,-6253,-48626
0,0,2052,-274629,-363,-1051,-1017,-890,-819,-671,-622,-593,-536,-526,-508,-457,-446,-414,-439,-343,-345,-348,-2259,-2105,-1555,-1396,-1821,-1846,-1720,-1717,-1622,-1529,-1486,-1313,-1563,-1488,-1514,-1477,-1451,-1474,-1517,-1609,-1642,-1775,-1800,-1815,-1840,-1838,-1889,-1930,-2039,-2274,-2599,-2863,-3221,-3532,-3514,-3329,-3172,-3077,-2937,-2976,-3152,-3383,-3821,-4272,-4922,-5407,-5786,-6028,-6069,-5878,-5427,-5098,-4787,-4461,-4370,-4155,-4140,-4216,-4220,-4373,-4469,-4688,-5073,-5549,-5938,-6187,-6444,-49404
0,0,2053,-269193,-366,-1056,-1022,-899,-833,-683,-639,-611,-551,-547,-528,-474,-466,-432,-459,-359,-361,-361,-2274,-2121,-1567,-1413,-1836,-1864,-1741,-1741,-1647,-1551,-1507,-1335,-1249,-1449,-1451,-1410,-1370,-1392,-1432,-1520,-1560,-1679,-1700,-1691,-1711,-1712,-1719,-1819,-1927,-2128,-2413,-2665,-2906,-3060,-3296,-3215,-3004,-2893,-2748,-2768,-2922,-3156,-3546,-4017,-4667,-5282,-5605,-5846,-5822,-5658,-5319,-4881,-4653,-4436,-4263,-4245,-4130,-4180,-4239,-4303,-4502,-4643,-4964,-5432,-6025,-6446,-6600,-50280
0,0,2054,-263867,-368,-1061,-1029,-911,-846,-696,-657,-626,-568,-568,-547,-494,-482,-454,-480,-374,-377,-376,-2290,-2134,-1581,-1431,-1851,-1880,-1759,-1762,-1669,-1571,-1526,-1356,-1274,-1142,-1409,-1351,-1304,-1316,-1343,-1431,-1473,-1591,-1607,-1596,-1601,-1594,-1602,-1655,-1814,-2013,-2262,-2470,-2710,-2757,-2862,-3020,-2907,-2746,-2585,-2593,-2720,-2927,-3309,-3722,-4388,-5010,-5476,-5665,-5648,-5431,-5125,-4784,-4458,-4308,-4237,-4138,-4221,-4168,-4205,-4322,-4432,-4678,-4916,-5315,-5898,-6543,-6877,-51194
0,0,2055,-258573,-370,-1066,-1035,-920,-861,-709,-673,-641,-585,-587,-566,-512,-499,-471,-498,-389,-391,-391,-2307,-2147,-1594,-1448,-1866,-1895,-1774,-1785,-1691,-1592,-1544,-1375,-1297,-1167,-1106,-1310,-1245,-1258,-1263,-1340,-1382,-1496,-1524,-1501,-1514,-1492,-1497,-1546,-1647,-1895,-2141,-2312,-2517,-2569,-2584,-2632,-2735,-2657,-2453,-2442,-2551,-2726,-3067,-3467,-4066,-4709,-5190,-5535,-5478,-5274,-4922,-4609,-4372,-4128,-4113,-4106,-4111,-4260,-4189,-4288,-4453,-4603,-4952,-5260,-5768,-6407,-6983,-52282
0,0,2056,-253285,-373,-1072,-1042,-930,-871,-722,-692,-656,-598,-608,-582,-530,-516,-489,-516,-405,-405,-404,-2320,-2160,-1605,-1464,-1878,-1910,-1791,-1804,-1714,-1611,-1562,-1393,-1322,-1192,-1124,-1019,-1204,-1207,-1197,-1253,-1291,-1399,-1435,-1420,-1433,-1412,-1406,-1445,-1534,-1720,-2019,-2184,-2359,-2379,-2410,-2381,-2392,-2504,-2376,-2321,-2406,-2556,-2858,-3207,-3790,-4360,-4876,-5244,-5350,-5119,-4783,-4429,-4216,-4050,-3939,-3982,-4078,-4147,-4285,-4272,-4420,-4627,-4872,-5299,-5707,-6265,-6838,-53349
0,0,2057,-247998,-375,-1075,-1048,-938,-883,-734,-706,-671,-613,-627,-601,-545,-532,-507,-534,-418,-421,-417,-2334,-2174,-1617,-1479,-1892,-1926,-1806,-1824,-1734,-1633,-1580,-1413,-1346,-1214,-1141,-1036,-918,-1171,-1140,-1187,-1204,-1301,-1341,-1332,-1363,-1334,-1334,-1355,-1430,-1602,-1836,-2053,-2231,-2226,-2237,-2226,-2171,-2202,-2241,-2248,-2288,-2411,-2680,-2981,-3507,-4061,-4510,-4925,-5068,-4999,-4649,-4304,-4056,-3906,-3863,-3806,-3952,-4111,-4168,-4370,-4404,-4594,-4897,-5214,-5749,-6200,-6690,-54158
0,0,2058,-242727,-379,-1082,-1052,-948,-896,-747,-724,-684,-629,-643,-617,-564,-548,-523,-551,-432,-434,-430,-2350,-2187,-1629,-1495,-1904,-1941,-1822,-1844,-1754,-1654,-1598,-1432,-1368,-1235,-1159,-1051,-932,-895,-1099,-1125,-1137,-1209,-1248,-1244,-1283,-1268,-1263,-1287,-1338,-1493,-1711,-1864,-2100,-2105,-2096,-2068,-2034,-2004,-1966,-2121,-2216,-2293,-2526,-2791,-3261,-3755,-4197,-4558,-4763,-4738,-4540,-4186,-3945,-3756,-3725,-3728,-3776,-3982,-4131,-4251,-4509,-4582,-4862,-5245,-5652,-6243,-6617,-54703
0,0,2059,-237523,-381,-1086,-1059,-957,-907,-758,-739,-699,-643,-664,-634,-579,-565,-540,-570,-447,-449,-443,-2365,-2199,-1641,-1509,-1918,-1955,-1838,-1864,-1777,-1671,-1616,-1453,-1391,-1258,-1176,-1067,-948,-914,-814,-1084,-1075,-1135,-1162,-1153,-1206,-1195,-1203,-1219,-1266,-1397,-1598,-1731,-1909,-1979,-1984,-1943,-1898,-1882,-1793,-1868,-2096,-2223,-2402,-2626,-3052,-3487,-3876,-4243,-4406,-4448,-4305,-4085,-3841,-3655,-3580,-3589,-3697,-3802,-3999,-4211,-4385,-4690,-4854,-5209,-5687,-6141,-6664,-55096
0,0,2060,-232376,-384,-1090,-1064,-965,-920,-770,-756,-713,-656,-683,-653,-596,-580,-558,-587,-461,-462,-456,-2378,-2210,-1652,-1524,-1931,-1969,-1854,-1884,-1799,-1690,-1632,-1472,-1413,-1280,-1192,-1084,-962,-936,-831,-791,-1032,-1069,-1093,-1069,-1124,-1121,-1136,-1161,-1193,-1321,-1497,-1611,-1778,-1794,-1869,-1842,-1786,-1760,-1682,-1706,-1852,-2101,-2326,-2493,-2873,-3261,-3594,-3916,-4101,-4117,-4040,-3872,-3750,-3557,-3482,-3447,-3560,-3721,-3815,-4077,-4347,-4563,-4969,-5204,-5647,-6180,-6555,-55474
0,0,2061,-226509,-384,-1090,-1064,-965,-920,-770,-756,-713,-656,-683,-653,-596,-580,-558,-587,-461,-462,-456,-2378,-2210,-1652,-1524,-1931,-1969,-1854,-1884,-1799,-1690,-1632,-1472,-1413,-1280,-1192,-1084,-962,-936,-831,-791,-720,-1009,-1016,-990,-1036,-1034,-1058,-1085,-1125,-1238,-1409,-1499,-1652,-1663,-1693,-1733,-1692,-1657,-1568,-1599,-1691,-1854,-2197,-2409,-2724,-3063,-3353,-3630,-3782,-3829,-3738,-3628,-3555,-3470,-3385,-3345,-3413,-3580,-3732,-3887,-4207,-4524,-4835,-5326,-5646,-6136,-6597,-55659
0,0,2062,-220778,-384,-1090,-1064,-965,-920,-770,-756,-713,-656,-683,-653,-596,-580,-558,-587,-461,-462,-456,-2378,-2210,-1652,-1524,-1931,-1969,-1854,-1884,-1799,-1690,-1632,-1472,-1413,-1280,-1192,-1084,-962,-936,-831,-791,-720,-695,-958,-917,-963,-955,-978,-1011,-1048,-1165,-1322,-1408,-1540,-1541,-1571,-1576,-1596,-1573,-1476,-1494,-1588,-1693,-1938,-2270,-2632,-2902,-3146,-3387,-3505,-3532,-3477,-3357,-3332,-3290,-3303,-3247,-3311,-3431,-3587,-3802,-4012,-4380,-4798,-5186,-5777,-6139,-6550,-55861
0,0,2063,-215160,-384,-1090,-1064,-965,-920,-770,-756,-713,-656,-683,-653,-596,-580,-558,-587,-461,-462,-456,-2378,-2210,-1652,-1524,-1931,-1969,-1854,-1884,-1799,-1690,-1632,-1472,-1413,-1280,-1192,-1084,-962,-936,-831,-791,-720,-695,-651,-862,-895,-888,-905,-934,-973,-1086,-1246,-1318,-1449,-1433,-1458,-1466,-1457,-1488,-1400,-1408,-1488,-1590,-1771,-1992,-2480,-2804,-2977,-3177,-3270,-3275,-3209,-3123,-3086,-3082,-3132,-3170,-3210,-3326,-3435,-3654,-3926,-4178,-4647,-5148,-5629,-6280,-6558,-55973
0,0,2064,-209643,-384,-1090,-1064,-965,-920,-770,-756,-713,-656,-683,-653,-596,-580,-558,-587,-461,-462,-456,-2378,-2210,-1652,-1524,-1931,-1969,-1854,-1884,-1799,-1690,-1632,-1472,-1413,-1280,-1192,-1084,-962,-936,-831,-791,-720,-695,-651,-570,-844,-827,-843,-863,-896,-1007,-1161,-1239,-1357,-1346,-1359,-1366,-1360,-1365,-1323,-1338,-1405,-1491,-1664,-1812,-2177,-2638,-2874,-3007,-3067,-3056,-2977,-2881,-2874,-2854,-2936,-3003,-3134,-3223,-3329,-3499,-3774,-4089,-4437,-4990,-5593,-6125,-6707,-56059
0,0,2065,-204207,-384,-1090,-1064,-965,-920,-770,-756,-713,-656,-683,-653,-596,-580,-558,-587,-461,-462,-456,-2378,-2210,-1652,-1524,-1931,-1969,-1854,-1884,-1799,-1690,-1632,-1472,-1413,-1280,-1192,-1084,-962,-936,-831,-791,-720,-695,-651,-570,-574,-780,-787,-804,-823,-927,-1079,-1152,-1278,-1258,-1277,-1276,-1271,-1279,-1212,-1267,-1338,-1407,-1559,-1697,-1980,-2311,-2701,-2904,-2901,-2866,-2777,-2673,-2654,-2657,-2719,-2815,-2970,-3148,-3224,-3390,-3613,-3932,-4344,-4766,-5424,-6090,-6546,-56283
0,0,2066,-198821,-384,-1090,-1064,-965,-920,-770,-756,-713,-656,-683,-653,-596,-580,-558,-587,-461,-462,-456,-2378,-2210,-1652,-1524,-1931,-1969,-1854,-1884,-1799,-1690,-1632,-1472,-1413,-1280,-1192,-1084,-962,-936,-831,-791,-720,-695,-651,-570,-574,-533,-743,-749,-765,-852,-994,-1067,-1191,-1181,-1195,-1204,-1193,-1201,-1135,-1165,-1269,-1340,-1472,-1584,-1855,-2097,-2356,-2728,-2802,-2712,-2606,-2494,-2466,-2454,-2532,-2603,-2786,-2983,-3147,-3281,-3501,-3765,-4177,-4668,-5183,-5909,-6512,-56323
0,0,2067,-193480,-384,-1090,-1064,-965,-920,-770,-756,-713,-656,-683,-653,-596,-580,-558,-587,-461,-462,-456,-2378,-2210,-1652,-1524,-1931,-1969,-1854,-1884,-1799,-1690,-1632,-1472,-1413,-1280,-1192,-1084,-962,-936,-831,-791,-720,-695,-651,-570,-574,-533,-514,-708,-710,-791,-915,-977,-1106,-1097,-1125,-1131,-1128,-1130,-1063,-1094,-1172,-1272,-1401,-1490,-1732,-1962,-2132,-2380,-2633,-2619,-2465,-2339,-2303,-2279,-2338,-2422,-2577,-2800,-2981,-3204,-3390,-3650,-4002,-4489,-5077,-5650,-6320,-56331
0,0,2068,-188164,-384,-1090,-1064,-965,-920,-770,-756,-713,-656,-683,-653,-596,-580,-558,-587,-461,-462,-456,-2378,-2210,-1652,-1524,-1931,-1969,-1854,-1884,-1799,-1690,-1632,-1472,-1413,-1280,-1192,-1084,-962,-936,-831,-791,-720,-695,-651,-570,-574,-533,-514,-487,-669,-733,-849,-896,-1017,-1014,-1047,-1067,-1064,-1074,-1001,-1028,-1104,-1174,-1331,-1415,-1630,-1828,-1991,-2154,-2295,-2461,-2382,-2212,-2162,-2128,-2171,-2232,-2397,-2591,-2796,-3033,-3309,-3534,-3881,-4303,-4885,-5535,-6047,-56142
0,0,2069,-182861,-384,-1090,-1064,-965,-920,-770,-756,-713,-656,-683,-653,-596,-580,-558,-587,-461,-462,-456,-2378,-2210,-1652,-1524,-1931,-1969,-1854,-1884,-1799,-1690,-1632,-1472,-1413,-1280,-1192,-1084,-962,-936,-831,-791,-720,-695,-651,-570,-574,-533,-514,-487,-445,-690,-789,-828,-934,-929,-971,-998,-1008,-1017,-950,-970,-1040,-1106,-1229,-1339,-1548,-1718,-1850,-2013,-2077,-2146,-2239,-2138,-2047,-1997,-2027,-2069,-2209,-2411,-2583,-2843,-3130,-3448,-3762,-4175,-4685,-5329,-5926,-55666
0,0,2070,-177594,-384,-1090,-1064,-965,-920,-770,-756,-713,-656,-683,-653,-596,-580,-558,-587,-461,-462,-456,-2378,-2210,-1652,-1524,-1931,-1969,-1854,-1884,-1799,-1690,-1632,-1472,-1413,-1280,-1192,-1084,-962,-936,-831,-791,-720,-695,-651,-570,-574,-533,-514,-487,-445,-456,-743,-765,-866,-849,-892,-930,-947,-968,-899,-923,-985,-1043,-1158,-1229,-1465,-1630,-1735,-1871,-1941,-1945,-1953,-2010,-1980,-1890,-1903,-1929,-2046,-2221,-2401,-2626,-2933,-3260,-3669,-4050,-4547,-5113,-5706,-55090
0,0,2071,-172354,-384,-1090,-1064,-965,-920,-770,-756,-713,-656,-683,-653,-596,-580,-558,-587,-461,-462,-456,-2378,-2210,-1652,-1524,-1931,-1969,-1854,-1884,-1799,-1690,-1632,-1472,-1413,-1280,-1192,-1084,-962,-936,-831,-791,-720,-695,-651,-570,-574,-533,-514,-487,-445,-456,-496,-718,-804,-784,-818,-858,-887,-913,-855,-875,-940,-988,-1092,-1153,-1344,-1540,-1643,-1755,-1804,-1819,-1772,-1751,-1862,-1828,-1801,-1808,-1908,-2059,-2210,-2438,-2707,-3051,-3469,-3948,-4415,-4967,-5479,-54312
0,0,2072,-167172,-384,-1090,-1064,-965,-920,-770,-756,-713,-656,-683,-653,-596,-580,-558,-587,-461,-462,-456,-2378,-2210,-1652,-1524,-1931,-1969,-1854,-1884,-1799,-1690,-1632,-1472,-1413,-1280,-1192,-1084,-962,-936,-831,-791,-720,-695,-651,-570,-574,-533,-514,-487,-445,-456,-496,-461,-756,-724,-757,-793,-823,-860,-805,-834,-894,-943,-1035,-1082,-1261,-1410,-1548,-1662,-1691,-1691,-1658,-1590,-1629,-1719,-1741,-1708,-1788,-1920,-2045,-2242,-2513,-2815,-3244,-3733,-4304,-4826,-5324,-53364
0,0,2073,-162075,-384,-1090,-1064,-965,-920,-770,-756,-713,-656,-683,-653,-596,-580,-558,-587,-461,-462,-456,-2378,-2210,-1652,-1524,-1931,-1969,-1854,-1884,-1799,-1690,-1632,-1472,-1413,-1280,-1192,-1084,-962,-936,-831,-791,-720,-695,-651,-570,-574,-533,-514,-487,-445,-456,-496,-461,-498,-678,-701,-739,-765,-805,-758,-789,-855,-896,-988,-1020,-1184,-1318,-1410,-1566,-1601,-1586,-1543,-1489,-1483,-1502,-1637,-1650,-1691,-1801,-1905,-2074,-2309,-2609,-2991,-3487,-4068,-4706,-5177,-52356
0,0,2074,-157054,-384,-1090,-1064,-965,-920,-770,-756,-713,-656,-683,-653,-596,-580,-558,-587,-461,-462,-456,-2378,-2210,-1652,-1524,-1931,-1969,-1854,-1884,-1799,-1690,-1632,-1472,-1413,-1280,-1192,-1084,-962,-936,-831,-791,-720,-695,-651,-570,-574,-533,-514,-487,-445,-456,-496,-461,-498,-429,-660,-689,-719,-753,-707,-744,-811,-857,-940,-969,-1115,-1234,-1315,-1427,-1510,-1503,-1448,-1386,-1391,-1366,-1430,-1548,-1632,-1702,-1783,-1930,-2135,-2397,-2772,-3213,-3798,-4448,-5048,-51307
0,0,2075,-152094,-384,-1090,-1064,-965,-920,-770,-756,-713,-656,-683,-653,-596,-580,-558,-587,-461,-462,-456,-2378,-2210,-1652,-1524,-1931,-1969,-1854,-1884,-1799,-1690,-1632,-1472,-1413,-1280,-1192,-1084,-962,-936,-831,-791,-720,-695,-651,-570,-574,-533,-514,-487,-445,-456,-496,-461,-498,-429,-429,-651,-674,-711,-661,-699,-769,-813,-899,-918,-1060,-1161,-1226,-1331,-1374,-1418,-1374,-1301,-1297,-1281,-1300,-1346,-1531,-1643,-1684,-1805,-1985,-2213,-2545,-2976,-3498,-4153,-4772,-50229
0,0,2076,-147178,-384,-1090,-1064,-965,-920,-770,-756,-713,-656,-683,-653,-596,-580,-558,-587,-461,-462,-456,-2378,-2210,-1652,-1524,-1931,-1969,-1854,-1884,-1799,-1690,-1632,-1472,-1413,-1280,-1192,-1084,-962,-936,-831,-791,-720,-695,-651,-570,-574,-533,-514,-487,-445,-456,-496,-461,-498,-429,-429,-445,-641,-672,-624,-656,-725,-771,-853,-873,-1004,-1101,-1149,-1242,-1281,-1292,-1298,-1234,-1220,-1194,-1219,-1218,-1331,-1542,-1624,-1703,-1856,-2056,-2350,-2730,-3240,-3825,-4454,-48959
0,0,2077,-142332,-384,-1090,-1064,-965,-920,-770,-756,-713,-656,-683,-653,-596,-580,-558,-587,-461,-462,-456,-2378,-2210,-1652,-1524,-1931,-1969,-1854,-1884,-1799,-1690,-1632,-1472,-1413,-1280,-1192,-1084,-962,-936,-831,-791,-720,-695,-651,-570,-574,-533,-514,-487,-445,-456,-496,-461,-498,-429,-429,-445,-459,-643,-588,-620,-683,-727,-808,-824,-955,-1040,-1086,-1163,-1196,-1206,-1184,-1167,-1160,-1123,-1135,-1139,-1203,-1341,-1520,-1642,-1749,-1919,-2182,-2520,-2970,-3543,-4103,-47493
0,0,2078,-137558,-384,-1090,-1064,-965,-920,-770,-756,-713,-656,-683,-653,-596,-580,-558,-587,-461,-462,-456,-2378,-2210,-1652,-1524,-1931,-1969,-1854,-1884,-1799,-1690,-1632,-1472,-1413,-1280,-1192,-1084,-962,-936,-831,-791,-720,-695,-651,-570,-574,-533,-514,-487,-445,-456,-496,-461,-498,-429,-429,-445,-459,-482,-562,-588,-650,-686,-762,-775,-901,-987,-1021,-1099,-1120,-1127,-1106,-1065,-1099,-1066,-1067,-1057,-1123,-1212,-1317,-1535,-1686,-1807,-2036,-2337,-2740,-3249,-3800,-45796
0,0,2079,-132887,-384,-1090,-1064,-965,-920,-770,-756,-713,-656,-683,-653,-596,-580,-558,-587,-461,-462,-456,-2378,-2210,-1652,-1524,-1931,-1969,-1854,-1884,-1799,-1690,-1632,-1472,-1413,-1280,-1192,-1084,-962,-936,-831,-791,-720,-695,-651,-570,-574,-533,-514,-487,-445,-456,-496,-461,-498,-429,-429,-445,-459,-482,-418,-563,-619,-652,-719,-726,-849,-928,-965,-1034,-1058,-1055,-1034,-994,-1006,-1010,-1014,-991,-1042,-1132,-1187,-1327,-1576,-1741,-1916,-2179,-2540,-2997,-3485,-43948
0,0,2080,-128324,-384,-1090,-1064,-965,-920,-770,-756,-713,-656,-683,-653,-596,-580,-558,-587,-461,-462,-456,-2378,-2210,-1652,-1524,-1931,-1969,-1854,-1884,-1799,-1690,-1632,-1472,-1413,-1280,-1192,-1084,-962,-936,-831,-791,-720,-695,-651,-570,-574,-533,-514,-487,-445,-456,-496,-461,-498,-429,-429,-445,-459,-482,-418,-431,-595,-621,-685,-680,-794,-871,-904,-978,-994,-998,-970,-930,-941,-923,-959,-937,-976,-1050,-1106,-1193,-1359,-1624,-1847,-2050,-2368,-2779,-3215,-41946
0,0,2081,-123877,-384,-1090,-1064,-965,-920,-770,-756,-713,-656,-683,-653,-596,-580,-558,-587,-461,-462,-456,-2378,-2210,-1652,-1524,-1931,-1969,-1854,-1884,-1799,-1690,-1632,-1472,-1413,-1280,-1192,-1084,-962,-936,-831,-791,-720,-695,-651,-570,-574,-533,-514,-487,-445,-456,-496,-461,-498,-429,-429,-445,-459,-482,-418,-431,-469,-598,-652,-642,-744,-812,-843,-915,-939,-938,-918,-873,-884,-864,-877,-884,-924,-984,-1022,-1110,-1222,-1397,-1723,-1974,-2226,-2591,-2980,-39841
0,0,2082,-119586,-384,-1090,-1064,-965,-920,-770,-756,-713,-656,-683,-653,-596,-580,-558,-587,-461,-462,-456,-2378,-2210,-1652,-1524,-1931,-1969,-1854,-1884,-1799,-1690,-1632,-1472,-1413,-1280,-1192,-1084,-962,-936,-831,-791,-720,-695,-651,-570,-574,-533,-514,-487,-445,-456,-496,-461,-498,-429,-429,-445,-459,-482,-418,-431,-469,-471,-628,-607,-702,-757,-781,-854,-879,-887,-864,-826,-832,-810,-819,-803,-869,-931,-956,-1026,-1134,-1253,-1480,-1841,-2144,-2437,-2779,-37716
0,0,2083,-115443,-384,-1090,-1064,-965,-920,-770,-756,-713,-656,-683,-653,-596,-580,-558,-587,-461,-462,-456,-2378,-2210,-1652,-1524,-1931,-1969,-1854,-1884,-1799,-1690,-1632,-1472,-1413,-1280,-1192,-1084,-962,-936,-831,-791,-720,-695,-651,-570,-574,-533,-514,-487,-445,-456,-496,-461,-498,-429,-429,-445,-459,-482,-418,-431,-469,-471,-495,-580,-663,-712,-723,-791,-819,-829,-817,-777,-790,-762,-769,-747,-789,-876,-901,-957,-1046,-1162,-1326,-1577,-1999,-2348,-2613,-35604
0,0,2084,-111465,-384,-1090,-1064,-965,-920,-770,-756,-713,-656,-683,-653,-596,-580,-558,-587,-461,-462,-456,-2378,-2210,-1652,-1524,-1931,-1969,-1854,-1884,-1799,-1690,-1632,-1472,-1413,-1280,-1192,-1084,-962,-936,-831,-791,-720,-695,-651,-570,-574,-533,-514,-487,-445,-456,-496,-461,-498,-429,-429,-445,-459,-482,-418,-431,-469,-471,-495,-437,-635,-670,-675,-732,-756,-774,-764,-734,-744,-723,-722,-696,-733,-796,-846,-902,-975,-1070,-1230,-1412,-1709,-2190,-2518,-33556
0,0,2085,-107657,-384,-1090,-1064,-965,-920,-770,-756,-713,-656,-683,-653,-596,-580,-558,-587,-461,-462,-456,-2378,-2210,-1652,-1524,-1931,-1969,-1854,-1884,-1799,-1690,-1632,-1472,-1413,-1280,-1192,-1084,-962,-936,-831,-791,-720,-695,-651,-570,-574,-533,-514,-487,-445,-456,-496,-461,-498,-429,-429,-445,-459,-482,-418,-431,-469,-471,-495,-437,-477,-639,-631,-683,-700,-715,-713,-686,-706,-680,-685,-652,-683,-740,-765,-844,-918,-994,-1132,-1307,-1527,-1872,-2350,-31655
0,0,2086,-103999,-384,-1090,-1064,-965,-920,-770,-756,-713,-656,-683,-653,-596,-580,-558,-587,-461,-462,-456,-2378,-2210,-1652,-1524,-1931,-1969,-1854,-1884,-1799,-1690,-1632,-1472,-1413,-1280,-1192,-1084,-962,-936,-831,-791,-720,-695,-651,-570,-574,-533,-514,-487,-445,-456,-496,-461,-498,-429,-429,-445,-459,-482,-418,-431,-469,-471,-495,-437,-477,-466,-598,-638,-652,-662,-660,-641,-662,-644,-645,-615,-638,-690,-708,-761,-860,-935,-1051,-1200,-1414,-1675,-2008,-29796
0,0,2087,-100514,-384,-1090,-1064,-965,-920,-770,-756,-713,-656,-683,-653,-596,-580,-558,-587,-461,-462,-456,-2378,-2210,-1652,-1524,-1931,-1969,-1854,-1884,-1799,-1690,-1632,-1472,-1413,-1280,-1192,-1084,-962,-936,-831,-791,-720,-695,-651,-570,-574,-533,-514,-487,-445,-456,-496,-461,-498,-429,-429,-445,-459,-482,-418,-431,-469,-471,-495,-437,-477,-466,-415,-604,-608,-618,-611,-592,-620,-604,-610,-576,-601,-644,-656,-703,-773,-875,-988,-1114,-1298,-1551,-1796,-27811
0,0,2088,-97229,-384,-1090,-1064,-965,-920,-770,-756,-713,-656,-683,-653,-596,-580,-558,-587,-461,-462,-456,-2378,-2210,-1652,-1524,-1931,-1969,-1854,-1884,-1799,-1690,-1632,-1472,-1413,-1280,-1192,-1084,-962,-936,-831,-791,-720,-695,-651,-570,-574,-533,-514,-487,-445,-456,-496,-461,-498,-429,-429,-445,-459,-482,-418,-431,-469,-471,-495,-437,-477,-466,-415,-418,-576,-576,-570,-547,-576,-565,-572,-543,-562,-607,-610,-651,-713,-783,-923,-1045,-1203,-1423,-1663,-25842
0,0,2089,-94150,-384,-1090,-1064,-965,-920,-770,-756,-713,-656,-683,-653,-596,-580,-558,-587,-461,-462,-456,-2378,-2210,-1652,-1524,-1931,-1969,-1854,-1884,-1799,-1690,-1632,-1472,-1413,-1280,-1192,-1084,-962,-936,-831,-791,-720,-695,-651,-570,-574,-533,-514,-487,-445,-456,-496,-461,-498,-429,-429,-445,-459,-482,-418,-431,-469,-471,-495,-437,-477,-466,-415,-418,-393,-546,-533,-511,-535,-524,-535,-505,-530,-569,-572,-602,-658,-719,-826,-975,-1127,-1320,-1527,-23964
0,0,2090,-91276,-384,-1090,-1064,-965,-920,-770,-756,-713,-656,-683,-653,-596,-580,-558,-587,-461,-462,-456,-2378,-2210,-1652,-1524,-1931,-1969,-1854,-1884,-1799,-1690,-1632,-1472,-1413,-1280,-1192,-1084,-962,-936,-831,-791,-720,-695,-651,-570,-574,-533,-514,-487,-445,-456,-496,-461,-498,-429,-429,-445,-459,-482,-418,-431,-469,-471,-495,-437,-477,-466,-415,-418,-393,-373,-505,-477,-502,-486,-495,-470,-493,-536,-535,-564,-610,-662,-759,-869,-1051,-1238,-1414,-22165
0,0,2091,-88602,-384,-1090,-1064,-965,-920,-770,-756,-713,-656,-683,-653,-596,-580,-558,-587,-461,-462,-456,-2378,-2210,-1652,-1524,-1931,-1969,-1854,-1884,-1799,-1690,-1632,-1472,-1413,-1280,-1192,-1084,-962,-936,-831,-791,-720,-695,-651,-570,-574,-533,-514,-487,-445,-456,-496,-461,-498,-429,-429,-445,-459,-482,-418,-431,-469,-471,-495,-437,-477,-466,-415,-418,-393,-373,-346,-451,-471,-455,-460,-432,-459,-499,-501,-526,-570,-611,-698,-796,-936,-1155,-1327,-20464
0,0,2092,-86134,-384,-1090,-1064,-965,-920,-770,-756,-713,-656,-683,-653,-596,-580,-558,-587,-461,-462,-456,-2378,-2210,-1652,-1524,-1931,-1969,-1854,-1884,-1799,-1690,-1632,-1472,-1413,-1280,-1192,-1084,-962,-936,-831,-791,-720,-695,-651,-570,-574,-533,-514,-487,-445,-456,-496,-461,-498,-429,-429,-445,-459,-482,-418,-431,-469,-471,-495,-437,-477,-466,-415,-418,-393,-373,-346,-307,-447,-426,-431,-396,-421,-464,-464,-492,-529,-570,-643,-731,-856,-1028,-1237,-18901
0,0,2093,-83861,-384,-1090,-1064,-965,-920,-770,-756,-713,-656,-683,-653,-596,-580,-558,-587,-461,-462,-456,-2378,-2210,-1652,-1524,-1931,-1969,-1854,-1884,-1799,-1690,-1632,-1472,-1413,-1280,-1192,-1084,-962,-936,-831,-791,-720,-695,-651,-570,-574,-533,-514,-487,-445,-456,-496,-461,-498,-429,-429,-445,-459,-482,-418,-431,-469,-471,-495,-437,-477,-466,-415,-418,-393,-373,-346,-307,-315,-404,-402,-368,-387,-427,-429,-454,-493,-526,-599,-672,-784,-940,-1101,-17462
0,0,2094,-81770,-384,-1090,-1064,-965,-920,-770,-756,-713,-656,-683,-653,-596,-580,-558,-587,-461,-462,-456,-2378,-2210,-1652,-1524,-1931,-1969,-1854,-1884,-1799,-1690,-1632,-1472,-1413,-1280,-1192,-1084,-962,-936,-831,-791,-720,-695,-651,-570,-574,-533,-514,-487,-445,-456,-496,-461,-498,-429,-429,-445,-459,-482,-418,-431,-469,-471,-495,-437,-477,-466,-415,-418,-393,-373,-346,-307,-315,-281,-382,-342,-358,-393,-391,-417,-455,-489,-552,-624,-719,-862,-1006,-16086
0,0,2095,-79845,-384,-1090,-1064,-965,-920,-770,-756,-713,-656,-683,-653,-596,-580,-558,-587,-461,-462,-456,-2378,-2210,-1652,-1524,-1931,-1969,-1854,-1884,-1799,-1690,-1632,-1472,-1413,-1280,-1192,-1084,-962,-936,-831,-791,-720,-695,-651,-570,-574,-533,-514,-487,-445,-456,-496,-461,-498,-429,-429,-445,-459,-482,-418,-431,-469,-471,-495,-437,-477,-466,-415,-418,-393,-373,-346,-307,-315,-281,-265,-321,-332,-364,-357,-379,-417,-448,-513,-572,-666,-791,-922,-14804
0,0,2096,-78075,-384,-1090,-1064,-965,-920,-770,-756,-713,-656,-683,-653,-596,-580,-558,-587,-461,-462,-456,-2378,-2210,-1652,-1524,-1931,-1969,-1854,-1884,-1799,-1690,-1632,-1472,-1413,-1280,-1192,-1084,-962,-936,-831,-791,-720,-695,-651,-570,-574,-533,-514,-487,-445,-456,-496,-461,-498,-429,-429,-445,-459,-482,-418,-431,-469,-471,-495,-437,-477,-466,-415,-418,-393,-373,-346,-307,-315,-281,-265,-208,-312,-338,-328,-344,-376,-407,-468,-529,-610,-733,-846,-13617
0,0,2097,-76444,-384,-1090,-1064,-965,-920,-770,-756,-713,-656,-683,-653,-596,-580,-558,-587,-461,-462,-456,-2378,-2210,-1652,-1524,-1931,-1969,-1854,-1884,-1799,-1690,-1632,-1472,-1413,-1280,-1192,-1084,-962,-936,-831,-791,-720,-695,-651,-570,-574,-533,-514,-487,-445,-456,-496,-461,-498,-429,-429,-445,-459,-482,-418,-431,-469,-471,-495,-437,-477,-466,-415,-418,-393,-373,-346,-307,-315,-281,-265,-208,-201,-318,-302,-314,-339,-366,-425,-480,-562,-671,-783,-12516
0,0,2098,-74937,-384,-1090,-1064,-965,-920,-770,-756,-713,-656,-683,-653,-596,-580,-558,-587,-461,-462,-456,-2378,-2210,-1652,-1524,-1931,-1969,-1854,-1884,-1799,-1690,-1632,-1472,-1413,-1280,-1192,-1084,-962,-936,-831,-791,-720,-695,-651,-570,-574,-533,-514,-487,-445,-456,-496,-461,-498,-429,-429,-445,-459,-482,-418,-431,-469,-471,-495,-437,-477,-466,-415,-418,-393,-373,-346,-307,-315,-281,-265,-208,-201,-208,-281,-286,-309,-326,-379,-433,-507,-618,-716,-11506
0,0,2099,-73541,-384,-1090,-1064,-965,-920,-770,-756,-713,-656,-683,-653,-596,-580,-558,-587,-461,-462,-456,-2378,-2210,-1652,-1524,-1931,-1969,-1854,-1884,-1799,-1690,-1632,-1472,-1413,-1280,-1192,-1084,-962,-936,-831,-791,-720,-695,-651,-570,-574,-533,-514,-487,-445,-456,-496,-461,-498,-429,-429,-445,-459,-482,-418,-431,-469,-471,-495,-437,-477,-466,-415,-418,-393,-373,-346,-307,-315,-281,-265,-208,-201,-208,-170,-266,-281,-294,-336,-383,-455,-558,-659,-10563
0,0,2100,-72242,-384,-1090,-1064,-965,-920,-770,-756,-713,-656,-683,-653,-596,-580,-558,-587,-461,-462,-456,-2378,-2210,-1652,-1524,-1931,-1969,-1854,-1884,-1799,-1690,-1632,-1472,-1413,-1280,-1192,-1084,-962,-936,-831,-791,-720,-695,-651,-570,-574,-533,-514,-487,-445,-456,-496,-461,-498,-429,-429,-445,-459,-482,-418,-431,-469,-471,-495,-437,-477,-466,-415,-418,-393,-373,-346,-307,-315,-281,-265,-208,-201,-208,-170,-152,-259,-264,-302,-337,-399,-501,-593,-9689
0,1,2023,-363532,-146,-2921,-2817,-2686,-2490,-2301,-1957,-1732,-1485,-1255,-1164,-957,-859,-928,-1112,-1401,-1865,-2383,-4065,-4893,-5533,-6095,-6926,-6769,-6726,-6624,-6346,-6400,-6536,-6578,-6721,-6799,-7129,-7340,-7236,-7273,-7764,-8088,-8355,-8706,-8543,-8212,-7453,-6883,-5987,-5575,-5574,-5763,-6138,-6298,-6451,-6375,-6096,-5583,-4749,-4234,-3707,-3469,-3334,-3252,-3422,-3344,-3629,-3919,-3806,-3964,-3784,-3447,-3076,-2994,-2735,-2354,-2253,-2087,-1994,-1857,-1913,-1655,-1623,-1605,-1527,-1388,-1495,-1410,-1328,-7886
0,1,2024,-343834,-153,-482,-2433,-2294,-2153,-1992,-1718,-1569,-1330,-1168,-1066,-973,-834,-824,-1028,-1266,-1664,-2255,-3603,-4420,-4770,-5211,-5907,-6288,-6121,-5930,-5945,-5744,-5796,-5969,-5978,-6106,-6420,-6647,-6982,-6868,-7294,-7613,-8021,-8221,-8076,-7940,-7280,-6584,-6140,-5574,-5473,-5749,-6011,-6332,-6272,-6191,-5927,-5540,-4967,-4232,-3758,-3398,-3276,-3220,-3296,-3520,-3527,-3806,-3992,-3840,-3785,-3510,-3138,-2836,-2688,-2544,-2115,-2121,-1920,-1866,-1802,-1879,-1619,-1572,-1577,-1492,-1414,-1480,-1392,-8107
0,1,2025,-325125,-160,-491,-430,-1995,-1853,-1738,-1501,-1389,-1224,-1046,-1013,-909,-840,-821,-912,-1180,-1523,-1984,-3429,-3946,-4233,-4504,-5104,-5353,-5697,-5388,-5321,-5353,-5212,-5267,-5401,-5385,-5702,-5959,-6273,-6576,-6848,-7142,-7522,-7847,-7655,-7482,-7035,-6435,-5867,-5707,-5462,-5632,-5969,-6191,-6285,-5974,-5761,-5347,-4904,-4396,-3733,-3420,-3212,-3166,-3241,-3383,-3716,-3705,-3866,-3974,-3666,-3521,-3192,-2819,-2555,-2471,-2305,-1985,-1984,-1825,-1766,-1771,-1871,-1556,-1575,-1523,-1517,-1441,-1445,-8348
0,1,2026,-305551,-160,-491,-432,-347,-1602,-1485,-1295,-1194,-1075,-938,-893,-837,-719,-767,-847,-982,-1365,-1789,-3057,-3680,-3714,-3910,-4405,-4573,-4840,-4984,-4753,-4725,-4773,-4706,-4707,-4840,-4981,-5250,-5553,-5865,-6483,-6667,-7013,-7315,-7273,-7080,-6603,-6176,-5732,-5419,-5567,-5579,-5825,-6083,-6120,-5962,-5507,-5141,-4707,-4300,-3864,-3392,-3203,-3094,-3179,-3331,-3573,-3852,-3772,-3811,-3773,-3381,-3184,-2875,-2479,-2358,-2236,-2112,-1844,-1874,-1743,-1701,-1760,-1839,-1566,-1532,-1540,-1552,-1451,-8594
0,1,2027,-287907,-161,-492,-434,-349,-276,-1291,-1099,-1037,-915,-831,-799,-710,-644,-648,-761,-888,-1120,-1586,-2810,-3288,-3416,-3424,-3805,-3939,-4123,-4208,-4417,-4248,-4214,-4276,-4249,-4220,-4532,-4620,-4963,-5261,-5812,-6342,-6551,-6841,-6760,-6730,-6263,-5808,-5482,-5306,-5275,-5691,-5753,-5955,-6004,-5794,-5488,-4943,-4475,-4134,-3767,-3481,-3187,-3093,-3112,-3235,-3511,-3750,-3882,-3766,-3647,-3451,-3076,-2850,-2561,-2270,-2148,-2072,-1949,-1774,-1763,-1724,-1693,-1741,-1872,-1541,-1555,-1566,-1563,-8846
0,1,2028,-272487,-162,-492,-435,-351,-279,-251,-954,-886,-788,-658,-677,-650,-565,-584,-680,-783,-1009,-1304,-2600,-2997,-3068,-3113,-3409,-3415,-3571,-3609,-3740,-3913,-3831,-3824,-3837,-3849,-4010,-4194,-4388,-4706,-5314,-5715,-6259,-6418,-6354,-6261,-5935,-5540,-5168,-5066,-5159,-5381,-5872,-5864,-5880,-5681,-5349,-4900,-4345,-3913,-3612,-3423,-3239,-3077,-3110,-3189,-3400,-3678,-3819,-3846,-3610,-3386,-3112,-2795,-2522,-2368,-2053,-2007,-1894,-1865,-1730,-1736,-1751,-1705,-1801,-1874,-1581,-1591,-1577,-9180
0,1,2029,-258065,-162,-493,-436,-352,-280,-252,-146,-775,-665,-569,-615,-542,-487,-521,-606,-698,-878,-1173,-2288,-2794,-2753,-2846,-3130,-3087,-3117,-3131,-3214,-3330,-3472,-3479,-3469,-3438,-3623,-3726,-3953,-4154,-4717,-5207,-5668,-6128,-5966,-5904,-5532,-5233,-4953,-4762,-4917,-5245,-5532,-5950,-5756,-5547,-5201,-4762,-4274,-3801,-3409,-3257,-3189,-3117,-3091,-3177,-3355,-3562,-3750,-3792,-3655,-3342,-3043,-2791,-2481,-2294,-2160,-1917,-1876,-1808,-1768,-1723,-1746,-1762,-1788,-1821,-1942,-1632,-1607,-9501
0,1,2030,-245565,-163,-494,-437,-354,-284,-255,-147,-141,-587,-436,-527,-486,-417,-410,-520,-604,-770,-1014,-2144,-2482,-2547,-2508,-2898,-2866,-2848,-2727,-2828,-2904,-2991,-3149,-3201,-3148,-3276,-3353,-3545,-3755,-4231,-4644,-5192,-5603,-5711,-5571,-5255,-4914,-4687,-4595,-4618,-5008,-5401,-5624,-5834,-5428,-5088,-4642,-4138,-3752,-3311,-3090,-3048,-3059,-3143,-3171,-3367,-3533,-3659,-3741,-3625,-3373,-3029,-2734,-2473,-2253,-2065,-2013,-1813,-1842,-1764,-1744,-1754,-1747,-1842,-1824,-1897,-2022,-1656,-9821
0,1,2031,-235267,-162,-494,-438,-355,-284,-256,-151,-146,-109,-316,-456,-415,-358,-368,-444,-529,-686,-904,-1976,-2305,-2267,-2303,-2587,-2653,-2665,-2512,-2480,-2559,-2606,-2690,-2872,-2903,-3010,-3058,-3212,-3381,-3834,-4224,-4688,-5190,-5279,-5373,-4989,-4699,-4427,-4369,-4481,-4722,-5167,-5518,-5562,-5520,-5000,-4564,-4084,-3640,-3299,-3021,-2922,-2956,-3113,-3247,-3375,-3572,-3629,-3684,-3607,-3374,-3055,-2741,-2433,-2286,-2052,-1947,-1873,-1805,-1816,-1785,-1794,-1790,-1836,-1885,-1916,-1983,-2077,-10154
0,1,2032,-227568,-163,-494,-440,-357,-287,-259,-152,-147,-109,-131,-382,-355,-305,-316,-394,-464,-609,-818,-1862,-2160,-2082,-2084,-2392,-2392,-2488,-2360,-2308,-2314,-2349,-2368,-2451,-2634,-2821,-2829,-2956,-3092,-3496,-3831,-4310,-4747,-4911,-5033,-4839,-4489,-4251,-4138,-4276,-4595,-4886,-5299,-5468,-5295,-5101,-4504,-4034,-3620,-3219,-3028,-2881,-2873,-3029,-3255,-3486,-3609,-3699,-3648,-3575,-3385,-3088,-2788,-2482,-2269,-2127,-1969,-1873,-1854,-1832,-1864,-1862,-1851,-1904,-1900,-1994,-2018,-2040,-10919
0,1,2033,-221705,-163,-495,-441,-359,-288,-261,-157,-151,-113,-133,-105,-310,-259,-270,-343,-404,-537,-732,-1768,-2043,-1947,-1913,-2212,-2213,-2254,-2208,-2172,-2168,-2179,-2199,-2211,-2274,-2620,-2722,-2778,-2877,-3246,-3529,-3942,-4395,-4519,-4709,-4563,-4371,-4077,-3988,-4060,-4400,-4775,-5031,-5275,-5225,-4930,-4623,-4001,-3597,-3223,-2975,-2904,-2850,-2964,-3180,-3518,-3747,-3767,-3750,-3551,-3368,-3114,-2844,-2548,-2344,-2135,-2068,-1920,-1904,-1898,-1914,-1973,-1943,-1981,-1984,-2019,-2106,-2084,-11594
0,1,2034,-216039,-164,-495,-441,-360,-290,-263,-160,-152,-117,-135,-105,-93,-224,-234,-298,-346,-466,-648,-1668,-1939,-1825,-1780,-2048,-2047,-2092,-1996,-2033,-2042,-2043,-2039,-2050,-2046,-2274,-2524,-2671,-2697,-3025,-3270,-3631,-4025,-4178,-4336,-4269,-4123,-3969,-3825,-3916,-4181,-4574,-4916,-5009,-5040,-4866,-4466,-4105,-3565,-3199,-2977,-2854,-2872,-2941,-3111,-3435,-3782,-3913,-3820,-3651,-3345,-3099,-2867,-2600,-2406,-2207,-2077,-2021,-1955,-1949,-1983,-2028,-2061,-2078,-2065,-2108,-2129,-2173,-12239
0,1,2035,-210586,-163,-497,-443,-362,-291,-266,-161,-156,-120,-140,-111,-95,-45,-205,-263,-298,-397,-559,-1567,-1827,-1714,-1665,-1920,-1897,-1943,-1852,-1842,-1917,-1931,-1914,-1902,-1897,-2052,-2185,-2475,-2590,-2839,-3045,-3363,-3710,-3818,-4015,-3930,-3859,-3748,-3724,-3758,-4033,-4348,-4711,-4895,-4786,-4693,-4407,-3966,-3659,-3168,-2957,-2856,-2823,-2964,-3084,-3360,-3692,-3950,-3967,-3722,-3440,-3077,-2850,-2619,-2453,-2265,-2147,-2030,-2059,-2004,-2038,-2101,-2119,-2201,-2165,-2191,-2224,-2195,-12896
0,1,2036,-205297,-164,-497,-444,-365,-295,-267,-163,-158,-123,-143,-113,-98,-48,-45,-234,-255,-341,-477,-1463,-1714,-1597,-1555,-1808,-1782,-1806,-1721,-1713,-1741,-1812,-1806,-1781,-1754,-1907,-1972,-2140,-2394,-2728,-2851,-3128,-3442,-3512,-3676,-3638,-3556,-3505,-3516,-3659,-3874,-4194,-4479,-4691,-4677,-4457,-4252,-3915,-3533,-3254,-2928,-2835,-2825,-2914,-3109,-3331,-3609,-3855,-4007,-3867,-3508,-3164,-2829,-2605,-2471,-2312,-2205,-2102,-2068,-2112,-2096,-2161,-2197,-2262,-2295,-2296,-2310,-2293,-13498
0,1,2037,-200160,-166,-497,-445,-365,-294,-269,-168,-160,-124,-144,-116,-102,-52,-50,-76,-222,-290,-409,-1366,-1599,-1478,-1440,-1706,-1680,-1702,-1596,-1590,-1621,-1650,-1696,-1684,-1639,-1767,-1832,-1927,-2057,-2526,-2735,-2929,-3204,-3251,-3385,-3327,-3292,-3232,-3290,-3454,-3774,-4033,-4323,-4461,-4480,-4357,-4043,-3778,-3487,-3140,-3006,-2805,-2806,-2915,-3055,-3356,-3576,-3765,-3909,-3906,-3644,-3228,-2910,-2585,-2456,-2329,-2251,-2159,-2143,-2123,-2213,-2223,-2260,-2343,-2359,-2430,-2419,-2382,-14124
0,1,2038,-195177,-166,-498,-446,-368,-297,-271,-172,-164,-127,-146,-118,-106,-54,-53,-79,-47,-254,-350,-1287,-1490,-1358,-1324,-1597,-1588,-1611,-1506,-1482,-1510,-1537,-1541,-1581,-1545,-1658,-1696,-1788,-1845,-2175,-2528,-2811,-3002,-3019,-3140,-3062,-3014,-2993,-3034,-3229,-3564,-3925,-4158,-4305,-4260,-4176,-3951,-3590,-3363,-3096,-2901,-2881,-2774,-2895,-3059,-3298,-3602,-3730,-3817,-3809,-3682,-3356,-2970,-2661,-2438,-2316,-2270,-2206,-2200,-2200,-2224,-2346,-2325,-2411,-2444,-2495,-2557,-2493,-14762
0,1,2039,-190291,-166,-500,-447,-368,-298,-272,-172,-163,-131,-150,-120,-107,-57,-55,-84,-50,-46,-302,-1214,-1401,-1244,-1206,-1485,-1490,-1528,-1424,-1396,-1408,-1435,-1437,-1437,-1451,-1566,-1588,-1651,-1705,-1954,-2167,-2597,-2886,-2824,-2920,-2838,-2776,-2741,-2809,-2978,-3333,-3709,-4048,-4141,-4111,-3971,-3787,-3510,-3196,-2986,-2857,-2778,-2849,-2865,-3036,-3300,-3540,-3758,-3779,-3717,-3589,-3392,-3085,-2716,-2509,-2299,-2260,-2229,-2251,-2261,-2306,-2359,-2456,-2477,-2514,-2584,-2624,-2634,-15431
0,1,2040,-185546,-165,-501,-447,-370,-302,-275,-176,-167,-135,-155,-123,-109,-62,-58,-87,-55,-48,-53,-1158,-1320,-1151,-1094,-1375,-1391,-1444,-1353,-1327,-1329,-1342,-1340,-1337,-1309,-1470,-1499,-1544,-1570,-1809,-1937,-2223,-2667,-2711,-2737,-2638,-2574,-2528,-2573,-2759,-3077,-3467,-3826,-4032,-3954,-3833,-3604,-3366,-3125,-2836,-2756,-2737,-2746,-2940,-3004,-3279,-3542,-3690,-3806,-3681,-3505,-3306,-3118,-2822,-2561,-2366,-2243,-2220,-2274,-2314,-2369,-2447,-2469,-2615,-2583,-2657,-2716,-2702,-16161
0,1,2041,-181386,-168,-504,-453,-379,-312,-284,-187,-180,-146,-167,-139,-123,-76,-70,-99,-66,-61,-64,-874,-1266,-1074,-1012,-1276,-1301,-1362,-1292,-1274,-1275,-1281,-1263,-1261,-1229,-1344,-1416,-1464,-1471,-1677,-1798,-1999,-2298,-2509,-2632,-2478,-2403,-2352,-2379,-2531,-2854,-3204,-3581,-3814,-3855,-3692,-3483,-3205,-2999,-2775,-2620,-2642,-2708,-2838,-3088,-3252,-3523,-3697,-3737,-3708,-3470,-3228,-3040,-2857,-2660,-2417,-2309,-2207,-2266,-2342,-2428,-2515,-2564,-2628,-2726,-2727,-2792,-2795,-16871
0,1,2042,-177325,-170,-506,-458,-385,-318,-291,-200,-192,-159,-182,-152,-137,-88,-86,-114,-80,-73,-77,-883,-947,-1015,-939,-1199,-1217,-1283,-1223,-1220,-1225,-1230,-1207,-1194,-1155,-1262,-1295,-1378,-1397,-1573,-1661,-1852,-2065,-2150,-2437,-2386,-2260,-2197,-2213,-2339,-2621,-2975,-3310,-3570,-3643,-3597,-3354,-3099,-2856,-2664,-2564,-2510,-2613,-2798,-2981,-3340,-3494,-3677,-3744,-3642,-3496,-3195,-2965,-2787,-2692,-2513,-2357,-2272,-2254,-2333,-2460,-2578,-2637,-2726,-2743,-2875,-2862,-2874,-17584
0,1,2043,-173366,-171,-509,-462,-394,-325,-298,-213,-202,-171,-192,-163,-151,-101,-99,-125,-90,-82,-87,-893,-959,-681,-883,-1128,-1145,-1206,-1157,-1161,-1173,-1183,-1155,-1144,-1091,-1187,-1213,-1254,-1316,-1490,-1557,-1709,-1916,-1929,-2095,-2210,-2176,-2068,-2069,-2174,-2423,-2730,-3073,-3298,-3409,-3405,-3268,-2987,-2762,-2536,-2461,-2457,-2483,-2699,-2939,-3227,-3589,-3653,-3723,-3650,-3432,-3220,-2935,-2721,-2625,-2541,-2451,-2323,-2322,-2321,-2451,-2611,-2704,-2802,-2845,-2888,-3012,-2944,-18289
0,1,2044,-169566,-173,-512,-467,-400,-334,-307,-225,-213,-182,-203,-176,-162,-115,-114,-138,-103,-94,-96,-902,-969,-689,-562,-1073,-1084,-1146,-1097,-1103,-1117,-1131,-1111,-1099,-1040,-1121,-1139,-1171,-1194,-1401,-1471,-1598,-1768,-1787,-1880,-1903,-2019,-1992,-1946,-2032,-2252,-2527,-2821,-3063,-3150,-3188,-3094,-2913,-2661,-2450,-2344,-2357,-2430,-2565,-2838,-3186,-3472,-3750,-3702,-3632,-3440,-3162,-2955,-2693,-2562,-2479,-2478,-2417,-2371,-2391,-2439,-2604,-2738,-2871,-2929,-2994,-3027,-3096,-18966
0,1,2045,-165896,-175,-515,-472,-407,-343,-315,-235,-224,-192,-216,-188,-173,-127,-125,-153,-111,-102,-106,-912,-976,-695,-572,-773,-1041,-1089,-1046,-1047,-1059,-1079,-1065,-1059,-1001,-1069,-1073,-1097,-1115,-1268,-1380,-1507,-1653,-1646,-1742,-1709,-1740,-1851,-1877,-1912,-2102,-2346,-2608,-2811,-2924,-2948,-2900,-2761,-2598,-2358,-2266,-2247,-2334,-2509,-2695,-3076,-3428,-3630,-3800,-3615,-3425,-3171,-2899,-2714,-2536,-2419,-2417,-2445,-2466,-2440,-2511,-2590,-2731,-2905,-3002,-3080,-3135,-3109,-19713
0,1,2046,-162405,-177,-516,-475,-414,-350,-324,-245,-234,-205,-227,-198,-185,-139,-140,-167,-123,-112,-116,-922,-984,-707,-582,-779,-771,-1051,-1001,-1004,-1008,-1028,-1015,-1019,-961,-1021,-1024,-1030,-1045,-1186,-1244,-1416,-1557,-1538,-1607,-1587,-1568,-1598,-1742,-1842,-1978,-2193,-2425,-2599,-2685,-2739,-2683,-2590,-2460,-2302,-2181,-2170,-2221,-2410,-2638,-2929,-3311,-3589,-3679,-3710,-3411,-3156,-2908,-2664,-2553,-2395,-2359,-2386,-2496,-2538,-2565,-2669,-2720,-2895,-3033,-3151,-3226,-3222,-20382
0,1,2047,-159024,-178,-520,-480,-422,-359,-331,-256,-245,-215,-239,-210,-196,-152,-151,-180,-132,-123,-127,-931,-991,-711,-595,-788,-782,-813,-972,-967,-963,-978,-965,-974,-921,-980,-976,-974,-980,-1108,-1154,-1276,-1463,-1452,-1503,-1466,-1456,-1445,-1507,-1711,-1905,-2062,-2263,-2417,-2479,-2517,-2495,-2399,-2312,-2181,-2130,-2085,-2146,-2295,-2530,-2866,-3151,-3469,-3639,-3597,-3501,-3147,-2894,-2674,-2507,-2413,-2336,-2329,-2436,-2566,-2669,-2724,-2803,-2880,-3021,-3182,-3296,-3315,-21075
0,1,2048,-155734,-180,-521,-485,-426,-365,-340,-266,-253,-228,-250,-223,-206,-164,-163,-193,-143,-133,-133,-940,-999,-720,-603,-797,-794,-823,-765,-939,-929,-940,-917,-928,-878,-937,-937,-929,-932,-1035,-1076,-1182,-1318,-1359,-1415,-1370,-1348,-1345,-1361,-1478,-1767,-1987,-2127,-2257,-2305,-2329,-2295,-2233,-2144,-2048,-2019,-2037,-2065,-2217,-2409,-2752,-3085,-3303,-3520,-3559,-3397,-3229,-2886,-2663,-2514,-2368,-2353,-2307,-2380,-2506,-2700,-2835,-2863,-2968,-3007,-3168,-3326,-3384,-21756
0,1,2049,-152517,-181,-525,-489,-434,-373,-344,-276,-261,-238,-259,-232,-218,-176,-173,-201,-153,-140,-142,-947,-1009,-726,-613,-804,-803,-832,-780,-754,-901,-903,-879,-889,-835,-891,-892,-885,-888,-980,-1003,-1100,-1223,-1223,-1322,-1293,-1259,-1247,-1267,-1334,-1527,-1844,-2049,-2122,-2149,-2166,-2125,-2058,-1997,-1898,-1900,-1933,-2017,-2132,-2328,-2623,-2962,-3234,-3354,-3444,-3365,-3137,-2960,-2660,-2503,-2375,-2310,-2325,-2358,-2448,-2635,-2870,-2981,-3032,-3099,-3149,-3310,-3412,-22429
0,1,2050,-149397,-182,-526,-493,-439,-377,-351,-287,-269,-246,-269,-242,-228,-186,-185,-213,-163,-151,-154,-955,-1017,-732,-625,-814,-815,-842,-793,-769,-730,-879,-845,-857,-795,-843,-849,-838,-848,-929,-948,-1022,-1136,-1129,-1190,-1214,-1192,-1169,-1176,-1242,-1380,-1591,-1904,-2045,-2021,-2022,-1977,-1910,-1842,-1769,-1763,-1819,-1912,-2082,-2239,-2536,-2824,-3107,-3283,-3284,-3257,-3108,-2876,-2729,-2500,-2365,-2316,-2284,-2378,-2426,-2576,-2800,-3017,-3156,-3171,-3247,-3290,-3396,-23041
0,1,2051,-146325,-183,-528,-496,-445,-385,-356,-296,-280,-256,-281,-254,-239,-196,-196,-224,-170,-158,-163,-962,-1023,-739,-634,-821,-824,-850,-806,-779,-740,-713,-822,-829,-761,-800,-800,-790,-809,-884,-896,-962,-1056,-1050,-1101,-1093,-1121,-1109,-1105,-1149,-1284,-1440,-1643,-1897,-1947,-1904,-1849,-1781,-1709,-1630,-1644,-1691,-1801,-1975,-2184,-2443,-2732,-2962,-3153,-3218,-3107,-3011,-2852,-2654,-2562,-2360,-2307,-2292,-2336,-2445,-2554,-2737,-2945,-3193,-3304,-3321,-3391,-3373,-23560
0,1,2052,-143331,-186,-531,-500,-449,-390,-364,-306,-289,-265,-288,-265,-248,-207,-207,-236,-179,-168,-171,-971,-1029,-745,-642,-828,-833,-859,-820,-794,-751,-724,-663,-808,-733,-766,-760,-744,-761,-836,-852,-909,-992,-973,-1021,-1014,-1012,-1045,-1047,-1078,-1187,-1341,-1485,-1638,-1808,-1836,-1741,-1668,-1597,-1513,-1517,-1577,-1675,-1860,-2072,-2384,-2632,-2866,-3006,-3093,-3045,-2875,-2762,-2635,-2493,-2421,-2300,-2282,-2344,-2402,-2574,-2713,-2878,-3117,-3345,-3460,-3471,-3478,-23981
0,1,2053,-140393,-187,-534,-503,-457,-397,-370,-314,-298,-275,-300,-274,-257,-219,-216,-247,-190,-176,-178,-978,-1036,-752,-650,-836,-842,-870,-832,-807,-761,-736,-672,-655,-714,-734,-722,-698,-718,-786,-801,-861,-935,-918,-946,-942,-939,-948,-985,-1021,-1112,-1240,-1382,-1480,-1558,-1705,-1678,-1572,-1495,-1414,-1411,-1459,-1563,-1729,-1949,-2261,-2566,-2766,-2909,-2952,-2928,-2820,-2639,-2557,-2475,-2353,-2360,-2276,-2332,-2410,-2528,-2735,-2854,-3045,-3264,-3503,-3615,-3562,-24449
0,1,2054,-137513,-188,-536,-506,-462,-403,-376,-324,-306,-284,-307,-284,-267,-229,-230,-258,-198,-185,-186,-984,-1043,-756,-662,-841,-851,-878,-845,-821,-770,-746,-682,-669,-566,-712,-694,-663,-674,-734,-752,-808,-884,-865,-890,-877,-876,-883,-895,-961,-1053,-1162,-1278,-1377,-1407,-1475,-1561,-1518,-1412,-1324,-1321,-1356,-1447,-1614,-1808,-2127,-2434,-2698,-2810,-2858,-2796,-2713,-2588,-2444,-2399,-2336,-2294,-2336,-2325,-2397,-2536,-2689,-2879,-3018,-3189,-3416,-3661,-3711,-24935
0,1,2055,-134646,-188,-537,-510,-467,-410,-383,-333,-315,-294,-317,-294,-277,-238,-238,-268,-206,-192,-195,-991,-1050,-762,-670,-850,-860,-885,-859,-833,-781,-755,-691,-681,-580,-560,-674,-628,-641,-688,-700,-756,-828,-816,-838,-827,-816,-825,-834,-869,-991,-1100,-1198,-1276,-1310,-1336,-1355,-1416,-1363,-1249,-1241,-1271,-1347,-1492,-1686,-1974,-2286,-2557,-2739,-2764,-2710,-2591,-2489,-2398,-2293,-2264,-2275,-2269,-2386,-2386,-2525,-2697,-2828,-3043,-3160,-3336,-3570,-3759,-25506
0,1,2056,-131780,-190,-540,-514,-473,-415,-388,-342,-322,-300,-327,-302,-286,-249,-248,-277,-216,-199,-201,-998,-1057,-767,-679,-856,-868,-894,-869,-845,-790,-765,-701,-696,-593,-570,-523,-606,-614,-649,-649,-701,-772,-766,-787,-779,-771,-773,-781,-809,-896,-1035,-1133,-1197,-1211,-1246,-1229,-1233,-1273,-1208,-1173,-1195,-1262,-1389,-1556,-1842,-2121,-2400,-2594,-2694,-2622,-2514,-2379,-2310,-2249,-2163,-2205,-2250,-2316,-2451,-2512,-2685,-2838,-2990,-3187,-3304,-3485,-3665,-26051
0,1,2057,-128913,-191,-540,-518,-479,-421,-394,-347,-331,-310,-335,-311,-294,-258,-258,-287,-222,-208,-209,-1006,-1064,-773,-687,-863,-877,-902,-880,-857,-803,-775,-709,-706,-606,-578,-531,-453,-593,-615,-611,-650,-714,-715,-737,-739,-727,-733,-731,-756,-831,-936,-1064,-1131,-1134,-1154,-1148,-1123,-1115,-1128,-1134,-1130,-1187,-1303,-1446,-1702,-1975,-2225,-2433,-2553,-2555,-2434,-2307,-2211,-2167,-2122,-2105,-2179,-2296,-2377,-2581,-2671,-2825,-2998,-3131,-3331,-3452,-3578,-26437
0,1,2058,-126057,-194,-543,-520,-485,-426,-400,-359,-337,-319,-343,-321,-304,-268,-266,-296,-230,-214,-216,-1012,-1070,-779,-696,-870,-886,-909,-892,-869,-813,-784,-717,-719,-615,-587,-539,-458,-443,-591,-575,-610,-661,-660,-686,-692,-690,-694,-694,-705,-778,-869,-964,-1064,-1073,-1082,-1064,-1051,-1015,-984,-1060,-1093,-1124,-1224,-1354,-1583,-1823,-2073,-2255,-2397,-2423,-2373,-2235,-2146,-2072,-2043,-2064,-2081,-2223,-2355,-2503,-2745,-2812,-2985,-3142,-3270,-3479,-3542,-26677
0,1,2059,-123228,-195,-545,-524,-489,-432,-405,-365,-344,-328,-352,-327,-312,-277,-275,-306,-238,-222,-223,-1018,-1077,-784,-704,-877,-895,-917,-905,-879,-822,-793,-728,-731,-628,-595,-547,-468,-451,-431,-552,-572,-617,-611,-632,-648,-649,-660,-657,-669,-725,-812,-893,-963,-1008,-1026,-1000,-979,-951,-897,-931,-1024,-1088,-1159,-1270,-1480,-1693,-1912,-2100,-2221,-2272,-2252,-2178,-2083,-2012,-1953,-1985,-2040,-2122,-2279,-2478,-2660,-2891,-2974,-3130,-3283,-3416,-3571,-26841
0,1,2060,-120413,-196,-546,-527,-494,-439,-410,-375,-353,-335,-360,-338,-321,-285,-285,-314,-247,-229,-231,-1024,-1082,-790,-711,-883,-902,-926,-915,-892,-832,-802,-736,-742,-639,-604,-556,-473,-463,-437,-387,-545,-578,-571,-582,-601,-608,-622,-624,-631,-685,-757,-834,-893,-911,-966,-948,-922,-887,-839,-851,-900,-1018,-1120,-1200,-1390,-1581,-1774,-1933,-2070,-2107,-2111,-2066,-2031,-1952,-1895,-1898,-1963,-2080,-2171,-2397,-2634,-2803,-3056,-3121,-3271,-3430,-3505,-27000
0,1,2061,-117236,-196,-546,-527,-494,-439,-410,-375,-353,-335,-360,-338,-321,-285,-285,-314,-247,-229,-231,-1024,-1082,-790,-711,-883,-902,-926,-915,-892,-832,-802,-736,-742,-639,-604,-556,-473,-463,-437,-387,-367,-544,-527,-537,-551,-559,-580,-583,-595,-642,-711,-774,-832,-842,-873,-892,-874,-835,-780,-796,-822,-896,-1048,-1158,-1312,-1481,-1654,-1792,-1905,-1961,-1956,-1934,-1927,-1902,-1837,-1840,-1874,-2000,-2127,-2283,-2547,-2775,-2963,-3207,-3264,-3418,-3520,-27058
0,1,2062,-114117,-196,-546,-527,-494,-439,-410,-375,-353,-335,-360,-338,-321,-285,-285,-314,-247,-229,-231,-1024,-1082,-790,-711,-883,-902,-926,-915,-892,-832,-802,-736,-742,-639,-604,-556,-473,-463,-437,-387,-367,-365,-494,-496,-510,-515,-536,-544,-554,-604,-666,-727,-772,-782,-809,-809,-825,-793,-734,-742,-770,-819,-922,-1081,-1266,-1396,-1548,-1670,-1766,-1804,-1821,-1792,-1805,-1805,-1789,-1782,-1816,-1909,-2043,-2236,-2426,-2683,-2936,-3112,-3354,-3415,-3509,-27117
0,1,2063,-111046,-196,-546,-527,-494,-439,-410,-375,-353,-335,-360,-338,-321,-285,-285,-314,-247,-229,-231,-1024,-1082,-790,-711,-883,-902,-926,-915,-892,-832,-802,-736,-742,-639,-604,-556,-473,-463,-437,-387,-367,-365,-319,-465,-472,-478,-496,-502,-515,-563,-627,-681,-725,-725,-754,-751,-751,-749,-696,-700,-720,-768,-843,-946,-1182,-1347,-1459,-1561,-1646,-1673,-1676,-1668,-1674,-1690,-1697,-1737,-1757,-1849,-1948,-2147,-2376,-2555,-2840,-3085,-3257,-3508,-3509,-27146
0,1,2064,-108022,-196,-546,-527,-494,-439,-410,-375,-353,-335,-360,-338,-321,-285,-285,-314,-247,-229,-231,-1024,-1082,-790,-711,-883,-902,-926,-915,-892,-832,-802,-736,-742,-639,-604,-556,-473,-463,-437,-387,-367,-365,-319,-299,-443,-444,-462,-464,-474,-522,-583,-641,-678,-680,-701,-702,-700,-684,-656,-665,-680,-719,-791,-862,-1035,-1255,-1407,-1470,-1539,-1559,-1555,-1534,-1560,-1568,-1588,-1647,-1712,-1788,-1886,-2047,-2282,-2502,-2706,-2986,-3232,-3411,-3604,-27167
0,1,2065,-105037,-196,-546,-527,-494,-439,-410,-375,-353,-335,-360,-338,-321,-285,-285,-314,-247,-229,-231,-1024,-1082,-790,-711,-883,-902,-926,-915,-892,-832,-802,-736,-742,-639,-604,-556,-473,-463,-437,-387,-367,-365,-319,-299,-291,-418,-431,-432,-435,-480,-541,-596,-638,-635,-659,-654,-657,-639,-598,-629,-647,-679,-739,-806,-943,-1095,-1310,-1418,-1449,-1457,-1448,-1423,-1436,-1461,-1472,-1542,-1623,-1743,-1822,-1981,-2175,-2403,-2651,-2847,-3130,-3388,-3508,-27277
0,1,2066,-102081,-196,-546,-527,-494,-439,-410,-375,-353,-335,-360,-338,-321,-285,-285,-314,-247,-229,-231,-1024,-1082,-790,-711,-883,-902,-926,-915,-892,-832,-802,-736,-742,-639,-604,-556,-473,-463,-437,-387,-367,-365,-319,-299,-291,-280,-407,-402,-404,-440,-497,-553,-593,-596,-617,-617,-615,-601,-558,-576,-612,-647,-699,-751,-883,-996,-1140,-1319,-1399,-1372,-1354,-1325,-1334,-1346,-1370,-1428,-1519,-1652,-1775,-1912,-2104,-2290,-2546,-2790,-2986,-3284,-3488,-27282
0,1,2067,-99154,-196,-546,-527,-494,-439,-410,-375,-353,-335,-360,-338,-321,-285,-285,-314,-247,-229,-231,-1024,-1082,-790,-711,-883,-902,-926,-915,-892,-832,-802,-736,-742,-639,-604,-556,-473,-463,-437,-387,-367,-365,-319,-299,-291,-280,-281,-380,-375,-408,-456,-506,-550,-553,-581,-580,-581,-563,-523,-540,-563,-613,-665,-708,-824,-931,-1036,-1145,-1302,-1323,-1275,-1238,-1243,-1250,-1260,-1330,-1407,-1547,-1681,-1864,-2031,-2216,-2428,-2680,-2927,-3136,-3382,-27270
0,1,2068,-96248,-196,-546,-527,-494,-439,-410,-375,-353,-335,-360,-338,-321,-285,-285,-314,-247,-229,-231,-1024,-1082,-790,-711,-883,-902,-926,-915,-892,-832,-802,-736,-742,-639,-604,-556,-473,-463,-437,-387,-367,-365,-319,-299,-291,-280,-281,-260,-353,-378,-421,-464,-504,-511,-541,-547,-549,-534,-490,-508,-529,-564,-631,-673,-777,-866,-968,-1039,-1130,-1231,-1231,-1165,-1163,-1165,-1169,-1223,-1309,-1433,-1573,-1764,-1980,-2138,-2350,-2557,-2813,-3075,-3232,-27157
0,1,2069,-93358,-196,-546,-527,-494,-439,-410,-375,-353,-335,-360,-338,-321,-285,-285,-314,-247,-229,-231,-1024,-1082,-790,-711,-883,-902,-926,-915,-892,-832,-802,-736,-742,-639,-604,-556,-473,-463,-437,-387,-367,-365,-319,-299,-291,-280,-281,-260,-233,-355,-390,-429,-461,-467,-503,-512,-521,-506,-464,-477,-498,-531,-581,-636,-738,-815,-899,-970,-1026,-1068,-1145,-1125,-1096,-1090,-1088,-1134,-1203,-1334,-1454,-1651,-1873,-2084,-2270,-2476,-2685,-2958,-3171,-26898
0,1,2070,-90490,-196,-546,-527,-494,-439,-410,-375,-353,-335,-360,-338,-321,-285,-285,-314,-247,-229,-231,-1024,-1082,-790,-711,-883,-902,-926,-915,-892,-832,-802,-736,-742,-639,-604,-556,-473,-463,-437,-387,-367,-365,-319,-299,-291,-280,-281,-260,-233,-231,-366,-396,-426,-426,-462,-477,-489,-481,-439,-454,-470,-501,-546,-582,-698,-774,-845,-900,-959,-970,-993,-1047,-1059,-1027,-1017,-1056,-1114,-1226,-1351,-1526,-1753,-1971,-2212,-2394,-2601,-2825,-3052,-26598
0,1,2071,-87641,-196,-546,-527,-494,-439,-410,-375,-353,-335,-360,-338,-321,-285,-285,-314,-247,-229,-231,-1024,-1082,-790,-711,-883,-902,-926,-915,-892,-832,-802,-736,-742,-639,-604,-556,-473,-463,-437,-387,-367,-365,-319,-299,-291,-280,-281,-260,-233,-231,-236,-372,-394,-392,-424,-440,-459,-453,-417,-431,-447,-473,-515,-545,-639,-731,-802,-845,-890,-907,-902,-906,-986,-993,-957,-987,-1037,-1137,-1240,-1416,-1620,-1843,-2093,-2332,-2518,-2740,-2917,-26198
0,1,2072,-84826,-196,-546,-527,-494,-439,-410,-375,-353,-335,-360,-338,-321,-285,-285,-314,-247,-229,-231,-1024,-1082,-790,-711,-883,-902,-926,-915,-892,-832,-802,-736,-742,-639,-604,-556,-473,-463,-437,-387,-367,-365,-319,-299,-291,-280,-281,-260,-233,-231,-236,-237,-369,-361,-392,-406,-426,-426,-392,-411,-426,-451,-487,-513,-599,-667,-756,-801,-836,-841,-844,-823,-857,-925,-924,-928,-968,-1058,-1147,-1299,-1504,-1702,-1957,-2207,-2452,-2655,-2831,-25705
0,1,2073,-82059,-196,-546,-527,-494,-439,-410,-375,-353,-335,-360,-338,-321,-285,-285,-314,-247,-229,-231,-1024,-1082,-790,-711,-883,-902,-926,-915,-892,-832,-802,-736,-742,-639,-604,-556,-473,-463,-437,-387,-367,-365,-319,-299,-291,-280,-281,-260,-233,-231,-236,-237,-234,-337,-363,-378,-396,-398,-369,-389,-408,-430,-464,-482,-564,-622,-688,-755,-793,-789,-783,-770,-780,-804,-859,-896,-911,-989,-1066,-1201,-1379,-1578,-1807,-2062,-2321,-2587,-2746,-25181
0,1,2074,-79339,-196,-546,-527,-494,-439,-410,-375,-353,-335,-360,-338,-321,-285,-285,-314,-247,-229,-231,-1024,-1082,-790,-711,-883,-902,-926,-915,-892,-832,-802,-736,-742,-639,-604,-556,-473,-463,-437,-387,-367,-365,-319,-299,-291,-280,-281,-260,-233,-231,-236,-237,-234,-207,-342,-352,-372,-371,-343,-367,-387,-412,-443,-458,-530,-584,-641,-685,-748,-749,-735,-714,-731,-732,-744,-833,-878,-930,-994,-1116,-1275,-1446,-1676,-1904,-2167,-2449,-2675,-24635
0,1,2075,-76662,-196,-546,-527,-494,-439,-410,-375,-353,-335,-360,-338,-321,-285,-285,-314,-247,-229,-231,-1024,-1082,-790,-711,-883,-902,-926,-915,-892,-832,-802,-736,-742,-639,-604,-556,-473,-463,-437,-387,-367,-365,-319,-299,-291,-280,-281,-260,-233,-231,-236,-237,-234,-207,-221,-333,-349,-350,-320,-345,-367,-392,-424,-435,-504,-548,-601,-637,-679,-706,-698,-670,-679,-686,-675,-721,-816,-897,-933,-1040,-1183,-1334,-1536,-1766,-2000,-2287,-2534,-24075
0,1,2076,-74026,-196,-546,-527,-494,-439,-410,-375,-353,-335,-360,-338,-321,-285,-285,-314,-247,-229,-231,-1024,-1082,-790,-711,-883,-902,-926,-915,-892,-832,-802,-736,-742,-639,-604,-556,-473,-463,-437,-387,-367,-365,-319,-299,-291,-280,-281,-260,-233,-231,-236,-237,-234,-207,-221,-225,-332,-330,-301,-324,-346,-373,-403,-414,-478,-519,-562,-596,-632,-640,-659,-636,-639,-637,-632,-654,-705,-834,-899,-976,-1103,-1238,-1418,-1617,-1855,-2112,-2365,-23430
0,1,2077,-71444,-196,-546,-527,-494,-439,-410,-375,-353,-335,-360,-338,-321,-285,-285,-314,-247,-229,-231,-1024,-1082,-790,-711,-883,-902,-926,-915,-892,-832,-802,-736,-742,-639,-604,-556,-473,-463,-437,-387,-367,-365,-319,-299,-291,-280,-281,-260,-233,-231,-236,-237,-234,-207,-221,-225,-237,-315,-283,-306,-326,-352,-383,-392,-456,-491,-532,-556,-592,-596,-598,-600,-607,-600,-585,-612,-638,-721,-833,-940,-1035,-1152,-1315,-1493,-1697,-1960,-2185,-22689
0,1,2078,-68918,-196,-546,-527,-494,-439,-410,-375,-353,-335,-360,-338,-321,-285,-285,-314,-247,-229,-231,-1024,-1082,-790,-711,-883,-902,-926,-915,-892,-832,-802,-736,-742,-639,-604,-556,-473,-463,-437,-387,-367,-365,-319,-299,-291,-280,-281,-260,-233,-231,-236,-237,-234,-207,-221,-225,-237,-232,-270,-290,-310,-333,-362,-370,-431,-466,-501,-525,-553,-558,-556,-544,-574,-570,-549,-567,-596,-653,-716,-870,-996,-1079,-1224,-1384,-1567,-1794,-2028,-21846
0,1,2079,-66456,-196,-546,-527,-494,-439,-410,-375,-353,-335,-360,-338,-321,-285,-285,-314,-247,-229,-231,-1024,-1082,-790,-711,-883,-902,-926,-915,-892,-832,-802,-736,-742,-639,-604,-556,-473,-463,-437,-387,-367,-365,-319,-299,-291,-280,-281,-260,-233,-231,-236,-237,-234,-207,-221,-225,-237,-232,-197,-278,-295,-317,-342,-347,-407,-438,-475,-494,-522,-520,-521,-505,-522,-539,-521,-532,-551,-610,-646,-747,-923,-1039,-1147,-1287,-1451,-1657,-1857,-20933
0,1,2080,-64062,-196,-546,-527,-494,-439,-410,-375,-353,-335,-360,-338,-321,-285,-285,-314,-247,-229,-231,-1024,-1082,-790,-711,-883,-902,-926,-915,-892,-832,-802,-736,-742,-639,-604,-556,-473,-463,-437,-387,-367,-365,-319,-299,-291,-280,-281,-260,-233,-231,-236,-237,-234,-207,-221,-225,-237,-232,-197,-213,-284,-303,-326,-326,-381,-412,-446,-467,-491,-491,-486,-473,-486,-490,-491,-504,-516,-564,-601,-672,-791,-960,-1105,-1206,-1349,-1536,-1715,-19944
0,1,2081,-61739,-196,-546,-527,-494,-439,-410,-375,-353,-335,-360,-338,-321,-285,-285,-314,-247,-229,-231,-1024,-1082,-790,-711,-883,-902,-926,-915,-892,-832,-802,-736,-742,-639,-604,-556,-473,-463,-437,-387,-367,-365,-319,-299,-291,-280,-281,-260,-233,-231,-236,-237,-234,-207,-221,-225,-237,-232,-197,-213,-224,-292,-311,-308,-358,-384,-417,-436,-464,-461,-459,-441,-457,-457,-445,-475,-489,-529,-553,-624,-712,-820,-1022,-1161,-1263,-1428,-1589,-18914
0,1,2082,-59503,-196,-546,-527,-494,-439,-410,-375,-353,-335,-360,-338,-321,-285,-285,-314,-247,-229,-231,-1024,-1082,-790,-711,-883,-902,-926,-915,-892,-832,-802,-736,-742,-639,-604,-556,-473,-463,-437,-387,-367,-365,-319,-299,-291,-280,-281,-260,-233,-231,-236,-237,-234,-207,-221,-225,-237,-232,-197,-213,-224,-233,-300,-292,-338,-358,-387,-407,-434,-435,-431,-416,-427,-429,-413,-430,-460,-501,-517,-575,-660,-736,-873,-1073,-1216,-1338,-1478,-17876
0,1,2083,-57352,-196,-546,-527,-494,-439,-410,-375,-353,-335,-360,-338,-321,-285,-285,-314,-247,-229,-231,-1024,-1082,-790,-711,-883,-902,-926,-915,-892,-832,-802,-736,-742,-639,-604,-556,-473,-463,-437,-387,-367,-365,-319,-299,-291,-280,-281,-260,-233,-231,-236,-237,-234,-207,-221,-225,-237,-232,-197,-213,-224,-233,-239,-280,-320,-336,-359,-376,-405,-406,-407,-390,-404,-402,-387,-399,-415,-471,-487,-536,-607,-681,-783,-915,-1123,-1289,-1384,-16848
0,1,2084,-55293,-196,-546,-527,-494,-439,-410,-375,-353,-335,-360,-338,-321,-285,-285,-314,-247,-229,-231,-1024,-1082,-790,-711,-883,-902,-926,-915,-892,-832,-802,-736,-742,-639,-604,-556,-473,-463,-437,-387,-367,-365,-319,-299,-291,-280,-281,-260,-233,-231,-236,-237,-234,-207,-221,-225,-237,-232,-197,-213,-224,-233,-239,-214,-307,-317,-336,-347,-373,-378,-379,-367,-379,-380,-360,-373,-384,-426,-457,-505,-566,-625,-726,-821,-955,-1191,-1334,-15851
0,1,2085,-53327,-196,-546,-527,-494,-439,-410,-375,-353,-335,-360,-338,-321,-285,-285,-314,-247,-229,-231,-1024,-1082,-790,-711,-883,-902,-926,-915,-892,-832,-802,-736,-742,-639,-604,-556,-473,-463,-437,-387,-367,-365,-319,-299,-291,-280,-281,-260,-233,-231,-236,-237,-234,-207,-221,-225,-237,-232,-197,-213,-224,-233,-239,-214,-233,-302,-314,-323,-345,-348,-353,-342,-359,-357,-340,-348,-359,-395,-410,-472,-533,-580,-666,-760,-855,-1014,-1233,-14930
0,1,2086,-51447,-196,-546,-527,-494,-439,-410,-375,-353,-335,-360,-338,-321,-285,-285,-314,-247,-229,-231,-1024,-1082,-790,-711,-883,-902,-926,-915,-892,-832,-802,-736,-742,-639,-604,-556,-473,-463,-437,-387,-367,-365,-319,-299,-291,-280,-281,-260,-233,-231,-236,-237,-234,-207,-221,-225,-237,-232,-197,-213,-224,-233,-239,-214,-233,-219,-299,-301,-321,-321,-325,-318,-335,-337,-318,-328,-333,-369,-378,-423,-498,-545,-619,-696,-792,-910,-1049,-14024
0,1,2087,-49663,-196,-546,-527,-494,-439,-410,-375,-353,-335,-360,-338,-321,-285,-285,-314,-247,-229,-231,-1024,-1082,-790,-711,-883,-902,-926,-915,-892,-832,-802,-736,-742,-639,-604,-556,-473,-463,-437,-387,-367,-365,-319,-299,-291,-280,-281,-260,-233,-231,-236,-237,-234,-207,-221,-225,-237,-232,-197,-213,-224,-233,-239,-214,-233,-219,-209,-284,-299,-298,-299,-292,-312,-315,-299,-307,-313,-343,-350,-389,-445,-509,-582,-647,-725,-844,-942,-13052
0,1,2088,-47989,-196,-546,-527,-494,-439,-410,-375,-353,-335,-360,-338,-321,-285,-285,-314,-247,-229,-231,-1024,-1082,-790,-711,-883,-902,-926,-915,-892,-832,-802,-736,-742,-639,-604,-556,-473,-463,-437,-387,-367,-365,-319,-299,-291,-280,-281,-260,-233,-231,-236,-237,-234,-207,-221,-225,-237,-232,-197,-213,-224,-233,-239,-214,-233,-219,-209,-191,-283,-276,-277,-267,-288,-294,-278,-289,-292,-323,-323,-360,-409,-452,-543,-608,-673,-773,-874,-12099
0,1,2089,-46424,-196,-546,-527,-494,-439,-410,-375,-353,-335,-360,-338,-321,-285,-285,-314,-247,-229,-231,-1024,-1082,-790,-711,-883,-902,-926,-915,-892,-832,-802,-736,-742,-639,-604,-556,-473,-463,-437,-387,-367,-365,-319,-299,-291,-280,-281,-260,-233,-231,-236,-237,-234,-207,-221,-225,-237,-232,-197,-213,-224,-233,-239,-214,-233,-219,-209,-191,-189,-261,-258,-247,-265,-271,-258,-268,-275,-302,-302,-331,-378,-413,-483,-567,-631,-719,-801,-11197
0,1,2090,-44968,-196,-546,-527,-494,-439,-410,-375,-353,-335,-360,-338,-321,-285,-285,-314,-247,-229,-231,-1024,-1082,-790,-711,-883,-902,-926,-915,-892,-832,-802,-736,-742,-639,-604,-556,-473,-463,-437,-387,-367,-365,-319,-299,-291,-280,-281,-260,-233,-231,-236,-237,-234,-207,-221,-225,-237,-232,-197,-213,-224,-233,-239,-214,-233,-219,-209,-191,-189,-170,-243,-229,-247,-250,-236,-249,-254,-284,-281,-309,-348,-380,-442,-503,-588,-676,-744,-10338
0,1,2091,-43617,-196,-546,-527,-494,-439,-410,-375,-353,-335,-360,-338,-321,-285,-285,-314,-247,-229,-231,-1024,-1082,-790,-711,-883,-902,-926,-915,-892,-832,-802,-736,-742,-639,-604,-556,-473,-463,-437,-387,-367,-365,-319,-299,-291,-280,-281,-260,-233,-231,-236,-237,-234,-207,-221,-225,-237,-232,-197,-213,-224,-233,-239,-214,-233,-219,-209,-191,-189,-170,-157,-215,-230,-233,-216,-228,-236,-263,-262,-287,-324,-348,-407,-459,-521,-631,-700,-9533
0,1,2092,-42372,-196,-546,-527,-494,-439,-410,-375,-353,-335,-360,-338,-321,-285,-285,-314,-247,-229,-231,-1024,-1082,-790,-711,-883,-902,-926,-915,-892,-832,-802,-736,-742,-639,-604,-556,-473,-463,-437,-387,-367,-365,-319,-299,-291,-280,-281,-260,-233,-231,-236,-237,-234,-207,-221,-225,-237,-232,-197,-213,-224,-233,-239,-214,-233,-219,-209,-191,-189,-170,-157,-135,-217,-217,-200,-208,-215,-244,-241,-267,-300,-323,-373,-423,-474,-559,-653,-8799
0,1,2093,-41228,-196,-546,-527,-494,-439,-410,-375,-353,-335,-360,-338,-321,-285,-285,-314,-247,-229,-231,-1024,-1082,-790,-711,-883,-902,-926,-915,-892,-832,-802,-736,-742,-639,-604,-556,-473,-463,-437,-387,-367,-365,-319,-299,-291,-280,-281,-260,-233,-231,-236,-237,-234,-207,-221,-225,-237,-232,-197,-213,-224,-233,-239,-214,-233,-219,-209,-191,-189,-170,-157,-135,-142,-204,-184,-192,-196,-223,-222,-245,-279,-297,-346,-387,-436,-510,-579,-8127
0,1,2094,-40176,-196,-546,-527,-494,-439,-410,-375,-353,-335,-360,-338,-321,-285,-285,-314,-247,-229,-231,-1024,-1082,-790,-711,-883,-902,-926,-915,-892,-832,-802,-736,-742,-639,-604,-556,-473,-463,-437,-387,-367,-365,-319,-299,-291,-280,-281,-260,-233,-231,-236,-237,-234,-207,-221,-225,-237,-232,-197,-213,-224,-233,-239,-214,-233,-219,-209,-191,-189,-170,-157,-135,-142,-134,-173,-178,-180,-204,-200,-224,-256,-275,-318,-358,-397,-470,-528,-7480
0,1,2095,-39209,-196,-546,-527,-494,-439,-410,-375,-353,-335,-360,-338,-321,-285,-285,-314,-247,-229,-231,-1024,-1082,-790,-711,-883,-902,-926,-915,-892,-832,-802,-736,-742,-639,-604,-556,-473,-463,-437,-387,-367,-365,-319,-299,-291,-280,-281,-260,-233,-231,-236,-237,-234,-207,-221,-225,-237,-232,-197,-213,-224,-233,-239,-214,-233,-219,-209,-191,-189,-170,-157,-135,-142,-134,-106,-166,-165,-188,-180,-202,-234,-250,-295,-328,-367,-429,-487,-6877
0,1,2096,-38321,-196,-546,-527,-494,-439,-410,-375,-353,-335,-360,-338,-321,-285,-285,-314,-247,-229,-231,-1024,-1082,-790,-711,-883,-902,-926,-915,-892,-832,-802,-736,-742,-639,-604,-556,-473,-463,-437,-387,-367,-365,-319,-299,-291,-280,-281,-260,-233,-231,-236,-237,-234,-207,-221,-225,-237,-232,-197,-213,-224,-233,-239,-214,-233,-219,-209,-191,-189,-170,-157,-135,-142,-134,-106,-102,-154,-173,-164,-181,-209,-226,-268,-303,-335,-397,-445,-6323
0,1,2097,-37504,-196,-546,-527,-494,-439,-410,-375,-353,-335,-360,-338,-321,-285,-285,-314,-247,-229,-231,-1024,-1082,-790,-711,-883,-902,-926,-915,-892,-832,-802,-736,-742,-639,-604,-556,-473,-463,-437,-387,-367,-365,-319,-299,-291,-280,-281,-260,-233,-231,-236,-237,-234,-207,-221,-225,-237,-232,-197,-213,-224,-233,-239,-214,-233,-219,-209,-191,-189,-170,-157,-135,-142,-134,-106,-102,-91,-162,-149,-163,-187,-201,-243,-274,-308,-364,-411,-5808
0,1,2098,-36750,-196,-546,-527,-494,-439,-410,-375,-353,-335,-360,-338,-321,-285,-285,-314,-247,-229,-231,-1024,-1082,-790,-711,-883,-902,-926,-915,-892,-832,-802,-736,-742,-639,-604,-556,-473,-463,-437,-387,-367,-365,-319,-299,-291,-280,-281,-260,-233,-231,-236,-237,-234,-207,-221,-225,-237,-232,-197,-213,-224,-233,-239,-214,-233,-219,-209,-191,-189,-170,-157,-135,-142,-134,-106,-102,-91,-99,-137,-147,-169,-177,-215,-247,-277,-335,-376,-5337
0,1,2099,-36052,-196,-546,-527,-494,-439,-410,-375,-353,-335,-360,-338,-321,-285,-285,-314,-247,-229,-231,-1024,-1082,-790,-711,-883,-902,-926,-915,-892,-832,-802,-736,-742,-639,-604,-556,-473,-463,-437,-387,-367,-365,-319,-299,-291,-280,-281,-260,-233,-231,-236,-237,-234,-207,-221,-225,-237,-232,-197,-213,-224,-233,-239,-214,-233,-219,-209,-191,-189,-170,-157,-135,-142,-134,-106,-102,-91,-99,-72,-135,-152,-157,-189,-218,-248,-302,-346,-4900
0,1,2100,-35403,-196,-546,-527,-494,-439,-410,-375,-353,-335,-360,-338,-321,-285,-285,-314,-247,-229,-231,-1024,-1082,-790,-711,-883,-902,-926,-915,-892,-832,-802,-736,-742,-639,-604,-556,-473,-463,-437,-387,-367,-365,-319,-299,-291,-280,-281,-260,-233,-231,-236,-237,-234,-207,-221,-225,-237,-232,-197,-213,-224,-233,-239,-214,-233,-219,-209,-191,-189,-170,-157,-135,-142,-134,-106,-102,-91,-99,-72,-67,-139,-139,-168,-190,-216,-271,-311,-4497
0,2,2023,-303020,-136,-2649,-2655,-2546,-2385,-2134,-1938,-1768,-1549,-1152,-1117,-935,-958,-947,-1071,-1350,-1660,-2127,-3684,-4188,-4386,-4694,-5214,-5149,-4539,-4615,-4461,-4682,-5073,-5264,-5571,-5684,-5847,-5493,-5266,-5011,-4887,-5252,-5261,-5374,-5550,-5401,-5083,-4864,-4390,-4367,-4512,-4718,-5087,-5238,-5396,-5303,-5098,-4517,-3988,-3689,-3310,-3299,-3511,-3574,-3677,-3787,-4072,-4189,-4212,-4093,-3814,-3527,-3231,-2868,-2659,-2334,-2312,-2271,-1904,-1737,-1764,-1404,-1359,-1284,-1227,-1176,-1245,-1363,-1411,-10533
0,2,2024,-287385,-141,-447,-2313,-2178,-2069,-1843,-1694,-1588,-1390,-1056,-1016,-923,-895,-872,-979,-1222,-1546,-1956,-3427,-3695,-3918,-4134,-4527,-4661,-4348,-4073,-4133,-4191,-4566,-4809,-5015,-5223,-5232,-5293,-4952,-4833,-4758,-4899,-5060,-5282,-5220,-5200,-5011,-4731,-4499,-4273,-4494,-4708,-4968,-5274,-5288,-5191,-4890,-4631,-4063,-3662,-3376,-3189,-3264,-3477,-3680,-3716,-3942,-4160,-4109,-4115,-3830,-3488,-3075,-2887,-2524,-2345,-2098,-2097,-2053,-1760,-1572,-1612,-1287,-1315,-1258,-1283,-1269,-1333,-1427,-10584
0,2,2025,-272991,-148,-460,-460,-1904,-1784,-1602,-1478,-1398,-1252,-951,-1006,-838,-899,-816,-914,-1090,-1392,-1777,-3260,-3369,-3402,-3679,-4004,-4080,-3929,-3949,-3699,-3860,-4098,-4333,-4549,-4729,-4837,-4747,-4807,-4534,-4605,-4744,-4760,-5066,-5131,-4897,-4817,-4657,-4375,-4370,-4394,-4665,-4950,-5143,-5309,-5078,-4776,-4430,-4168,-3712,-3305,-3183,-3135,-3215,-3534,-3754,-3844,-4036,-4098,-3951,-3802,-3483,-3068,-2701,-2539,-2198,-2177,-1885,-1908,-1863,-1585,-1464,-1508,-1240,-1304,-1305,-1382,-1365,-1431,-10647
0,2,2026,-257540,-149,-462,-461,-357,-1554,-1358,-1271,-1204,-1092,-828,-852,-827,-783,-773,-808,-974,-1198,-1565,-2992,-3155,-3025,-3115,-3566,-3536,-3413,-3552,-3559,-3472,-3756,-3846,-4106,-4226,-4333,-4355,-4318,-4367,-4298,-4555,-4567,-4739,-4877,-4765,-4515,-4422,-4282,-4215,-4437,-4555,-4873,-5081,-5149,-5063,-4643,-4278,-3945,-3786,-3333,-3092,-3062,-3071,-3256,-3530,-3894,-3913,-3967,-3955,-3637,-3406,-3023,-2678,-2355,-2188,-1998,-1964,-1710,-1723,-1659,-1459,-1360,-1455,-1215,-1351,-1389,-1475,-1462,-10707
0,2,2027,-243490,-149,-463,-462,-358,-298,-1172,-1080,-1042,-933,-701,-754,-664,-759,-666,-730,-851,-1052,-1337,-2742,-2874,-2808,-2774,-3032,-3177,-2945,-3106,-3213,-3333,-3370,-3549,-3624,-3809,-3893,-3898,-3927,-3966,-4088,-4310,-4359,-4569,-4570,-4506,-4374,-4153,-4061,-4113,-4282,-4589,-4773,-5004,-5095,-4904,-4617,-4144,-3779,-3560,-3370,-3125,-2979,-2989,-3126,-3291,-3663,-3978,-3896,-3806,-3653,-3271,-2958,-2637,-2332,-2029,-2005,-1804,-1773,-1575,-1547,-1531,-1368,-1340,-1445,-1264,-1446,-1488,-1586,-10854
0,2,2028,-231210,-150,-465,-463,-360,-298,-180,-939,-891,-783,-591,-644,-594,-640,-641,-648,-755,-920,-1174,-2510,-2604,-2565,-2561,-2793,-2732,-2655,-2731,-2844,-2996,-3281,-3178,-3345,-3399,-3492,-3512,-3536,-3586,-3771,-4078,-4155,-4338,-4423,-4240,-4121,-4019,-3823,-3913,-4177,-4429,-4812,-4916,-5014,-4865,-4475,-4130,-3657,-3409,-3152,-3111,-3027,-2900,-3037,-3171,-3472,-3768,-3938,-3802,-3486,-3269,-2830,-2560,-2302,-2026,-1858,-1817,-1676,-1627,-1442,-1443,-1424,-1342,-1358,-1514,-1368,-1540,-1595,-11134
0,2,2029,-219676,-150,-465,-464,-361,-301,-183,-163,-784,-678,-401,-634,-527,-573,-562,-608,-674,-796,-1019,-2317,-2351,-2291,-2357,-2581,-2543,-2302,-2431,-2521,-2683,-2927,-3092,-3062,-3139,-3161,-3165,-3202,-3249,-3392,-3779,-3920,-4158,-4182,-4078,-3891,-3769,-3686,-3685,-3982,-4319,-4631,-4940,-4912,-4764,-4430,-3988,-3630,-3278,-3007,-2913,-2952,-2936,-2978,-3084,-3346,-3599,-3736,-3797,-3494,-3108,-2802,-2430,-2199,-1949,-1857,-1690,-1665,-1573,-1467,-1349,-1338,-1378,-1339,-1442,-1637,-1485,-1640,-11355
0,2,2030,-209649,-150,-466,-465,-362,-302,-183,-166,-180,-599,-304,-482,-490,-523,-481,-526,-604,-710,-883,-2170,-2159,-2044,-2096,-2423,-2367,-2139,-2159,-2222,-2386,-2628,-2777,-2956,-2918,-2953,-2895,-2881,-2971,-3089,-3422,-3626,-3913,-4038,-3864,-3735,-3576,-3464,-3549,-3762,-4137,-4539,-4769,-4950,-4677,-4335,-3950,-3509,-3245,-2893,-2777,-2807,-2882,-3005,-3069,-3304,-3484,-3614,-3639,-3496,-3117,-2658,-2376,-2098,-1866,-1761,-1685,-1581,-1558,-1431,-1359,-1275,-1298,-1371,-1438,-1599,-1799,-1610,-11630
0,2,2031,-201618,-151,-467,-466,-363,-307,-186,-168,-180,-155,-213,-441,-404,-476,-434,-460,-531,-637,-792,-2047,-2032,-1895,-1912,-2196,-2250,-2008,-2029,-1995,-2114,-2327,-2439,-2678,-2785,-2738,-2698,-2664,-2676,-2828,-3139,-3302,-3648,-3793,-3761,-3567,-3442,-3300,-3368,-3633,-3919,-4365,-4700,-4807,-4732,-4283,-3875,-3492,-3155,-2868,-2693,-2691,-2768,-3007,-3133,-3322,-3500,-3524,-3556,-3389,-3125,-2677,-2294,-2036,-1825,-1705,-1612,-1566,-1504,-1439,-1345,-1280,-1279,-1317,-1467,-1610,-1774,-1975,-11914
0,2,2032,-195913,-151,-468,-466,-365,-308,-188,-171,-184,-158,-51,-380,-355,-419,-381,-405,-471,-566,-719,-1953,-1925,-1772,-1780,-2062,-2071,-1903,-1930,-1887,-1946,-2126,-2163,-2325,-2580,-2620,-2532,-2485,-2489,-2580,-2885,-3046,-3346,-3561,-3537,-3484,-3316,-3186,-3223,-3477,-3804,-4151,-4531,-4747,-4604,-4338,-3844,-3431,-3157,-2806,-2684,-2634,-2685,-2925,-3163,-3430,-3555,-3590,-3510,-3333,-3076,-2686,-2337,-2034,-1791,-1732,-1601,-1550,-1509,-1423,-1379,-1306,-1303,-1342,-1457,-1655,-1804,-1954,-12656
0,2,2033,-191663,-152,-469,-466,-366,-311,-190,-173,-185,-160,-55,-85,-310,-369,-333,-349,-410,-503,-647,-1879,-1832,-1681,-1672,-1939,-1961,-1760,-1833,-1799,-1837,-1995,-2024,-2093,-2259,-2482,-2446,-2363,-2339,-2403,-2663,-2799,-3103,-3280,-3330,-3295,-3246,-3081,-3118,-3343,-3656,-4046,-4321,-4592,-4559,-4232,-3904,-3420,-3114,-2823,-2644,-2646,-2651,-2866,-3110,-3486,-3692,-3663,-3603,-3325,-3043,-2683,-2363,-2094,-1830,-1730,-1667,-1575,-1536,-1459,-1403,-1363,-1357,-1385,-1504,-1673,-1875,-2010,-13372
0,2,2034,-187561,-152,-471,-468,-368,-313,-191,-174,-188,-161,-58,-90,-63,-330,-288,-307,-356,-439,-576,-1800,-1753,-1586,-1583,-1839,-1851,-1663,-1702,-1706,-1750,-1883,-1888,-1956,-2032,-2174,-2319,-2282,-2225,-2255,-2487,-2576,-2855,-3041,-3066,-3100,-3070,-3016,-3022,-3238,-3514,-3888,-4212,-4381,-4410,-4191,-3809,-3473,-3104,-2785,-2662,-2606,-2662,-2829,-3047,-3431,-3755,-3808,-3676,-3412,-3035,-2651,-2356,-2115,-1885,-1768,-1667,-1644,-1561,-1486,-1438,-1385,-1414,-1441,-1552,-1727,-1897,-2089,-14084
0,2,2035,-183567,-153,-471,-470,-368,-315,-193,-179,-190,-163,-60,-90,-66,-118,-253,-266,-310,-380,-504,-1719,-1665,-1506,-1491,-1758,-1761,-1564,-1614,-1584,-1656,-1792,-1774,-1819,-1894,-1956,-2028,-2162,-2147,-2142,-2332,-2400,-2630,-2800,-2839,-2850,-2888,-2850,-2957,-3138,-3405,-3740,-4047,-4274,-4207,-4054,-3772,-3389,-3151,-2780,-2626,-2623,-2623,-2842,-3010,-3363,-3696,-3875,-3820,-3482,-3115,-2642,-2329,-2109,-1907,-1822,-1707,-1647,-1631,-1511,-1464,-1420,-1435,-1502,-1613,-1782,-1959,-2113,-14815
0,2,2036,-179688,-153,-472,-469,-370,-317,-197,-181,-192,-165,-63,-94,-69,-121,-67,-232,-269,-332,-437,-1641,-1578,-1416,-1412,-1674,-1686,-1485,-1522,-1496,-1532,-1697,-1683,-1707,-1763,-1825,-1822,-1887,-2030,-2065,-2221,-2249,-2451,-2581,-2607,-2639,-2658,-2679,-2793,-3071,-3304,-3626,-3893,-4107,-4103,-3865,-3650,-3357,-3078,-2824,-2625,-2591,-2641,-2799,-3025,-3322,-3625,-3813,-3887,-3619,-3180,-2714,-2318,-2083,-1901,-1844,-1760,-1690,-1635,-1579,-1487,-1445,-1470,-1524,-1680,-1852,-2020,-2183,-15499
0,2,2037,-175924,-153,-473,-471,-373,-321,-198,-183,-194,-168,-68,-98,-71,-122,-68,-58,-238,-288,-383,-1566,-1491,-1329,-1329,-1603,-1612,-1418,-1451,-1410,-1446,-1569,-1587,-1612,-1651,-1697,-1699,-1692,-1765,-1949,-2144,-2134,-2301,-2404,-2399,-2426,-2463,-2461,-2621,-2903,-3230,-3519,-3777,-3954,-3943,-3769,-3481,-3250,-3050,-2757,-2665,-2594,-2609,-2820,-2980,-3337,-3583,-3741,-3825,-3682,-3304,-2773,-2379,-2073,-1879,-1842,-1786,-1742,-1679,-1583,-1553,-1467,-1495,-1560,-1704,-1928,-2102,-2252,-16197
0,2,2038,-172227,-153,-474,-472,-372,-321,-200,-186,-195,-169,-72,-101,-73,-124,-71,-60,-62,-254,-331,-1504,-1410,-1237,-1242,-1525,-1548,-1356,-1388,-1338,-1360,-1481,-1456,-1517,-1560,-1589,-1579,-1576,-1578,-1690,-2027,-2055,-2186,-2258,-2231,-2234,-2266,-2278,-2410,-2725,-3053,-3442,-3665,-3834,-3795,-3622,-3395,-3101,-2955,-2736,-2607,-2633,-2612,-2786,-3000,-3288,-3600,-3698,-3755,-3625,-3360,-2881,-2430,-2127,-1870,-1822,-1787,-1772,-1730,-1627,-1558,-1531,-1515,-1588,-1746,-1955,-2189,-2343,-16900
0,2,2039,-168610,-154,-475,-473,-375,-323,-202,-190,-200,-171,-75,-105,-77,-129,-74,-63,-64,-64,-294,-1449,-1344,-1157,-1156,-1447,-1480,-1300,-1333,-1282,-1290,-1391,-1365,-1385,-1465,-1503,-1479,-1463,-1468,-1506,-1764,-1937,-2105,-2144,-2090,-2078,-2088,-2093,-2231,-2507,-2864,-3252,-3581,-3723,-3679,-3485,-3263,-3026,-2823,-2651,-2589,-2576,-2654,-2788,-2964,-3309,-3548,-3714,-3711,-3558,-3308,-2930,-2526,-2176,-1921,-1815,-1768,-1776,-1761,-1678,-1599,-1534,-1579,-1609,-1775,-2001,-2222,-2442,-17624
0,2,2040,-165000,-155,-475,-475,-377,-325,-204,-191,-202,-172,-77,-108,-79,-130,-78,-68,-64,-68,-82,-1408,-1285,-1087,-1077,-1366,-1409,-1239,-1280,-1227,-1234,-1318,-1277,-1297,-1340,-1415,-1398,-1369,-1359,-1397,-1580,-1676,-1988,-2067,-1981,-1949,-1943,-1927,-2052,-2322,-2633,-3051,-3382,-3640,-3570,-3379,-3141,-2910,-2758,-2534,-2511,-2560,-2598,-2830,-2965,-3266,-3569,-3660,-3728,-3514,-3244,-2883,-2567,-2259,-1963,-1864,-1763,-1757,-1767,-1707,-1648,-1572,-1580,-1675,-1794,-2034,-2274,-2477,-18376
0,2,2041,-161931,-156,-479,-479,-380,-335,-214,-204,-211,-182,-92,-119,-92,-140,-91,-81,-74,-79,-93,-1181,-1246,-1031,-1020,-1300,-1346,-1187,-1237,-1190,-1189,-1269,-1216,-1217,-1261,-1302,-1322,-1301,-1283,-1301,-1478,-1500,-1733,-1961,-1918,-1855,-1829,-1800,-1896,-2143,-2446,-2811,-3177,-3443,-3494,-3283,-3050,-2805,-2658,-2480,-2407,-2489,-2587,-2773,-3012,-3265,-3524,-3683,-3676,-3534,-3206,-2828,-2526,-2295,-2045,-1906,-1813,-1758,-1754,-1717,-1679,-1624,-1619,-1677,-1871,-2059,-2315,-2538,-19091
0,2,2042,-158911,-160,-484,-482,-390,-346,-223,-216,-220,-191,-108,-135,-104,-151,-103,-92,-83,-88,-100,-1192,-998,-992,-967,-1246,-1287,-1134,-1191,-1149,-1151,-1221,-1167,-1157,-1190,-1226,-1215,-1233,-1220,-1223,-1378,-1400,-1553,-1711,-1816,-1797,-1740,-1695,-1771,-1981,-2255,-2610,-2925,-3236,-3307,-3215,-2967,-2726,-2566,-2389,-2356,-2391,-2518,-2760,-2949,-3319,-3521,-3635,-3699,-3487,-3222,-2798,-2476,-2260,-2080,-1984,-1853,-1808,-1753,-1705,-1685,-1652,-1671,-1718,-1869,-2144,-2343,-2585,-19797
0,2,2043,-155917,-162,-487,-488,-394,-358,-237,-226,-231,-200,-123,-146,-115,-160,-116,-109,-92,-99,-109,-1203,-1005,-739,-930,-1197,-1242,-1085,-1146,-1105,-1111,-1179,-1120,-1108,-1127,-1152,-1142,-1132,-1155,-1161,-1293,-1302,-1448,-1535,-1580,-1706,-1685,-1612,-1665,-1850,-2085,-2410,-2712,-2983,-3105,-3039,-2905,-2652,-2494,-2309,-2274,-2342,-2419,-2686,-2934,-3247,-3576,-3628,-3653,-3509,-3178,-2812,-2447,-2215,-2049,-2020,-1928,-1847,-1801,-1707,-1671,-1656,-1698,-1775,-1914,-2144,-2443,-2617,-20466
0,2,2044,-152952,-164,-492,-491,-399,-365,-241,-236,-238,-210,-137,-157,-125,-171,-124,-121,-100,-108,-118,-1213,-1013,-748,-682,-1165,-1200,-1047,-1101,-1063,-1066,-1136,-1078,-1061,-1081,-1092,-1071,-1063,-1061,-1094,-1228,-1220,-1345,-1429,-1413,-1486,-1596,-1563,-1587,-1738,-1947,-2229,-2501,-2771,-2860,-2856,-2750,-2597,-2428,-2248,-2198,-2264,-2372,-2579,-2852,-3226,-3497,-3688,-3645,-3464,-3202,-2773,-2461,-2189,-2008,-1990,-1964,-1922,-1841,-1754,-1671,-1640,-1700,-1800,-1976,-2193,-2442,-2728,-21089
0,2,2045,-150089,-165,-495,-494,-405,-372,-251,-246,-248,-218,-149,-170,-138,-179,-138,-131,-110,-118,-124,-1223,-1022,-758,-693,-936,-1167,-1013,-1067,-1024,-1023,-1088,-1032,-1022,-1033,-1043,-1014,-998,-998,-1000,-1157,-1155,-1261,-1330,-1316,-1333,-1391,-1483,-1536,-1652,-1829,-2084,-2313,-2558,-2653,-2631,-2586,-2460,-2377,-2193,-2139,-2190,-2290,-2529,-2736,-3133,-3471,-3605,-3704,-3457,-3162,-2797,-2426,-2200,-1986,-1953,-1937,-1961,-1916,-1793,-1718,-1643,-1683,-1801,-2001,-2265,-2500,-2728,-21762
0,2,2046,-147255,-166,-499,-496,-410,-381,-262,-262,-258,-225,-165,-181,-150,-189,-147,-140,-118,-126,-135,-1234,-1032,-763,-705,-947,-968,-986,-1038,-992,-987,-1039,-988,-975,-994,-998,-966,-941,-938,-937,-1060,-1086,-1191,-1248,-1220,-1241,-1250,-1292,-1459,-1596,-1739,-1959,-2155,-2367,-2446,-2442,-2385,-2314,-2256,-2145,-2085,-2133,-2217,-2439,-2677,-3000,-3367,-3573,-3620,-3513,-3158,-2763,-2446,-2167,-1997,-1932,-1900,-1931,-1952,-1868,-1755,-1687,-1677,-1780,-2001,-2295,-2582,-2792,-22359
0,2,2047,-144528,-169,-502,-500,-415,-388,-270,-271,-266,-234,-178,-193,-161,-198,-159,-151,-127,-133,-141,-1242,-1039,-772,-712,-955,-976,-813,-1016,-963,-955,-997,-941,-931,-951,-958,-925,-903,-889,-874,-996,-991,-1116,-1179,-1138,-1155,-1167,-1159,-1270,-1512,-1683,-1864,-2026,-2211,-2264,-2252,-2217,-2138,-2124,-2034,-2041,-2085,-2163,-2362,-2584,-2937,-3222,-3464,-3590,-3433,-3209,-2766,-2417,-2185,-1971,-1943,-1879,-1901,-1926,-1905,-1829,-1729,-1725,-1776,-1979,-2291,-2616,-2885,-22951
0,2,2048,-141790,-170,-508,-501,-421,-395,-274,-281,-274,-241,-190,-203,-171,-207,-168,-159,-135,-141,-150,-1251,-1047,-781,-721,-964,-983,-822,-858,-946,-926,-962,-895,-884,-906,-914,-886,-859,-849,-824,-930,-928,-1019,-1108,-1076,-1084,-1084,-1083,-1143,-1317,-1596,-1804,-1926,-2080,-2109,-2082,-2046,-1989,-1966,-1917,-1936,-2041,-2112,-2304,-2498,-2831,-3150,-3313,-3480,-3409,-3140,-2812,-2423,-2162,-1988,-1917,-1890,-1880,-1893,-1879,-1863,-1798,-1766,-1828,-1972,-2265,-2612,-2924,-23550
0,2,2049,-139117,-172,-510,-505,-424,-404,-285,-289,-283,-249,-202,-214,-180,-215,-177,-173,-142,-153,-158,-1262,-1054,-787,-731,-972,-993,-834,-868,-794,-908,-931,-861,-838,-858,-870,-846,-825,-811,-783,-875,-864,-948,-1011,-1011,-1027,-1019,-1007,-1069,-1186,-1390,-1711,-1859,-1977,-1982,-1943,-1896,-1839,-1832,-1774,-1820,-1935,-2067,-2249,-2433,-2735,-3037,-3236,-3327,-3303,-3119,-2753,-2463,-2168,-1968,-1933,-1864,-1892,-1874,-1849,-1837,-1833,-1839,-1872,-2031,-2259,-2584,-2921,-24135
0,2,2050,-136471,-174,-514,-509,-429,-415,-293,-298,-293,-257,-216,-225,-190,-224,-187,-184,-149,-158,-161,-1270,-1062,-796,-737,-978,-999,-842,-880,-807,-756,-912,-833,-806,-817,-824,-800,-788,-783,-748,-831,-813,-881,-946,-922,-967,-962,-946,-993,-1105,-1249,-1496,-1760,-1911,-1881,-1827,-1773,-1706,-1698,-1651,-1686,-1821,-1961,-2201,-2374,-2661,-2929,-3116,-3252,-3160,-3025,-2740,-2413,-2203,-1973,-1913,-1879,-1867,-1886,-1830,-1805,-1807,-1873,-1949,-2077,-2323,-2576,-2889,-24650
0,2,2051,-133859,-177,-517,-513,-436,-422,-300,-309,-298,-264,-225,-234,-199,-232,-198,-194,-157,-170,-169,-1281,-1069,-804,-745,-985,-1007,-853,-889,-819,-768,-753,-812,-774,-783,-783,-759,-750,-745,-717,-791,-770,-826,-879,-857,-884,-905,-896,-931,-1027,-1166,-1347,-1533,-1812,-1819,-1736,-1668,-1596,-1579,-1532,-1571,-1686,-1843,-2087,-2323,-2595,-2850,-3004,-3133,-3089,-2897,-2662,-2401,-2160,-2008,-1917,-1854,-1879,-1861,-1842,-1786,-1775,-1845,-1986,-2164,-2379,-2652,-2880,-25066
0,2,2052,-131298,-177,-520,-517,-441,-429,-307,-316,-304,-271,-238,-243,-209,-239,-207,-203,-164,-177,-177,-1288,-1076,-810,-754,-993,-1013,-861,-897,-828,-778,-762,-650,-755,-755,-748,-717,-707,-713,-681,-757,-733,-783,-827,-794,-826,-826,-844,-883,-961,-1087,-1258,-1378,-1583,-1724,-1678,-1588,-1504,-1480,-1424,-1459,-1575,-1708,-1961,-2200,-2538,-2775,-2920,-3022,-2976,-2833,-2552,-2336,-2152,-1968,-1949,-1855,-1858,-1872,-1818,-1799,-1756,-1810,-1956,-2204,-2478,-2716,-2966,-25423
0,2,2053,-128800,-179,-522,-519,-442,-436,-313,-325,-313,-276,-247,-254,-217,-247,-216,-212,-169,-185,-183,-1296,-1085,-815,-763,-1000,-1022,-871,-909,-840,-790,-771,-663,-594,-735,-717,-688,-672,-674,-646,-719,-699,-744,-782,-745,-769,-773,-771,-834,-906,-1016,-1173,-1283,-1426,-1502,-1591,-1537,-1432,-1398,-1334,-1357,-1463,-1593,-1817,-2068,-2406,-2716,-2839,-2937,-2870,-2730,-2499,-2242,-2096,-1961,-1910,-1885,-1854,-1848,-1829,-1775,-1767,-1789,-1919,-2168,-2522,-2831,-3038,-25831
0,2,2054,-126354,-180,-525,-523,-449,-443,-320,-333,-320,-284,-261,-263,-227,-253,-224,-222,-176,-192,-190,-1306,-1091,-825,-769,-1010,-1029,-881,-917,-848,-801,-780,-674,-605,-576,-697,-657,-641,-642,-609,-679,-665,-707,-742,-706,-724,-718,-719,-760,-853,-960,-1100,-1192,-1333,-1350,-1387,-1459,-1389,-1334,-1261,-1272,-1364,-1480,-1695,-1914,-2261,-2576,-2778,-2855,-2790,-2635,-2412,-2196,-2014,-1909,-1901,-1844,-1885,-1843,-1808,-1786,-1743,-1799,-1898,-2126,-2482,-2882,-3166,-26259
0,2,2055,-123927,-182,-529,-525,-453,-451,-326,-340,-326,-291,-270,-272,-235,-261,-233,-230,-183,-199,-196,-1316,-1097,-832,-778,-1016,-1035,-889,-926,-858,-811,-789,-684,-616,-587,-546,-636,-617,-617,-575,-640,-626,-668,-708,-663,-687,-676,-672,-712,-778,-904,-1041,-1114,-1241,-1259,-1248,-1277,-1319,-1294,-1204,-1201,-1280,-1379,-1575,-1781,-2092,-2423,-2633,-2796,-2714,-2564,-2331,-2120,-1974,-1835,-1849,-1831,-1842,-1874,-1803,-1763,-1756,-1775,-1909,-2100,-2432,-2837,-3224,-26776
0,2,2056,-121505,-183,-532,-528,-457,-456,-334,-350,-334,-298,-281,-280,-244,-267,-241,-239,-189,-206,-203,-1322,-1103,-838,-785,-1022,-1042,-897,-935,-869,-821,-797,-692,-626,-599,-554,-496,-598,-593,-548,-604,-590,-627,-669,-633,-654,-641,-633,-664,-725,-824,-984,-1051,-1162,-1168,-1164,-1152,-1159,-1231,-1168,-1148,-1211,-1294,-1469,-1651,-1948,-2239,-2476,-2650,-2656,-2497,-2269,-2050,-1906,-1801,-1776,-1777,-1828,-1831,-1834,-1760,-1735,-1789,-1882,-2112,-2403,-2780,-3173,-27298
0,2,2057,-119085,-184,-535,-530,-459,-462,-340,-359,-340,-303,-292,-290,-251,-274,-249,-247,-196,-213,-208,-1328,-1110,-844,-792,-1029,-1049,-904,-944,-877,-830,-805,-704,-640,-608,-563,-505,-465,-578,-525,-576,-554,-587,-626,-595,-624,-607,-601,-624,-674,-771,-900,-989,-1100,-1092,-1083,-1078,-1048,-1087,-1113,-1114,-1158,-1224,-1377,-1535,-1805,-2086,-2285,-2492,-2515,-2444,-2215,-1997,-1845,-1739,-1741,-1701,-1773,-1815,-1791,-1789,-1733,-1769,-1899,-2083,-2418,-2748,-3112,-27721
0,2,2058,-116670,-185,-539,-532,-463,-470,-347,-365,-347,-310,-300,-296,-260,-280,-257,-255,-202,-220,-214,-1338,-1117,-850,-799,-1034,-1055,-913,-952,-885,-841,-814,-715,-649,-620,-572,-512,-474,-452,-508,-550,-527,-548,-588,-558,-591,-578,-569,-593,-633,-715,-842,-900,-1036,-1032,-1014,-1004,-983,-989,-982,-1061,-1123,-1169,-1302,-1437,-1678,-1932,-2124,-2303,-2366,-2315,-2167,-1951,-1799,-1684,-1682,-1664,-1695,-1759,-1776,-1748,-1764,-1770,-1877,-2103,-2382,-2764,-3075,-28026
0,2,2059,-114295,-186,-541,-535,-468,-475,-353,-374,-355,-315,-312,-307,-267,-288,-265,-264,-209,-227,-220,-1347,-1122,-857,-805,-1041,-1060,-921,-959,-898,-849,-823,-725,-660,-630,-581,-520,-480,-463,-383,-532,-503,-518,-551,-521,-558,-546,-543,-562,-597,-672,-786,-838,-946,-971,-958,-943,-919,-931,-896,-937,-1072,-1135,-1243,-1356,-1572,-1794,-1964,-2143,-2185,-2176,-2053,-1907,-1758,-1643,-1627,-1604,-1657,-1680,-1720,-1733,-1725,-1799,-1880,-2079,-2404,-2725,-3093,-28255
0,2,2060,-111963,-188,-544,-537,-471,-481,-360,-381,-360,-321,-323,-315,-275,-295,-273,-273,-214,-233,-225,-1354,-1128,-862,-813,-1048,-1067,-928,-969,-907,-858,-830,-736,-671,-641,-588,-528,-489,-473,-394,-404,-487,-491,-522,-487,-523,-513,-514,-537,-562,-636,-740,-777,-885,-883,-903,-894,-864,-873,-843,-855,-952,-1083,-1206,-1293,-1483,-1680,-1820,-1983,-2031,-2010,-1929,-1806,-1719,-1605,-1587,-1549,-1597,-1641,-1644,-1680,-1713,-1760,-1913,-2083,-2376,-2750,-3050,-28474
0,2,2061,-109273,-188,-544,-537,-471,-481,-360,-381,-360,-321,-323,-315,-275,-295,-273,-273,-214,-233,-225,-1354,-1128,-862,-813,-1048,-1067,-928,-969,-907,-858,-830,-736,-671,-641,-588,-528,-489,-473,-394,-404,-353,-465,-489,-453,-485,-475,-478,-502,-530,-596,-698,-725,-820,-821,-820,-841,-818,-822,-788,-803,-869,-958,-1149,-1251,-1412,-1582,-1699,-1838,-1877,-1868,-1782,-1694,-1628,-1568,-1548,-1505,-1539,-1580,-1605,-1604,-1660,-1749,-1872,-2119,-2382,-2718,-3077,-28601
0,2,2062,-106661,-188,-544,-537,-471,-481,-360,-381,-360,-321,-323,-315,-275,-295,-273,-273,-214,-233,-225,-1354,-1128,-862,-813,-1048,-1067,-928,-969,-907,-858,-830,-736,-671,-641,-588,-528,-489,-473,-394,-404,-353,-330,-464,-421,-453,-440,-442,-467,-494,-561,-656,-681,-768,-759,-762,-767,-771,-780,-742,-752,-818,-874,-1016,-1189,-1366,-1506,-1598,-1717,-1739,-1728,-1656,-1565,-1527,-1485,-1514,-1465,-1495,-1522,-1544,-1566,-1586,-1697,-1862,-2074,-2423,-2724,-3041,-28744
0,2,2063,-104114,-188,-544,-537,-471,-481,-360,-381,-360,-321,-323,-315,-275,-295,-273,-273,-214,-233,-225,-1354,-1128,-862,-813,-1048,-1067,-928,-969,-907,-858,-830,-736,-671,-641,-588,-528,-489,-473,-394,-404,-353,-330,-332,-397,-423,-410,-409,-432,-458,-523,-619,-637,-724,-708,-704,-715,-706,-739,-704,-708,-768,-822,-928,-1046,-1298,-1457,-1518,-1616,-1624,-1602,-1533,-1455,-1412,-1392,-1435,-1433,-1453,-1477,-1487,-1507,-1550,-1623,-1807,-2063,-2372,-2772,-3049,-28827
0,2,2064,-101621,-188,-544,-537,-471,-481,-360,-381,-360,-321,-323,-315,-275,-295,-273,-273,-214,-233,-225,-1354,-1128,-862,-813,-1048,-1067,-928,-969,-907,-858,-830,-736,-671,-641,-588,-528,-489,-473,-394,-404,-353,-330,-332,-271,-401,-383,-381,-399,-422,-485,-578,-598,-679,-666,-658,-664,-660,-681,-667,-673,-725,-772,-873,-950,-1142,-1383,-1467,-1537,-1528,-1497,-1422,-1347,-1314,-1286,-1348,-1356,-1422,-1435,-1443,-1452,-1492,-1587,-1731,-2004,-2361,-2714,-3103,-28892
0,2,2065,-99170,-188,-544,-537,-471,-481,-360,-381,-360,-321,-323,-315,-275,-295,-273,-273,-214,-233,-225,-1354,-1128,-862,-813,-1048,-1067,-928,-969,-907,-858,-830,-736,-671,-641,-588,-528,-489,-473,-394,-404,-353,-330,-332,-271,-283,-362,-356,-372,-388,-447,-538,-556,-640,-623,-618,-622,-614,-640,-614,-638,-691,-728,-820,-891,-1037,-1216,-1391,-1486,-1452,-1409,-1329,-1250,-1218,-1196,-1247,-1273,-1347,-1405,-1402,-1409,-1438,-1529,-1693,-1919,-2294,-2702,-3038,-29006
0,2,2066,-96740,-188,-544,-537,-471,-481,-360,-381,-360,-321,-323,-315,-275,-295,-273,-273,-214,-233,-225,-1354,-1128,-862,-813,-1048,-1067,-928,-969,-907,-858,-830,-736,-671,-641,-588,-528,-489,-473,-394,-404,-353,-330,-332,-271,-283,-253,-336,-347,-361,-412,-497,-514,-598,-585,-578,-587,-578,-600,-577,-589,-657,-693,-773,-833,-972,-1101,-1216,-1409,-1403,-1340,-1252,-1169,-1132,-1108,-1162,-1175,-1267,-1331,-1372,-1369,-1397,-1475,-1631,-1878,-2197,-2625,-3024,-29041
0,2,2067,-94326,-188,-544,-537,-471,-481,-360,-381,-360,-321,-323,-315,-275,-295,-273,-273,-214,-233,-225,-1354,-1128,-862,-813,-1048,-1067,-928,-969,-907,-858,-830,-736,-671,-641,-588,-528,-489,-473,-394,-404,-353,-330,-332,-271,-283,-253,-233,-328,-335,-383,-459,-471,-556,-544,-544,-551,-547,-567,-540,-554,-609,-659,-736,-782,-908,-1031,-1096,-1235,-1331,-1296,-1190,-1101,-1060,-1029,-1078,-1092,-1170,-1253,-1300,-1340,-1359,-1434,-1574,-1809,-2150,-2514,-2938,-29061
0,2,2068,-91916,-188,-544,-537,-471,-481,-360,-381,-360,-321,-323,-315,-275,-295,-273,-273,-214,-233,-225,-1354,-1128,-862,-813,-1048,-1067,-928,-969,-907,-858,-830,-736,-671,-641,-588,-528,-489,-473,-394,-404,-353,-330,-332,-271,-283,-253,-233,-227,-316,-355,-428,-432,-513,-503,-506,-520,-515,-540,-511,-520,-575,-610,-700,-742,-853,-962,-1023,-1115,-1165,-1230,-1151,-1047,-999,-963,-1002,-1009,-1088,-1158,-1223,-1269,-1329,-1396,-1531,-1746,-2072,-2460,-2815,-28985
0,2,2069,-89503,-188,-544,-537,-471,-481,-360,-381,-360,-321,-323,-315,-275,-295,-273,-273,-214,-233,-225,-1354,-1128,-862,-813,-1048,-1067,-928,-969,-907,-858,-830,-736,-671,-641,-588,-528,-489,-473,-394,-404,-353,-330,-332,-271,-283,-253,-233,-227,-212,-335,-399,-399,-473,-462,-468,-486,-487,-511,-486,-493,-542,-575,-648,-703,-810,-903,-951,-1043,-1051,-1078,-1094,-1013,-951,-907,-939,-935,-1006,-1077,-1129,-1192,-1257,-1364,-1492,-1699,-2000,-2371,-2755,-28768
0,2,2070,-87104,-188,-544,-537,-471,-481,-360,-381,-360,-321,-323,-315,-275,-295,-273,-273,-214,-233,-225,-1354,-1128,-862,-813,-1048,-1067,-928,-969,-907,-858,-830,-736,-671,-641,-588,-528,-489,-473,-394,-404,-353,-330,-332,-271,-283,-253,-233,-227,-212,-225,-377,-369,-440,-423,-430,-453,-458,-487,-460,-469,-515,-542,-612,-647,-767,-856,-890,-971,-982,-975,-960,-963,-921,-863,-886,-873,-932,-995,-1050,-1100,-1180,-1289,-1457,-1656,-1946,-2288,-2654,-28492
0,2,2071,-84713,-188,-544,-537,-471,-481,-360,-381,-360,-321,-323,-315,-275,-295,-273,-273,-214,-233,-225,-1354,-1128,-862,-813,-1048,-1067,-928,-969,-907,-858,-830,-736,-671,-641,-588,-528,-489,-473,-394,-404,-353,-330,-332,-271,-283,-253,-233,-227,-212,-225,-260,-346,-410,-392,-394,-418,-428,-460,-438,-444,-493,-515,-577,-608,-705,-809,-841,-910,-914,-912,-870,-845,-876,-835,-844,-821,-871,-922,-970,-1022,-1087,-1208,-1376,-1616,-1897,-2227,-2562,-28114
0,2,2072,-82346,-188,-544,-537,-471,-481,-360,-381,-360,-321,-323,-315,-275,-295,-273,-273,-214,-233,-225,-1354,-1128,-862,-813,-1048,-1067,-928,-969,-907,-858,-830,-736,-671,-641,-588,-528,-489,-473,-394,-404,-353,-330,-332,-271,-283,-253,-233,-227,-212,-225,-260,-224,-387,-363,-365,-387,-397,-434,-413,-423,-468,-492,-548,-569,-662,-743,-792,-861,-855,-850,-814,-767,-772,-794,-817,-780,-820,-862,-898,-943,-1009,-1113,-1287,-1526,-1852,-2171,-2493,-27659
0,2,2073,-80016,-188,-544,-537,-471,-481,-360,-381,-360,-321,-323,-315,-275,-295,-273,-273,-214,-233,-225,-1354,-1128,-862,-813,-1048,-1067,-928,-969,-907,-858,-830,-736,-671,-641,-588,-528,-489,-473,-394,-404,-353,-330,-332,-271,-283,-253,-233,-227,-212,-225,-260,-224,-264,-341,-338,-361,-369,-407,-389,-400,-447,-466,-524,-538,-620,-696,-722,-811,-808,-797,-760,-719,-703,-698,-778,-754,-780,-812,-839,-873,-930,-1031,-1184,-1425,-1747,-2119,-2431,-27175
0,2,2074,-77715,-188,-544,-537,-471,-481,-360,-381,-360,-321,-323,-315,-275,-295,-273,-273,-214,-233,-225,-1354,-1128,-862,-813,-1048,-1067,-928,-969,-907,-858,-830,-736,-671,-641,-588,-528,-489,-473,-394,-404,-353,-330,-332,-271,-283,-253,-233,-227,-212,-225,-260,-224,-264,-222,-318,-337,-347,-382,-364,-377,-424,-445,-497,-511,-585,-650,-674,-742,-762,-754,-713,-672,-660,-634,-686,-715,-754,-772,-789,-814,-860,-951,-1096,-1309,-1631,-1999,-2373,-26672
0,2,2075,-75432,-188,-544,-537,-471,-481,-360,-381,-360,-321,-323,-315,-275,-295,-273,-273,-214,-233,-225,-1354,-1128,-862,-813,-1048,-1067,-928,-969,-907,-858,-830,-736,-671,-641,-588,-528,-489,-473,-394,-404,-353,-330,-332,-271,-283,-253,-233,-227,-212,-225,-260,-224,-264,-222,-208,-318,-325,-361,-341,-354,-402,-421,-475,-483,-556,-613,-625,-694,-695,-712,-676,-631,-618,-595,-625,-625,-715,-746,-751,-765,-802,-879,-1009,-1210,-1498,-1866,-2238,-26154
0,2,2076,-73152,-188,-544,-537,-471,-481,-360,-381,-360,-321,-323,-315,-275,-295,-273,-273,-214,-233,-225,-1354,-1128,-862,-813,-1048,-1067,-928,-969,-907,-858,-830,-736,-671,-641,-588,-528,-489,-473,-394,-404,-353,-330,-332,-271,-283,-253,-233,-227,-212,-225,-260,-224,-264,-222,-208,-220,-309,-342,-323,-332,-379,-398,-450,-459,-526,-582,-587,-646,-649,-652,-639,-598,-581,-557,-587,-564,-626,-708,-725,-727,-753,-818,-932,-1113,-1385,-1713,-2089,-25529
0,2,2077,-70888,-188,-544,-537,-471,-481,-360,-381,-360,-321,-323,-315,-275,-295,-273,-273,-214,-233,-225,-1354,-1128,-862,-813,-1048,-1067,-928,-969,-907,-858,-830,-736,-671,-641,-588,-528,-489,-473,-394,-404,-353,-330,-332,-271,-283,-253,-233,-227,-212,-225,-260,-224,-264,-222,-208,-220,-222,-328,-305,-314,-357,-375,-425,-432,-499,-549,-554,-607,-604,-610,-586,-567,-553,-523,-550,-527,-565,-620,-687,-702,-714,-767,-867,-1027,-1273,-1583,-1918,-24804
0,2,2078,-68640,-188,-544,-537,-471,-481,-360,-381,-360,-321,-323,-315,-275,-295,-273,-273,-214,-233,-225,-1354,-1128,-862,-813,-1048,-1067,-928,-969,-907,-858,-830,-736,-671,-641,-588,-528,-489,-473,-394,-404,-353,-330,-332,-271,-283,-253,-233,-227,-212,-225,-260,-224,-264,-222,-208,-220,-222,-250,-292,-298,-340,-353,-400,-405,-470,-521,-520,-574,-567,-569,-550,-521,-525,-496,-518,-490,-527,-559,-601,-665,-690,-728,-812,-953,-1173,-1455,-1772,-23950
0,2,2079,-66431,-188,-544,-537,-471,-481,-360,-381,-360,-321,-323,-315,-275,-295,-273,-273,-214,-233,-225,-1354,-1128,-862,-813,-1048,-1067,-928,-969,-907,-858,-830,-736,-671,-641,-588,-528,-489,-473,-394,-404,-353,-330,-332,-271,-283,-253,-233,-227,-212,-225,-260,-224,-264,-222,-208,-220,-222,-250,-221,-285,-324,-335,-377,-379,-442,-490,-490,-540,-536,-535,-513,-489,-484,-471,-493,-459,-491,-522,-541,-580,-653,-702,-769,-892,-1089,-1340,-1628,-23015
0,2,2080,-64262,-188,-544,-537,-471,-481,-360,-381,-360,-321,-323,-315,-275,-295,-273,-273,-214,-233,-225,-1354,-1128,-862,-813,-1048,-1067,-928,-969,-907,-858,-830,-736,-671,-641,-588,-528,-489,-473,-394,-404,-353,-330,-332,-271,-283,-253,-233,-227,-212,-225,-260,-224,-264,-222,-208,-220,-222,-250,-221,-218,-311,-318,-359,-354,-413,-459,-458,-511,-503,-507,-484,-457,-455,-433,-468,-433,-460,-486,-505,-521,-568,-664,-742,-844,-1019,-1243,-1500,-22002
0,2,2081,-62138,-188,-544,-537,-471,-481,-360,-381,-360,-321,-323,-315,-275,-295,-273,-273,-214,-233,-225,-1354,-1128,-862,-813,-1048,-1067,-928,-969,-907,-858,-830,-736,-671,-641,-588,-528,-489,-473,-394,-404,-353,-330,-332,-271,-283,-253,-233,-227,-212,-225,-260,-224,-264,-222,-208,-220,-222,-250,-221,-218,-245,-306,-341,-334,-386,-428,-426,-479,-475,-477,-459,-432,-427,-407,-432,-409,-435,-455,-469,-486,-510,-577,-701,-813,-963,-1163,-1391,-20927
0,2,2082,-60083,-188,-544,-537,-471,-481,-360,-381,-360,-321,-323,-315,-275,-295,-273,-273,-214,-233,-225,-1354,-1128,-862,-813,-1048,-1067,-928,-969,-907,-858,-830,-736,-671,-641,-588,-528,-489,-473,-394,-404,-353,-330,-332,-271,-283,-253,-233,-227,-212,-225,-260,-224,-264,-222,-208,-220,-222,-250,-221,-218,-245,-238,-328,-315,-364,-399,-394,-447,-445,-452,-433,-410,-405,-381,-406,-373,-409,-430,-439,-451,-474,-517,-607,-768,-928,-1099,-1301,-19840
0,2,2083,-58091,-188,-544,-537,-471,-481,-360,-381,-360,-321,-323,-315,-275,-295,-273,-273,-214,-233,-225,-1354,-1128,-862,-813,-1048,-1067,-928,-969,-907,-858,-830,-736,-671,-641,-588,-528,-489,-473,-394,-404,-353,-330,-332,-271,-283,-253,-233,-227,-212,-225,-260,-224,-264,-222,-208,-220,-222,-250,-221,-218,-245,-238,-256,-300,-343,-376,-364,-415,-414,-423,-410,-387,-386,-360,-382,-348,-374,-405,-414,-421,-439,-481,-543,-662,-876,-1059,-1229,-18756
0,2,2084,-56172,-188,-544,-537,-471,-481,-360,-381,-360,-321,-323,-315,-275,-295,-273,-273,-214,-233,-225,-1354,-1128,-862,-813,-1048,-1067,-928,-969,-907,-858,-830,-736,-671,-641,-588,-528,-489,-473,-394,-404,-353,-330,-332,-271,-283,-253,-233,-227,-212,-225,-260,-224,-264,-222,-208,-220,-222,-250,-221,-218,-245,-238,-256,-223,-328,-353,-339,-385,-383,-396,-385,-367,-365,-343,-362,-323,-349,-370,-389,-397,-409,-445,-504,-591,-754,-999,-1184,-17705
0,2,2085,-54330,-188,-544,-537,-471,-481,-360,-381,-360,-321,-323,-315,-275,-295,-273,-273,-214,-233,-225,-1354,-1128,-862,-813,-1048,-1067,-928,-969,-907,-858,-830,-736,-671,-641,-588,-528,-489,-473,-394,-404,-353,-330,-332,-271,-283,-253,-233,-227,-212,-225,-260,-224,-264,-222,-208,-220,-222,-250,-221,-218,-245,-238,-256,-223,-244,-337,-317,-360,-355,-367,-360,-344,-347,-323,-345,-304,-324,-345,-355,-372,-385,-414,-466,-547,-672,-858,-1117,-16725
0,2,2086,-52552,-188,-544,-537,-471,-481,-360,-381,-360,-321,-323,-315,-275,-295,-273,-273,-214,-233,-225,-1354,-1128,-862,-813,-1048,-1067,-928,-969,-907,-858,-830,-736,-671,-641,-588,-528,-489,-473,-394,-404,-353,-330,-332,-271,-283,-253,-233,-227,-212,-225,-260,-224,-264,-222,-208,-220,-222,-250,-221,-218,-245,-238,-256,-223,-244,-247,-299,-337,-331,-341,-335,-323,-327,-307,-327,-287,-305,-321,-330,-338,-362,-390,-432,-504,-622,-765,-959,-15772
0,2,2087,-50851,-188,-544,-537,-471,-481,-360,-381,-360,-321,-323,-315,-275,-295,-273,-273,-214,-233,-225,-1354,-1128,-862,-813,-1048,-1067,-928,-969,-907,-858,-830,-736,-671,-641,-588,-528,-489,-473,-394,-404,-353,-330,-332,-271,-283,-253,-233,-227,-212,-225,-260,-224,-264,-222,-208,-220,-222,-250,-221,-218,-245,-238,-256,-223,-244,-247,-206,-320,-309,-320,-312,-300,-308,-289,-311,-269,-288,-301,-306,-314,-328,-366,-406,-467,-573,-707,-854,-14759
0,2,2088,-49240,-188,-544,-537,-471,-481,-360,-381,-360,-321,-323,-315,-275,-295,-273,-273,-214,-233,-225,-1354,-1128,-862,-813,-1048,-1067,-928,-969,-907,-858,-830,-736,-671,-641,-588,-528,-489,-473,-394,-404,-353,-330,-332,-271,-283,-253,-233,-227,-212,-225,-260,-224,-264,-222,-208,-220,-222,-250,-221,-218,-245,-238,-256,-223,-244,-247,-206,-227,-293,-300,-293,-280,-288,-271,-294,-254,-270,-284,-287,-291,-304,-331,-380,-437,-530,-650,-789,-13743
0,2,2089,-47726,-188,-544,-537,-471,-481,-360,-381,-360,-321,-323,-315,-275,-295,-273,-273,-214,-233,-225,-1354,-1128,-862,-813,-1048,-1067,-928,-969,-907,-858,-830,-736,-671,-641,-588,-528,-489,-473,-394,-404,-353,-330,-332,-271,-283,-253,-233,-227,-212,-225,-260,-224,-264,-222,-208,-220,-222,-250,-221,-218,-245,-238,-256,-223,-244,-247,-206,-227,-204,-285,-275,-264,-270,-253,-277,-237,-255,-267,-270,-271,-280,-306,-343,-408,-496,-601,-726,-12767
0,2,2090,-46308,-188,-544,-537,-471,-481,-360,-381,-360,-321,-323,-315,-275,-295,-273,-273,-214,-233,-225,-1354,-1128,-862,-813,-1048,-1067,-928,-969,-907,-858,-830,-736,-671,-641,-588,-528,-489,-473,-394,-404,-353,-330,-332,-271,-283,-253,-233,-227,-212,-225,-260,-224,-264,-222,-208,-220,-222,-250,-221,-218,-245,-238,-256,-223,-244,-247,-206,-227,-204,-203,-262,-248,-255,-236,-259,-221,-239,-252,-254,-255,-262,-282,-317,-366,-463,-562,-670,-11827
0,2,2091,-44985,-188,-544,-537,-471,-481,-360,-381,-360,-321,-323,-315,-275,-295,-273,-273,-214,-233,-225,-1354,-1128,-862,-813,-1048,-1067,-928,-969,-907,-858,-830,-736,-671,-641,-588,-528,-489,-473,-394,-404,-353,-330,-332,-271,-283,-253,-233,-227,-212,-225,-260,-224,-264,-222,-208,-220,-222,-250,-221,-218,-245,-238,-256,-223,-244,-247,-206,-227,-204,-203,-189,-236,-241,-222,-244,-204,-223,-236,-239,-239,-246,-263,-291,-337,-415,-524,-627,-10931
0,2,2092,-43762,-188,-544,-537,-471,-481,-360,-381,-360,-321,-323,-315,-275,-295,-273,-273,-214,-233,-225,-1354,-1128,-862,-813,-1048,-1067,-928,-969,-907,-858,-830,-736,-671,-641,-588,-528,-489,-473,-394,-404,-353,-330,-332,-271,-283,-253,-233,-227,-212,-225,-260,-224,-264,-222,-208,-220,-222,-250,-221,-218,-245,-238,-256,-223,-244,-247,-206,-227,-204,-203,-189,-172,-230,-209,-231,-188,-206,-220,-223,-225,-229,-247,-270,-308,-382,-469,-584,-10102
0,2,2093,-42633,-188,-544,-537,-471,-481,-360,-381,-360,-321,-323,-315,-275,-295,-273,-273,-214,-233,-225,-1354,-1128,-862,-813,-1048,-1067,-928,-969,-907,-858,-830,-736,-671,-641,-588,-528,-489,-473,-394,-404,-353,-330,-332,-271,-283,-253,-233,-227,-212,-225,-260,-224,-264,-222,-208,-220,-222,-250,-221,-218,-245,-238,-256,-223,-244,-247,-206,-227,-204,-203,-189,-172,-173,-200,-218,-176,-191,-204,-207,-209,-214,-229,-253,-285,-348,-430,-522,-9335
0,2,2094,-41594,-188,-544,-537,-471,-481,-360,-381,-360,-321,-323,-315,-275,-295,-273,-273,-214,-233,-225,-1354,-1128,-862,-813,-1048,-1067,-928,-969,-907,-858,-830,-736,-671,-641,-588,-528,-489,-473,-394,-404,-353,-330,-332,-271,-283,-253,-233,-227,-212,-225,-260,-224,-264,-222,-208,-220,-222,-250,-221,-218,-245,-238,-256,-223,-244,-247,-206,-227,-204,-203,-189,-172,-173,-147,-209,-164,-178,-189,-191,-193,-199,-214,-234,-266,-322,-392,-478,-8606
0,2,2095,-40636,-188,-544,-537,-471,-481,-360,-381,-360,-321,-323,-315,-275,-295,-273,-273,-214,-233,-225,-1354,-1128,-862,-813,-1048,-1067,-928,-969,-907,-858,-830,-736,-671,-641,-588,-528,-489,-473,-394,-404,-353,-330,-332,-271,-283,-253,-233,-227,-212,-225,-260,-224,-264,-222,-208,-220,-222,-250,-221,-218,-245,-238,-256,-223,-244,-247,-206,-227,-204,-203,-189,-172,-173,-147,-159,-155,-167,-176,-177,-177,-183,-198,-218,-244,-299,-362,-435,-7927
0,2,2096,-39754,-188,-544,-537,-471,-481,-360,-381,-360,-321,-323,-315,-275,-295,-273,-273,-214,-233,-225,-1354,-1128,-862,-813,-1048,-1067,-928,-969,-907,-858,-830,-736,-671,-641,-588,-528,-489,-473,-394,-404,-353,-330,-332,-271,-283,-253,-233,-227,-212,-225,-260,-224,-264,-222,-208,-220,-222,-250,-221,-218,-245,-238,-256,-223,-244,-247,-206,-227,-204,-203,-189,-172,-173,-147,-159,-106,-158,-165,-164,-163,-167,-181,-200,-226,-275,-336,-401,-7294
0,2,2097,-38940,-188,-544,-537,-471,-481,-360,-381,-360,-321,-323,-315,-275,-295,-273,-273,-214,-233,-225,-1354,-1128,-862,-813,-1048,-1067,-928,-969,-907,-858,-830,-736,-671,-641,-588,-528,-489,-473,-394,-404,-353,-330,-332,-271,-283,-253,-233,-227,-212,-225,-260,-224,-264,-222,-208,-220,-222,-250,-221,-218,-245,-238,-256,-223,-244,-247,-206,-227,-204,-203,-189,-172,-173,-147,-159,-106,-110,-156,-153,-151,-152,-165,-182,-206,-254,-307,-372,-6708
0,2,2098,-38187,-188,-544,-537,-471,-481,-360,-381,-360,-321,-323,-315,-275,-295,-273,-273,-214,-233,-225,-1354,-1128,-862,-813,-1048,-1067,-928,-969,-907,-858,-830,-736,-671,-641,-588,-528,-489,-473,-394,-404,-353,-330,-332,-271,-283,-253,-233,-227,-212,-225,-260,-224,-264,-222,-208,-220,-222,-250,-221,-218,-245,-238,-256,-223,-244,-247,-206,-227,-204,-203,-189,-172,-173,-147,-159,-106,-110,-109,-144,-139,-140,-149,-164,-186,-230,-283,-340,-6169
0,2,2099,-37489,-188,-544,-537,-471,-481,-360,-381,-360,-321,-323,-315,-275,-295,-273,-273,-214,-233,-225,-1354,-1128,-862,-813,-1048,-1067,-928,-969,-907,-858,-830,-736,-671,-641,-588,-528,-489,-473,-394,-404,-353,-330,-332,-271,-283,-253,-233,-227,-212,-225,-260,-224,-264,-222,-208,-220,-222,-250,-221,-218,-245,-238,-256,-223,-244,-247,-206,-227,-204,-203,-189,-172,-173,-147,-159,-106,-110,-109,-98,-131,-129,-137,-147,-165,-207,-256,-313,-5663
0,2,2100,-36839,-188,-544,-537,-471,-481,-360,-381,-360,-321,-323,-315,-275,-295,-273,-273,-214,-233,-225,-1354,-1128,-862,-813,-1048,-1067,-928,-969,-907,-858,-830,-736,-671,-641,-588,-528,-489,-473,-394,-404,-353,-330,-332,-271,-283,-253,-233,-227,-212,-225,-260,-224,-264,-222,-208,-220,-222,-250,-221,-218,-245,-238,-256,-223,-244,-247,-206,-227,-204,-203,-189,-172,-173,-147,-159,-106,-110,-109,-98,-85,-120,-125,-134,-147,-183,-230,-282,-5192
1,0,2023,-376675,-216,-3069,-2899,-2687,-2385,-1969,-1568,-1312,-945,-635,-679,-524,-605,-620,-810,-1173,-1566,-2063,-4281,-4896,-5009,-5527,-6408,-6364,-6066,-5796,-5746,-5894,-6076,-6082,-6254,-6342,-6599,-6680,-6671,-6823,-7232,-7895,-8295,-8701,-8920,-8749,-8070,-7628,-6663,-6382,-6483,-6664,-7075,-7248,-7395,-7318,-6968,-6338,-5454,-4997,-4375,-4235,-4194,-3999,-4332,-4265,-4574,-4720,-4753,-4545,-4338,-4021,-3468,-3159,-2831,-2524,-2449,-2329,-2136,-2002,-2063,-1692,-1750,-1663,-1565,-1508,-1617,-1619,-1566,-10669
1,0,2024,-362957,-224,-633,-2523,-2303,-2084,-1732,-1408,-1187,-893,-618,-651,-559,-614,-593,-748,-1090,-1447,-1963,-3946,-4580,-4632,-4797,-5770,-6049,-5754,-5552,-5417,-5441,-5632,-5721,-5723,-5937,-6184,-6344,-6510,-6456,-6971,-7419,-7995,-8479,-8307,-8441,-7889,-7314,-6881,-6284,-6409,-6685,-6957,-7277,-7294,-7104,-6783,-6331,-5673,-4961,-4490,-4116,-4130,-4112,-4157,-4387,-4556,-4791,-4750,-4751,-4298,-3995,-3517,-3127,-2816,-2617,-2325,-2311,-2178,-2067,-1906,-2008,-1671,-1690,-1661,-1594,-1597,-1660,-1645,-10865
1,0,2025,-350591,-232,-650,-566,-2025,-1805,-1526,-1267,-1085,-829,-609,-702,-569,-652,-614,-714,-1004,-1330,-1805,-3821,-4223,-4262,-4462,-5103,-5454,-5505,-5331,-5201,-5176,-5255,-5320,-5401,-5449,-5811,-5942,-6191,-6315,-6591,-7121,-7529,-8142,-8125,-7872,-7614,-7148,-6595,-6479,-6294,-6579,-6966,-7139,-7306,-6969,-6593,-6159,-5652,-5131,-4405,-4187,-4007,-4018,-4224,-4278,-4641,-4792,-4824,-4712,-4472,-3958,-3522,-3096,-2786,-2575,-2446,-2195,-2160,-2117,-1924,-1876,-1980,-1625,-1716,-1661,-1713,-1659,-1704,-11108
1,0,2026,-336232,-233,-652,-569,-456,-1574,-1291,-1097,-953,-728,-530,-607,-605,-589,-577,-665,-878,-1183,-1608,-3581,-4021,-3877,-4031,-4742,-4763,-4918,-5068,-4955,-4890,-4943,-4936,-4993,-5053,-5310,-5513,-5751,-5960,-6399,-6705,-7156,-7611,-7747,-7653,-7083,-6832,-6415,-6171,-6424,-6428,-6812,-7086,-7136,-6964,-6422,-5936,-5478,-5088,-4535,-4082,-4011,-3896,-4080,-4282,-4550,-4834,-4824,-4763,-4429,-4061,-3473,-3115,-2700,-2528,-2390,-2301,-2051,-2066,-2004,-1834,-1837,-1949,-1647,-1724,-1751,-1797,-1721,-11351
1,0,2027,-322894,-234,-653,-571,-459,-367,-1122,-927,-833,-632,-455,-546,-478,-617,-528,-587,-800,-1006,-1428,-3331,-3772,-3673,-3696,-4305,-4452,-4273,-4517,-4721,-4694,-4646,-4626,-4619,-4648,-4896,-5057,-5320,-5544,-6005,-6541,-6748,-7261,-7245,-7286,-6879,-6386,-6117,-5997,-6129,-6553,-6655,-6940,-7072,-6785,-6411,-5783,-5247,-4941,-4495,-4177,-3924,-3881,-3991,-4143,-4539,-4768,-4871,-4758,-4467,-4014,-3546,-3074,-2739,-2433,-2337,-2276,-2150,-2000,-1926,-1948,-1807,-1821,-2005,-1659,-1802,-1814,-1882,-11633
1,0,2028,-310893,-235,-655,-572,-461,-370,-231,-811,-713,-538,-389,-453,-460,-540,-543,-565,-708,-911,-1210,-3140,-3466,-3416,-3482,-4006,-4071,-4012,-3973,-4217,-4461,-4502,-4368,-4333,-4333,-4501,-4651,-4875,-5129,-5631,-6120,-6588,-6839,-6917,-6827,-6528,-6203,-5733,-5715,-5954,-6247,-6778,-6763,-6925,-6723,-6256,-5767,-5117,-4707,-4353,-4140,-4000,-3814,-3981,-4071,-4434,-4767,-4828,-4815,-4449,-4056,-3493,-3130,-2699,-2490,-2238,-2213,-2161,-2099,-1919,-1878,-1928,-1801,-1889,-2056,-1751,-1863,-1884,-12054
1,0,2029,-299905,-235,-656,-574,-463,-374,-234,-173,-635,-453,-296,-605,-432,-515,-513,-558,-668,-803,-1102,-2897,-3289,-3090,-3257,-3828,-3818,-3696,-3694,-3765,-4012,-4270,-4234,-4132,-4078,-4217,-4287,-4499,-4692,-5186,-5749,-6154,-6680,-6499,-6514,-6122,-5873,-5567,-5356,-5662,-6061,-6449,-6866,-6736,-6569,-6166,-5617,-5094,-4586,-4125,-3998,-3947,-3874,-3941,-4078,-4364,-4663,-4815,-4791,-4486,-4011,-3527,-3051,-2723,-2428,-2337,-2141,-2100,-2114,-2001,-1897,-1865,-1904,-1870,-1951,-2196,-1836,-1926,-12395
1,0,2030,-289363,-236,-657,-575,-466,-377,-237,-177,-183,-420,-223,-469,-492,-503,-432,-499,-612,-733,-959,-2759,-3020,-2893,-2905,-3615,-3633,-3470,-3422,-3423,-3585,-3819,-3996,-3989,-3892,-4003,-4001,-4134,-4325,-4768,-5277,-5784,-6244,-6350,-6129,-5844,-5528,-5263,-5192,-5312,-5765,-6262,-6547,-6830,-6396,-6042,-5547,-4947,-4570,-4030,-3796,-3822,-3838,-4000,-4051,-4389,-4626,-4734,-4766,-4495,-4032,-3478,-3084,-2663,-2423,-2253,-2258,-2088,-2087,-2017,-1957,-1899,-1859,-1942,-1936,-2101,-2330,-1918,-12760
1,0,2031,-279621,-236,-658,-577,-468,-380,-240,-181,-187,-118,-180,-487,-403,-475,-403,-425,-550,-657,-875,-2608,-2842,-2637,-2695,-3277,-3430,-3270,-3213,-3195,-3262,-3404,-3518,-3734,-3727,-3792,-3794,-3877,-3966,-4382,-4872,-5311,-5895,-5945,-5989,-5512,-5275,-4962,-4921,-5146,-5416,-5966,-6373,-6549,-6497,-5889,-5442,-4914,-4444,-4024,-3727,-3656,-3715,-3997,-4143,-4378,-4645,-4707,-4707,-4486,-4067,-3475,-3052,-2677,-2436,-2253,-2175,-2150,-2097,-2039,-1986,-1940,-1897,-1930,-1974,-2082,-2221,-2455,-13089
1,0,2032,-271409,-237,-659,-579,-471,-383,-244,-185,-191,-122,-79,-442,-369,-422,-358,-377,-477,-590,-788,-2506,-2695,-2437,-2468,-3064,-3138,-3077,-3037,-3009,-3047,-3151,-3151,-3263,-3481,-3637,-3587,-3653,-3703,-4031,-4473,-4911,-5429,-5615,-5636,-5388,-4997,-4734,-4647,-4896,-5251,-5614,-6088,-6384,-6247,-5999,-5322,-4836,-4437,-3932,-3736,-3612,-3596,-3875,-4174,-4515,-4683,-4749,-4693,-4438,-4086,-3535,-3058,-2703,-2446,-2320,-2208,-2137,-2147,-2066,-2057,-1997,-1947,-1984,-2015,-2117,-2216,-2336,-14019
1,0,2033,-264032,-237,-660,-580,-473,-387,-247,-190,-195,-126,-84,-82,-312,-361,-303,-316,-411,-506,-709,-2411,-2584,-2291,-2270,-2849,-2932,-2814,-2846,-2838,-2870,-2932,-2928,-2934,-3037,-3403,-3449,-3459,-3476,-3750,-4116,-4503,-5033,-5172,-5332,-5081,-4887,-4495,-4439,-4635,-5007,-5459,-5737,-6118,-6106,-5791,-5442,-4751,-4384,-3941,-3669,-3637,-3567,-3785,-4058,-4574,-4851,-4822,-4767,-4448,-4051,-3571,-3134,-2731,-2512,-2355,-2309,-2195,-2194,-2147,-2101,-2102,-2033,-2052,-2083,-2191,-2267,-2352,-14793
1,0,2034,-256935,-238,-662,-582,-476,-390,-250,-194,-198,-130,-89,-87,-26,-317,-252,-265,-349,-433,-612,-2320,-2478,-2172,-2125,-2658,-2729,-2625,-2604,-2659,-2709,-2765,-2718,-2721,-2722,-2977,-3226,-3327,-3286,-3521,-3832,-4140,-4623,-4786,-4912,-4802,-4611,-4395,-4215,-4431,-4742,-5207,-5577,-5768,-5850,-5660,-5255,-4857,-4307,-3895,-3678,-3573,-3593,-3756,-3962,-4449,-4917,-4999,-4840,-4516,-4058,-3537,-3164,-2798,-2538,-2421,-2343,-2301,-2255,-2192,-2183,-2148,-2139,-2142,-2155,-2265,-2346,-2404,-15506
1,0,2035,-250105,-238,-663,-584,-478,-393,-254,-198,-202,-134,-94,-91,-31,-84,-214,-221,-298,-365,-526,-2209,-2376,-2061,-2010,-2518,-2552,-2440,-2432,-2436,-2540,-2611,-2557,-2521,-2519,-2674,-2817,-3108,-3157,-3326,-3593,-3848,-4256,-4388,-4548,-4421,-4361,-4147,-4123,-4212,-4534,-4934,-5319,-5612,-5513,-5424,-5137,-4691,-4402,-3826,-3637,-3581,-3531,-3782,-3932,-4345,-4782,-5068,-5016,-4586,-4119,-3545,-3130,-2821,-2601,-2448,-2411,-2337,-2367,-2258,-2233,-2231,-2186,-2250,-2247,-2338,-2425,-2486,-16191
1,0,2036,-243522,-239,-664,-585,-481,-397,-257,-203,-206,-138,-99,-95,-36,-89,-17,-187,-250,-309,-447,-2110,-2251,-1954,-1899,-2408,-2423,-2278,-2260,-2277,-2330,-2450,-2413,-2369,-2329,-2481,-2527,-2711,-2941,-3191,-3393,-3604,-3962,-4033,-4172,-4090,-4019,-3920,-3891,-4121,-4312,-4719,-5039,-5354,-5363,-5110,-4923,-4588,-4254,-3914,-3575,-3542,-3540,-3718,-3960,-4310,-4671,-4925,-5085,-4753,-4184,-3593,-3133,-2791,-2624,-2511,-2441,-2410,-2402,-2374,-2298,-2282,-2273,-2298,-2360,-2434,-2502,-2569,-16882
1,0,2037,-237188,-240,-665,-587,-483,-400,-260,-207,-210,-142,-105,-100,-41,-93,-22,-6,-215,-257,-382,-2017,-2142,-1823,-1793,-2301,-2320,-2159,-2113,-2119,-2178,-2248,-2258,-2230,-2183,-2296,-2341,-2430,-2549,-2973,-3258,-3400,-3716,-3747,-3838,-3748,-3722,-3611,-3676,-3891,-4219,-4491,-4819,-5074,-5114,-4971,-4644,-4399,-4163,-3781,-3655,-3484,-3503,-3728,-3890,-4340,-4632,-4810,-4941,-4819,-4334,-3653,-3175,-2795,-2596,-2536,-2508,-2444,-2481,-2411,-2418,-2349,-2325,-2388,-2408,-2552,-2605,-2653,-17585
1,0,2038,-231069,-240,-667,-589,-486,-403,-264,-212,-214,-146,-110,-104,-45,-97,-28,-11,-31,-219,-320,-1942,-2038,-1707,-1663,-2199,-2224,-2065,-2006,-1980,-2030,-2105,-2067,-2085,-2052,-2158,-2166,-2250,-2274,-2572,-3032,-3262,-3510,-3511,-3569,-3445,-3415,-3343,-3388,-3679,-3984,-4393,-4584,-4855,-4846,-4743,-4519,-4151,-3995,-3697,-3532,-3561,-3444,-3687,-3902,-4264,-4664,-4770,-4825,-4680,-4393,-3785,-3227,-2831,-2600,-2511,-2535,-2515,-2516,-2491,-2457,-2471,-2394,-2442,-2504,-2601,-2728,-2759,-18290
1,0,2039,-225120,-241,-668,-590,-488,-407,-267,-216,-217,-151,-115,-109,-50,-102,-33,-17,-35,-15,-275,-1871,-1955,-1599,-1550,-2074,-2128,-1977,-1921,-1880,-1899,-1962,-1928,-1902,-1914,-2030,-2033,-2079,-2094,-2291,-2622,-3029,-3369,-3310,-3345,-3200,-3144,-3068,-3136,-3394,-3767,-4150,-4483,-4622,-4635,-4494,-4313,-4041,-3775,-3548,-3457,-3443,-3523,-3626,-3859,-4276,-4583,-4804,-4783,-4567,-4264,-3838,-3341,-2878,-2633,-2515,-2514,-2546,-2589,-2529,-2538,-2510,-2518,-2510,-2558,-2704,-2779,-2885,-19022
1,0,2040,-219346,-241,-669,-592,-491,-410,-271,-220,-221,-155,-120,-114,-55,-106,-38,-22,-39,-19,-41,-1818,-1875,-1509,-1442,-1965,-2015,-1891,-1841,-1801,-1805,-1839,-1792,-1771,-1739,-1896,-1911,-1948,-1926,-2108,-2335,-2611,-3136,-3174,-3157,-2996,-2923,-2823,-2879,-3146,-3476,-3924,-4234,-4521,-4410,-4299,-4091,-3859,-3677,-3350,-3320,-3372,-3406,-3707,-3793,-4229,-4596,-4717,-4818,-4528,-4157,-3718,-3386,-2981,-2677,-2550,-2518,-2526,-2625,-2605,-2578,-2593,-2558,-2638,-2629,-2760,-2888,-2938,-19798
1,0,2041,-214561,-244,-674,-600,-502,-425,-286,-240,-238,-173,-143,-133,-77,-126,-60,-45,-57,-38,-58,-1562,-1828,-1437,-1369,-1874,-1928,-1803,-1784,-1748,-1750,-1766,-1691,-1663,-1636,-1745,-1797,-1845,-1818,-1954,-2164,-2333,-2726,-2963,-3038,-2840,-2755,-2639,-2660,-2901,-3232,-3631,-4007,-4278,-4321,-4098,-3921,-3667,-3521,-3270,-3144,-3245,-3341,-3589,-3883,-4161,-4547,-4736,-4735,-4564,-4125,-3625,-3279,-3024,-2777,-2597,-2558,-2536,-2610,-2646,-2656,-2635,-2645,-2681,-2763,-2832,-2949,-3053,-20543
1,0,2042,-209913,-247,-680,-607,-513,-440,-300,-259,-255,-191,-166,-153,-98,-145,-82,-68,-74,-56,-75,-1579,-1542,-1388,-1302,-1802,-1846,-1726,-1710,-1696,-1699,-1711,-1622,-1573,-1536,-1640,-1653,-1735,-1724,-1838,-2001,-2158,-2440,-2568,-2836,-2737,-2611,-2486,-2486,-2682,-2979,-3377,-3700,-4054,-4088,-4015,-3740,-3520,-3349,-3129,-3068,-3076,-3218,-3519,-3758,-4258,-4474,-4686,-4753,-4488,-4156,-3599,-3192,-2928,-2817,-2693,-2602,-2581,-2620,-2631,-2698,-2714,-2684,-2770,-2809,-2972,-3024,-3118,-21320
1,0,2043,-205392,-249,-685,-614,-524,-454,-315,-278,-271,-208,-188,-172,-119,-163,-103,-90,-91,-73,-91,-1596,-1557,-1084,-1256,-1734,-1781,-1654,-1644,-1628,-1648,-1660,-1571,-1512,-1448,-1537,-1550,-1592,-1620,-1732,-1884,-1993,-2257,-2293,-2461,-2556,-2517,-2359,-2345,-2507,-2756,-3119,-3440,-3749,-3870,-3800,-3666,-3359,-3216,-2978,-2939,-3005,-3050,-3388,-3683,-4123,-4575,-4610,-4702,-4506,-4088,-3629,-3167,-2850,-2727,-2733,-2698,-2626,-2665,-2642,-2682,-2758,-2769,-2810,-2901,-3020,-3169,-3194,-22066
1,0,2044,-201014,-252,-690,-621,-534,-468,-328,-296,-286,-225,-209,-190,-139,-181,-123,-111,-107,-90,-107,-1612,-1571,-1098,-959,-1688,-1722,-1595,-1583,-1568,-1584,-1612,-1523,-1467,-1390,-1448,-1451,-1491,-1483,-1621,-1774,-1870,-2084,-2119,-2200,-2219,-2352,-2276,-2226,-2363,-2576,-2887,-3170,-3487,-3579,-3599,-3472,-3296,-3073,-2861,-2799,-2882,-2980,-3212,-3544,-4041,-4429,-4715,-4629,-4460,-4109,-3569,-3193,-2829,-2656,-2649,-2737,-2728,-2713,-2689,-2693,-2741,-2811,-2896,-2939,-3112,-3223,-3342,-22788
1,0,2045,-196793,-254,-695,-627,-544,-481,-342,-313,-302,-241,-229,-208,-158,-198,-143,-132,-123,-106,-122,-1628,-1585,-1111,-977,-1402,-1680,-1544,-1535,-1511,-1526,-1547,-1476,-1424,-1348,-1388,-1365,-1395,-1390,-1474,-1657,-1759,-1955,-1957,-2032,-1985,-2047,-2130,-2148,-2242,-2428,-2700,-2930,-3218,-3327,-3328,-3293,-3126,-3016,-2734,-2690,-2745,-2860,-3138,-3356,-3887,-4340,-4565,-4731,-4392,-4067,-3592,-3138,-2856,-2635,-2581,-2657,-2772,-2815,-2737,-2740,-2751,-2792,-2936,-3027,-3152,-3321,-3401,-23583
1,0,2046,-192713,-256,-699,-634,-554,-494,-355,-330,-316,-257,-249,-225,-177,-215,-163,-152,-138,-122,-137,-1644,-1599,-1123,-994,-1416,-1420,-1508,-1494,-1469,-1471,-1492,-1415,-1385,-1308,-1341,-1305,-1311,-1299,-1374,-1507,-1639,-1836,-1835,-1877,-1837,-1835,-1856,-2011,-2162,-2307,-2549,-2737,-2979,-3068,-3095,-3049,-2966,-2862,-2683,-2572,-2640,-2725,-3010,-3276,-3683,-4172,-4471,-4582,-4490,-4008,-3560,-3157,-2806,-2659,-2563,-2590,-2692,-2858,-2841,-2789,-2801,-2801,-2914,-3069,-3242,-3363,-3502,-24346
1,0,2047,-188786,-259,-704,-640,-564,-507,-368,-347,-331,-273,-269,-242,-196,-232,-182,-172,-153,-138,-152,-1659,-1612,-1136,-1011,-1430,-1436,-1274,-1467,-1431,-1432,-1439,-1362,-1331,-1271,-1299,-1261,-1253,-1222,-1276,-1403,-1487,-1712,-1724,-1760,-1698,-1702,-1668,-1754,-2022,-2222,-2422,-2579,-2785,-2838,-2857,-2841,-2752,-2721,-2548,-2525,-2527,-2623,-2869,-3138,-3595,-3950,-4297,-4488,-4350,-4097,-3510,-3129,-2827,-2614,-2586,-2570,-2630,-2780,-2886,-2897,-2850,-2851,-2924,-3043,-3282,-3457,-3543,-25122
1,0,2048,-184906,-261,-709,-647,-573,-519,-380,-363,-345,-288,-288,-259,-213,-248,-200,-191,-168,-153,-166,-1674,-1625,-1148,-1027,-1443,-1451,-1290,-1255,-1406,-1395,-1399,-1313,-1283,-1221,-1258,-1219,-1208,-1169,-1191,-1301,-1381,-1552,-1606,-1652,-1595,-1574,-1548,-1578,-1765,-2079,-2336,-2446,-2629,-2652,-2643,-2627,-2569,-2531,-2420,-2400,-2481,-2511,-2760,-2989,-3444,-3852,-4066,-4314,-4264,-3972,-3592,-3088,-2806,-2634,-2545,-2591,-2612,-2717,-2806,-2940,-2960,-2902,-2974,-3050,-3252,-3495,-3642,-25817
1,0,2049,-181123,-263,-713,-652,-582,-531,-392,-378,-358,-303,-306,-275,-231,-264,-218,-210,-182,-168,-180,-1688,-1638,-1159,-1043,-1456,-1465,-1306,-1276,-1210,-1370,-1364,-1276,-1241,-1176,-1203,-1178,-1167,-1130,-1131,-1212,-1276,-1440,-1455,-1539,-1501,-1479,-1436,-1466,-1589,-1817,-2188,-2353,-2497,-2499,-2471,-2435,-2381,-2367,-2250,-2280,-2359,-2466,-2642,-2873,-3281,-3691,-3964,-4083,-4098,-3894,-3485,-3157,-2771,-2612,-2561,-2548,-2634,-2698,-2743,-2858,-3003,-3015,-3028,-3102,-3259,-3460,-3679,-26545
1,0,2050,-177458,-265,-717,-658,-591,-543,-404,-394,-372,-317,-324,-290,-248,-279,-236,-228,-196,-183,-194,-1702,-1650,-1171,-1058,-1468,-1480,-1322,-1296,-1231,-1185,-1340,-1241,-1207,-1136,-1155,-1127,-1127,-1095,-1086,-1150,-1185,-1329,-1350,-1394,-1401,-1395,-1353,-1360,-1475,-1636,-1918,-2201,-2405,-2373,-2333,-2281,-2213,-2199,-2103,-2125,-2244,-2346,-2594,-2747,-3153,-3513,-3794,-3981,-3879,-3745,-3418,-3065,-2835,-2580,-2540,-2562,-2591,-2721,-2725,-2791,-2918,-3060,-3145,-3161,-3310,-3471,-3641,-27233
1,0,2051,-173850,-267,-721,-664,-600,-554,-416,-409,-385,-331,-342,-306,-265,-294,-253,-246,-209,-197,-207,-1716,-1662,-1182,-1073,-1480,-1494,-1338,-1315,-1250,-1203,-1158,-1219,-1179,-1106,-1112,-1080,-1075,-1060,-1043,-1104,-1122,-1233,-1245,-1291,-1273,-1301,-1277,-1282,-1368,-1518,-1731,-1921,-2252,-2285,-2216,-2157,-2077,-2048,-1953,-1989,-2092,-2231,-2465,-2696,-3017,-3375,-3610,-3812,-3785,-3547,-3292,-3005,-2755,-2639,-2507,-2536,-2605,-2675,-2747,-2772,-2847,-2970,-3191,-3285,-3371,-3524,-3652,-27793
1,0,2052,-170326,-269,-726,-670,-608,-565,-427,-423,-397,-345,-359,-320,-281,-309,-269,-263,-222,-210,-220,-1729,-1674,-1192,-1088,-1492,-1507,-1352,-1334,-1269,-1221,-1174,-1043,-1162,-1077,-1078,-1037,-1028,-1013,-1002,-1059,-1074,-1164,-1155,-1192,-1182,-1186,-1197,-1211,-1287,-1407,-1609,-1724,-1971,-2137,-2134,-2051,-1967,-1927,-1819,-1849,-1963,-2082,-2346,-2560,-2961,-3228,-3467,-3627,-3625,-3463,-3120,-2894,-2703,-2565,-2565,-2500,-2581,-2688,-2702,-2795,-2826,-2896,-3093,-3333,-3504,-3591,-3705,-28286
1,0,2053,-166918,-271,-729,-675,-616,-576,-438,-437,-410,-358,-375,-335,-296,-323,-285,-280,-235,-224,-232,-1742,-1685,-1203,-1102,-1504,-1520,-1367,-1352,-1288,-1239,-1191,-1060,-995,-1061,-1047,-1003,-987,-973,-949,-1017,-1027,-1110,-1092,-1104,-1093,-1102,-1091,-1134,-1212,-1326,-1495,-1598,-1777,-1869,-1997,-1977,-1874,-1827,-1711,-1725,-1829,-1953,-2188,-2434,-2814,-3167,-3313,-3484,-3451,-3318,-3049,-2746,-2607,-2518,-2493,-2557,-2543,-2662,-2715,-2748,-2854,-2875,-3013,-3227,-3555,-3733,-3779,-28772
1,0,2054,-163608,-273,-733,-680,-624,-587,-448,-452,-422,-371,-392,-349,-312,-337,-302,-297,-248,-237,-245,-1754,-1697,-1213,-1116,-1516,-1534,-1382,-1370,-1306,-1257,-1207,-1077,-1016,-902,-1026,-973,-954,-936,-902,-961,-984,-1060,-1043,-1042,-1017,-1023,-1019,-1037,-1134,-1249,-1410,-1479,-1652,-1681,-1750,-1857,-1811,-1744,-1624,-1626,-1710,-1822,-2052,-2266,-2676,-3008,-3250,-3329,-3314,-3159,-2924,-2683,-2475,-2428,-2446,-2481,-2602,-2622,-2687,-2761,-2805,-2902,-2993,-3143,-3439,-3791,-3927,-29263
1,0,2055,-160338,-274,-737,-686,-632,-597,-459,-465,-434,-384,-408,-363,-327,-350,-317,-313,-260,-250,-257,-1767,-1708,-1224,-1130,-1527,-1546,-1395,-1388,-1324,-1273,-1222,-1093,-1035,-922,-869,-954,-923,-907,-860,-915,-928,-1010,-997,-994,-964,-952,-948,-968,-1036,-1170,-1331,-1390,-1532,-1562,-1575,-1632,-1703,-1688,-1550,-1545,-1615,-1703,-1913,-2120,-2492,-2858,-3084,-3265,-3170,-3035,-2786,-2572,-2422,-2304,-2356,-2433,-2523,-2683,-2646,-2734,-2819,-2853,-3020,-3118,-3344,-3665,-3991,-29844
1,0,2056,-157106,-276,-741,-691,-640,-607,-469,-478,-445,-397,-423,-376,-342,-363,-332,-329,-272,-262,-268,-1779,-1718,-1233,-1143,-1537,-1559,-1409,-1405,-1341,-1290,-1238,-1109,-1055,-942,-883,-801,-904,-882,-825,-868,-879,-949,-952,-946,-923,-902,-886,-903,-966,-1067,-1248,-1308,-1444,-1446,-1464,-1476,-1508,-1592,-1501,-1476,-1536,-1609,-1790,-1971,-2333,-2657,-2930,-3099,-3109,-2905,-2679,-2452,-2325,-2256,-2237,-2340,-2475,-2599,-2709,-2691,-2792,-2869,-2970,-3149,-3319,-3564,-3856,-30417
1,0,2057,-153898,-278,-744,-696,-647,-617,-479,-491,-456,-409,-439,-390,-356,-376,-347,-344,-284,-274,-280,-1791,-1729,-1243,-1156,-1548,-1571,-1422,-1422,-1358,-1306,-1253,-1124,-1073,-961,-898,-815,-755,-866,-795,-833,-834,-896,-895,-903,-883,-863,-844,-844,-896,-994,-1145,-1219,-1362,-1361,-1358,-1377,-1370,-1416,-1415,-1430,-1470,-1531,-1689,-1838,-2170,-2487,-2720,-2943,-2952,-2849,-2566,-2357,-2218,-2164,-2188,-2217,-2380,-2548,-2622,-2755,-2749,-2843,-2986,-3095,-3350,-3537,-3748,-30795
1,0,2058,-150716,-280,-748,-700,-655,-627,-489,-504,-467,-421,-454,-402,-370,-389,-361,-359,-295,-286,-291,-1802,-1739,-1252,-1169,-1558,-1583,-1435,-1439,-1375,-1322,-1267,-1139,-1092,-980,-912,-829,-768,-724,-775,-801,-797,-844,-845,-848,-847,-827,-811,-803,-836,-924,-1068,-1111,-1274,-1281,-1280,-1281,-1281,-1293,-1258,-1350,-1425,-1466,-1607,-1731,-2025,-2311,-2543,-2735,-2803,-2705,-2517,-2258,-2135,-2066,-2100,-2165,-2254,-2449,-2569,-2667,-2817,-2801,-2961,-3116,-3292,-3570,-3718,-30992
1,0,2059,-147604,-281,-752,-705,-662,-637,-499,-517,-478,-433,-469,-416,-384,-402,-376,-374,-307,-298,-302,-1814,-1749,-1262,-1182,-1569,-1595,-1448,-1455,-1392,-1338,-1282,-1154,-1110,-999,-926,-842,-781,-741,-625,-780,-764,-803,-799,-799,-798,-791,-780,-772,-793,-862,-996,-1031,-1166,-1197,-1206,-1210,-1199,-1215,-1149,-1205,-1348,-1422,-1539,-1643,-1908,-2154,-2358,-2556,-2605,-2569,-2391,-2211,-2049,-1989,-2002,-2073,-2200,-2319,-2469,-2611,-2725,-2870,-2918,-3090,-3315,-3508,-3756,-31135
1,0,2060,-144551,-283,-755,-710,-669,-646,-508,-529,-489,-444,-483,-428,-398,-414,-390,-389,-318,-310,-313,-1825,-1759,-1271,-1194,-1579,-1606,-1461,-1471,-1408,-1353,-1296,-1169,-1128,-1017,-940,-855,-793,-758,-637,-626,-743,-767,-764,-755,-758,-748,-749,-743,-759,-818,-932,-953,-1086,-1092,-1129,-1146,-1136,-1139,-1080,-1104,-1208,-1347,-1491,-1570,-1813,-2026,-2194,-2372,-2435,-2389,-2271,-2101,-2010,-1906,-1929,-1975,-2108,-2263,-2334,-2509,-2670,-2777,-2991,-3046,-3286,-3535,-3690,-31282
1,1,2023,-215762,-107,-1707,-1587,-1460,-1323,-1105,-862,-704,-481,-391,-352,-271,-282,-272,-408,-623,-858,-1122,-2260,-2767,-2886,-3270,-3779,-3800,-3876,-3653,-3600,-3721,-3730,-3734,-3768,-3772,-3920,-4068,-4021,-4168,-4545,-4921,-5181,-5486,-5505,-5446,-4977,-4655,-3992,-3756,-3765,-3831,-4054,-4145,-4190,-4135,-3941,-3655,-3103,-2813,-2480,-2329,-2221,-2186,-2291,-2227,-2328,-2420,-2375,-2320,-2224,-2051,-1792,-1671,-1470,-1300,-1266,-1188,-1122,-1028,-1127,-943,-984,-961,-878,-849,-881,-810,-742,-4494
1,1,2024,-207207,-112,-336,-1367,-1241,-1148,-968,-767,-633,-455,-371,-361,-266,-291,-278,-364,-594,-782,-1100,-2008,-2594,-2698,-2774,-3405,-3585,-3590,-3498,-3380,-3394,-3394,-3450,-3420,-3497,-3679,-3738,-3983,-3896,-4325,-4591,-5030,-5266,-5141,-5223,-4859,-4426,-4140,-3702,-3703,-3852,-3977,-4151,-4128,-4009,-3844,-3591,-3264,-2790,-2527,-2301,-2262,-2190,-2233,-2330,-2339,-2436,-2441,-2407,-2213,-2062,-1835,-1642,-1506,-1420,-1175,-1216,-1101,-1086,-1014,-1123,-972,-947,-973,-864,-864,-875,-800,-4624
1,1,2025,-199268,-117,-344,-280,-1080,-988,-847,-684,-573,-424,-366,-363,-302,-288,-300,-352,-547,-734,-998,-1974,-2329,-2482,-2618,-2941,-3208,-3401,-3259,-3244,-3182,-3144,-3140,-3173,-3187,-3390,-3504,-3636,-3862,-4024,-4352,-4690,-5067,-4963,-4873,-4662,-4320,-3942,-3834,-3641,-3774,-3985,-4066,-4121,-3921,-3733,-3497,-3191,-2920,-2485,-2341,-2238,-2215,-2224,-2286,-2450,-2451,-2449,-2450,-2288,-2057,-1861,-1630,-1471,-1431,-1285,-1130,-1140,-1075,-1028,-1027,-1149,-939,-973,-929,-901,-875,-855,-4798
1,1,2026,-190514,-117,-344,-282,-215,-853,-716,-590,-498,-368,-322,-338,-295,-278,-261,-335,-474,-658,-911,-1822,-2265,-2217,-2372,-2768,-2752,-3016,-3068,-2998,-3007,-2911,-2899,-2864,-2906,-3085,-3203,-3372,-3501,-3933,-4035,-4409,-4698,-4738,-4691,-4336,-4125,-3828,-3632,-3748,-3690,-3886,-4031,-4028,-3912,-3622,-3365,-3104,-2849,-2590,-2298,-2250,-2202,-2228,-2263,-2401,-2537,-2474,-2429,-2325,-2101,-1859,-1670,-1422,-1392,-1295,-1206,-1064,-1104,-1040,-1005,-1052,-1137,-969,-941,-944,-928,-871,-4976
1,1,2027,-182477,-118,-345,-283,-217,-191,-620,-494,-433,-312,-285,-300,-250,-280,-249,-285,-438,-549,-814,-1699,-2096,-2137,-2137,-2496,-2598,-2594,-2707,-2827,-2817,-2737,-2671,-2646,-2618,-2792,-2923,-3091,-3252,-3596,-3946,-4103,-4438,-4394,-4470,-4185,-3847,-3652,-3526,-3543,-3799,-3795,-3948,-3979,-3809,-3621,-3273,-2966,-2781,-2542,-2379,-2227,-2204,-2232,-2253,-2386,-2498,-2536,-2470,-2304,-2124,-1896,-1672,-1477,-1342,-1258,-1242,-1127,-1058,-1045,-1040,-1035,-1050,-1184,-942,-951,-949,-937,-5145
1,1,2028,-175239,-119,-345,-283,-219,-193,-132,-428,-367,-265,-235,-252,-241,-254,-256,-287,-390,-508,-683,-1601,-1925,-1959,-2032,-2280,-2341,-2455,-2347,-2504,-2646,-2577,-2532,-2431,-2436,-2530,-2634,-2811,-2970,-3347,-3621,-4013,-4140,-4151,-4160,-3972,-3725,-3414,-3360,-3441,-3581,-3902,-3841,-3900,-3764,-3526,-3271,-2898,-2635,-2474,-2357,-2283,-2198,-2237,-2264,-2371,-2503,-2518,-2507,-2345,-2122,-1908,-1717,-1470,-1395,-1202,-1202,-1161,-1122,-1047,-1047,-1085,-1045,-1111,-1182,-960,-959,-944,-5373
1,1,2029,-168532,-119,-346,-284,-220,-195,-133,-78,-322,-213,-201,-312,-213,-238,-246,-284,-375,-447,-630,-1453,-1849,-1768,-1884,-2190,-2161,-2224,-2198,-2191,-2363,-2429,-2374,-2315,-2232,-2359,-2393,-2537,-2690,-3045,-3351,-3682,-4035,-3870,-3934,-3702,-3526,-3311,-3137,-3271,-3470,-3667,-3928,-3786,-3682,-3463,-3177,-2888,-2583,-2341,-2280,-2276,-2246,-2236,-2280,-2371,-2470,-2526,-2514,-2351,-2148,-1896,-1710,-1507,-1385,-1284,-1148,-1134,-1137,-1098,-1075,-1094,-1090,-1111,-1115,-1222,-978,-956,-5579
1,1,2030,-162121,-120,-347,-285,-222,-196,-135,-80,-72,-199,-158,-247,-238,-223,-195,-252,-342,-412,-544,-1375,-1672,-1672,-1665,-2045,-2051,-2070,-1985,-2014,-2077,-2150,-2241,-2175,-2120,-2181,-2213,-2310,-2436,-2774,-3052,-3419,-3723,-3760,-3681,-3508,-3302,-3130,-3045,-3053,-3299,-3551,-3705,-3855,-3580,-3397,-3131,-2795,-2578,-2298,-2176,-2202,-2238,-2290,-2276,-2399,-2476,-2494,-2511,-2378,-2143,-1925,-1708,-1503,-1388,-1257,-1251,-1111,-1146,-1120,-1111,-1128,-1105,-1149,-1117,-1161,-1254,-979,-5770
1,1,2031,-156221,-119,-347,-286,-223,-197,-136,-82,-75,-29,-126,-255,-198,-208,-179,-208,-306,-365,-498,-1279,-1561,-1497,-1543,-1832,-1911,-1941,-1850,-1838,-1897,-1889,-1948,-2032,-1997,-2059,-2064,-2142,-2220,-2526,-2790,-3126,-3484,-3491,-3578,-3297,-3135,-2938,-2882,-2967,-3085,-3381,-3595,-3663,-3645,-3306,-3077,-2775,-2499,-2302,-2142,-2118,-2169,-2282,-2340,-2396,-2495,-2491,-2488,-2382,-2175,-1912,-1724,-1507,-1417,-1260,-1211,-1178,-1143,-1149,-1148,-1159,-1142,-1173,-1149,-1162,-1197,-1273,-5960
1,1,2032,-151212,-120,-347,-287,-224,-199,-139,-84,-77,-30,-67,-232,-180,-183,-158,-183,-264,-326,-445,-1218,-1471,-1367,-1393,-1696,-1723,-1815,-1733,-1718,-1751,-1737,-1735,-1756,-1849,-1960,-1938,-2002,-2055,-2314,-2543,-2875,-3198,-3272,-3352,-3206,-2959,-2795,-2709,-2814,-2998,-3172,-3434,-3560,-3479,-3376,-3002,-2738,-2493,-2246,-2152,-2097,-2107,-2217,-2346,-2472,-2511,-2517,-2479,-2366,-2198,-1955,-1725,-1533,-1425,-1309,-1236,-1175,-1187,-1169,-1198,-1205,-1178,-1213,-1188,-1194,-1201,-1213,-6449
1,1,2033,-146751,-120,-348,-288,-226,-200,-140,-87,-79,-33,-69,-51,-149,-150,-128,-150,-228,-278,-397,-1159,-1401,-1276,-1263,-1557,-1588,-1641,-1612,-1605,-1641,-1607,-1600,-1580,-1602,-1817,-1859,-1880,-1921,-2147,-2334,-2629,-2957,-3006,-3155,-3012,-2881,-2643,-2583,-2651,-2851,-3090,-3227,-3412,-3394,-3243,-3083,-2685,-2472,-2249,-2111,-2115,-2093,-2166,-2281,-2494,-2600,-2554,-2523,-2366,-2186,-1985,-1774,-1550,-1467,-1330,-1299,-1213,-1217,-1220,-1229,-1277,-1236,-1257,-1234,-1241,-1235,-1221,-6843
1,1,2034,-142482,-121,-348,-288,-227,-202,-142,-89,-81,-35,-71,-53,-7,-128,-101,-122,-193,-236,-340,-1103,-1334,-1202,-1172,-1432,-1457,-1517,-1453,-1494,-1536,-1508,-1480,-1455,-1437,-1581,-1722,-1804,-1800,-2010,-2164,-2415,-2709,-2771,-2903,-2833,-2708,-2571,-2440,-2530,-2688,-2940,-3145,-3208,-3252,-3163,-2963,-2757,-2424,-2230,-2113,-2076,-2111,-2153,-2227,-2422,-2623,-2646,-2561,-2408,-2185,-1973,-1802,-1595,-1483,-1372,-1319,-1278,-1258,-1251,-1283,-1312,-1312,-1319,-1279,-1289,-1283,-1253,-7201
1,1,2035,-138373,-120,-349,-290,-229,-203,-144,-90,-83,-38,-74,-55,-10,-13,-82,-99,-164,-196,-288,-1035,-1271,-1131,-1099,-1343,-1340,-1397,-1341,-1350,-1437,-1413,-1388,-1346,-1320,-1424,-1495,-1668,-1724,-1885,-2021,-2238,-2492,-2531,-2681,-2605,-2549,-2419,-2375,-2392,-2564,-2772,-2992,-3127,-3056,-3033,-2890,-2650,-2489,-2185,-2096,-2077,-2072,-2170,-2212,-2364,-2545,-2669,-2651,-2443,-2223,-1973,-1788,-1617,-1524,-1386,-1360,-1299,-1327,-1295,-1318,-1368,-1348,-1397,-1341,-1334,-1333,-1302,-7546
1,1,2036,-134432,-121,-349,-291,-230,-205,-145,-93,-85,-40,-76,-57,-12,-15,17,-81,-138,-163,-241,-974,-1194,-1064,-1028,-1272,-1258,-1289,-1232,-1250,-1306,-1322,-1302,-1262,-1218,-1313,-1344,-1445,-1588,-1805,-1891,-2090,-2314,-2320,-2454,-2405,-2345,-2276,-2234,-2328,-2426,-2645,-2822,-2975,-2979,-2850,-2771,-2587,-2392,-2245,-2055,-2059,-2074,-2132,-2231,-2348,-2482,-2586,-2675,-2531,-2257,-2005,-1787,-1606,-1545,-1427,-1375,-1341,-1347,-1368,-1365,-1406,-1410,-1434,-1422,-1397,-1378,-1352,-7897
1,1,2037,-130634,-122,-349,-292,-231,-206,-147,-95,-87,-42,-78,-60,-15,-18,14,11,-118,-133,-202,-917,-1126,-981,-960,-1204,-1191,-1214,-1135,-1150,-1212,-1201,-1218,-1181,-1139,-1213,-1237,-1297,-1366,-1666,-1810,-1956,-2164,-2148,-2256,-2199,-2167,-2094,-2100,-2190,-2361,-2504,-2692,-2806,-2833,-2779,-2609,-2481,-2336,-2157,-2110,-2019,-2057,-2133,-2190,-2368,-2463,-2519,-2590,-2554,-2338,-2036,-1816,-1606,-1533,-1447,-1416,-1359,-1394,-1390,-1445,-1456,-1448,-1497,-1460,-1478,-1441,-1398,-8253
1,1,2038,-126991,-122,-350,-293,-233,-208,-149,-98,-89,-45,-80,-62,-17,-20,10,9,-21,-112,-165,-871,-1061,-908,-879,-1138,-1130,-1153,-1068,-1062,-1122,-1117,-1107,-1105,-1065,-1139,-1142,-1194,-1220,-1435,-1666,-1873,-2029,-2004,-2093,-2019,-1984,-1934,-1933,-2061,-2222,-2437,-2548,-2678,-2671,-2644,-2544,-2336,-2240,-2104,-2027,-2072,-2015,-2114,-2193,-2325,-2485,-2501,-2522,-2471,-2359,-2110,-1845,-1632,-1533,-1437,-1437,-1401,-1411,-1438,-1467,-1540,-1502,-1538,-1525,-1516,-1522,-1461,-8611
1,1,2039,-123457,-122,-350,-294,-234,-209,-150,-100,-90,-48,-82,-65,-19,-23,8,5,-23,0,-138,-828,-1009,-839,-806,-1059,-1068,-1095,-1014,-1000,-1041,-1035,-1028,-1003,-994,-1067,-1071,-1099,-1115,-1283,-1427,-1723,-1944,-1872,-1957,-1872,-1825,-1772,-1785,-1898,-2091,-2294,-2480,-2535,-2549,-2495,-2422,-2278,-2110,-2018,-1978,-1991,-2070,-2073,-2174,-2328,-2440,-2524,-2501,-2404,-2280,-2131,-1909,-1658,-1556,-1437,-1429,-1424,-1456,-1459,-1520,-1564,-1591,-1591,-1566,-1584,-1559,-1540,-8985
1,1,2040,-120045,-122,-351,-294,-236,-211,-152,-102,-92,-50,-85,-67,-22,-25,5,3,-25,-2,-5,-794,-959,-783,-739,-989,-997,-1040,-963,-951,-984,-963,-952,-932,-898,-998,-1003,-1027,-1022,-1175,-1271,-1477,-1792,-1790,-1833,-1747,-1692,-1629,-1634,-1754,-1927,-2159,-2335,-2467,-2412,-2381,-2288,-2170,-2059,-1899,-1898,-1944,-1988,-2128,-2130,-2310,-2444,-2475,-2524,-2385,-2217,-2056,-1928,-1718,-1581,-1460,-1429,-1417,-1481,-1506,-1542,-1621,-1616,-1684,-1622,-1625,-1629,-1578,-9391
1,1,2041,-117162,-124,-353,-299,-243,-218,-159,-112,-101,-61,-95,-78,-34,-36,-7,-10,-35,-12,-14,-644,-929,-736,-691,-929,-940,-981,-925,-916,-949,-921,-892,-874,-843,-914,-943,-967,-961,-1086,-1169,-1322,-1548,-1652,-1759,-1642,-1590,-1519,-1507,-1612,-1786,-1994,-2199,-2325,-2351,-2258,-2187,-2052,-1965,-1855,-1791,-1868,-1944,-2046,-2190,-2267,-2427,-2485,-2478,-2408,-2201,-2000,-1861,-1739,-1638,-1486,-1452,-1418,-1475,-1535,-1593,-1646,-1677,-1711,-1717,-1680,-1671,-1647,-9787
1,1,2042,-114360,-126,-356,-303,-249,-225,-166,-121,-110,-72,-106,-88,-44,-47,-20,-23,-44,-21,-23,-652,-758,-702,-647,-882,-887,-930,-878,-882,-915,-889,-853,-824,-790,-857,-865,-908,-906,-1019,-1076,-1214,-1388,-1418,-1626,-1577,-1495,-1426,-1404,-1488,-1641,-1848,-2027,-2192,-2215,-2200,-2075,-1964,-1858,-1769,-1748,-1763,-1868,-2001,-2104,-2331,-2383,-2468,-2486,-2365,-2222,-1986,-1807,-1678,-1655,-1540,-1478,-1445,-1477,-1528,-1624,-1700,-1703,-1773,-1746,-1776,-1726,-1690,-10200
1,1,2043,-111649,-127,-358,-307,-255,-231,-173,-130,-119,-81,-115,-98,-56,-57,-32,-34,-53,-30,-31,-661,-766,-519,-617,-837,-845,-881,-834,-839,-881,-860,-822,-792,-743,-801,-809,-828,-850,-957,-1010,-1118,-1275,-1266,-1402,-1458,-1438,-1343,-1321,-1386,-1516,-1700,-1880,-2023,-2087,-2075,-2022,-1864,-1779,-1674,-1669,-1723,-1763,-1923,-2056,-2243,-2448,-2424,-2470,-2374,-2182,-2005,-1794,-1630,-1596,-1556,-1530,-1470,-1505,-1530,-1617,-1734,-1762,-1798,-1810,-1805,-1819,-1744,-10603
1,1,2044,-109041,-128,-360,-311,-261,-238,-179,-140,-126,-90,-124,-107,-66,-67,-43,-46,-62,-39,-40,-668,-773,-525,-438,-805,-806,-842,-795,-800,-841,-832,-795,-768,-713,-753,-757,-771,-773,-895,-945,-1046,-1175,-1160,-1256,-1257,-1331,-1293,-1242,-1303,-1412,-1571,-1728,-1875,-1927,-1956,-1908,-1820,-1690,-1603,-1580,-1645,-1722,-1814,-1975,-2193,-2356,-2491,-2427,-2361,-2193,-1969,-1811,-1618,-1551,-1502,-1547,-1526,-1531,-1559,-1621,-1728,-1798,-1859,-1835,-1867,-1851,-1835,-11001
1,1,2045,-106537,-130,-362,-315,-267,-243,-186,-148,-135,-100,-134,-117,-76,-78,-54,-58,-70,-47,-48,-676,-780,-531,-448,-632,-779,-807,-763,-763,-802,-795,-766,-746,-691,-721,-709,-719,-722,-810,-883,-978,-1099,-1067,-1153,-1126,-1152,-1199,-1196,-1225,-1326,-1463,-1593,-1723,-1785,-1805,-1801,-1720,-1650,-1521,-1515,-1558,-1647,-1773,-1863,-2108,-2303,-2399,-2491,-2322,-2180,-1981,-1777,-1637,-1539,-1459,-1494,-1543,-1587,-1585,-1651,-1730,-1792,-1893,-1897,-1891,-1913,-1868,-11448
1,1,2046,-104133,-131,-363,-318,-272,-250,-193,-156,-142,-110,-142,-125,-86,-86,-66,-69,-78,-55,-56,-683,-787,-537,-458,-639,-622,-782,-736,-737,-768,-763,-731,-725,-670,-695,-678,-672,-672,-752,-795,-911,-1026,-996,-1063,-1035,-1036,-1039,-1108,-1180,-1249,-1376,-1484,-1591,-1641,-1675,-1665,-1625,-1559,-1484,-1439,-1493,-1560,-1695,-1820,-1991,-2213,-2344,-2400,-2384,-2145,-1970,-1787,-1608,-1554,-1447,-1451,-1491,-1605,-1644,-1681,-1765,-1795,-1886,-1934,-1953,-1936,-1929,-11870
1,1,2047,-101836,-132,-365,-322,-278,-256,-200,-165,-150,-119,-151,-134,-96,-96,-77,-80,-86,-64,-64,-691,-793,-543,-467,-646,-631,-639,-719,-712,-741,-733,-700,-696,-650,-672,-655,-640,-630,-698,-736,-821,-956,-931,-994,-954,-955,-938,-961,-1092,-1201,-1295,-1394,-1482,-1515,-1542,-1547,-1504,-1475,-1404,-1407,-1419,-1496,-1606,-1736,-1945,-2089,-2254,-2345,-2299,-2203,-1938,-1777,-1620,-1526,-1464,-1440,-1451,-1553,-1662,-1744,-1794,-1832,-1888,-1924,-1987,-1997,-1951,-12301
1,1,2048,-99581,-133,-367,-326,-284,-261,-206,-173,-157,-128,-160,-143,-104,-106,-87,-91,-94,-72,-71,-698,-800,-548,-476,-652,-640,-647,-592,-695,-718,-711,-671,-670,-624,-650,-632,-615,-601,-648,-681,-758,-862,-866,-928,-893,-883,-866,-866,-948,-1112,-1246,-1311,-1393,-1411,-1424,-1427,-1399,-1368,-1327,-1332,-1387,-1423,-1539,-1644,-1857,-2040,-2127,-2255,-2249,-2126,-1992,-1750,-1612,-1536,-1437,-1455,-1442,-1512,-1608,-1763,-1863,-1863,-1925,-1926,-1976,-2029,-2011,-12682
1,1,2049,-97399,-134,-369,-329,-288,-267,-211,-181,-164,-137,-167,-151,-114,-115,-97,-100,-102,-79,-78,-705,-806,-553,-484,-659,-648,-655,-603,-580,-701,-691,-649,-649,-601,-619,-611,-591,-580,-616,-631,-700,-797,-778,-863,-835,-827,-803,-800,-855,-966,-1155,-1259,-1312,-1325,-1328,-1320,-1294,-1274,-1231,-1261,-1314,-1391,-1464,-1575,-1760,-1948,-2078,-2128,-2162,-2079,-1923,-1796,-1591,-1527,-1446,-1429,-1456,-1502,-1565,-1706,-1883,-1936,-1958,-1964,-1977,-2015,-2042,-13086
1,1,2050,-95276,-135,-371,-332,-294,-272,-217,-188,-171,-145,-175,-159,-123,-123,-108,-110,-109,-87,-86,-711,-812,-558,-493,-666,-657,-663,-615,-592,-595,-677,-629,-631,-580,-593,-584,-568,-560,-589,-598,-646,-733,-717,-778,-778,-778,-755,-740,-789,-872,-1004,-1166,-1260,-1248,-1249,-1233,-1200,-1179,-1146,-1172,-1245,-1317,-1431,-1495,-1687,-1845,-1983,-2079,-2042,-1999,-1881,-1735,-1634,-1505,-1438,-1436,-1431,-1517,-1555,-1661,-1823,-1958,-2033,-2001,-2014,-2018,-2027,-13467
1,1,2051,-93196,-136,-372,-336,-299,-277,-222,-196,-178,-153,-184,-167,-132,-131,-117,-120,-116,-94,-93,-718,-818,-563,-501,-672,-665,-671,-626,-602,-603,-580,-616,-616,-564,-570,-558,-540,-541,-564,-572,-610,-677,-659,-717,-703,-726,-710,-697,-731,-804,-907,-1011,-1167,-1199,-1177,-1162,-1122,-1094,-1058,-1093,-1158,-1249,-1355,-1460,-1604,-1768,-1878,-1984,-1997,-1888,-1811,-1697,-1580,-1544,-1417,-1428,-1439,-1490,-1570,-1651,-1775,-1895,-2055,-2079,-2050,-2053,-2029,-13785
1,1,2052,-91166,-138,-375,-339,-304,-283,-228,-203,-184,-161,-191,-175,-140,-140,-126,-130,-123,-101,-100,-725,-824,-568,-510,-678,-673,-678,-637,-613,-612,-589,-523,-608,-549,-553,-537,-513,-515,-540,-547,-582,-638,-606,-661,-650,-659,-666,-654,-687,-743,-836,-911,-1013,-1111,-1131,-1094,-1059,-1026,-983,-1011,-1082,-1163,-1286,-1381,-1567,-1680,-1799,-1878,-1907,-1847,-1711,-1632,-1546,-1493,-1455,-1406,-1431,-1499,-1542,-1667,-1763,-1846,-1988,-2103,-2130,-2091,-2063,-14056
1,1,2053,-89183,-139,-376,-342,-309,-288,-233,-210,-191,-169,-198,-182,-148,-148,-135,-139,-130,-108,-106,-731,-829,-573,-517,-684,-681,-686,-647,-622,-620,-598,-531,-524,-541,-535,-518,-491,-493,-510,-524,-553,-606,-572,-609,-599,-611,-606,-614,-644,-700,-775,-839,-914,-964,-1048,-1053,-1001,-968,-920,-940,-1003,-1087,-1195,-1308,-1484,-1640,-1710,-1799,-1807,-1763,-1674,-1544,-1491,-1462,-1407,-1444,-1410,-1490,-1550,-1637,-1782,-1834,-1934,-2031,-2154,-2172,-2103,-14326
1,1,2054,-87262,-140,-377,-345,-313,-293,-238,-217,-197,-176,-205,-190,-156,-157,-145,-149,-137,-115,-113,-737,-835,-577,-525,-690,-689,-693,-658,-632,-628,-607,-539,-536,-463,-524,-502,-472,-473,-482,-493,-528,-576,-545,-574,-554,-567,-565,-559,-603,-655,-728,-774,-842,-870,-913,-979,-965,-916,-868,-884,-934,-1010,-1118,-1214,-1406,-1552,-1669,-1711,-1731,-1671,-1600,-1510,-1410,-1409,-1376,-1395,-1449,-1468,-1540,-1645,-1750,-1854,-1922,-1976,-2079,-2198,-2184,-14598
1,1,2055,-85354,-140,-378,-348,-317,-297,-244,-224,-204,-184,-213,-197,-164,-164,-153,-158,-143,-122,-120,-743,-841,-582,-533,-696,-696,-700,-668,-642,-636,-615,-546,-546,-474,-445,-493,-455,-458,-459,-467,-496,-546,-518,-546,-524,-526,-526,-519,-548,-614,-683,-727,-779,-802,-825,-855,-899,-884,-821,-836,-879,-940,-1037,-1132,-1307,-1468,-1578,-1668,-1648,-1601,-1516,-1441,-1381,-1331,-1324,-1365,-1400,-1507,-1515,-1636,-1758,-1821,-1942,-1963,-2018,-2118,-2211,-14910
1,1,2056,-83477,-142,-381,-351,-323,-302,-249,-230,-209,-191,-219,-204,-172,-171,-162,-166,-150,-128,-125,-749,-846,-586,-540,-701,-703,-707,-678,-651,-644,-625,-553,-557,-484,-452,-416,-443,-444,-438,-441,-467,-511,-492,-517,-499,-498,-491,-484,-510,-557,-639,-680,-733,-742,-761,-776,-791,-826,-794,-792,-832,-885,-967,-1048,-1221,-1363,-1492,-1577,-1609,-1525,-1454,-1367,-1321,-1304,-1252,-1313,-1370,-1455,-1557,-1608,-1748,-1831,-1907,-1985,-2004,-2055,-2128,-15206
1,1,2057,-81611,-143,-381,-354,-327,-306,-254,-237,-215,-198,-227,-211,-179,-179,-171,-175,-156,-134,-132,-755,-851,-591,-547,-707,-710,-713,-688,-661,-651,-633,-560,-566,-495,-458,-423,-367,-435,-421,-422,-440,-479,-461,-492,-475,-476,-468,-451,-472,-517,-582,-634,-686,-697,-706,-718,-721,-727,-740,-766,-788,-838,-910,-973,-1132,-1271,-1384,-1490,-1522,-1487,-1385,-1310,-1254,-1246,-1226,-1241,-1318,-1424,-1501,-1653,-1719,-1820,-1916,-1950,-2026,-2040,-2062,-15384
1,1,2058,-79778,-144,-383,-356,-331,-311,-259,-244,-221,-206,-234,-218,-186,-186,-178,-183,-162,-140,-137,-760,-856,-595,-554,-712,-718,-720,-698,-670,-658,-641,-566,-577,-505,-465,-430,-373,-361,-410,-404,-419,-450,-432,-459,-453,-456,-450,-429,-440,-481,-540,-576,-641,-653,-664,-668,-670,-663,-651,-716,-763,-795,-861,-913,-1054,-1178,-1291,-1382,-1439,-1407,-1351,-1248,-1204,-1183,-1171,-1215,-1246,-1369,-1467,-1594,-1767,-1790,-1905,-1961,-1989,-2063,-2047,-15462
1,1,2059,-77977,-145,-385,-359,-335,-316,-264,-250,-226,-213,-240,-225,-194,-193,-187,-191,-168,-147,-143,-766,-861,-599,-561,-717,-725,-726,-707,-679,-666,-649,-573,-586,-515,-471,-436,-379,-370,-330,-393,-399,-425,-407,-430,-424,-435,-432,-412,-418,-447,-502,-533,-583,-610,-623,-629,-625,-618,-594,-634,-715,-770,-818,-863,-990,-1095,-1194,-1287,-1335,-1330,-1279,-1215,-1150,-1135,-1110,-1159,-1219,-1294,-1411,-1557,-1702,-1842,-1874,-1951,-2003,-2025,-2072,-15512
1,1,2060,-76203,-146,-386,-362,-339,-320,-268,-256,-232,-219,-246,-231,-201,-200,-195,-199,-174,-153,-149,-771,-866,-603,-568,-722,-731,-733,-716,-688,-673,-657,-580,-596,-524,-478,-443,-384,-379,-335,-311,-386,-404,-387,-404,-400,-411,-414,-395,-400,-424,-467,-492,-540,-554,-584,-592,-591,-577,-553,-581,-635,-722,-790,-816,-937,-1027,-1109,-1191,-1245,-1234,-1209,-1151,-1122,-1083,-1065,-1100,-1165,-1266,-1330,-1497,-1664,-1775,-1928,-1921,-1992,-2039,-2033,-15567
1,2,2023,-160913,-109,-1362,-1312,-1227,-1062,-864,-706,-608,-464,-244,-327,-253,-323,-348,-402,-550,-708,-941,-2021,-2129,-2123,-2257,-2629,-2564,-2190,-2143,-2146,-2173,-2346,-2348,-2486,-2570,-2679,-2612,-2650,-2655,-2687,-2974,-3114,-3215,-3415,-3303,-3093,-2973,-2671,-2626,-2718,-2833,-3021,-3103,-3205,-3183,-3027,-2683,-2351,-2184,-1895,-1906,-1973,-1813,-2041,-2038,-2246,-2300,-2378,-2225,-2114,-1970,-1676,-1488,-1361,-1224,-1183,-1141,-1014,-974,-936,-749,-766,-702,-687,-659,-736,-809,-824,-6175
1,2,2024,-155750,-112,-297,-1156,-1062,-936,-764,-641,-554,-438,-247,-290,-293,-323,-315,-384,-496,-665,-863,-1938,-1986,-1934,-2023,-2365,-2464,-2164,-2054,-2037,-2047,-2238,-2271,-2303,-2440,-2505,-2606,-2527,-2560,-2646,-2828,-2965,-3213,-3166,-3218,-3030,-2888,-2741,-2582,-2706,-2833,-2980,-3126,-3166,-3095,-2939,-2740,-2409,-2171,-1963,-1815,-1868,-1922,-1924,-2057,-2217,-2355,-2309,-2344,-2085,-1933,-1682,-1485,-1310,-1197,-1150,-1095,-1077,-981,-892,-885,-699,-743,-688,-730,-733,-785,-845,-6241
1,2,2025,-151323,-115,-306,-286,-945,-817,-679,-583,-512,-405,-243,-339,-267,-364,-314,-362,-457,-596,-807,-1847,-1894,-1780,-1844,-2162,-2246,-2104,-2072,-1957,-1994,-2111,-2180,-2228,-2262,-2421,-2438,-2555,-2453,-2567,-2769,-2839,-3075,-3162,-2999,-2952,-2828,-2653,-2645,-2653,-2805,-2981,-3073,-3185,-3048,-2860,-2662,-2461,-2211,-1920,-1846,-1769,-1803,-2000,-1992,-2191,-2341,-2375,-2262,-2184,-1901,-1661,-1466,-1315,-1144,-1161,-1065,-1020,-1042,-896,-849,-831,-686,-743,-732,-812,-784,-849,-6310
1,2,2026,-145718,-116,-308,-287,-241,-721,-575,-507,-455,-360,-208,-269,-310,-311,-316,-330,-404,-525,-697,-1759,-1756,-1660,-1659,-1974,-2011,-1902,-2000,-1957,-1883,-2032,-2037,-2129,-2147,-2225,-2310,-2379,-2459,-2466,-2670,-2747,-2913,-3009,-2962,-2747,-2707,-2587,-2539,-2676,-2738,-2926,-3055,-3108,-3052,-2800,-2571,-2374,-2239,-1945,-1784,-1761,-1694,-1852,-2019,-2149,-2297,-2350,-2334,-2104,-1960,-1614,-1445,-1278,-1136,-1095,-1095,-987,-962,-964,-829,-785,-812,-678,-783,-807,-869,-850,-6375
1,2,2027,-140417,-116,-308,-288,-242,-176,-502,-433,-400,-320,-170,-246,-228,-337,-279,-302,-362,-457,-614,-1632,-1676,-1536,-1559,-1809,-1854,-1679,-1810,-1894,-1877,-1909,-1955,-1973,-2030,-2104,-2134,-2229,-2292,-2409,-2595,-2645,-2823,-2851,-2816,-2694,-2539,-2465,-2471,-2586,-2754,-2860,-2992,-3093,-2976,-2790,-2510,-2281,-2160,-1953,-1798,-1697,-1677,-1759,-1890,-2153,-2270,-2335,-2288,-2163,-1890,-1650,-1402,-1262,-1091,-1079,-1034,-1023,-942,-881,-908,-772,-771,-821,-717,-851,-865,-945,-6488
1,2,2028,-135654,-116,-310,-289,-242,-177,-99,-383,-346,-273,-154,-201,-219,-286,-287,-278,-318,-403,-527,-1539,-1541,-1457,-1450,-1726,-1730,-1557,-1626,-1713,-1815,-1925,-1836,-1902,-1897,-1971,-2017,-2064,-2159,-2284,-2499,-2575,-2699,-2766,-2667,-2556,-2478,-2319,-2355,-2513,-2666,-2876,-2922,-3025,-2959,-2730,-2496,-2219,-2072,-1879,-1783,-1717,-1616,-1744,-1807,-2063,-2264,-2310,-2308,-2104,-1934,-1585,-1413,-1229,-1095,-1036,-1011,-1000,-977,-872,-831,-843,-756,-778,-874,-791,-904,-940,-6681
1,2,2029,-131373,-116,-310,-290,-243,-179,-101,-95,-313,-240,-95,-293,-219,-277,-267,-274,-293,-356,-472,-1444,-1440,-1322,-1373,-1638,-1657,-1472,-1496,-1574,-1649,-1841,-1860,-1817,-1846,-1858,-1894,-1962,-2002,-2141,-2398,-2472,-2645,-2629,-2580,-2420,-2347,-2256,-2219,-2391,-2591,-2782,-2938,-2950,-2887,-2703,-2440,-2206,-2003,-1784,-1718,-1671,-1628,-1705,-1798,-1993,-2193,-2289,-2277,-2135,-1863,-1631,-1341,-1216,-1043,-1053,-993,-966,-977,-903,-822,-771,-814,-759,-836,-974,-858,-970,-6816
1,2,2030,-127242,-116,-310,-290,-244,-181,-102,-97,-111,-221,-65,-222,-254,-280,-237,-247,-270,-321,-415,-1384,-1348,-1221,-1240,-1570,-1582,-1400,-1437,-1409,-1508,-1669,-1755,-1814,-1772,-1822,-1788,-1824,-1889,-1994,-2225,-2365,-2521,-2590,-2448,-2336,-2226,-2133,-2147,-2259,-2466,-2711,-2842,-2975,-2816,-2645,-2416,-2152,-1992,-1732,-1620,-1620,-1600,-1710,-1775,-1990,-2150,-2240,-2255,-2117,-1889,-1553,-1376,-1160,-1035,-996,-1007,-977,-941,-897,-846,-771,-754,-793,-819,-940,-1076,-939,-6990
1,2,2031,-123400,-117,-311,-291,-245,-183,-104,-99,-112,-89,-54,-232,-205,-267,-224,-217,-244,-292,-377,-1329,-1281,-1140,-1152,-1445,-1519,-1329,-1363,-1357,-1365,-1515,-1570,-1702,-1730,-1733,-1730,-1735,-1746,-1856,-2082,-2185,-2411,-2454,-2411,-2215,-2140,-2024,-2039,-2179,-2331,-2585,-2778,-2886,-2852,-2583,-2365,-2139,-1945,-1722,-1585,-1538,-1546,-1715,-1803,-1982,-2150,-2216,-2219,-2104,-1892,-1563,-1328,-1170,-1019,-993,-964,-972,-954,-890,-838,-781,-755,-757,-825,-920,-1024,-1182,-7129
1,2,2032,-120197,-117,-312,-292,-247,-184,-105,-101,-114,-92,-12,-210,-189,-239,-200,-194,-213,-264,-343,-1288,-1224,-1070,-1075,-1368,-1415,-1262,-1304,-1291,-1296,-1414,-1416,-1507,-1632,-1677,-1649,-1651,-1648,-1717,-1930,-2036,-2231,-2343,-2284,-2182,-2038,-1939,-1938,-2082,-2253,-2442,-2654,-2824,-2768,-2623,-2320,-2098,-1944,-1686,-1584,-1515,-1489,-1658,-1828,-2043,-2172,-2232,-2214,-2072,-1888,-1580,-1333,-1170,-1021,-1011,-972,-962,-960,-897,-859,-792,-769,-771,-827,-923,-1015,-1123,-7570
1,2,2033,-117281,-117,-312,-292,-247,-187,-107,-103,-116,-93,-15,-31,-163,-211,-175,-166,-183,-228,-312,-1252,-1183,-1015,-1007,-1292,-1344,-1173,-1234,-1233,-1229,-1325,-1328,-1354,-1435,-1586,-1590,-1579,-1555,-1603,-1782,-1874,-2076,-2166,-2177,-2069,-2006,-1852,-1856,-1984,-2156,-2369,-2510,-2706,-2712,-2548,-2359,-2066,-1912,-1692,-1558,-1522,-1474,-1619,-1777,-2080,-2251,-2268,-2244,-2082,-1865,-1586,-1360,-1181,-1045,-1025,-1010,-982,-977,-927,-872,-825,-797,-795,-849,-950,-1032,-1131,-7950
1,2,2034,-114453,-117,-314,-294,-249,-188,-108,-105,-117,-95,-18,-34,-19,-189,-151,-143,-156,-197,-272,-1217,-1144,-970,-953,-1226,-1272,-1108,-1151,-1165,-1173,-1257,-1238,-1266,-1285,-1396,-1504,-1523,-1486,-1511,-1668,-1725,-1914,-2015,-2009,-1969,-1903,-1824,-1775,-1901,-2054,-2267,-2432,-2560,-2598,-2497,-2292,-2100,-1883,-1665,-1565,-1497,-1482,-1603,-1735,-2027,-2294,-2353,-2279,-2108,-1873,-1564,-1362,-1203,-1055,-1049,-1024,-1023,-997,-941,-900,-836,-827,-823,-876,-976,-1063,-1151,-8305
1,2,2035,-111732,-118,-314,-294,-249,-190,-110,-108,-119,-96,-20,-36,-21,-71,-132,-122,-134,-169,-238,-1174,-1105,-930,-911,-1175,-1212,-1043,-1091,-1086,-1103,-1198,-1169,-1175,-1199,-1250,-1322,-1440,-1433,-1441,-1572,-1610,-1764,-1857,-1867,-1816,-1812,-1728,-1748,-1820,-1970,-2162,-2327,-2485,-2457,-2391,-2247,-2041,-1913,-1641,-1541,-1504,-1459,-1612,-1720,-1981,-2237,-2399,-2365,-2143,-1896,-1572,-1342,-1204,-1077,-1062,-1051,-1038,-1040,-963,-915,-863,-838,-853,-906,-1004,-1092,-1184,-8645
1,2,2036,-109090,-118,-315,-294,-251,-192,-112,-110,-121,-98,-23,-38,-24,-74,-34,-106,-112,-146,-206,-1136,-1057,-890,-871,-1136,-1165,-989,-1028,-1027,-1024,-1128,-1111,-1107,-1111,-1168,-1183,-1266,-1353,-1386,-1502,-1514,-1648,-1713,-1718,-1685,-1674,-1644,-1657,-1793,-1886,-2074,-2217,-2379,-2384,-2260,-2152,-2001,-1862,-1669,-1520,-1483,-1466,-1586,-1729,-1962,-2189,-2339,-2410,-2222,-1927,-1588,-1346,-1185,-1079,-1084,-1066,-1069,-1055,-1006,-933,-876,-863,-864,-938,-1037,-1124,-1217,-8985
1,2,2037,-106554,-118,-316,-295,-252,-194,-113,-112,-123,-100,-27,-40,-26,-75,-36,-17,-97,-124,-180,-1100,-1016,-842,-833,-1097,-1129,-945,-978,-969,-966,-1047,-1040,-1049,-1044,-1083,-1104,-1133,-1183,-1307,-1448,-1444,-1552,-1599,-1582,-1549,-1555,-1517,-1576,-1701,-1858,-1987,-2127,-2268,-2281,-2192,-2035,-1918,-1827,-1624,-1545,-1465,-1446,-1595,-1700,-1972,-2169,-2291,-2351,-2265,-1996,-1617,-1359,-1189,-1063,-1089,-1092,-1085,-1087,-1021,-973,-893,-877,-891,-948,-1074,-1164,-1255,-9332
1,2,2038,-104078,-118,-317,-296,-253,-195,-115,-114,-125,-101,-30,-42,-28,-77,-38,-20,-10,-107,-155,-1071,-977,-799,-784,-1061,-1094,-912,-938,-918,-908,-988,-960,-980,-987,-1019,-1024,-1056,-1054,-1137,-1366,-1389,-1481,-1507,-1476,-1426,-1431,-1409,-1455,-1618,-1762,-1956,-2036,-2177,-2175,-2099,-1975,-1815,-1755,-1593,-1505,-1489,-1429,-1573,-1709,-1939,-2179,-2269,-2303,-2209,-2034,-1675,-1382,-1199,-1067,-1074,-1098,-1114,-1105,-1053,-990,-931,-892,-904,-979,-1085,-1206,-1298,-9679
1,2,2039,-101663,-119,-318,-296,-254,-198,-117,-116,-127,-103,-33,-44,-31,-79,-41,-22,-12,-15,-137,-1043,-946,-760,-744,-1015,-1060,-882,-907,-880,-858,-927,-900,-899,-920,-963,-962,-980,-979,-1008,-1195,-1306,-1425,-1438,-1388,-1328,-1319,-1296,-1351,-1496,-1676,-1856,-2003,-2087,-2086,-1999,-1891,-1763,-1665,-1530,-1479,-1452,-1453,-1553,-1685,-1948,-2143,-2280,-2282,-2163,-1984,-1707,-1432,-1220,-1077,-1078,-1085,-1122,-1133,-1070,-1018,-946,-927,-919,-992,-1120,-1220,-1345,-10037
1,2,2040,-99301,-119,-318,-298,-255,-199,-119,-118,-129,-105,-35,-47,-33,-81,-43,-25,-14,-17,-36,-1024,-916,-726,-703,-976,-1018,-851,-878,-850,-821,-876,-840,-839,-841,-898,-908,-921,-904,-933,-1064,-1134,-1344,-1384,-1324,-1249,-1231,-1194,-1245,-1392,-1549,-1765,-1899,-2054,-1998,-1918,-1803,-1689,-1618,-1451,-1422,-1428,-1418,-1579,-1663,-1919,-2152,-2242,-2294,-2143,-1940,-1662,-1458,-1263,-1096,-1090,-1089,-1109,-1144,-1099,-1036,-972,-942,-954,-1007,-1135,-1259,-1360,-10407
1,2,2041,-97399,-120,-321,-301,-259,-207,-127,-128,-137,-112,-48,-55,-43,-90,-53,-35,-22,-26,-44,-918,-899,-701,-678,-945,-988,-822,-859,-832,-801,-845,-799,-789,-793,-831,-854,-878,-857,-868,-995,-1011,-1178,-1311,-1279,-1198,-1165,-1120,-1153,-1289,-1446,-1637,-1808,-1953,-1970,-1840,-1734,-1615,-1556,-1415,-1353,-1377,-1397,-1543,-1693,-1894,-2120,-2251,-2257,-2156,-1924,-1625,-1418,-1285,-1139,-1111,-1106,-1118,-1135,-1111,-1063,-989,-968,-970,-1046,-1152,-1278,-1406,-10756
1,2,2042,-95553,-121,-324,-304,-264,-215,-134,-138,-145,-119,-60,-65,-54,-98,-62,-45,-30,-35,-52,-927,-784,-686,-655,-920,-959,-796,-832,-814,-784,-822,-769,-749,-746,-783,-788,-827,-818,-819,-925,-944,-1052,-1150,-1210,-1160,-1116,-1060,-1082,-1194,-1338,-1529,-1673,-1862,-1873,-1815,-1665,-1556,-1491,-1360,-1320,-1313,-1350,-1518,-1654,-1927,-2091,-2218,-2267,-2123,-1934,-1613,-1385,-1250,-1162,-1153,-1124,-1136,-1143,-1103,-1074,-1014,-981,-997,-1063,-1196,-1298,-1428,-11120
1,2,2043,-93743,-122,-327,-307,-269,-223,-142,-148,-152,-127,-73,-74,-63,-106,-71,-56,-38,-43,-60,-935,-791,-565,-639,-897,-936,-773,-810,-789,-767,-800,-749,-720,-705,-736,-741,-764,-770,-775,-874,-875,-982,-1027,-1059,-1098,-1079,-1016,-1024,-1121,-1240,-1419,-1560,-1726,-1783,-1725,-1644,-1495,-1437,-1304,-1270,-1282,-1287,-1465,-1627,-1880,-2127,-2186,-2232,-2132,-1906,-1624,-1373,-1220,-1131,-1177,-1168,-1156,-1160,-1112,-1065,-1024,-1007,-1012,-1091,-1215,-1350,-1450,-11463
1,2,2044,-91973,-124,-330,-310,-273,-230,-149,-156,-160,-135,-85,-83,-73,-114,-80,-65,-45,-51,-67,-944,-798,-573,-521,-883,-916,-753,-788,-768,-743,-780,-728,-699,-677,-695,-694,-720,-710,-726,-829,-824,-909,-959,-944,-962,-1021,-983,-984,-1060,-1164,-1316,-1442,-1612,-1652,-1643,-1564,-1476,-1383,-1258,-1219,-1237,-1258,-1398,-1569,-1848,-2073,-2224,-2202,-2099,-1916,-1600,-1382,-1211,-1105,-1147,-1190,-1202,-1182,-1130,-1072,-1013,-1013,-1037,-1104,-1245,-1372,-1507,-11787
1,2,2045,-90256,-124,-333,-312,-277,-238,-156,-165,-167,-141,-95,-91,-82,-120,-89,-74,-53,-59,-74,-952,-805,-580,-529,-770,-901,-737,-772,-748,-724,-752,-710,-678,-657,-667,-656,-676,-668,-664,-774,-781,-856,-890,-879,-859,-895,-931,-952,-1017,-1102,-1237,-1337,-1495,-1542,-1523,-1492,-1406,-1366,-1213,-1175,-1187,-1213,-1365,-1493,-1779,-2037,-2166,-2240,-2070,-1887,-1611,-1361,-1219,-1096,-1122,-1163,-1229,-1228,-1152,-1089,-1021,-1000,-1043,-1130,-1261,-1408,-1533,-12135
1,2,2046,-88580,-125,-336,-316,-282,-244,-162,-174,-174,-147,-107,-100,-91,-129,-97,-83,-60,-67,-81,-961,-812,-586,-536,-777,-798,-726,-758,-732,-703,-729,-684,-660,-638,-646,-627,-639,-627,-622,-712,-728,-810,-839,-814,-802,-799,-817,-903,-982,-1058,-1173,-1253,-1388,-1427,-1420,-1384,-1341,-1303,-1199,-1133,-1147,-1165,-1315,-1456,-1692,-1959,-2127,-2182,-2106,-1863,-1590,-1370,-1198,-1105,-1116,-1139,-1201,-1253,-1197,-1108,-1036,-1006,-1028,-1135,-1289,-1427,-1573,-12476
1,2,2047,-86950,-127,-339,-318,-286,-251,-168,-182,-181,-154,-118,-108,-100,-136,-105,-92,-67,-74,-88,-968,-819,-593,-544,-784,-805,-635,-748,-719,-691,-706,-662,-635,-621,-627,-606,-613,-592,-578,-667,-666,-756,-793,-766,-744,-747,-730,-793,-930,-1021,-1127,-1185,-1303,-1323,-1315,-1294,-1248,-1246,-1144,-1118,-1108,-1127,-1263,-1402,-1650,-1861,-2043,-2143,-2051,-1894,-1572,-1352,-1207,-1088,-1122,-1130,-1179,-1227,-1224,-1153,-1056,-1019,-1036,-1119,-1295,-1460,-1592,-12821
1,2,2048,-85325,-128,-342,-321,-289,-258,-174,-190,-188,-160,-128,-116,-109,-142,-113,-100,-74,-81,-95,-976,-825,-600,-551,-791,-811,-643,-663,-711,-677,-688,-642,-613,-597,-608,-587,-593,-568,-543,-620,-623,-690,-740,-724,-702,-691,-682,-712,-817,-967,-1090,-1135,-1236,-1241,-1219,-1200,-1170,-1163,-1093,-1068,-1094,-1088,-1221,-1345,-1587,-1812,-1939,-2059,-2015,-1846,-1600,-1338,-1194,-1098,-1108,-1136,-1170,-1205,-1198,-1177,-1097,-1039,-1049,-1124,-1276,-1466,-1631,-13135
1,2,2049,-83724,-129,-344,-323,-294,-264,-181,-197,-194,-166,-139,-124,-117,-149,-121,-110,-80,-89,-102,-983,-832,-606,-559,-797,-817,-651,-673,-630,-669,-673,-627,-592,-575,-584,-567,-576,-550,-515,-581,-576,-643,-677,-676,-666,-652,-633,-666,-734,-851,-1033,-1094,-1185,-1174,-1143,-1115,-1087,-1093,-1019,-1019,-1045,-1075,-1178,-1298,-1521,-1743,-1886,-1955,-1936,-1815,-1562,-1361,-1180,-1085,-1115,-1119,-1178,-1196,-1178,-1152,-1120,-1079,-1070,-1138,-1282,-1445,-1637,-13459
1,2,2050,-82182,-130,-346,-326,-297,-271,-187,-206,-201,-172,-149,-131,-125,-156,-128,-118,-87,-96,-108,-991,-838,-613,-565,-802,-823,-659,-681,-639,-590,-663,-612,-576,-556,-562,-543,-559,-535,-497,-552,-539,-596,-633,-616,-623,-617,-598,-620,-686,-764,-914,-1035,-1145,-1125,-1084,-1048,-1013,-1020,-957,-953,-999,-1029,-1163,-1252,-1466,-1668,-1811,-1902,-1837,-1746,-1537,-1330,-1201,-1075,-1102,-1126,-1160,-1204,-1170,-1130,-1095,-1102,-1112,-1160,-1296,-1453,-1614,-13766
1,2,2051,-80654,-131,-349,-328,-301,-277,-194,-213,-207,-178,-158,-139,-133,-163,-136,-126,-93,-103,-114,-998,-844,-619,-572,-808,-829,-667,-689,-648,-600,-578,-603,-563,-542,-542,-522,-535,-519,-479,-532,-512,-556,-586,-574,-570,-575,-567,-585,-637,-714,-824,-910,-1085,-1086,-1039,-995,-955,-954,-895,-896,-934,-982,-1110,-1236,-1413,-1607,-1732,-1828,-1788,-1659,-1481,-1308,-1175,-1095,-1090,-1108,-1166,-1185,-1177,-1121,-1072,-1075,-1136,-1206,-1321,-1471,-1623,-14008
1,2,2052,-79160,-131,-351,-331,-304,-282,-199,-220,-213,-184,-168,-145,-141,-169,-143,-133,-99,-109,-120,-1004,-850,-624,-578,-814,-834,-674,-697,-656,-609,-585,-520,-554,-528,-525,-500,-515,-498,-462,-512,-492,-526,-549,-531,-532,-527,-531,-557,-600,-664,-773,-813,-958,-1026,-1003,-957,-908,-901,-836,-838,-881,-919,-1060,-1179,-1394,-1548,-1668,-1749,-1718,-1616,-1409,-1262,-1157,-1072,-1110,-1094,-1150,-1189,-1160,-1128,-1063,-1050,-1105,-1230,-1374,-1500,-1642,-14230
1,2,2053,-77735,-132,-353,-333,-307,-288,-205,-227,-219,-189,-177,-153,-148,-175,-150,-141,-105,-116,-126,-1011,-856,-630,-585,-820,-839,-681,-705,-666,-619,-593,-529,-471,-520,-512,-485,-496,-480,-439,-493,-474,-504,-520,-495,-494,-491,-485,-520,-568,-626,-720,-759,-863,-905,-949,-924,-873,-859,-791,-785,-826,-866,-993,-1126,-1330,-1527,-1603,-1685,-1644,-1555,-1375,-1202,-1116,-1056,-1086,-1113,-1133,-1172,-1165,-1111,-1072,-1041,-1079,-1196,-1401,-1561,-1676,-14446
1,2,2054,-76346,-133,-356,-335,-311,-294,-210,-235,-225,-195,-187,-159,-156,-180,-157,-148,-111,-122,-132,-1017,-862,-636,-591,-826,-845,-689,-712,-674,-629,-600,-538,-480,-439,-502,-471,-482,-463,-420,-468,-456,-484,-498,-468,-463,-456,-454,-478,-531,-594,-682,-705,-810,-811,-837,-878,-846,-828,-756,-742,-776,-812,-934,-1052,-1270,-1456,-1581,-1618,-1583,-1488,-1324,-1173,-1065,-1019,-1070,-1086,-1153,-1154,-1147,-1116,-1055,-1048,-1071,-1167,-1360,-1593,-1743,-14665
1,2,2055,-74984,-134,-359,-338,-315,-300,-215,-241,-230,-200,-195,-166,-163,-186,-164,-155,-117,-128,-137,-1024,-867,-642,-597,-831,-850,-695,-720,-682,-637,-607,-547,-489,-448,-424,-461,-468,-449,-401,-448,-432,-464,-479,-448,-440,-426,-422,-449,-488,-556,-648,-663,-753,-760,-750,-777,-804,-804,-729,-709,-736,-763,-876,-988,-1185,-1390,-1506,-1597,-1522,-1434,-1270,-1131,-1041,-973,-1032,-1068,-1123,-1176,-1131,-1098,-1061,-1032,-1078,-1155,-1326,-1547,-1780,-14934
1,2,2056,-73629,-134,-360,-340,-317,-305,-220,-248,-236,-206,-204,-172,-170,-192,-170,-163,-122,-134,-143,-1030,-872,-647,-603,-836,-856,-702,-727,-690,-646,-613,-556,-498,-458,-431,-385,-461,-438,-387,-427,-412,-438,-460,-429,-424,-404,-395,-419,-456,-510,-609,-628,-711,-704,-703,-700,-717,-766,-707,-684,-704,-724,-823,-923,-1112,-1294,-1438,-1522,-1500,-1380,-1225,-1085,-1004,-952,-985,-1027,-1105,-1144,-1152,-1083,-1044,-1038,-1063,-1164,-1315,-1509,-1728,-15211
1,2,2057,-72287,-135,-363,-342,-320,-311,-225,-254,-241,-211,-212,-179,-177,-197,-176,-169,-128,-140,-148,-1036,-878,-652,-609,-841,-861,-709,-734,-697,-655,-620,-564,-507,-466,-440,-392,-388,-431,-374,-411,-394,-417,-434,-411,-408,-387,-376,-393,-424,-477,-563,-585,-676,-664,-652,-659,-649,-689,-675,-664,-682,-693,-779,-865,-1038,-1216,-1336,-1453,-1430,-1362,-1181,-1047,-964,-918,-962,-976,-1062,-1124,-1121,-1102,-1030,-1023,-1070,-1145,-1324,-1497,-1686,-15411
1,2,2058,-70938,-136,-365,-344,-324,-316,-230,-260,-246,-215,-220,-184,-184,-203,-183,-176,-133,-146,-154,-1042,-883,-657,-615,-846,-865,-715,-741,-705,-664,-626,-573,-515,-475,-447,-399,-395,-363,-365,-397,-378,-394,-413,-389,-394,-371,-361,-374,-396,-443,-528,-535,-633,-628,-616,-613,-611,-630,-607,-634,-662,-671,-746,-818,-971,-1133,-1252,-1353,-1364,-1298,-1166,-1010,-931,-883,-929,-950,-1008,-1080,-1102,-1073,-1050,-1011,-1056,-1155,-1303,-1507,-1671,-15530
1,2,2059,-69627,-136,-367,-346,-327,-321,-235,-267,-252,-220,-229,-191,-190,-209,-189,-183,-139,-151,-159,-1048,-888,-663,-621,-852,-870,-722,-748,-713,-672,-633,-581,-524,-484,-455,-406,-402,-371,-295,-387,-365,-378,-392,-369,-374,-356,-348,-360,-375,-415,-494,-498,-583,-587,-583,-581,-574,-597,-555,-571,-633,-652,-721,-780,-918,-1059,-1164,-1269,-1270,-1239,-1112,-996,-899,-854,-892,-914,-981,-1025,-1058,-1054,-1023,-1028,-1044,-1139,-1312,-1483,-1684,-15623
1,2,2060,-68348,-137,-369,-348,-330,-326,-240,-273,-257,-225,-237,-197,-197,-214,-195,-190,-144,-157,-164,-1054,-893,-668,-626,-857,-875,-728,-755,-720,-680,-639,-589,-532,-493,-462,-412,-409,-379,-302,-315,-357,-363,-377,-351,-358,-337,-335,-348,-359,-394,-465,-461,-546,-538,-545,-554,-545,-562,-527,-523,-573,-625,-701,-754,-876,-999,-1085,-1181,-1190,-1155,-1062,-950,-888,-823,-864,-875,-943,-997,-1004,-1012,-1006,-1002,-1063,-1125,-1294,-1496,-1657,-15715
2,0,2023,-80728,-27,-853,-895,-833,-834,-807,-714,-681,-654,-559,-515,-459,-383,-430,-484,-513,-708,-892,-1275,-1418,-1521,-1642,-1776,-1693,-1474,-1633,-1340,-1422,-1437,-1539,-1602,-1662,-1864,-1779,-1645,-1507,-1514,-1571,-1476,-1475,-1459,-1387,-1285,-1207,-1089,-1038,-1026,-1063,-1152,-1173,-1223,-1195,-1221,-1052,-921,-802,-787,-729,-743,-809,-745,-770,-876,-930,-842,-905,-853,-686,-610,-584,-545,-397,-454,-406,-326,-408,-400,-290,-193,-209,-243,-203,-185,-219,-208,-1374
2,0,2024,-75245,-30,-132,-783,-736,-728,-698,-638,-608,-566,-506,-474,-456,-349,-379,-461,-487,-595,-818,-1183,-1255,-1378,-1390,-1465,-1497,-1435,-1283,-1405,-1195,-1293,-1289,-1368,-1496,-1556,-1663,-1608,-1517,-1450,-1424,-1470,-1420,-1378,-1337,-1252,-1157,-1111,-1059,-1008,-1072,-1126,-1210,-1158,-1173,-1096,-1131,-936,-830,-707,-717,-684,-727,-800,-772,-789,-886,-904,-832,-849,-783,-635,-564,-518,-480,-360,-396,-367,-284,-372,-365,-260,-202,-204,-246,-199,-201,-225,-1399
2,0,2025,-70117,-33,-135,-167,-643,-644,-611,-556,-550,-512,-429,-440,-419,-351,-340,-410,-467,-561,-678,-1093,-1156,-1222,-1243,-1218,-1261,-1284,-1232,-1134,-1201,-1121,-1128,-1159,-1262,-1408,-1373,-1471,-1435,-1472,-1365,-1342,-1394,-1325,-1265,-1203,-1132,-1055,-1080,-1035,-1054,-1125,-1184,-1200,-1102,-1094,-1008,-1010,-833,-730,-633,-666,-672,-713,-817,-794,-811,-855,-847,-760,-767,-717,-569,-512,-464,-448,-317,-373,-319,-270,-343,-343,-258,-199,-216,-235,-218,-211,-1415
2,0,2026,-64502,-33,-135,-167,-115,-567,-541,-483,-475,-471,-395,-370,-373,-297,-316,-349,-384,-514,-614,-911,-1024,-1073,-1059,-1062,-980,-1064,-1084,-1061,-976,-1075,-978,-976,-1075,-1160,-1251,-1206,-1303,-1337,-1355,-1284,-1267,-1279,-1204,-1124,-1079,-1033,-1007,-1051,-1067,-1110,-1163,-1165,-1118,-999,-991,-882,-891,-739,-654,-593,-651,-668,-725,-834,-789,-791,-817,-763,-679,-708,-607,-499,-442,-424,-386,-301,-330,-291,-256,-320,-330,-235,-206,-220,-250,-230,-1441
2,0,2027,-59228,-33,-135,-167,-115,-124,-475,-423,-412,-403,-358,-352,-312,-253,-263,-305,-324,-415,-548,-840,-831,-930,-908,-878,-851,-834,-889,-913,-908,-877,-909,-861,-902,-1012,-1023,-1091,-1115,-1230,-1246,-1241,-1227,-1163,-1144,-1078,-990,-978,-993,-976,-1084,-1117,-1150,-1147,-1083,-1007,-887,-853,-762,-768,-669,-604,-586,-631,-675,-738,-836,-761,-758,-775,-684,-619,-624,-519,-425,-400,-363,-342,-276,-295,-274,-246,-295,-293,-228,-208,-242,-262,-1487
2,0,2028,-54952,-34,-136,-168,-116,-124,-109,-371,-365,-348,-287,-310,-300,-207,-232,-281,-262,-358,-436,-769,-779,-787,-787,-787,-725,-710,-743,-747,-754,-848,-758,-782,-820,-858,-891,-916,-966,-1099,-1148,-1164,-1188,-1143,-1065,-1013,-961,-906,-941,-953,-1011,-1136,-1164,-1132,-1081,-973,-900,-772,-745,-656,-680,-624,-582,-580,-634,-690,-754,-806,-747,-711,-697,-612,-549,-542,-457,-391,-349,-326,-309,-265,-273,-257,-258,-269,-283,-223,-237,-256,-1569
2,0,2029,-51257,-34,-136,-168,-116,-124,-110,-71,-322,-308,-212,-245,-244,-182,-186,-246,-248,-291,-384,-647,-687,-746,-689,-688,-660,-622,-603,-653,-628,-695,-741,-684,-728,-796,-766,-798,-843,-933,-1023,-1076,-1118,-1111,-1036,-961,-902,-882,-874,-908,-982,-1062,-1175,-1142,-1066,-978,-875,-772,-684,-646,-596,-616,-603,-563,-599,-659,-721,-743,-794,-700,-651,-617,-547,-489,-452,-418,-344,-329,-297,-287,-253,-262,-265,-256,-282,-280,-244,-258,-1625
2,0,2030,-48416,-34,-136,-168,-116,-124,-110,-71,-74,-284,-182,-201,-206,-141,-155,-203,-209,-269,-317,-611,-591,-647,-636,-626,-586,-576,-534,-541,-562,-620,-635,-668,-661,-721,-703,-702,-736,-844,-888,-971,-1046,-1061,-1015,-937,-868,-837,-858,-849,-943,-1035,-1105,-1154,-1073,-967,-875,-749,-680,-592,-569,-561,-604,-592,-584,-634,-695,-724,-734,-755,-645,-605,-540,-491,-430,-393,-361,-324,-311,-287,-268,-248,-273,-270,-277,-286,-303,-261,-1688
2,0,2031,-46287,-34,-136,-168,-116,-125,-110,-72,-75,-79,-143,-168,-180,-123,-137,-184,-179,-240,-292,-552,-553,-577,-563,-563,-546,-531,-511,-491,-485,-548,-562,-594,-643,-668,-650,-643,-655,-749,-809,-863,-953,-991,-987,-917,-850,-811,-828,-837,-888,-1000,-1087,-1096,-1087,-978,-871,-759,-665,-594,-534,-530,-557,-604,-617,-627,-683,-696,-728,-713,-677,-602,-543,-487,-436,-399,-344,-337,-305,-299,-277,-264,-268,-274,-294,-293,-311,-323,-1749
2,0,2032,-44913,-34,-136,-168,-117,-125,-110,-72,-75,-79,-58,-138,-152,-100,-121,-168,-161,-216,-265,-525,-512,-539,-518,-515,-495,-501,-485,-468,-451,-502,-496,-519,-592,-648,-619,-600,-614,-678,-727,-788,-868,-916,-930,-910,-843,-796,-802,-812,-880,-946,-1051,-1078,-1041,-995,-885,-762,-681,-587,-540,-511,-537,-570,-627,-663,-681,-702,-704,-701,-667,-615,-549,-500,-440,-413,-362,-338,-319,-303,-291,-279,-281,-284,-305,-315,-331,-335,-1880
2,0,2033,-44075,-35,-137,-168,-117,-125,-111,-73,-75,-79,-59,-66,-140,-92,-110,-155,-148,-197,-240,-497,-485,-507,-487,-488,-459,-462,-468,-455,-432,-478,-470,-466,-522,-612,-602,-581,-581,-647,-662,-718,-803,-847,-871,-871,-844,-797,-794,-792,-859,-946,-1004,-1048,-1025,-959,-908,-777,-684,-605,-538,-523,-526,-553,-609,-678,-720,-700,-715,-686,-661,-625,-561,-510,-453,-416,-377,-355,-326,-319,-306,-299,-305,-298,-316,-328,-354,-362,-2016
2,0,2034,-43279,-35,-137,-168,-117,-126,-111,-73,-76,-80,-59,-66,-79,-82,-102,-144,-133,-181,-220,-472,-455,-480,-459,-461,-436,-433,-434,-439,-421,-460,-447,-440,-470,-545,-567,-565,-562,-615,-630,-651,-730,-782,-805,-816,-806,-797,-795,-785,-838,-920,-1004,-1001,-997,-946,-875,-798,-697,-607,-556,-521,-536,-543,-590,-657,-737,-744,-717,-698,-646,-617,-572,-522,-462,-429,-381,-370,-342,-329,-322,-315,-327,-322,-332,-341,-370,-387,-2164
2,0,2035,-42509,-35,-137,-169,-118,-126,-111,-74,-77,-80,-60,-67,-80,-28,-92,-135,-121,-164,-201,-446,-427,-451,-432,-434,-411,-413,-408,-408,-406,-449,-429,-415,-444,-493,-502,-529,-547,-594,-596,-620,-665,-713,-745,-754,-757,-763,-796,-787,-830,-899,-977,-1000,-953,-920,-864,-769,-716,-619,-558,-537,-534,-554,-578,-637,-714,-760,-759,-697,-657,-604,-565,-531,-474,-437,-393,-374,-359,-344,-331,-334,-343,-345,-359,-359,-385,-403,-2328
2,0,2036,-41765,-35,-137,-169,-118,-126,-112,-74,-77,-81,-61,-68,-80,-29,-43,-126,-110,-150,-181,-424,-400,-420,-403,-411,-389,-392,-390,-385,-376,-433,-417,-399,-421,-469,-453,-466,-512,-578,-577,-585,-631,-647,-677,-698,-699,-716,-762,-787,-832,-890,-956,-974,-951,-877,-840,-760,-690,-636,-569,-540,-552,-551,-590,-625,-693,-736,-778,-740,-657,-615,-552,-525,-483,-448,-402,-385,-361,-359,-347,-342,-362,-363,-385,-388,-403,-419,-2495
2,0,2037,-41060,-36,-138,-169,-118,-127,-112,-75,-77,-81,-61,-68,-81,-30,-43,-76,-100,-138,-164,-402,-377,-393,-376,-384,-368,-372,-373,-368,-353,-403,-402,-388,-404,-446,-429,-420,-451,-543,-559,-565,-598,-615,-615,-635,-646,-662,-716,-754,-834,-893,-947,-954,-927,-878,-805,-739,-681,-614,-586,-552,-552,-568,-589,-638,-680,-713,-751,-757,-699,-614,-562,-513,-476,-456,-413,-393,-373,-362,-363,-359,-372,-382,-404,-416,-438,-438,-2658
2,0,2038,-40384,-36,-138,-169,-118,-127,-112,-76,-78,-81,-62,-69,-81,-30,-44,-77,-46,-128,-151,-383,-352,-369,-349,-359,-347,-356,-356,-352,-337,-379,-370,-373,-392,-428,-408,-398,-404,-483,-525,-547,-578,-581,-583,-577,-588,-613,-664,-707,-798,-896,-950,-944,-907,-856,-804,-706,-662,-606,-564,-566,-564,-570,-606,-635,-694,-701,-728,-734,-715,-652,-563,-522,-466,-451,-421,-403,-382,-374,-366,-376,-388,-393,-427,-439,-469,-477,-2828
2,0,2039,-39701,-36,-138,-169,-119,-127,-112,-76,-78,-82,-63,-70,-82,-31,-44,-77,-47,-65,-138,-367,-330,-345,-326,-336,-325,-337,-341,-338,-322,-362,-347,-342,-378,-418,-390,-375,-382,-437,-462,-512,-559,-561,-550,-547,-534,-557,-616,-653,-749,-857,-952,-947,-897,-836,-783,-706,-633,-590,-558,-546,-579,-584,-610,-654,-691,-713,-716,-709,-690,-668,-598,-523,-474,-440,-415,-411,-393,-383,-378,-380,-406,-414,-438,-463,-492,-511,-3011
2,0,2040,-39042,-36,-138,-169,-119,-127,-113,-77,-79,-82,-63,-70,-82,-32,-45,-78,-47,-66,-64,-354,-314,-322,-302,-314,-304,-318,-324,-326,-307,-347,-331,-318,-346,-403,-381,-359,-362,-414,-416,-447,-524,-543,-532,-519,-507,-507,-561,-603,-693,-806,-913,-950,-901,-829,-766,-687,-634,-563,-543,-538,-559,-599,-623,-657,-711,-712,-728,-697,-670,-647,-611,-555,-475,-449,-406,-406,-401,-392,-386,-392,-410,-432,-459,-476,-518,-537,-3219
2,0,2041,-38460,-37,-139,-170,-120,-129,-114,-79,-81,-84,-66,-74,-85,-35,-47,-80,-49,-68,-66,-270,-299,-307,-282,-294,-290,-303,-311,-312,-294,-334,-317,-302,-325,-375,-368,-353,-348,-394,-394,-403,-462,-511,-516,-502,-481,-483,-510,-550,-641,-745,-859,-911,-902,-834,-758,-673,-617,-564,-519,-525,-553,-579,-639,-671,-716,-734,-726,-710,-656,-626,-591,-568,-505,-449,-414,-399,-396,-401,-399,-400,-423,-437,-480,-500,-533,-565,-3429
2,0,2042,-37882,-38,-140,-170,-122,-130,-115,-82,-83,-86,-69,-77,-87,-38,-49,-82,-51,-70,-67,-272,-209,-292,-266,-276,-271,-289,-297,-300,-283,-324,-304,-290,-312,-353,-341,-340,-342,-382,-373,-382,-415,-449,-483,-488,-465,-459,-488,-500,-582,-690,-798,-856,-866,-837,-762,-665,-606,-551,-520,-504,-538,-572,-617,-691,-730,-738,-750,-708,-670,-614,-571,-551,-518,-475,-414,-406,-387,-396,-407,-413,-433,-452,-485,-524,-560,-580,-3644
2,0,2043,-37310,-39,-141,-171,-123,-131,-116,-84,-85,-88,-71,-79,-89,-41,-51,-84,-53,-72,-68,-273,-211,-200,-252,-264,-258,-274,-286,-289,-270,-309,-293,-278,-297,-339,-319,-311,-331,-373,-359,-362,-395,-404,-424,-458,-454,-444,-463,-475,-530,-627,-739,-794,-814,-803,-765,-669,-600,-540,-508,-505,-517,-557,-609,-666,-752,-755,-753,-732,-667,-626,-561,-533,-500,-488,-441,-406,-395,-388,-402,-420,-445,-462,-502,-531,-587,-611,-3859
2,0,2044,-36719,-40,-142,-171,-124,-133,-117,-86,-87,-90,-74,-82,-91,-44,-54,-86,-55,-74,-69,-275,-213,-202,-164,-250,-246,-263,-275,-279,-258,-296,-280,-267,-284,-324,-305,-290,-304,-361,-352,-347,-375,-382,-379,-404,-427,-432,-449,-452,-504,-570,-674,-735,-753,-756,-734,-671,-602,-535,-499,-493,-517,-532,-593,-657,-725,-776,-769,-735,-690,-622,-572,-521,-484,-473,-452,-432,-396,-397,-393,-416,-452,-475,-513,-547,-593,-638,-4069
2,0,2045,-36148,-41,-143,-172,-125,-134,-119,-88,-89,-91,-76,-85,-94,-47,-56,-89,-56,-76,-70,-277,-214,-203,-165,-171,-235,-254,-264,-269,-248,-283,-266,-254,-272,-310,-292,-276,-284,-335,-339,-339,-359,-360,-357,-362,-373,-405,-437,-438,-478,-542,-615,-670,-697,-701,-692,-641,-603,-537,-495,-483,-504,-533,-568,-639,-715,-750,-791,-751,-695,-645,-569,-531,-476,-458,-438,-442,-420,-397,-402,-407,-449,-483,-526,-559,-612,-646,-4296
2,0,2046,-35593,-41,-143,-172,-126,-135,-120,-91,-91,-93,-79,-87,-96,-50,-58,-91,-58,-77,-72,-278,-216,-205,-167,-172,-168,-244,-255,-261,-237,-272,-255,-241,-258,-296,-277,-262,-272,-316,-311,-327,-351,-347,-336,-344,-337,-357,-411,-424,-463,-514,-585,-610,-635,-650,-641,-605,-579,-538,-496,-478,-495,-520,-569,-613,-697,-739,-764,-774,-711,-647,-588,-530,-483,-448,-425,-428,-431,-422,-403,-417,-440,-479,-537,-575,-625,-665,-4497
2,0,2047,-35049,-42,-144,-173,-127,-136,-121,-93,-93,-94,-81,-90,-98,-53,-60,-93,-59,-79,-73,-280,-217,-206,-168,-174,-170,-186,-249,-253,-227,-261,-245,-230,-246,-284,-266,-248,-258,-302,-290,-300,-339,-339,-321,-325,-318,-321,-364,-399,-450,-496,-556,-582,-577,-592,-595,-561,-547,-516,-499,-482,-490,-511,-555,-612,-665,-720,-754,-745,-732,-663,-592,-547,-482,-457,-415,-414,-418,-432,-427,-417,-449,-468,-531,-587,-642,-681,-4695
2,0,2048,-34508,-43,-145,-173,-128,-137,-122,-95,-95,-96,-84,-93,-100,-56,-62,-94,-61,-81,-74,-281,-219,-208,-169,-176,-172,-188,-198,-247,-221,-252,-233,-220,-234,-269,-252,-237,-245,-289,-277,-279,-310,-325,-313,-313,-302,-303,-327,-350,-423,-483,-537,-551,-548,-539,-544,-520,-508,-487,-479,-484,-491,-507,-543,-597,-666,-687,-733,-735,-706,-685,-605,-551,-498,-454,-424,-407,-405,-420,-438,-443,-449,-477,-520,-580,-655,-698,-4883
2,0,2049,-33987,-44,-146,-174,-129,-139,-123,-97,-96,-98,-86,-95,-102,-58,-63,-96,-63,-83,-75,-283,-220,-209,-171,-177,-174,-190,-200,-201,-215,-243,-224,-209,-224,-257,-240,-224,-234,-275,-261,-265,-290,-298,-300,-305,-288,-288,-311,-315,-371,-452,-523,-534,-521,-515,-497,-474,-471,-452,-451,-464,-495,-508,-538,-585,-649,-687,-701,-715,-698,-659,-624,-563,-501,-470,-422,-415,-398,-407,-424,-454,-478,-478,-531,-570,-648,-713,-5073
2,0,2050,-33457,-44,-147,-174,-130,-140,-124,-99,-98,-99,-88,-97,-103,-61,-65,-98,-64,-84,-76,-284,-222,-211,-172,-179,-176,-191,-202,-204,-169,-238,-216,-201,-213,-247,-227,-212,-222,-265,-249,-252,-276,-277,-273,-295,-282,-276,-294,-297,-331,-395,-492,-519,-502,-489,-472,-432,-432,-420,-420,-437,-473,-510,-540,-578,-635,-671,-701,-684,-679,-651,-603,-582,-514,-474,-437,-415,-407,-400,-410,-440,-489,-509,-532,-581,-635,-705,-5248
2,0,2051,-32910,-45,-147,-175,-131,-141,-124,-101,-100,-100,-90,-99,-105,-63,-67,-100,-65,-86,-77,-286,-223,-212,-173,-180,-178,-193,-204,-206,-172,-190,-211,-194,-202,-235,-217,-199,-211,-253,-236,-239,-262,-263,-252,-269,-272,-268,-284,-282,-312,-353,-433,-487,-488,-473,-449,-411,-394,-385,-391,-406,-446,-489,-542,-582,-630,-656,-682,-685,-650,-635,-594,-562,-531,-485,-440,-427,-405,-408,-404,-426,-474,-521,-566,-582,-647,-691,-5386
2,0,2052,-32367,-46,-148,-175,-132,-142,-125,-103,-101,-102,-92,-102,-107,-65,-69,-102,-67,-88,-78,-287,-224,-213,-174,-182,-180,-195,-206,-209,-174,-192,-163,-188,-196,-225,-206,-188,-201,-239,-224,-227,-248,-248,-238,-251,-248,-259,-276,-269,-296,-333,-389,-428,-459,-460,-435,-391,-376,-350,-357,-377,-415,-459,-519,-584,-632,-649,-668,-666,-650,-607,-579,-555,-511,-499,-450,-431,-418,-407,-413,-418,-458,-504,-580,-621,-647,-704,-5498
2,0,2053,-31854,-47,-149,-175,-133,-143,-126,-104,-103,-103,-94,-104,-109,-68,-70,-103,-68,-89,-79,-288,-226,-215,-176,-183,-182,-197,-208,-211,-175,-194,-166,-140,-190,-218,-197,-178,-189,-229,-212,-215,-236,-235,-224,-238,-230,-238,-265,-264,-282,-314,-368,-384,-402,-434,-423,-377,-358,-335,-326,-346,-384,-427,-488,-559,-634,-653,-662,-654,-635,-607,-554,-541,-506,-482,-465,-440,-422,-420,-412,-428,-451,-489,-561,-637,-691,-705,-5612
2,0,2054,-31329,-47,-149,-176,-134,-144,-127,-106,-104,-105,-96,-106,-110,-70,-72,-105,-70,-91,-80,-290,-227,-216,-177,-184,-184,-199,-210,-214,-177,-195,-168,-143,-142,-210,-189,-168,-179,-219,-199,-202,-224,-223,-210,-225,-218,-220,-245,-253,-277,-300,-350,-363,-359,-381,-398,-368,-346,-319,-311,-316,-352,-395,-453,-525,-608,-656,-665,-647,-622,-593,-556,-517,-492,-475,-448,-455,-431,-424,-426,-429,-461,-480,-543,-617,-708,-753,-5708
2,0,2055,-30788,-48,-150,-176,-135,-145,-128,-108,-106,-106,-98,-108,-112,-72,-73,-107,-71,-92,-81,-291,-228,-217,-178,-186,-186,-200,-212,-216,-179,-197,-170,-146,-145,-163,-182,-160,-170,-207,-188,-188,-211,-210,-198,-213,-207,-208,-226,-232,-265,-292,-336,-344,-339,-344,-352,-345,-337,-308,-297,-301,-323,-362,-420,-486,-571,-627,-668,-651,-616,-582,-543,-520,-472,-463,-442,-437,-446,-433,-428,-442,-459,-491,-533,-598,-686,-771,-5828
2,0,2056,-30259,-49,-151,-177,-136,-145,-129,-110,-107,-107,-100,-110,-114,-75,-75,-108,-72,-94,-82,-292,-229,-218,-179,-187,-187,-202,-214,-218,-181,-198,-172,-148,-147,-165,-137,-154,-164,-199,-178,-180,-198,-196,-185,-202,-195,-198,-215,-213,-242,-281,-327,-330,-321,-325,-317,-305,-319,-300,-288,-288,-308,-332,-384,-449,-529,-590,-639,-653,-619,-578,-533,-507,-473,-443,-430,-431,-429,-447,-439,-445,-476,-488,-545,-586,-664,-747,-5960
2,0,2057,-29705,-49,-151,-177,-137,-146,-130,-111,-109,-108,-102,-112,-115,-77,-77,-110,-73,-95,-82,-293,-231,-220,-180,-188,-189,-203,-216,-220,-183,-200,-174,-151,-149,-166,-138,-110,-159,-191,-168,-168,-187,-184,-172,-190,-185,-187,-202,-202,-224,-255,-316,-321,-306,-308,-300,-272,-282,-284,-281,-279,-294,-315,-350,-410,-490,-547,-599,-625,-624,-580,-528,-499,-463,-445,-412,-420,-424,-430,-451,-456,-479,-506,-544,-598,-651,-724,-6046
2,0,2058,-29159,-50,-152,-177,-137,-147,-130,-113,-110,-110,-103,-114,-117,-79,-78,-111,-75,-96,-83,-295,-232,-221,-181,-189,-191,-205,-217,-223,-185,-201,-176,-153,-151,-167,-139,-111,-116,-186,-160,-160,-177,-173,-160,-178,-174,-176,-192,-191,-211,-234,-288,-309,-299,-296,-285,-258,-254,-251,-265,-272,-284,-301,-333,-373,-447,-504,-556,-589,-598,-584,-532,-495,-454,-433,-413,-401,-414,-426,-436,-472,-489,-510,-563,-595,-664,-709,-6100
2,0,2059,-28611,-50,-152,-178,-138,-148,-131,-114,-112,-111,-105,-116,-118,-81,-79,-113,-76,-98,-84,-296,-233,-222,-182,-191,-192,-206,-219,-225,-186,-203,-178,-156,-153,-169,-141,-112,-117,-142,-154,-152,-167,-163,-148,-168,-163,-165,-182,-179,-198,-221,-266,-281,-286,-290,-273,-245,-241,-226,-236,-257,-278,-290,-317,-355,-408,-460,-512,-544,-564,-560,-534,-499,-452,-426,-403,-403,-394,-415,-431,-453,-506,-522,-566,-618,-662,-723,-6128
2,0,2060,-28073,-51,-153,-178,-139,-149,-132,-116,-113,-112,-107,-118,-120,-83,-81,-114,-77,-99,-85,-297,-234,-223,-183,-192,-194,-208,-221,-227,-188,-204,-180,-158,-155,-170,-142,-113,-119,-144,-110,-144,-160,-152,-137,-159,-153,-156,-171,-168,-187,-207,-252,-260,-262,-279,-268,-234,-230,-215,-213,-228,-262,-284,-306,-337,-387,-417,-466,-503,-522,-529,-513,-502,-454,-422,-395,-392,-395,-395,-420,-449,-487,-539,-581,-622,-687,-721,-6162
2,1,2023,-41606,-19,-401,-414,-400,-379,-383,-340,-323,-319,-277,-268,-235,-177,-227,-269,-241,-362,-473,-673,-732,-804,-903,-1028,-947,-801,-890,-723,-763,-743,-785,-780,-834,-999,-999,-957,-872,-917,-920,-891,-881,-846,-798,-724,-657,-603,-551,-516,-546,-592,-593,-640,-624,-653,-546,-458,-405,-383,-342,-326,-274,-311,-301,-376,-403,-366,-396,-381,-319,-293,-290,-274,-184,-216,-139,-150,-223,-178,-119,-94,-114,-132,-111,-97,-116,-95,-502
2,1,2024,-38773,-20,-64,-360,-352,-330,-332,-304,-290,-276,-240,-250,-245,-165,-198,-257,-242,-280,-436,-604,-670,-730,-716,-813,-885,-805,-693,-789,-611,-687,-641,-676,-721,-816,-908,-946,-887,-869,-844,-874,-848,-794,-785,-694,-632,-605,-568,-513,-558,-574,-622,-584,-614,-582,-595,-482,-409,-337,-352,-293,-299,-272,-331,-319,-386,-418,-366,-376,-355,-299,-273,-263,-243,-173,-203,-126,-125,-206,-166,-112,-99,-113,-133,-106,-102,-112,-530
2,1,2025,-36114,-21,-65,-74,-309,-291,-291,-268,-264,-250,-202,-222,-228,-171,-184,-227,-235,-278,-341,-550,-611,-661,-643,-643,-709,-758,-682,-618,-663,-559,-572,-572,-604,-707,-728,-832,-847,-883,-804,-803,-818,-769,-733,-677,-614,-575,-572,-534,-553,-580,-606,-613,-554,-589,-518,-531,-421,-344,-301,-302,-273,-291,-297,-356,-339,-389,-404,-349,-346,-330,-272,-258,-237,-229,-156,-192,-121,-128,-189,-160,-112,-102,-119,-121,-108,-100,-562
2,1,2026,-33131,-21,-65,-74,-65,-253,-259,-234,-228,-233,-180,-183,-195,-145,-170,-202,-190,-254,-319,-440,-519,-582,-550,-549,-527,-602,-624,-586,-502,-567,-475,-477,-529,-568,-641,-661,-746,-805,-799,-766,-753,-727,-709,-626,-593,-561,-538,-533,-565,-576,-602,-595,-571,-511,-522,-456,-457,-357,-308,-260,-275,-275,-316,-321,-361,-350,-369,-378,-318,-325,-289,-252,-227,-223,-202,-147,-173,-127,-123,-177,-150,-106,-107,-117,-121,-109,-588
2,1,2027,-30301,-21,-65,-74,-65,-49,-227,-205,-199,-205,-171,-179,-159,-115,-148,-171,-163,-202,-286,-412,-415,-468,-476,-453,-441,-445,-483,-518,-479,-433,-448,-413,-435,-529,-508,-599,-623,-722,-731,-744,-724,-671,-665,-611,-544,-533,-527,-502,-561,-583,-595,-593,-553,-526,-445,-445,-390,-369,-320,-266,-245,-264,-284,-323,-336,-353,-341,-361,-337,-294,-285,-265,-216,-207,-193,-178,-139,-160,-125,-122,-156,-136,-109,-107,-121,-122,-620
2,1,2028,-27993,-21,-65,-75,-65,-49,-59,-180,-176,-178,-136,-156,-163,-85,-120,-168,-120,-171,-219,-378,-390,-405,-375,-413,-377,-359,-387,-393,-399,-429,-360,-377,-384,-439,-476,-487,-540,-643,-653,-686,-712,-651,-625,-564,-535,-495,-501,-485,-530,-583,-605,-585,-554,-509,-458,-390,-382,-320,-323,-272,-242,-243,-272,-294,-331,-350,-349,-337,-329,-310,-267,-256,-238,-200,-183,-167,-161,-139,-147,-128,-131,-140,-137,-110,-117,-124,-656
2,1,2029,-26087,-21,-65,-75,-65,-49,-59,-43,-155,-158,-105,-119,-129,-80,-92,-139,-123,-132,-197,-302,-356,-383,-344,-340,-349,-323,-299,-339,-301,-350,-354,-322,-343,-392,-393,-452,-458,-541,-590,-623,-649,-643,-605,-541,-490,-489,-465,-464,-512,-546,-601,-587,-547,-509,-446,-391,-343,-313,-290,-263,-247,-234,-262,-290,-319,-353,-352,-344,-317,-299,-284,-252,-222,-220,-180,-172,-158,-153,-131,-145,-138,-138,-150,-140,-120,-123,-690
2,1,2030,-24685,-21,-65,-75,-65,-49,-59,-43,-41,-144,-91,-107,-109,-56,-79,-115,-99,-128,-161,-293,-298,-349,-315,-320,-305,-300,-271,-277,-273,-297,-299,-312,-305,-364,-350,-386,-412,-490,-504,-572,-604,-598,-594,-527,-478,-459,-460,-433,-489,-532,-565,-588,-547,-504,-442,-382,-341,-284,-270,-248,-237,-245,-254,-285,-314,-339,-351,-352,-321,-305,-274,-265,-225,-205,-194,-171,-166,-159,-141,-135,-150,-147,-151,-150,-152,-126,-727
2,1,2031,-23603,-21,-65,-75,-65,-50,-59,-43,-42,-48,-68,-88,-97,-45,-69,-107,-84,-111,-153,-260,-279,-304,-285,-287,-287,-277,-255,-252,-232,-264,-257,-272,-291,-329,-330,-351,-361,-436,-459,-507,-556,-560,-573,-511,-468,-449,-443,-427,-462,-510,-556,-557,-553,-506,-440,-385,-335,-285,-255,-230,-229,-243,-266,-279,-312,-331,-345,-352,-333,-307,-282,-262,-233,-213,-189,-183,-165,-166,-153,-144,-147,-151,-162,-155,-157,-160,-758
2,1,2032,-22895,-21,-65,-75,-66,-50,-59,-43,-42,-48,-27,-69,-80,-34,-62,-99,-74,-99,-140,-247,-256,-283,-259,-263,-261,-261,-243,-237,-214,-240,-227,-234,-263,-316,-308,-327,-339,-395,-410,-461,-510,-519,-543,-507,-462,-439,-430,-414,-458,-483,-536,-547,-527,-517,-446,-389,-342,-280,-257,-222,-221,-234,-268,-295,-310,-338,-336,-348,-336,-318,-286,-270,-235,-222,-199,-183,-174,-170,-162,-157,-155,-158,-166,-170,-168,-163,-828
2,1,2033,-22458,-21,-65,-75,-66,-50,-60,-44,-42,-48,-28,-36,-75,-31,-57,-94,-68,-89,-127,-233,-241,-266,-242,-250,-242,-240,-234,-232,-204,-227,-215,-212,-229,-296,-298,-316,-319,-378,-371,-418,-470,-484,-512,-489,-463,-440,-425,-402,-447,-483,-512,-531,-519,-496,-461,-395,-345,-288,-256,-227,-217,-226,-261,-298,-328,-336,-343,-339,-334,-321,-295,-275,-243,-224,-207,-193,-180,-180,-170,-170,-170,-166,-173,-174,-182,-178,-891
2,1,2034,-22043,-21,-65,-75,-66,-51,-60,-44,-42,-49,-28,-36,-50,-27,-54,-88,-61,-82,-117,-220,-227,-251,-228,-235,-229,-223,-215,-224,-199,-217,-204,-199,-208,-264,-277,-306,-308,-358,-353,-379,-425,-444,-477,-460,-445,-441,-425,-399,-435,-470,-512,-507,-503,-491,-442,-409,-351,-290,-264,-227,-222,-223,-252,-289,-332,-357,-343,-346,-324,-318,-299,-284,-247,-232,-209,-201,-189,-187,-181,-178,-184,-182,-183,-182,-188,-193,-961
2,1,2035,-21640,-21,-65,-75,-66,-50,-60,-44,-43,-49,-28,-37,-50,-5,-49,-84,-56,-74,-107,-208,-213,-236,-213,-220,-216,-214,-201,-206,-192,-213,-194,-188,-196,-241,-245,-284,-297,-345,-333,-362,-387,-402,-440,-429,-420,-424,-427,-400,-430,-458,-499,-507,-481,-474,-437,-392,-363,-295,-266,-234,-222,-229,-248,-280,-321,-361,-365,-345,-332,-309,-296,-287,-256,-236,-217,-203,-198,-196,-187,-191,-193,-196,-199,-192,-197,-198,-1041
2,1,2036,-21253,-21,-65,-75,-66,-50,-60,-44,-43,-49,-29,-37,-50,-6,-30,-82,-51,-66,-97,-197,-199,-220,-198,-208,-204,-202,-192,-195,-176,-205,-190,-179,-185,-230,-222,-252,-276,-334,-321,-339,-369,-364,-400,-395,-391,-400,-412,-401,-431,-454,-487,-495,-479,-453,-423,-388,-348,-306,-270,-236,-229,-228,-254,-275,-311,-350,-370,-367,-331,-317,-288,-284,-259,-244,-222,-211,-199,-205,-197,-197,-205,-206,-215,-209,-207,-207,-1119
2,1,2037,-20882,-22,-66,-75,-66,-50,-60,-45,-43,-49,-29,-37,-51,-7,-30,-60,-46,-61,-88,-184,-187,-207,-184,-194,-193,-191,-183,-187,-164,-190,-183,-176,-175,-218,-211,-230,-243,-312,-309,-327,-347,-346,-363,-356,-360,-374,-389,-386,-434,-455,-482,-483,-468,-454,-406,-376,-344,-294,-280,-241,-230,-234,-254,-282,-306,-337,-357,-372,-353,-316,-295,-277,-256,-247,-230,-214,-207,-207,-206,-207,-213,-218,-226,-226,-227,-218,-1196
2,1,2038,-20518,-22,-66,-75,-66,-51,-60,-45,-44,-49,-30,-37,-51,-7,-30,-61,-22,-56,-82,-176,-173,-194,-170,-180,-181,-182,-175,-178,-157,-178,-167,-169,-172,-209,-199,-218,-220,-278,-287,-315,-335,-324,-346,-323,-325,-346,-364,-363,-418,-457,-483,-477,-456,-443,-405,-360,-333,-290,-268,-249,-234,-236,-260,-281,-313,-332,-344,-361,-358,-336,-295,-283,-249,-245,-232,-222,-211,-215,-208,-217,-222,-227,-240,-238,-245,-239,-1278
2,1,2039,-20155,-22,-66,-75,-67,-51,-60,-45,-43,-50,-30,-38,-51,-7,-30,-61,-23,-26,-76,-167,-162,-182,-158,-168,-169,-173,-165,-171,-150,-170,-157,-154,-166,-206,-189,-206,-207,-254,-251,-292,-322,-312,-325,-307,-294,-313,-337,-339,-395,-440,-485,-479,-451,-432,-395,-360,-319,-281,-266,-238,-242,-242,-263,-288,-312,-339,-339,-347,-345,-341,-314,-282,-255,-237,-230,-224,-219,-218,-216,-220,-233,-238,-249,-253,-258,-259,-1364
2,1,2040,-19801,-21,-66,-75,-67,-51,-61,-45,-45,-50,-30,-38,-51,-8,-31,-60,-23,-26,-39,-160,-153,-169,-145,-157,-159,-163,-158,-164,-142,-163,-149,-142,-149,-198,-186,-196,-196,-241,-227,-255,-300,-300,-314,-289,-280,-285,-306,-311,-369,-416,-469,-481,-453,-427,-384,-350,-319,-268,-257,-235,-232,-250,-268,-291,-320,-339,-345,-341,-334,-331,-318,-300,-256,-244,-223,-222,-222,-226,-220,-228,-235,-250,-260,-263,-273,-272,-1466
2,1,2041,-19496,-22,-66,-75,-67,-51,-61,-47,-46,-51,-32,-40,-52,-10,-31,-60,-24,-28,-40,-118,-145,-162,-134,-146,-151,-154,-150,-157,-136,-156,-143,-135,-140,-184,-179,-195,-187,-229,-214,-232,-264,-280,-302,-279,-264,-273,-278,-282,-340,-389,-444,-465,-455,-430,-381,-342,-311,-269,-246,-228,-230,-240,-277,-296,-324,-348,-344,-348,-327,-319,-308,-304,-271,-243,-229,-218,-220,-229,-229,-232,-244,-252,-273,-276,-284,-288,-1571
2,1,2042,-19201,-22,-66,-75,-68,-52,-62,-48,-47,-51,-34,-40,-53,-11,-32,-62,-26,-29,-41,-119,-100,-154,-126,-137,-141,-147,-143,-152,-131,-151,-137,-130,-133,-174,-166,-188,-186,-219,-203,-220,-240,-245,-281,-270,-255,-258,-267,-256,-308,-358,-417,-439,-439,-432,-382,-338,-304,-263,-247,-218,-223,-237,-266,-308,-330,-352,-355,-347,-335,-312,-296,-295,-277,-258,-229,-222,-214,-227,-233,-241,-249,-262,-275,-290,-298,-300,-1677
2,1,2043,-18895,-22,-67,-75,-69,-52,-62,-49,-48,-52,-35,-40,-54,-13,-33,-62,-27,-30,-41,-120,-101,-107,-118,-130,-133,-139,-138,-147,-125,-143,-132,-123,-126,-167,-155,-171,-179,-216,-194,-207,-229,-221,-247,-251,-246,-249,-252,-244,-280,-324,-385,-411,-416,-418,-385,-340,-301,-257,-241,-219,-213,-229,-263,-295,-343,-360,-358,-358,-334,-319,-290,-284,-267,-262,-244,-222,-219,-221,-231,-244,-259,-267,-287,-293,-313,-315,-1787
2,1,2044,-18591,-23,-67,-75,-69,-53,-63,-51,-49,-53,-37,-43,-55,-15,-34,-62,-29,-31,-41,-121,-102,-108,-74,-123,-127,-133,-132,-141,-119,-137,-127,-119,-121,-160,-147,-160,-163,-208,-191,-197,-216,-209,-223,-220,-230,-240,-244,-231,-267,-295,-350,-379,-388,-395,-372,-341,-302,-254,-236,-213,-214,-218,-255,-292,-328,-372,-365,-361,-344,-317,-297,-278,-257,-254,-247,-237,-220,-228,-224,-243,-261,-277,-293,-304,-316,-330,-1894
2,1,2045,-18295,-23,-68,-76,-70,-55,-64,-52,-50,-54,-38,-44,-56,-17,-34,-63,-29,-33,-42,-122,-102,-108,-74,-82,-121,-127,-125,-136,-115,-129,-122,-113,-115,-152,-141,-151,-152,-192,-184,-194,-206,-197,-211,-199,-200,-223,-237,-224,-252,-281,-319,-345,-357,-371,-352,-328,-303,-256,-233,-208,-209,-218,-244,-282,-324,-358,-379,-368,-349,-329,-295,-284,-253,-245,-240,-241,-234,-227,-231,-236,-260,-280,-303,-310,-328,-334,-2007
2,1,2046,-18000,-23,-67,-75,-70,-54,-65,-53,-52,-54,-40,-43,-56,-19,-35,-64,-31,-33,-44,-123,-103,-110,-75,-82,-86,-122,-122,-132,-109,-125,-116,-107,-108,-146,-133,-144,-145,-181,-167,-187,-203,-188,-197,-189,-182,-198,-220,-215,-244,-265,-305,-313,-325,-343,-329,-312,-292,-256,-233,-204,-203,-213,-244,-270,-314,-354,-364,-383,-356,-331,-305,-283,-258,-241,-232,-233,-238,-241,-230,-243,-254,-279,-306,-321,-335,-346,-2109
2,1,2047,-17713,-23,-68,-76,-71,-55,-65,-54,-53,-55,-41,-44,-57,-21,-36,-65,-31,-35,-45,-124,-103,-110,-75,-83,-87,-92,-118,-129,-105,-119,-112,-101,-103,-140,-127,-135,-136,-171,-154,-170,-197,-186,-188,-178,-171,-180,-196,-200,-236,-255,-289,-300,-294,-312,-304,-293,-278,-248,-234,-206,-200,-207,-238,-269,-299,-343,-360,-367,-370,-339,-308,-292,-257,-246,-227,-224,-231,-245,-245,-243,-261,-271,-304,-325,-348,-353,-2207
2,1,2048,-17439,-24,-68,-76,-71,-56,-66,-56,-54,-56,-43,-46,-58,-23,-36,-65,-33,-36,-45,-125,-104,-111,-76,-84,-88,-93,-92,-125,-102,-114,-108,-97,-98,-133,-120,-129,-129,-163,-146,-157,-180,-179,-185,-170,-162,-170,-178,-176,-219,-247,-279,-283,-281,-283,-276,-271,-261,-235,-227,-207,-201,-205,-232,-263,-300,-328,-348,-362,-355,-353,-315,-295,-265,-245,-232,-219,-223,-238,-249,-259,-260,-278,-296,-323,-352,-366,-2302
2,1,2049,-17158,-24,-69,-76,-72,-57,-66,-57,-55,-57,-44,-46,-59,-24,-37,-65,-34,-37,-45,-126,-104,-112,-77,-84,-89,-94,-93,-103,-99,-110,-103,-93,-93,-127,-114,-122,-122,-154,-137,-149,-168,-162,-177,-168,-153,-161,-169,-159,-192,-229,-270,-274,-265,-273,-252,-246,-241,-220,-214,-199,-202,-205,-229,-256,-293,-328,-333,-351,-351,-338,-327,-301,-267,-252,-231,-224,-219,-230,-241,-263,-278,-278,-305,-315,-349,-370,-2401
2,1,2050,-16882,-24,-69,-76,-72,-57,-67,-58,-56,-57,-46,-47,-59,-26,-37,-66,-35,-38,-46,-127,-106,-113,-78,-85,-90,-95,-94,-104,-78,-107,-100,-88,-89,-123,-108,-115,-116,-147,-130,-140,-160,-150,-160,-162,-151,-153,-160,-151,-174,-200,-252,-265,-256,-257,-240,-224,-220,-204,-201,-188,-194,-205,-230,-254,-285,-321,-333,-336,-341,-334,-314,-312,-274,-255,-238,-224,-224,-226,-233,-254,-282,-297,-305,-323,-340,-367,-2484
2,1,2051,-16600,-24,-69,-76,-73,-58,-67,-58,-57,-58,-47,-48,-60,-27,-38,-66,-35,-39,-47,-127,-106,-113,-78,-86,-91,-95,-95,-105,-80,-84,-98,-86,-83,-117,-103,-108,-109,-140,-122,-132,-151,-141,-147,-146,-145,-150,-154,-143,-164,-181,-223,-246,-247,-249,-227,-214,-201,-187,-188,-176,-184,-198,-231,-255,-283,-313,-325,-336,-326,-324,-309,-301,-285,-261,-241,-232,-223,-231,-229,-245,-273,-301,-325,-323,-348,-358,-2555
2,1,2052,-16331,-25,-69,-76,-73,-58,-67,-60,-57,-58,-48,-49,-61,-28,-39,-67,-37,-40,-47,-128,-107,-114,-79,-87,-92,-96,-96,-107,-81,-85,-77,-83,-80,-112,-97,-102,-103,-132,-115,-125,-143,-133,-139,-136,-132,-145,-151,-136,-155,-171,-203,-217,-230,-241,-220,-203,-193,-170,-171,-163,-173,-186,-223,-256,-284,-309,-317,-327,-326,-310,-300,-297,-274,-271,-246,-234,-230,-230,-235,-241,-263,-291,-330,-346,-349,-367,-2607
2,1,2053,-16074,-25,-70,-76,-74,-59,-68,-61,-59,-59,-49,-50,-62,-30,-39,-68,-38,-41,-48,-129,-107,-115,-79,-87,-92,-97,-98,-108,-82,-86,-79,-61,-77,-109,-93,-96,-96,-125,-107,-118,-135,-125,-130,-128,-121,-133,-145,-135,-147,-160,-193,-197,-202,-226,-212,-196,-182,-164,-156,-149,-159,-175,-210,-247,-285,-312,-314,-320,-320,-310,-287,-288,-271,-260,-256,-239,-233,-238,-234,-247,-260,-281,-319,-352,-373,-367,-2664
2,1,2054,-15807,-25,-70,-76,-74,-59,-68,-61,-59,-60,-50,-51,-62,-31,-40,-67,-39,-42,-48,-130,-108,-115,-80,-87,-93,-98,-99,-110,-83,-86,-80,-63,-56,-105,-88,-91,-90,-118,-100,-110,-128,-118,-121,-120,-115,-122,-134,-130,-147,-153,-183,-186,-182,-199,-198,-191,-177,-155,-151,-136,-145,-161,-197,-233,-275,-314,-315,-317,-312,-303,-289,-275,-262,-256,-246,-249,-238,-240,-242,-248,-266,-277,-308,-340,-379,-393,-2709
2,1,2055,-15540,-25,-70,-76,-75,-60,-69,-62,-61,-60,-51,-51,-63,-32,-40,-68,-40,-43,-50,-130,-108,-116,-80,-88,-94,-98,-100,-112,-84,-87,-81,-65,-58,-83,-85,-86,-85,-110,-94,-101,-120,-110,-114,-113,-108,-115,-124,-118,-140,-150,-176,-176,-172,-182,-175,-178,-171,-150,-143,-130,-134,-146,-182,-218,-260,-303,-317,-319,-309,-297,-282,-277,-251,-249,-243,-238,-248,-245,-244,-256,-264,-284,-304,-329,-367,-399,-2769
2,1,2056,-15282,-25,-70,-77,-75,-60,-69,-64,-62,-61,-53,-52,-64,-34,-41,-69,-41,-44,-50,-131,-108,-116,-81,-89,-95,-99,-101,-113,-85,-87,-83,-66,-59,-84,-62,-83,-82,-106,-87,-96,-113,-103,-106,-106,-100,-110,-117,-109,-127,-144,-174,-169,-163,-173,-159,-158,-161,-144,-139,-123,-128,-134,-167,-201,-243,-286,-305,-321,-311,-294,-276,-270,-251,-238,-236,-235,-237,-255,-250,-258,-274,-282,-311,-323,-354,-387,-2833
2,1,2057,-15007,-25,-70,-77,-76,-60,-70,-64,-63,-61,-54,-53,-65,-35,-42,-69,-41,-45,-50,-132,-110,-117,-81,-89,-96,-100,-102,-114,-87,-88,-84,-67,-60,-85,-62,-59,-79,-100,-82,-89,-107,-96,-99,-99,-95,-103,-110,-104,-117,-130,-167,-166,-155,-163,-151,-143,-143,-136,-134,-119,-122,-128,-152,-184,-224,-269,-288,-309,-314,-295,-273,-265,-247,-240,-226,-228,-235,-244,-259,-264,-277,-292,-310,-330,-348,-373,-2871
2,1,2058,-14732,-26,-71,-77,-76,-61,-70,-65,-63,-62,-55,-54,-66,-37,-42,-69,-43,-45,-51,-133,-110,-118,-82,-90,-96,-100,-103,-116,-88,-88,-85,-68,-61,-85,-63,-59,-55,-96,-77,-84,-101,-90,-91,-92,-88,-97,-105,-97,-110,-119,-153,-159,-152,-156,-143,-135,-131,-121,-126,-116,-118,-121,-146,-167,-203,-247,-270,-294,-303,-298,-275,-263,-241,-233,-226,-218,-229,-243,-249,-275,-282,-295,-320,-329,-356,-366,-2893
2,1,2059,-14459,-26,-71,-77,-76,-61,-70,-66,-64,-63,-56,-54,-66,-38,-42,-70,-43,-46,-51,-133,-111,-118,-83,-91,-97,-101,-104,-117,-89,-89,-87,-70,-62,-86,-64,-60,-55,-71,-73,-79,-95,-84,-85,-86,-82,-90,-99,-91,-104,-112,-141,-146,-146,-156,-137,-129,-124,-111,-114,-108,-114,-116,-138,-161,-185,-226,-247,-274,-288,-288,-277,-265,-240,-229,-221,-219,-218,-236,-247,-263,-294,-302,-323,-340,-355,-374,-2899
2,1,2060,-14187,-26,-71,-77,-77,-62,-71,-67,-65,-63,-57,-55,-67,-39,-43,-70,-44,-47,-52,-134,-111,-119,-83,-91,-98,-102,-105,-118,-90,-89,-88,-71,-63,-87,-65,-60,-56,-72,-48,-74,-91,-78,-77,-81,-76,-84,-93,-85,-97,-104,-134,-134,-134,-149,-135,-123,-119,-106,-104,-96,-107,-113,-134,-152,-177,-205,-224,-253,-269,-274,-267,-267,-241,-227,-216,-213,-219,-225,-240,-261,-282,-314,-331,-344,-368,-373,-2914
2,2,2023,-39122,-8,-452,-481,-433,-455,-424,-374,-358,-335,-282,-247,-224,-206,-203,-215,-272,-346,-419,-602,-686,-717,-739,-748,-746,-673,-743,-617,-659,-694,-754,-822,-828,-865,-780,-688,-635,-597,-651,-585,-594,-613,-589,-561,-550,-486,-487,-510,-517,-560,-580,-583,-571,-568,-506,-463,-397,-404,-387,-417,-535,-434,-469,-500,-527,-476,-509,-472,-367,-317,-294,-271,-213,-238,-267,-176,-185,-222,-171,-99,-95,-111,-92,-88,-103,-113,-872
2,2,2024,-36472,-10,-68,-423,-384,-398,-366,-334,-318,-290,-266,-224,-211,-184,-181,-204,-245,-315,-382,-579,-585,-648,-674,-652,-612,-630,-590,-616,-584,-606,-648,-692,-775,-740,-755,-662,-630,-581,-580,-596,-572,-584,-552,-558,-525,-506,-491,-495,-514,-552,-588,-574,-559,-514,-536,-454,-421,-370,-365,-391,-428,-528,-441,-470,-500,-486,-466,-473,-428,-336,-291,-255,-237,-187,-193,-241,-159,-166,-199,-148,-103,-91,-113,-93,-99,-113,-869
2,2,2025,-34003,-12,-70,-93,-334,-353,-320,-288,-286,-262,-227,-218,-191,-180,-156,-183,-232,-283,-337,-543,-545,-561,-600,-575,-552,-526,-550,-516,-538,-562,-556,-587,-658,-701,-645,-639,-588,-589,-561,-539,-576,-556,-532,-526,-518,-480,-508,-501,-501,-545,-578,-587,-548,-505,-490,-479,-412,-386,-332,-364,-399,-422,-520,-438,-472,-466,-443,-411,-421,-387,-297,-254,-227,-219,-161,-181,-198,-142,-154,-183,-146,-97,-97,-114,-110,-111,-853
2,2,2026,-31371,-12,-70,-93,-50,-314,-282,-249,-247,-238,-215,-187,-178,-152,-146,-147,-194,-260,-295,-471,-505,-491,-509,-513,-453,-462,-460,-475,-474,-508,-503,-499,-546,-592,-610,-545,-557,-532,-556,-518,-514,-552,-495,-498,-486,-472,-469,-518,-502,-534,-561,-570,-547,-488,-469,-426,-434,-382,-346,-333,-376,-393,-409,-513,-428,-441,-448,-385,-361,-383,-318,-247,-215,-201,-184,-154,-157,-164,-133,-143,-180,-129,-99,-103,-129,-121,-853
2,2,2027,-28927,-12,-70,-93,-50,-75,-248,-218,-213,-198,-187,-173,-153,-138,-115,-134,-161,-213,-262,-428,-416,-462,-432,-425,-410,-389,-406,-395,-429,-444,-461,-448,-467,-483,-515,-492,-492,-508,-515,-497,-503,-492,-479,-467,-446,-445,-466,-474,-523,-534,-555,-554,-530,-481,-442,-408,-372,-399,-349,-338,-341,-367,-391,-415,-500,-408,-417,-414,-347,-325,-339,-254,-209,-193,-170,-164,-137,-135,-149,-124,-139,-157,-119,-101,-121,-140,-867
2,2,2028,-26959,-13,-71,-93,-51,-75,-50,-191,-189,-170,-151,-154,-137,-122,-112,-113,-142,-187,-217,-391,-389,-382,-412,-374,-348,-351,-356,-354,-355,-419,-398,-405,-436,-419,-415,-429,-426,-456,-495,-478,-476,-492,-440,-449,-426,-411,-440,-468,-481,-553,-559,-547,-527,-464,-442,-382,-363,-336,-357,-352,-340,-337,-362,-396,-423,-456,-398,-374,-368,-302,-282,-286,-219,-191,-166,-159,-148,-126,-126,-129,-127,-129,-146,-113,-120,-132,-913
2,2,2029,-25170,-13,-71,-93,-51,-75,-51,-28,-167,-150,-107,-126,-115,-102,-94,-107,-125,-159,-187,-345,-331,-363,-345,-348,-311,-299,-304,-314,-327,-345,-387,-362,-385,-404,-373,-346,-385,-392,-433,-453,-469,-468,-431,-420,-412,-393,-409,-444,-470,-516,-574,-555,-519,-469,-429,-381,-341,-333,-306,-353,-356,-329,-337,-369,-402,-390,-442,-356,-334,-318,-263,-237,-230,-198,-164,-157,-139,-134,-122,-117,-127,-118,-132,-140,-124,-135,-935
2,2,2030,-23731,-13,-71,-93,-51,-75,-51,-28,-33,-140,-91,-94,-97,-85,-76,-88,-110,-141,-156,-318,-293,-298,-321,-306,-281,-276,-263,-264,-289,-323,-336,-356,-356,-357,-353,-316,-324,-354,-384,-399,-442,-463,-421,-410,-390,-378,-398,-416,-454,-503,-540,-566,-526,-463,-433,-367,-339,-308,-299,-313,-367,-347,-330,-349,-381,-385,-383,-403,-324,-300,-266,-226,-205,-188,-167,-153,-145,-128,-127,-113,-123,-123,-126,-136,-151,-135,-961
2,2,2031,-22684,-13,-71,-93,-51,-75,-51,-29,-33,-31,-75,-80,-83,-78,-68,-77,-95,-129,-139,-292,-274,-273,-278,-276,-259,-254,-256,-239,-253,-284,-305,-322,-352,-339,-320,-292,-294,-313,-350,-356,-397,-431,-414,-406,-382,-362,-385,-410,-426,-490,-531,-539,-534,-472,-431,-374,-330,-309,-279,-300,-328,-361,-351,-348,-371,-365,-383,-361,-344,-295,-261,-225,-203,-186,-155,-154,-140,-133,-124,-120,-121,-123,-132,-138,-154,-163,-991
2,2,2032,-22018,-13,-71,-93,-51,-75,-51,-29,-33,-31,-31,-69,-72,-66,-59,-69,-87,-117,-125,-278,-256,-256,-259,-252,-234,-240,-242,-231,-237,-262,-269,-285,-329,-332,-311,-273,-275,-283,-317,-327,-358,-397,-387,-403,-381,-357,-372,-398,-422,-463,-515,-531,-514,-478,-439,-373,-339,-307,-283,-289,-316,-336,-359,-368,-371,-364,-368,-353,-331,-297,-263,-230,-205,-191,-163,-155,-145,-133,-129,-122,-126,-126,-139,-145,-163,-172,-1052
2,2,2033,-21617,-14,-72,-93,-51,-75,-51,-29,-33,-31,-31,-30,-65,-61,-53,-61,-80,-108,-113,-264,-244,-241,-245,-238,-217,-222,-234,-223,-228,-251,-255,-254,-293,-316,-304,-265,-262,-269,-291,-300,-333,-363,-359,-382,-381,-357,-369,-390,-412,-463,-492,-517,-506,-463,-447,-382,-339,-317,-282,-296,-309,-327,-348,-380,-392,-364,-372,-347,-327,-304,-266,-235,-210,-192,-170,-162,-146,-139,-136,-129,-135,-132,-143,-154,-172,-184,-1125
2,2,2034,-21236,-14,-72,-93,-51,-75,-51,-29,-34,-31,-31,-30,-29,-55,-48,-56,-72,-99,-103,-252,-228,-229,-231,-226,-207,-210,-219,-215,-222,-243,-243,-241,-262,-281,-290,-259,-254,-257,-277,-272,-305,-338,-328,-356,-361,-356,-370,-386,-403,-450,-492,-494,-494,-455,-433,-389,-346,-317,-292,-294,-314,-320,-338,-368,-405,-387,-374,-352,-322,-299,-273,-238,-215,-197,-172,-169,-153,-142,-141,-137,-143,-140,-149,-159,-182,-194,-1203
2,2,2035,-20869,-14,-72,-94,-52,-76,-51,-30,-34,-31,-32,-30,-30,-23,-43,-51,-65,-90,-94,-238,-214,-215,-219,-214,-195,-199,-207,-202,-214,-236,-235,-227,-248,-252,-257,-245,-250,-249,-263,-258,-278,-311,-305,-325,-337,-339,-369,-387,-400,-441,-478,-493,-472,-446,-427,-377,-353,-324,-292,-303,-312,-325,-330,-357,-393,-399,-394,-352,-325,-295,-269,-244,-218,-201,-176,-171,-161,-148,-144,-143,-150,-149,-160,-167,-188,-205,-1287
2,2,2036,-20512,-14,-72,-94,-52,-76,-52,-30,-34,-32,-32,-31,-30,-23,-13,-44,-59,-84,-84,-227,-201,-200,-205,-203,-185,-190,-198,-190,-200,-228,-227,-220,-236,-239,-231,-214,-236,-244,-256,-246,-262,-283,-277,-303,-308,-316,-350,-386,-401,-436,-469,-479,-472,-424,-417,-372,-342,-330,-299,-304,-323,-323,-336,-350,-382,-386,-408,-373,-326,-298,-264,-241,-224,-204,-180,-174,-162,-154,-150,-145,-157,-157,-170,-179,-196,-212,-1376
2,2,2037,-20178,-14,-72,-94,-52,-77,-52,-30,-34,-32,-32,-31,-30,-23,-13,-16,-54,-77,-76,-218,-190,-186,-192,-190,-175,-181,-190,-181,-189,-213,-219,-212,-229,-228,-218,-190,-208,-231,-250,-238,-251,-269,-252,-279,-286,-288,-327,-368,-400,-438,-465,-471,-459,-424,-399,-363,-337,-320,-306,-311,-322,-334,-335,-356,-374,-376,-394,-385,-346,-298,-267,-236,-220,-209,-183,-179,-166,-155,-157,-152,-159,-164,-178,-190,-211,-220,-1462
2,2,2038,-19866,-14,-72,-94,-52,-76,-52,-31,-34,-32,-32,-32,-30,-23,-14,-16,-24,-72,-69,-207,-179,-175,-179,-179,-166,-174,-181,-174,-180,-201,-203,-204,-220,-219,-209,-180,-184,-205,-238,-232,-243,-257,-237,-254,-263,-267,-300,-344,-380,-439,-467,-467,-451,-413,-399,-346,-329,-316,-296,-317,-330,-334,-346,-354,-381,-369,-384,-373,-357,-316,-268,-239,-217,-206,-189,-181,-171,-159,-158,-159,-166,-166,-187,-201,-224,-238,-1550
2,2,2039,-19546,-14,-72,-94,-52,-76,-52,-31,-35,-32,-33,-32,-31,-24,-14,-16,-24,-39,-62,-200,-168,-163,-168,-168,-156,-164,-176,-167,-172,-192,-190,-188,-212,-212,-201,-169,-175,-183,-211,-220,-237,-249,-225,-240,-240,-244,-279,-314,-354,-417,-467,-468,-446,-404,-388,-346,-314,-309,-292,-308,-337,-342,-347,-366,-379,-374,-377,-362,-345,-327,-284,-241,-219,-203,-185,-187,-174,-165,-162,-160,-173,-176,-189,-210,-234,-252,-1647
2,2,2040,-19241,-15,-72,-94,-52,-76,-52,-32,-34,-32,-33,-32,-31,-24,-14,-18,-24,-40,-25,-194,-161,-153,-157,-157,-145,-155,-166,-162,-165,-184,-182,-176,-197,-205,-195,-163,-166,-173,-189,-192,-224,-243,-218,-230,-227,-222,-255,-292,-324,-390,-444,-469,-448,-402,-382,-337,-315,-295,-286,-303,-327,-349,-355,-366,-391,-373,-383,-356,-336,-316,-293,-255,-219,-205,-183,-184,-179,-166,-166,-164,-175,-182,-199,-213,-245,-265,-1753
2,2,2041,-18964,-15,-73,-95,-53,-78,-53,-32,-35,-33,-34,-34,-33,-25,-16,-20,-25,-40,-26,-152,-154,-145,-148,-148,-139,-149,-161,-155,-158,-178,-174,-167,-185,-191,-189,-158,-161,-165,-180,-171,-198,-231,-214,-223,-217,-210,-232,-268,-301,-356,-415,-446,-447,-404,-377,-331,-306,-295,-273,-297,-323,-339,-362,-375,-392,-386,-382,-362,-329,-307,-283,-264,-234,-206,-185,-181,-176,-172,-170,-168,-179,-185,-207,-224,-249,-277,-1858
2,2,2042,-18681,-16,-74,-95,-54,-78,-53,-34,-36,-35,-35,-37,-34,-27,-17,-20,-25,-41,-26,-153,-109,-138,-140,-139,-130,-142,-154,-148,-152,-173,-167,-160,-179,-179,-175,-152,-156,-163,-170,-162,-175,-204,-202,-218,-210,-201,-221,-244,-274,-332,-381,-417,-427,-405,-380,-327,-302,-288,-273,-286,-315,-335,-351,-383,-400,-386,-395,-361,-335,-302,-275,-256,-241,-217,-185,-184,-173,-169,-174,-172,-184,-190,-210,-234,-262,-280,-1967
2,2,2043,-18415,-17,-74,-96,-54,-79,-54,-35,-37,-36,-36,-39,-35,-28,-18,-22,-26,-42,-27,-153,-110,-93,-134,-134,-125,-135,-148,-142,-145,-166,-161,-155,-171,-172,-164,-140,-152,-157,-165,-155,-166,-183,-177,-207,-208,-195,-211,-231,-250,-303,-354,-383,-398,-385,-380,-329,-299,-283,-267,-286,-304,-328,-346,-371,-409,-395,-395,-374,-333,-307,-271,-249,-233,-226,-197,-184,-176,-167,-171,-176,-186,-195,-215,-238,-274,-296,-2072
2,2,2044,-18128,-17,-75,-96,-55,-80,-54,-35,-38,-37,-37,-39,-36,-29,-20,-24,-26,-43,-28,-154,-111,-94,-90,-127,-119,-130,-143,-138,-139,-159,-153,-148,-163,-164,-158,-130,-141,-153,-161,-150,-159,-173,-156,-184,-197,-192,-205,-221,-237,-275,-324,-356,-365,-361,-362,-330,-300,-281,-263,-280,-303,-314,-338,-365,-397,-404,-404,-374,-346,-305,-275,-243,-227,-219,-205,-195,-176,-169,-169,-173,-191,-198,-220,-243,-277,-308,-2175
2,2,2045,-17853,-18,-75,-96,-55,-79,-55,-36,-39,-37,-38,-41,-38,-30,-22,-26,-27,-43,-28,-155,-112,-95,-91,-89,-114,-127,-139,-133,-133,-154,-144,-141,-157,-158,-151,-125,-132,-143,-155,-145,-153,-163,-146,-163,-173,-182,-200,-214,-226,-261,-296,-325,-340,-330,-340,-313,-300,-281,-262,-275,-295,-315,-324,-357,-391,-392,-412,-383,-346,-316,-274,-247,-223,-213,-198,-201,-186,-170,-171,-171,-189,-203,-223,-249,-284,-312,-2289
2,2,2046,-17593,-18,-76,-97,-56,-81,-55,-38,-39,-39,-39,-44,-40,-31,-23,-27,-27,-44,-28,-155,-113,-95,-92,-90,-82,-122,-133,-129,-128,-147,-139,-134,-150,-150,-144,-118,-127,-135,-144,-140,-148,-159,-139,-155,-155,-159,-191,-209,-219,-249,-280,-297,-310,-307,-312,-293,-287,-282,-263,-274,-292,-307,-325,-343,-383,-385,-400,-391,-355,-316,-283,-247,-225,-207,-193,-195,-193,-181,-173,-174,-186,-200,-231,-254,-290,-319,-2388
2,2,2047,-17336,-19,-76,-97,-56,-81,-56,-39,-40,-39,-40,-46,-41,-32,-24,-28,-28,-44,-28,-156,-114,-96,-93,-91,-83,-94,-131,-124,-122,-142,-133,-129,-143,-144,-139,-113,-122,-131,-136,-130,-142,-153,-133,-147,-147,-141,-168,-199,-214,-241,-267,-282,-283,-280,-291,-268,-269,-268,-265,-276,-290,-304,-317,-343,-366,-377,-394,-378,-362,-324,-284,-255,-225,-211,-188,-190,-187,-187,-182,-174,-188,-197,-227,-262,-294,-328,-2488
2,2,2048,-17069,-19,-77,-97,-57,-81,-56,-39,-41,-40,-41,-47,-42,-33,-26,-29,-28,-45,-29,-156,-115,-97,-93,-92,-84,-95,-106,-122,-119,-138,-125,-123,-136,-136,-132,-108,-116,-126,-131,-122,-130,-146,-128,-143,-140,-133,-149,-174,-204,-236,-258,-268,-267,-256,-268,-249,-247,-252,-252,-277,-290,-302,-311,-334,-366,-359,-385,-373,-351,-332,-290,-256,-233,-209,-192,-188,-182,-182,-189,-184,-189,-199,-224,-257,-303,-332,-2581
2,2,2049,-16829,-20,-77,-98,-57,-82,-57,-40,-41,-41,-42,-49,-43,-34,-26,-31,-29,-46,-30,-157,-116,-97,-94,-93,-85,-96,-107,-98,-116,-133,-121,-116,-131,-130,-126,-102,-112,-121,-124,-116,-122,-136,-123,-137,-135,-127,-142,-156,-179,-223,-253,-260,-256,-242,-245,-228,-230,-232,-237,-265,-293,-303,-309,-329,-356,-359,-368,-364,-347,-321,-297,-262,-234,-218,-191,-191,-179,-177,-183,-191,-200,-200,-226,-255,-299,-343,-2672
2,2,2050,-16575,-20,-78,-98,-58,-83,-57,-41,-42,-42,-42,-50,-44,-35,-28,-32,-29,-46,-30,-157,-116,-98,-94,-94,-86,-96,-108,-100,-91,-131,-116,-113,-124,-124,-119,-97,-106,-118,-119,-112,-116,-127,-113,-133,-131,-123,-134,-146,-157,-195,-240,-254,-246,-232,-232,-208,-212,-216,-219,-249,-279,-305,-310,-324,-350,-350,-368,-348,-338,-317,-289,-270,-240,-219,-199,-191,-183,-174,-177,-186,-207,-212,-227,-258,-295,-338,-2764
2,2,2051,-16310,-21,-78,-99,-58,-83,-57,-43,-43,-42,-43,-51,-45,-36,-29,-34,-30,-47,-30,-159,-117,-99,-95,-94,-87,-98,-109,-101,-92,-106,-113,-108,-119,-118,-114,-91,-102,-113,-114,-107,-111,-122,-105,-123,-127,-118,-130,-139,-148,-172,-210,-241,-241,-224,-222,-197,-193,-198,-203,-230,-262,-291,-311,-327,-347,-343,-357,-349,-324,-311,-285,-261,-246,-224,-199,-195,-182,-177,-175,-181,-201,-220,-241,-259,-299,-333,-2831
2,2,2052,-16036,-21,-79,-99,-59,-84,-58,-43,-44,-44,-44,-53,-46,-37,-30,-35,-30,-48,-31,-159,-117,-99,-95,-95,-88,-99,-110,-102,-93,-107,-86,-105,-116,-113,-109,-86,-98,-107,-109,-102,-105,-115,-99,-115,-116,-114,-125,-133,-141,-162,-186,-211,-229,-219,-215,-188,-183,-180,-186,-214,-242,-273,-296,-328,-348,-340,-351,-339,-324,-297,-279,-258,-237,-228,-204,-197,-188,-177,-178,-177,-195,-213,-250,-275,-298,-337,-2891
2,2,2053,-15780,-22,-79,-99,-59,-84,-58,-43,-44,-44,-45,-54,-47,-38,-31,-35,-30,-48,-31,-159,-119,-100,-97,-96,-90,-100,-110,-103,-93,-108,-87,-79,-113,-109,-104,-82,-93,-104,-105,-97,-101,-110,-94,-110,-109,-105,-120,-129,-135,-154,-175,-187,-200,-208,-211,-181,-176,-171,-170,-197,-225,-252,-278,-312,-349,-341,-348,-334,-315,-297,-267,-253,-235,-222,-209,-201,-189,-182,-178,-181,-191,-208,-242,-285,-318,-338,-2948
2,2,2054,-15522,-22,-79,-100,-60,-85,-59,-45,-45,-45,-46,-55,-48,-39,-32,-38,-31,-49,-32,-160,-119,-101,-97,-97,-91,-101,-111,-104,-94,-109,-88,-80,-86,-105,-101,-77,-89,-101,-99,-92,-96,-105,-89,-105,-103,-98,-111,-123,-130,-147,-167,-177,-177,-182,-200,-177,-169,-164,-160,-180,-207,-234,-256,-292,-333,-342,-350,-330,-310,-290,-267,-242,-230,-219,-202,-206,-193,-184,-184,-181,-195,-203,-235,-277,-329,-360,-2999
2,2,2055,-15248,-23,-80,-100,-60,-85,-59,-46,-45,-46,-47,-57,-49,-40,-33,-39,-31,-49,-31,-161,-120,-101,-98,-98,-92,-102,-112,-104,-95,-110,-89,-81,-87,-80,-97,-74,-85,-97,-94,-87,-91,-100,-84,-100,-99,-93,-102,-114,-125,-142,-160,-168,-167,-162,-177,-167,-166,-158,-154,-171,-189,-216,-238,-268,-311,-324,-351,-332,-307,-285,-261,-243,-221,-214,-199,-199,-198,-188,-184,-186,-195,-207,-229,-269,-319,-372,-3059
2,2,2056,-14977,-24,-81,-100,-61,-85,-60,-46,-45,-46,-47,-58,-50,-41,-34,-39,-31,-50,-32,-161,-121,-102,-98,-98,-92,-103,-113,-105,-96,-111,-89,-82,-88,-81,-75,-71,-82,-93,-91,-84,-85,-93,-79,-96,-95,-88,-98,-104,-115,-137,-153,-161,-158,-152,-158,-147,-158,-156,-149,-165,-180,-198,-217,-248,-286,-304,-334,-332,-308,-284,-257,-237,-222,-205,-194,-196,-192,-192,-189,-187,-202,-206,-234,-263,-310,-360,-3127
2,2,2057,-14698,-24,-81,-100,-61,-86,-60,-47,-46,-47,-48,-59,-50,-42,-35,-41,-32,-50,-32,-161,-121,-103,-99,-99,-93,-103,-114,-106,-96,-112,-90,-84,-89,-81,-76,-51,-80,-91,-86,-79,-80,-88,-73,-91,-90,-84,-92,-98,-107,-125,-149,-155,-151,-145,-149,-129,-139,-148,-147,-160,-172,-187,-198,-226,-266,-278,-311,-316,-310,-285,-255,-234,-216,-205,-186,-192,-189,-186,-192,-192,-202,-214,-234,-268,-303,-351,-3175
2,2,2058,-14427,-24,-81,-100,-61,-86,-60,-48,-47,-48,-48,-60,-51,-42,-36,-42,-32,-51,-32,-162,-122,-103,-99,-99,-95,-105,-114,-107,-97,-113,-91,-85,-90,-82,-76,-52,-61,-90,-83,-76,-76,-83,-69,-86,-86,-79,-87,-94,-101,-115,-135,-150,-147,-140,-142,-123,-123,-130,-139,-156,-166,-180,-187,-206,-244,-257,-286,-295,-295,-286,-257,-232,-213,-200,-187,-183,-185,-183,-187,-197,-207,-215,-243,-266,-308,-343,-3207
2,2,2059,-14152,-24,-81,-101,-62,-87,-61,-48,-48,-48,-49,-62,-52,-43,-37,-43,-33,-52,-33,-163,-122,-104,-99,-100,-95,-105,-115,-108,-97,-114,-91,-86,-91,-83,-77,-52,-62,-71,-81,-73,-72,-79,-63,-82,-81,-75,-83,-88,-94,-109,-125,-135,-140,-134,-136,-116,-117,-115,-122,-149,-164,-174,-179,-194,-223,-234,-265,-270,-276,-272,-257,-234,-212,-197,-182,-184,-176,-179,-184,-190,-212,-220,-243,-278,-307,-349,-3229
2,2,2060,-13886,-25,-82,-101,-62,-87,-61,-49,-48,-49,-50,-63,-53,-44,-38,-44,-33,-52,-33,-163,-123,-104,-100,-101,-96,-106,-116,-109,-98,-115,-92,-87,-92,-83,-77,-53,-63,-72,-62,-70,-69,-74,-60,-78,-77,-72,-78,-83,-90,-103,-118,-126,-128,-130,-133,-111,-111,-109,-109,-132,-155,-171,-172,-185,-210,-212,-242,-250,-253,-255,-246,-235,-213,-195,-179,-179,-176,-170,-180,-188,-205,-225,-250,-278,-319,-348,-3248
3,0,2023,-9208,2,-109,-106,-101,-85,-61,-52,-33,-31,-7,-3,-11,-24,-14,-23,-32,-44,-55,-80,-95,-115,-123,-139,-154,-134,-132,-129,-145,-132,-139,-141,-163,-154,-182,-182,-190,-201,-235,-236,-251,-260,-252,-249,-230,-196,-188,-182,-190,-190,-199,-200,-191,-178,-161,-145,-127,-108,-100,-89,-100,-94,-99,-108,-104,-101,-94,-86,-73,-64,-48,-41,-38,-33,-44,-30,-30,-38,-27,-30,-31,-29,-25,-23,-22,-13,-107
3,0,2024,-8852,1,-8,-86,-84,-71,-52,-48,-30,-29,-6,-6,-9,-23,-18,-22,-24,-42,-58,-75,-93,-107,-113,-121,-134,-136,-132,-122,-130,-131,-131,-134,-142,-148,-163,-183,-180,-195,-215,-234,-244,-239,-248,-239,-222,-201,-185,-184,-191,-194,-199,-197,-188,-179,-161,-147,-129,-111,-98,-95,-90,-103,-99,-107,-108,-111,-100,-86,-76,-64,-58,-40,-35,-34,-37,-40,-33,-30,-38,-23,-31,-29,-26,-24,-21,-15,-109
3,0,2025,-8579,0,-9,-8,-70,-60,-42,-43,-29,-30,-6,-12,-14,-21,-22,-29,-24,-34,-52,-71,-80,-105,-106,-111,-121,-124,-132,-123,-126,-119,-126,-126,-137,-132,-158,-164,-179,-182,-210,-212,-241,-235,-230,-236,-216,-192,-190,-182,-190,-194,-197,-199,-189,-173,-161,-148,-131,-113,-101,-94,-94,-96,-111,-107,-108,-113,-109,-93,-78,-66,-57,-50,-34,-34,-34,-35,-42,-32,-31,-32,-26,-28,-26,-24,-23,-18,-117
3,0,2026,-8295,0,-9,-8,-10,-49,-37,-36,-26,-28,-7,-17,-15,-26,-19,-29,-27,-30,-45,-65,-80,-85,-101,-102,-111,-111,-118,-125,-127,-114,-119,-120,-130,-128,-142,-160,-164,-180,-195,-210,-221,-227,-224,-219,-207,-187,-184,-184,-186,-193,-197,-197,-190,-172,-154,-147,-131,-115,-102,-99,-92,-97,-103,-116,-106,-110,-109,-101,-83,-68,-60,-48,-44,-33,-39,-32,-36,-39,-32,-30,-35,-24,-26,-25,-25,-21,-120
3,0,2027,-8022,0,-9,-8,-10,-4,-28,-32,-22,-25,-7,-14,-18,-28,-19,-26,-26,-34,-42,-55,-70,-88,-89,-94,-98,-100,-106,-112,-129,-115,-112,-114,-119,-117,-138,-143,-155,-166,-191,-197,-216,-208,-216,-213,-194,-183,-180,-176,-191,-187,-196,-197,-186,-175,-156,-143,-130,-116,-105,-96,-98,-96,-105,-109,-113,-112,-107,-100,-90,-70,-59,-51,-42,-41,-39,-36,-34,-35,-41,-30,-34,-31,-24,-26,-25,-20,-130
3,0,2028,-7762,0,-9,-8,-10,-4,4,-27,-18,-22,-5,-17,-19,-30,-22,-25,-24,-35,-43,-53,-64,-78,-88,-86,-96,-90,-97,-101,-112,-115,-112,-107,-114,-106,-123,-136,-141,-158,-178,-187,-201,-203,-198,-206,-187,-167,-172,-175,-181,-194,-190,-195,-186,-172,-156,-142,-126,-116,-106,-101,-95,-102,-102,-113,-111,-114,-109,-99,-88,-76,-63,-49,-43,-39,-44,-36,-37,-34,-36,-39,-31,-31,-29,-25,-26,-23,-138
3,0,2029,-7558,0,-9,-8,-10,-4,4,-5,-15,-20,-6,-21,-23,-34,-23,-27,-22,-30,-43,-52,-61,-73,-78,-85,-88,-86,-89,-96,-103,-100,-111,-107,-110,-102,-114,-125,-132,-141,-167,-178,-195,-189,-196,-190,-181,-161,-161,-167,-178,-185,-195,-189,-184,-171,-151,-143,-125,-111,-104,-101,-100,-100,-109,-111,-114,-116,-114,-103,-89,-74,-65,-52,-42,-42,-44,-40,-39,-37,-35,-34,-38,-31,-30,-31,-26,-21,-150
3,0,2030,-7333,0,-9,-8,-10,-5,4,-5,-2,-19,-4,-25,-20,-31,-25,-27,-23,-30,-38,-52,-59,-69,-72,-74,-88,-80,-86,-86,-96,-94,-100,-105,-107,-100,-110,-116,-121,-131,-152,-168,-184,-182,-178,-187,-168,-156,-153,-156,-171,-179,-186,-195,-178,-168,-152,-140,-125,-110,-100,-97,-100,-105,-106,-115,-112,-117,-116,-106,-91,-76,-66,-56,-44,-38,-46,-41,-45,-37,-39,-33,-35,-32,-31,-29,-31,-23,-155
3,0,2031,-7104,0,-9,-8,-10,-5,4,-5,-2,-12,-2,-20,-24,-31,-24,-26,-21,-28,-35,-47,-59,-64,-67,-67,-78,-78,-78,-82,-88,-83,-91,-94,-103,-93,-106,-111,-114,-120,-140,-153,-172,-173,-172,-172,-162,-143,-148,-147,-160,-173,-181,-184,-185,-165,-151,-140,-122,-110,-99,-95,-97,-105,-113,-116,-116,-117,-115,-107,-95,-77,-67,-55,-47,-43,-46,-44,-45,-44,-40,-36,-36,-33,-31,-31,-31,-28,-161
3,0,2032,-6913,0,-9,-8,-10,-5,3,-5,-2,-11,1,-20,-21,-31,-23,-25,-20,-25,-33,-44,-53,-64,-64,-63,-70,-70,-75,-76,-83,-76,-81,-84,-96,-90,-100,-106,-107,-112,-130,-136,-157,-161,-164,-167,-154,-140,-137,-142,-153,-161,-174,-181,-176,-171,-149,-139,-122,-108,-100,-95,-95,-103,-113,-122,-118,-120,-114,-108,-96,-81,-69,-57,-48,-45,-48,-43,-47,-45,-44,-39,-39,-35,-34,-34,-35,-29,-177
3,0,2033,-6693,0,-9,-8,-10,-5,3,-5,-2,-12,1,-4,-18,-28,-19,-21,-18,-23,-30,-41,-49,-58,-63,-60,-66,-62,-67,-71,-76,-71,-73,-74,-84,-83,-96,-98,-101,-105,-119,-125,-140,-147,-153,-159,-149,-131,-134,-133,-147,-153,-162,-175,-172,-164,-153,-137,-122,-108,-99,-96,-96,-102,-111,-123,-125,-124,-120,-107,-96,-81,-71,-58,-51,-46,-52,-46,-47,-47,-48,-43,-42,-38,-35,-37,-35,-32,-196
3,0,2034,-6483,0,-9,-8,-10,-5,3,-5,-2,-12,1,-4,-6,-25,-17,-19,-16,-22,-28,-38,-45,-55,-56,-59,-63,-58,-59,-64,-72,-65,-68,-68,-75,-71,-89,-94,-93,-97,-112,-116,-129,-130,-140,-149,-141,-127,-125,-129,-138,-146,-156,-164,-166,-160,-146,-142,-121,-109,-98,-95,-96,-102,-110,-121,-126,-130,-122,-111,-95,-82,-71,-60,-52,-49,-52,-51,-50,-48,-50,-47,-46,-41,-39,-37,-38,-34,-211
3,0,2035,-6278,0,-9,-8,-10,-5,3,-5,-3,-12,1,-4,-5,-15,-14,-16,-12,-19,-27,-37,-42,-51,-54,-53,-62,-55,-55,-57,-65,-61,-64,-63,-69,-63,-78,-87,-88,-90,-104,-107,-119,-120,-125,-136,-132,-119,-121,-122,-134,-138,-149,-157,-154,-155,-143,-136,-124,-107,-98,-94,-95,-102,-110,-119,-123,-131,-129,-113,-99,-82,-72,-61,-53,-50,-56,-51,-54,-51,-50,-49,-50,-45,-42,-42,-41,-37,-223
3,0,2036,-6098,0,-9,-8,-10,-5,3,-5,-3,-12,1,-4,-5,-15,-6,-15,-10,-16,-22,-34,-40,-48,-50,-49,-56,-54,-53,-54,-59,-54,-60,-57,-65,-56,-71,-76,-82,-85,-96,-101,-111,-111,-115,-123,-120,-112,-114,-118,-125,-135,-139,-150,-148,-144,-139,-133,-119,-111,-98,-95,-95,-101,-111,-120,-122,-129,-130,-120,-102,-85,-72,-63,-55,-52,-57,-53,-55,-55,-54,-49,-53,-49,-47,-46,-44,-38,-240
3,0,2037,-5915,0,-9,-8,-10,-5,3,-5,-3,-12,1,-4,-5,-15,-6,-7,-9,-13,-21,-30,-38,-45,-45,-46,-53,-47,-52,-51,-56,-48,-54,-53,-60,-52,-65,-69,-71,-79,-92,-93,-103,-103,-106,-114,-109,-101,-107,-111,-122,-126,-136,-140,-141,-137,-129,-129,-118,-106,-101,-93,-95,-101,-110,-120,-122,-127,-127,-123,-107,-87,-74,-63,-55,-53,-59,-57,-58,-55,-58,-52,-52,-53,-51,-50,-48,-42,-257
3,0,2038,-5725,0,-9,-8,-10,-5,3,-5,-3,-12,1,-4,-6,-15,-6,-7,-1,-12,-17,-26,-33,-43,-44,-42,-48,-44,-45,-51,-52,-45,-47,-48,-56,-48,-60,-63,-63,-68,-84,-88,-96,-95,-98,-105,-101,-90,-97,-104,-115,-122,-128,-136,-132,-132,-123,-120,-113,-103,-97,-97,-93,-102,-110,-118,-122,-127,-126,-118,-108,-92,-76,-65,-54,-53,-60,-59,-60,-60,-59,-57,-56,-51,-54,-54,-52,-45,-276
3,0,2039,-5558,0,-10,-8,-10,-5,3,-5,-3,-12,1,-4,-6,-16,-6,-7,-1,-3,-15,-23,-29,-39,-41,-39,-45,-41,-45,-44,-52,-43,-44,-42,-51,-44,-56,-59,-58,-60,-73,-81,-91,-88,-92,-97,-93,-83,-88,-95,-109,-116,-123,-128,-128,-123,-119,-115,-105,-100,-95,-92,-97,-100,-109,-118,-120,-128,-126,-118,-106,-93,-80,-66,-57,-53,-60,-60,-62,-61,-62,-58,-60,-55,-55,-57,-57,-50,-294
3,0,2040,-5407,0,-10,-8,-10,-5,3,-5,-3,-12,0,-5,-5,-16,-6,-7,-2,-3,-5,-20,-26,-33,-37,-38,-44,-39,-41,-43,-47,-42,-42,-40,-46,-39,-53,-55,-53,-55,-67,-70,-84,-84,-84,-92,-87,-76,-81,-85,-100,-109,-117,-124,-120,-120,-111,-111,-101,-93,-91,-90,-93,-103,-109,-119,-120,-126,-126,-117,-105,-92,-81,-69,-58,-56,-60,-59,-63,-63,-64,-61,-62,-63,-58,-58,-60,-55,-318
3,0,2041,-5261,0,-10,-8,-10,-5,2,-5,-3,-12,0,-5,-6,-16,-6,-7,-2,-3,-6,-10,-23,-31,-33,-33,-42,-37,-39,-40,-45,-38,-43,-38,-43,-34,-48,-51,-50,-52,-61,-62,-73,-77,-81,-86,-81,-70,-75,-79,-91,-100,-109,-118,-117,-113,-108,-104,-96,-90,-85,-88,-90,-100,-112,-117,-121,-125,-125,-118,-105,-91,-80,-70,-61,-57,-63,-60,-64,-65,-66,-63,-65,-63,-63,-61,-61,-58,-341
3,0,2042,-5116,-1,-10,-8,-11,-5,2,-6,-3,-12,-1,-6,-6,-16,-7,-7,-3,-3,-6,-10,-10,-28,-30,-28,-39,-36,-35,-38,-42,-35,-38,-37,-41,-33,-43,-46,-46,-48,-56,-57,-65,-67,-74,-82,-76,-65,-70,-72,-83,-91,-100,-110,-111,-109,-101,-101,-90,-85,-81,-81,-88,-98,-107,-120,-119,-127,-126,-118,-106,-91,-79,-69,-63,-61,-64,-63,-64,-66,-68,-65,-67,-65,-63,-66,-64,-59,-371
3,0,2043,-4975,-1,-10,-8,-11,-5,1,-6,-4,-12,-1,-6,-6,-16,-7,-8,-3,-4,-6,-10,-11,-14,-28,-26,-33,-31,-34,-36,-40,-33,-35,-32,-41,-30,-40,-42,-41,-45,-52,-52,-59,-59,-65,-76,-73,-62,-66,-68,-76,-83,-91,-101,-104,-103,-97,-95,-88,-82,-78,-78,-81,-95,-105,-116,-123,-125,-126,-117,-104,-91,-78,-68,-62,-62,-68,-64,-67,-66,-68,-66,-69,-67,-68,-68,-70,-63,-395
3,0,2044,-4847,-1,-11,-8,-11,-5,1,-6,-4,-12,-1,-6,-6,-17,-7,-8,-3,-4,-6,-11,-11,-14,-14,-23,-30,-28,-31,-34,-39,-32,-33,-31,-36,-30,-39,-40,-37,-40,-49,-49,-55,-53,-58,-67,-67,-60,-61,-64,-72,-77,-84,-92,-95,-96,-92,-93,-83,-78,-72,-74,-79,-89,-102,-113,-119,-130,-125,-117,-105,-90,-79,-68,-61,-61,-68,-68,-68,-68,-68,-68,-71,-68,-70,-71,-70,-69,-423
3,0,2045,-4714,-1,-11,-8,-11,-6,1,-6,-4,-12,-2,-7,-6,-17,-7,-8,-4,-4,-6,-11,-11,-14,-15,-10,-28,-25,-28,-32,-37,-30,-30,-29,-35,-27,-39,-38,-34,-35,-45,-45,-51,-50,-52,-60,-61,-54,-59,-59,-68,-72,-77,-84,-86,-90,-86,-87,-79,-73,-70,-70,-75,-85,-95,-110,-116,-124,-128,-116,-105,-90,-79,-69,-61,-60,-67,-68,-72,-71,-71,-69,-71,-70,-71,-73,-74,-69,-450
3,0,2046,-4596,-2,-11,-8,-12,-6,0,-7,-5,-12,-2,-7,-6,-17,-8,-8,-4,-4,-7,-11,-11,-14,-15,-11,-17,-23,-25,-29,-34,-28,-30,-25,-33,-26,-36,-37,-32,-34,-40,-42,-47,-46,-48,-56,-54,-47,-55,-57,-64,-69,-72,-78,-80,-81,-79,-82,-75,-70,-66,-67,-70,-81,-91,-103,-111,-121,-122,-120,-104,-90,-78,-67,-62,-61,-66,-67,-72,-73,-72,-70,-72,-72,-73,-76,-76,-75,-479
3,0,2047,-4471,-2,-11,-8,-12,-6,0,-7,-5,-13,-3,-8,-6,-17,-8,-8,-5,-4,-7,-11,-11,-14,-16,-11,-18,-13,-22,-27,-31,-25,-28,-26,-31,-23,-34,-34,-33,-31,-37,-36,-42,-44,-44,-52,-50,-41,-48,-53,-62,-64,-67,-73,-73,-75,-70,-74,-70,-67,-63,-64,-68,-77,-88,-98,-104,-118,-121,-115,-107,-90,-77,-68,-60,-61,-66,-66,-71,-75,-77,-72,-75,-71,-73,-78,-79,-77,-501
3,0,2048,-4356,-2,-12,-8,-12,-6,0,-7,-5,-13,-3,-8,-6,-18,-8,-8,-5,-4,-7,-12,-11,-14,-16,-11,-18,-13,-13,-25,-29,-23,-25,-23,-29,-21,-31,-33,-30,-32,-36,-35,-38,-39,-42,-48,-46,-38,-44,-46,-57,-61,-63,-68,-68,-68,-66,-67,-64,-63,-60,-62,-65,-74,-83,-95,-100,-109,-117,-112,-103,-92,-78,-68,-60,-60,-67,-66,-70,-74,-77,-76,-76,-74,-74,-78,-80,-80,-528
3,0,2049,-4250,-2,-12,-8,-12,-6,-1,-7,-5,-13,-3,-8,-6,-18,-8,-9,-5,-5,-7,-12,-12,-14,-17,-11,-18,-13,-13,-15,-27,-21,-23,-20,-28,-19,-29,-29,-29,-29,-35,-33,-36,-35,-38,-45,-44,-36,-40,-43,-50,-56,-60,-64,-65,-63,-59,-62,-59,-58,-57,-59,-63,-71,-80,-89,-96,-105,-108,-108,-101,-89,-81,-67,-62,-60,-66,-67,-71,-73,-76,-77,-80,-75,-77,-77,-82,-81,-557
3,0,2050,-4136,-2,-12,-8,-13,-6,-1,-7,-6,-13,-4,-9,-6,-18,-8,-9,-6,-5,-7,-12,-12,-14,-17,-12,-19,-14,-13,-16,-18,-19,-20,-18,-25,-18,-27,-27,-25,-26,-33,-33,-34,-32,-34,-43,-40,-33,-38,-39,-46,-51,-55,-61,-60,-60,-56,-58,-54,-52,-51,-55,-59,-68,-76,-87,-90,-101,-104,-101,-97,-87,-77,-70,-61,-60,-65,-66,-71,-72,-75,-76,-81,-80,-78,-81,-82,-82,-579
3,0,2051,-4030,-3,-12,-8,-13,-6,-1,-8,-6,-13,-4,-9,-6,-18,-9,-9,-6,-5,-8,-12,-12,-14,-18,-12,-19,-14,-13,-16,-18,-10,-19,-16,-23,-17,-26,-26,-24,-25,-30,-29,-34,-30,-32,-38,-37,-30,-35,-36,-42,-46,-47,-56,-58,-55,-52,-55,-51,-48,-47,-50,-55,-64,-73,-82,-88,-94,-100,-96,-91,-84,-77,-67,-63,-61,-66,-65,-70,-73,-76,-76,-79,-81,-84,-82,-85,-83,-599
3,0,2052,-3929,-3,-12,-8,-13,-6,-2,-8,-6,-13,-4,-9,-7,-18,-9,-9,-6,-5,-8,-12,-12,-15,-18,-12,-19,-14,-13,-16,-18,-10,-11,-14,-21,-14,-23,-25,-22,-24,-28,-28,-29,-31,-30,-36,-34,-27,-33,-34,-40,-42,-43,-50,-53,-53,-48,-51,-48,-46,-44,-45,-50,-61,-71,-79,-83,-92,-94,-94,-87,-79,-74,-66,-61,-62,-65,-67,-69,-73,-75,-76,-79,-79,-84,-87,-87,-86,-617
3,0,2053,-3832,-3,-13,-8,-13,-6,-2,-8,-6,-13,-5,-10,-6,-19,-9,-9,-7,-5,-8,-13,-12,-14,-18,-12,-20,-15,-14,-17,-19,-11,-11,-6,-19,-11,-21,-22,-20,-22,-26,-26,-29,-28,-29,-35,-32,-24,-30,-32,-37,-39,-40,-44,-47,-49,-47,-48,-45,-43,-41,-42,-46,-55,-66,-75,-80,-86,-91,-87,-83,-76,-69,-64,-59,-59,-67,-66,-70,-72,-75,-76,-79,-78,-82,-89,-92,-89,-641
3,0,2054,-3734,-3,-13,-8,-13,-6,-2,-8,-7,-13,-5,-10,-7,-19,-9,-9,-7,-5,-8,-13,-12,-15,-19,-13,-20,-15,-14,-17,-19,-11,-11,-6,-11,-11,-19,-20,-18,-21,-26,-24,-26,-27,-27,-34,-30,-22,-27,-29,-34,-38,-37,-41,-42,-43,-42,-46,-42,-40,-39,-39,-42,-52,-61,-70,-75,-84,-85,-85,-78,-72,-67,-59,-57,-59,-64,-69,-69,-74,-75,-75,-79,-79,-81,-86,-93,-94,-658
3,0,2055,-3640,-3,-13,-8,-13,-7,-3,-8,-7,-14,-5,-10,-7,-19,-9,-9,-7,-5,-8,-13,-12,-15,-19,-13,-20,-15,-14,-17,-19,-11,-11,-6,-12,-3,-18,-18,-17,-19,-24,-25,-23,-23,-24,-31,-31,-22,-26,-26,-33,-36,-34,-39,-38,-39,-37,-43,-40,-37,-36,-37,-40,-48,-56,-64,-70,-79,-83,-80,-77,-69,-62,-56,-53,-56,-63,-66,-72,-72,-75,-75,-79,-79,-82,-86,-91,-95,-681
3,0,2056,-3549,-3,-13,-8,-13,-7,-3,-8,-7,-14,-6,-11,-7,-19,-9,-9,-8,-5,-8,-13,-13,-15,-20,-13,-21,-16,-14,-18,-19,-11,-11,-6,-12,-3,-12,-16,-15,-17,-21,-22,-23,-23,-22,-30,-28,-21,-25,-24,-30,-33,-32,-36,-36,-36,-33,-38,-37,-36,-33,-34,-37,-45,-53,-59,-65,-75,-79,-77,-72,-66,-59,-55,-51,-53,-61,-64,-69,-74,-74,-75,-79,-78,-82,-86,-90,-94,-701
3,0,2057,-3454,-3,-13,-8,-13,-7,-3,-9,-7,-14,-6,-11,-7,-19,-10,-10,-8,-6,-8,-13,-13,-15,-20,-13,-21,-16,-14,-18,-19,-11,-11,-6,-12,-3,-12,-10,-13,-15,-20,-21,-21,-22,-21,-29,-26,-18,-25,-24,-28,-29,-29,-34,-33,-33,-30,-34,-33,-33,-33,-32,-35,-43,-49,-55,-58,-67,-74,-73,-69,-63,-58,-50,-50,-52,-57,-62,-67,-71,-77,-75,-78,-78,-81,-86,-91,-94,-716
3,0,2058,-3367,-4,-14,-8,-14,-7,-3,-9,-7,-14,-6,-11,-7,-19,-10,-10,-8,-6,-9,-13,-13,-15,-20,-13,-21,-16,-14,-18,-20,-12,-12,-6,-12,-4,-12,-10,-7,-13,-17,-19,-19,-21,-19,-26,-26,-17,-24,-24,-27,-28,-26,-31,-32,-31,-28,-32,-30,-29,-30,-31,-33,-40,-46,-51,-54,-60,-67,-68,-66,-60,-54,-50,-46,-50,-55,-58,-64,-70,-73,-77,-78,-78,-80,-85,-91,-94,-735
3,0,2059,-3272,-4,-14,-8,-14,-7,-3,-9,-8,-14,-6,-11,-7,-20,-10,-10,-8,-6,-9,-14,-13,-15,-20,-14,-21,-16,-15,-18,-20,-12,-12,-6,-12,-4,-12,-10,-7,-8,-16,-17,-18,-18,-20,-25,-22,-15,-21,-21,-27,-28,-24,-28,-28,-29,-26,-30,-28,-26,-26,-29,-31,-38,-44,-48,-50,-56,-60,-62,-61,-57,-53,-47,-46,-47,-53,-56,-60,-68,-72,-73,-81,-78,-81,-86,-90,-94,-741
3,0,2060,-3184,-4,-14,-8,-14,-7,-4,-9,-8,-14,-7,-12,-7,-20,-10,-10,-9,-6,-9,-14,-13,-15,-21,-14,-22,-17,-15,-19,-20,-12,-12,-6,-12,-4,-12,-10,-7,-8,-10,-17,-15,-17,-17,-24,-21,-14,-19,-19,-25,-28,-23,-26,-26,-27,-24,-28,-26,-25,-23,-26,-30,-37,-41,-45,-47,-52,-55,-55,-56,-53,-50,-46,-43,-46,-50,-54,-57,-63,-70,-72,-77,-80,-80,-86,-90,-93,-751
3,1,2023,-5632,1,-64,-59,-57,-47,-39,-31,-19,-13,-7,-2,-5,-16,-9,-13,-17,-27,-28,-50,-52,-70,-85,-91,-106,-88,-90,-90,-98,-91,-89,-95,-98,-98,-116,-118,-122,-126,-156,-156,-165,-172,-159,-154,-144,-123,-115,-116,-114,-113,-122,-120,-112,-100,-96,-87,-77,-62,-62,-55,-56,-58,-57,-61,-60,-53,-51,-44,-39,-33,-29,-21,-22,-18,-19,-18,-16,-24,-16,-13,-14,-17,-11,-14,-14,-4,-45
3,1,2024,-5403,0,-6,-47,-47,-40,-33,-29,-18,-13,-7,-4,-3,-17,-9,-12,-10,-26,-30,-51,-51,-60,-78,-79,-94,-89,-85,-82,-91,-93,-83,-87,-90,-89,-102,-115,-117,-119,-144,-153,-162,-158,-157,-149,-138,-128,-116,-113,-114,-115,-121,-119,-109,-103,-94,-88,-77,-67,-58,-58,-55,-59,-59,-59,-62,-60,-53,-45,-40,-35,-32,-24,-17,-23,-16,-18,-18,-17,-25,-15,-15,-13,-15,-12,-12,-9,-48
3,1,2025,-5202,-1,-6,-3,-40,-32,-26,-25,-16,-13,-6,-6,-4,-17,-12,-15,-11,-19,-28,-45,-46,-60,-69,-74,-85,-84,-89,-76,-84,-84,-81,-80,-83,-83,-94,-100,-114,-115,-136,-139,-154,-155,-146,-148,-133,-120,-120,-114,-112,-115,-120,-120,-113,-100,-96,-86,-78,-68,-62,-56,-56,-59,-62,-61,-61,-61,-61,-48,-41,-35,-33,-28,-19,-21,-17,-16,-18,-17,-18,-23,-18,-14,-12,-13,-12,-10,-51
3,1,2026,-5012,-1,-6,-3,-6,-26,-22,-21,-14,-11,-6,-10,-5,-17,-13,-16,-13,-17,-23,-42,-45,-47,-65,-65,-78,-74,-79,-82,-77,-77,-77,-76,-76,-76,-87,-94,-101,-111,-130,-133,-144,-145,-141,-137,-129,-118,-113,-117,-111,-113,-120,-117,-113,-101,-91,-88,-76,-69,-64,-61,-56,-61,-61,-64,-61,-60,-61,-56,-44,-36,-33,-27,-22,-22,-21,-17,-17,-18,-19,-19,-25,-16,-13,-13,-14,-10,-56
3,1,2027,-4828,-1,-6,-3,-6,-1,-18,-17,-11,-10,-5,-5,-9,-17,-12,-16,-14,-19,-22,-36,-39,-50,-56,-58,-67,-66,-68,-71,-83,-70,-69,-73,-71,-69,-81,-86,-92,-99,-124,-129,-137,-136,-132,-132,-119,-116,-112,-110,-116,-110,-118,-118,-110,-102,-95,-85,-78,-68,-66,-61,-60,-59,-64,-63,-64,-62,-60,-56,-51,-37,-33,-28,-23,-26,-22,-20,-18,-18,-20,-18,-23,-21,-15,-14,-13,-10,-60
3,1,2028,-4650,-1,-6,-3,-6,-1,0,-15,-9,-8,-4,-8,-7,-21,-13,-14,-12,-20,-21,-34,-35,-42,-58,-54,-64,-59,-62,-59,-71,-74,-64,-66,-68,-63,-72,-79,-84,-92,-113,-119,-130,-131,-124,-126,-115,-104,-108,-110,-108,-116,-115,-116,-110,-98,-94,-86,-75,-69,-64,-64,-60,-63,-61,-66,-66,-63,-61,-54,-49,-45,-35,-27,-23,-26,-24,-21,-20,-19,-20,-21,-21,-19,-18,-16,-14,-11,-63
3,1,2029,-4508,-1,-6,-3,-6,-1,0,-3,-7,-7,-4,-13,-10,-22,-15,-15,-11,-17,-22,-33,-33,-39,-51,-54,-58,-55,-55,-58,-60,-64,-65,-62,-63,-60,-66,-72,-76,-81,-104,-110,-123,-122,-120,-118,-111,-100,-100,-106,-106,-109,-120,-112,-108,-98,-90,-87,-76,-66,-65,-63,-64,-63,-66,-64,-67,-65,-64,-57,-49,-42,-40,-29,-22,-26,-25,-23,-21,-21,-21,-20,-22,-19,-19,-19,-15,-12,-71
3,1,2030,-4352,-1,-6,-3,-6,-2,0,-3,0,-6,-3,-13,-11,-21,-15,-16,-11,-17,-19,-34,-32,-37,-46,-46,-58,-50,-53,-50,-57,-57,-58,-62,-59,-57,-63,-65,-69,-72,-94,-102,-114,-116,-109,-113,-102,-97,-96,-98,-102,-105,-112,-118,-104,-96,-90,-83,-75,-67,-62,-62,-63,-68,-65,-67,-66,-66,-66,-58,-51,-43,-39,-32,-24,-25,-26,-25,-25,-22,-23,-21,-23,-20,-18,-18,-18,-12,-73
3,1,2031,-4207,-1,-6,-3,-6,-2,0,-3,0,-3,-2,-11,-11,-22,-15,-15,-10,-17,-17,-31,-32,-34,-44,-41,-51,-49,-48,-47,-51,-51,-51,-55,-56,-52,-60,-62,-65,-66,-85,-91,-105,-108,-104,-105,-99,-89,-92,-93,-95,-102,-109,-109,-110,-95,-89,-84,-73,-66,-63,-60,-62,-66,-70,-68,-69,-65,-65,-59,-53,-44,-40,-32,-27,-27,-26,-26,-26,-26,-24,-23,-24,-21,-19,-19,-17,-15,-78
3,1,2032,-4078,-1,-6,-3,-6,-2,0,-3,0,-2,-1,-10,-9,-21,-14,-15,-9,-15,-16,-29,-28,-34,-40,-38,-45,-43,-46,-44,-48,-46,-46,-49,-52,-50,-55,-59,-60,-62,-79,-80,-94,-100,-98,-101,-93,-87,-85,-90,-91,-94,-105,-107,-103,-99,-88,-83,-73,-65,-63,-61,-60,-66,-69,-72,-69,-68,-64,-60,-54,-46,-41,-34,-27,-30,-27,-25,-27,-27,-27,-25,-26,-23,-21,-21,-20,-16,-87
3,1,2033,-3937,-1,-6,-3,-6,-2,0,-3,0,-3,-1,-2,-8,-19,-12,-13,-9,-13,-14,-27,-26,-30,-40,-36,-42,-38,-40,-41,-44,-43,-40,-43,-46,-45,-52,-54,-56,-58,-73,-74,-83,-90,-90,-94,-89,-81,-83,-84,-88,-90,-98,-103,-100,-94,-92,-82,-72,-65,-62,-61,-61,-65,-68,-71,-74,-69,-68,-59,-54,-47,-43,-34,-29,-30,-30,-27,-26,-28,-30,-28,-28,-25,-22,-23,-21,-18,-95
3,1,2034,-3802,-1,-6,-3,-6,-2,0,-3,0,-3,-1,-2,-2,-17,-11,-11,-7,-14,-12,-25,-23,-28,-35,-35,-40,-35,-35,-36,-42,-40,-37,-39,-41,-39,-48,-51,-51,-53,-69,-69,-77,-79,-80,-87,-83,-78,-78,-81,-82,-86,-94,-96,-97,-92,-87,-86,-72,-65,-62,-60,-61,-65,-67,-71,-73,-73,-68,-62,-53,-47,-43,-36,-30,-32,-30,-30,-28,-28,-31,-31,-31,-27,-25,-23,-22,-19,-102
3,1,2035,-3672,-1,-6,-3,-6,-2,0,-3,-1,-3,-1,-2,-1,-12,-9,-10,-5,-11,-12,-24,-21,-25,-34,-30,-39,-33,-32,-31,-37,-37,-35,-36,-37,-34,-42,-47,-48,-48,-64,-63,-72,-73,-71,-78,-76,-72,-74,-77,-79,-81,-91,-92,-90,-89,-85,-82,-75,-64,-61,-60,-60,-65,-68,-69,-72,-72,-73,-62,-56,-47,-43,-37,-31,-33,-32,-30,-31,-30,-31,-32,-34,-30,-27,-26,-24,-20,-110
3,1,2036,-3560,-1,-6,-3,-6,-2,0,-3,-1,-3,-1,-2,-1,-12,-5,-9,-4,-10,-9,-22,-20,-23,-31,-28,-35,-32,-30,-29,-33,-33,-33,-33,-35,-30,-38,-41,-44,-45,-59,-59,-67,-68,-65,-70,-69,-67,-69,-74,-74,-79,-84,-89,-86,-83,-83,-80,-71,-68,-61,-60,-60,-64,-67,-71,-71,-72,-72,-67,-57,-49,-43,-38,-32,-34,-33,-31,-31,-33,-33,-32,-36,-33,-30,-28,-26,-21,-118
3,1,2037,-3446,-1,-6,-3,-6,-2,0,-3,-1,-3,-1,-2,-1,-12,-5,-5,-3,-9,-8,-19,-18,-20,-28,-26,-33,-27,-30,-27,-31,-29,-29,-31,-32,-28,-34,-37,-38,-41,-56,-54,-62,-63,-60,-65,-61,-60,-64,-69,-71,-74,-82,-82,-83,-79,-77,-77,-71,-64,-64,-59,-60,-64,-67,-70,-72,-70,-71,-67,-61,-50,-45,-38,-32,-35,-34,-33,-33,-33,-36,-34,-35,-36,-33,-31,-28,-24,-128
3,1,2038,-3329,-1,-6,-3,-6,-2,0,-3,-1,-3,-1,-2,-2,-12,-5,-5,1,-7,-6,-17,-15,-19,-27,-23,-29,-25,-25,-27,-28,-27,-25,-28,-30,-26,-32,-33,-34,-35,-51,-51,-57,-58,-55,-60,-57,-53,-58,-64,-66,-71,-77,-80,-77,-76,-73,-72,-68,-62,-61,-62,-59,-64,-68,-69,-71,-71,-70,-65,-60,-54,-45,-40,-32,-35,-35,-34,-34,-35,-37,-38,-38,-34,-35,-34,-31,-25,-138
3,1,2039,-3216,-1,-7,-3,-6,-2,0,-3,-1,-3,-1,-2,-2,-12,-5,-5,1,-3,-5,-15,-12,-16,-25,-21,-27,-23,-24,-22,-27,-26,-23,-24,-27,-24,-30,-31,-30,-31,-45,-46,-54,-54,-51,-55,-52,-49,-52,-58,-62,-66,-73,-75,-75,-70,-71,-69,-63,-60,-59,-59,-62,-63,-66,-69,-70,-71,-71,-64,-59,-53,-49,-40,-34,-35,-35,-35,-35,-36,-38,-38,-41,-37,-35,-36,-34,-29,-145
3,1,2040,-3121,-1,-7,-3,-6,-2,0,-3,-1,-3,-2,-2,-1,-12,-5,-5,0,-2,1,-13,-10,-13,-22,-20,-26,-22,-21,-22,-24,-25,-22,-23,-24,-21,-28,-29,-28,-27,-41,-40,-49,-51,-47,-52,-48,-45,-48,-52,-56,-61,-69,-72,-70,-68,-66,-67,-60,-56,-57,-57,-59,-66,-66,-69,-70,-70,-70,-65,-58,-53,-48,-42,-34,-37,-35,-35,-36,-38,-40,-40,-42,-42,-37,-36,-36,-32,-159
3,1,2041,-3030,-1,-7,-3,-6,-2,-1,-3,-1,-3,-2,-2,-2,-12,-5,-5,0,-2,0,-7,-8,-11,-19,-17,-25,-21,-20,-20,-23,-23,-22,-22,-23,-18,-25,-27,-26,-26,-37,-36,-43,-46,-45,-48,-45,-41,-44,-48,-50,-55,-63,-68,-67,-64,-64,-62,-58,-54,-53,-56,-57,-63,-70,-68,-70,-70,-70,-65,-59,-52,-48,-42,-37,-37,-37,-35,-37,-39,-41,-41,-44,-42,-41,-38,-36,-33,-171
3,1,2042,-2930,-1,-7,-3,-6,-2,0,-4,0,-3,-2,-3,-2,-12,-5,-5,-1,-3,0,-7,-1,-9,-17,-15,-23,-20,-18,-18,-21,-21,-19,-21,-21,-17,-22,-24,-24,-24,-34,-32,-38,-40,-40,-45,-41,-38,-41,-44,-46,-49,-57,-62,-62,-61,-60,-60,-54,-52,-51,-51,-56,-62,-66,-71,-69,-70,-71,-65,-59,-53,-47,-42,-36,-40,-37,-37,-37,-39,-43,-43,-45,-43,-41,-42,-38,-33,-186
3,1,2043,-2847,-1,-7,-3,-6,-2,0,-4,-1,-3,-2,-3,-2,-12,-5,-5,-1,-3,0,-7,-2,-1,-15,-13,-19,-18,-18,-18,-20,-20,-17,-18,-21,-15,-21,-22,-21,-22,-32,-29,-34,-35,-35,-42,-40,-36,-38,-41,-42,-46,-51,-56,-57,-57,-57,-57,-53,-48,-49,-49,-51,-60,-65,-68,-73,-70,-70,-65,-58,-52,-47,-41,-37,-39,-40,-37,-39,-39,-43,-44,-47,-45,-44,-43,-42,-35,-201
3,1,2044,-2767,-1,-7,-3,-6,-2,-1,-4,-1,-3,-2,-3,-2,-12,-5,-5,-1,-3,0,-7,-2,-1,-7,-11,-17,-16,-16,-17,-20,-19,-16,-17,-18,-15,-20,-21,-19,-20,-30,-27,-32,-31,-31,-37,-36,-35,-35,-39,-40,-43,-48,-50,-51,-52,-53,-55,-49,-46,-45,-48,-50,-56,-63,-66,-69,-74,-70,-64,-59,-52,-47,-42,-36,-39,-39,-40,-39,-41,-43,-45,-49,-46,-46,-45,-42,-39,-213
3,1,2045,-2682,-1,-7,-3,-6,-2,-1,-4,-1,-3,-3,-3,-2,-12,-5,-5,-1,-3,0,-8,-2,-1,-8,-3,-16,-13,-14,-15,-19,-18,-14,-16,-18,-13,-20,-19,-17,-17,-28,-25,-30,-29,-27,-33,-33,-31,-34,-36,-37,-39,-45,-46,-46,-48,-49,-51,-47,-43,-44,-44,-48,-53,-57,-64,-67,-70,-73,-64,-59,-52,-47,-42,-37,-38,-39,-39,-42,-42,-45,-45,-49,-48,-47,-46,-44,-39,-228
3,1,2046,-2613,-2,-7,-3,-7,-2,0,-4,-1,-3,-3,-3,-2,-12,-5,-6,-2,-3,-1,-8,-2,-1,-7,-4,-8,-13,-12,-14,-17,-17,-15,-14,-16,-13,-18,-19,-16,-16,-25,-23,-27,-28,-25,-30,-29,-26,-31,-35,-34,-38,-42,-43,-44,-42,-44,-48,-44,-42,-41,-43,-44,-51,-56,-60,-65,-68,-69,-67,-58,-52,-47,-41,-37,-39,-38,-39,-41,-44,-45,-47,-49,-49,-48,-48,-46,-43,-242
3,1,2047,-2530,-2,-7,-3,-7,-2,0,-4,-1,-4,-4,-3,-2,-12,-5,-6,-2,-3,-1,-8,-2,-1,-8,-4,-9,-6,-10,-12,-15,-15,-14,-14,-15,-11,-17,-17,-16,-15,-23,-20,-24,-26,-23,-28,-26,-23,-27,-32,-33,-35,-39,-40,-40,-40,-39,-42,-40,-38,-39,-40,-43,-48,-54,-57,-61,-66,-68,-64,-61,-52,-46,-41,-36,-38,-39,-38,-41,-44,-49,-47,-52,-48,-48,-50,-48,-44,-253
3,1,2048,-2465,-2,-7,-3,-7,-2,-1,-4,-1,-4,-4,-3,-2,-12,-5,-6,-2,-3,-1,-8,-2,-1,-8,-4,-9,-6,-5,-11,-15,-13,-12,-13,-14,-10,-15,-17,-14,-16,-22,-19,-22,-23,-22,-26,-24,-21,-25,-28,-30,-33,-36,-37,-37,-36,-37,-38,-36,-36,-36,-38,-41,-47,-50,-55,-58,-61,-66,-62,-58,-54,-47,-41,-36,-38,-39,-39,-40,-44,-48,-51,-52,-51,-49,-50,-49,-46,-269
3,1,2049,-2399,-2,-7,-3,-7,-2,-1,-4,-1,-4,-4,-3,-2,-12,-5,-6,-2,-4,-1,-8,-3,-1,-8,-4,-8,-7,-5,-6,-13,-12,-11,-11,-14,-10,-14,-15,-14,-14,-22,-18,-21,-20,-20,-24,-23,-20,-22,-26,-26,-30,-34,-34,-35,-33,-33,-35,-33,-32,-34,-36,-39,-44,-48,-52,-56,-59,-61,-60,-57,-52,-49,-41,-37,-38,-38,-39,-41,-43,-48,-50,-55,-51,-52,-49,-50,-47,-284
3,1,2050,-2328,-2,-7,-3,-7,-2,0,-4,-1,-4,-4,-4,-2,-12,-5,-6,-3,-4,-1,-8,-3,-1,-8,-5,-9,-7,-5,-6,-8,-11,-9,-10,-12,-9,-13,-14,-12,-12,-20,-17,-20,-18,-17,-23,-21,-19,-21,-23,-24,-28,-31,-32,-32,-31,-31,-33,-30,-28,-30,-33,-37,-42,-46,-50,-52,-57,-59,-56,-55,-50,-46,-43,-37,-38,-38,-38,-41,-43,-47,-50,-55,-55,-52,-52,-50,-48,-296
3,1,2051,-2261,-2,-7,-3,-7,-2,0,-5,-1,-4,-4,-4,-2,-12,-5,-6,-3,-3,-2,-8,-3,-1,-8,-5,-9,-7,-5,-6,-8,-6,-8,-9,-11,-8,-13,-13,-12,-12,-19,-15,-20,-17,-16,-20,-19,-17,-19,-22,-21,-25,-27,-29,-30,-28,-29,-31,-29,-26,-27,-29,-34,-39,-43,-47,-51,-52,-57,-53,-51,-49,-46,-41,-39,-38,-38,-38,-40,-43,-48,-49,-54,-55,-56,-52,-52,-48,-309
3,1,2052,-2200,-2,-7,-3,-7,-2,-1,-5,-1,-4,-4,-4,-3,-12,-5,-6,-3,-3,-2,-8,-3,-1,-8,-5,-9,-7,-5,-6,-8,-6,-4,-8,-10,-7,-11,-13,-10,-12,-18,-15,-17,-17,-14,-19,-17,-15,-18,-21,-20,-23,-24,-26,-27,-27,-26,-29,-27,-25,-25,-26,-30,-37,-42,-45,-48,-51,-53,-52,-49,-46,-44,-40,-37,-39,-38,-38,-40,-43,-47,-50,-54,-54,-55,-56,-53,-50,-318
3,1,2053,-2140,-2,-8,-3,-7,-2,-1,-5,-1,-4,-5,-4,-2,-12,-5,-6,-4,-3,-2,-8,-3,-1,-8,-5,-9,-8,-5,-7,-8,-7,-4,-4,-9,-5,-10,-11,-9,-10,-16,-14,-17,-15,-15,-18,-16,-13,-16,-20,-19,-21,-22,-23,-24,-24,-26,-27,-25,-23,-23,-24,-27,-33,-39,-42,-46,-48,-51,-48,-47,-44,-41,-39,-36,-37,-39,-38,-40,-43,-47,-50,-54,-53,-55,-56,-57,-51,-331
3,1,2054,-2079,-2,-8,-3,-7,-2,-1,-5,-2,-4,-5,-4,-3,-12,-5,-6,-4,-4,-2,-8,-3,-1,-9,-5,-9,-8,-5,-7,-8,-7,-4,-4,-5,-5,-9,-10,-8,-10,-16,-12,-15,-14,-13,-18,-15,-12,-14,-18,-17,-21,-20,-21,-21,-21,-23,-26,-23,-21,-22,-23,-25,-30,-35,-39,-42,-46,-48,-47,-44,-43,-40,-36,-35,-37,-37,-40,-40,-43,-47,-49,-54,-54,-54,-55,-56,-55,-338
3,1,2055,-2023,-2,-8,-3,-7,-3,-1,-5,-2,-5,-5,-4,-3,-12,-5,-6,-4,-3,-2,-8,-3,-1,-8,-5,-9,-8,-5,-7,-8,-7,-4,-4,-6,-1,-8,-9,-7,-9,-15,-13,-13,-12,-12,-16,-15,-12,-14,-16,-17,-20,-19,-19,-19,-20,-20,-24,-22,-19,-20,-21,-24,-28,-32,-35,-39,-43,-46,-44,-43,-40,-37,-35,-32,-35,-37,-38,-42,-42,-47,-49,-54,-54,-55,-54,-56,-54,-353
3,1,2056,-1967,-2,-8,-3,-7,-3,-1,-5,-2,-5,-5,-5,-3,-12,-5,-6,-4,-3,-2,-8,-4,-1,-9,-5,-9,-9,-5,-8,-8,-7,-4,-4,-6,-1,-5,-8,-6,-8,-13,-11,-13,-13,-11,-16,-13,-11,-13,-15,-15,-18,-18,-18,-18,-18,-18,-21,-20,-19,-18,-19,-22,-26,-30,-32,-36,-40,-43,-42,-40,-39,-35,-34,-31,-33,-36,-37,-40,-44,-46,-49,-54,-53,-55,-55,-54,-54,-362
3,1,2057,-1914,-2,-8,-3,-7,-3,-1,-5,-2,-5,-5,-5,-3,-12,-5,-7,-4,-4,-2,-8,-4,-1,-9,-5,-9,-9,-5,-8,-8,-7,-4,-4,-6,-1,-5,-5,-5,-7,-13,-11,-12,-12,-10,-15,-13,-10,-13,-14,-14,-16,-16,-17,-16,-16,-16,-19,-18,-17,-18,-18,-20,-25,-28,-30,-32,-35,-40,-39,-38,-37,-35,-31,-31,-32,-33,-36,-39,-42,-49,-49,-53,-53,-54,-55,-56,-54,-371
3,1,2058,-1859,-3,-8,-3,-8,-3,-1,-5,-2,-5,-5,-5,-3,-12,-5,-7,-4,-4,-3,-8,-4,-1,-9,-5,-9,-9,-5,-8,-9,-7,-5,-4,-6,-2,-5,-5,-2,-6,-11,-10,-11,-12,-9,-14,-12,-9,-12,-14,-13,-15,-14,-15,-16,-15,-15,-18,-16,-15,-16,-17,-19,-23,-26,-28,-30,-31,-36,-36,-36,-35,-32,-31,-28,-31,-32,-33,-37,-41,-46,-51,-53,-53,-54,-54,-55,-55,-379
3,1,2059,-1805,-3,-8,-3,-8,-3,-1,-5,-2,-5,-5,-5,-3,-12,-5,-7,-4,-4,-3,-8,-4,-1,-9,-6,-9,-9,-6,-8,-9,-7,-5,-4,-6,-2,-5,-5,-2,-4,-10,-9,-10,-10,-10,-13,-10,-8,-11,-13,-13,-16,-13,-13,-14,-14,-14,-17,-15,-13,-14,-16,-18,-21,-25,-26,-28,-29,-32,-32,-33,-33,-31,-29,-28,-29,-31,-32,-35,-40,-45,-48,-56,-53,-54,-55,-55,-54,-382
3,1,2060,-1750,-3,-8,-3,-8,-3,-1,-5,-2,-5,-6,-5,-3,-12,-5,-7,-5,-4,-3,-8,-4,-1,-9,-6,-9,-10,-6,-9,-9,-7,-5,-4,-6,-2,-5,-5,-2,-4,-7,-8,-8,-9,-8,-13,-9,-7,-9,-12,-12,-16,-13,-12,-13,-13,-13,-16,-14,-12,-12,-14,-17,-21,-23,-24,-26,-27,-29,-28,-30,-30,-29,-28,-26,-28,-29,-31,-33,-37,-44,-47,-53,-55,-54,-55,-55,-54,-388
3,2,2023,-3576,1,-45,-47,-44,-38,-22,-21,-14,-18,0,-1,-6,-8,-5,-10,-15,-17,-27,-30,-43,-45,-38,-48,-48,-46,-42,-39,-47,-41,-50,-46,-65,-56,-66,-64,-68,-75,-79,-80,-86,-88,-93,-95,-86,-73,-73,-66,-76,-77,-77,-80,-79,-78,-65,-58,-50,-46,-38,-34,-44,-36,-42,-47,-44,-48,-43,-42,-34,-31,-19,-20,-16,-15,-25,-12,-14,-14,-11,-17,-17,-12,-14,-9,-8,-9,-62
3,2,2024,-3449,1,-2,-39,-37,-31,-19,-19,-12,-16,1,-2,-6,-6,-9,-10,-14,-16,-28,-24,-42,-47,-35,-42,-40,-47,-47,-40,-39,-38,-48,-47,-52,-59,-61,-68,-63,-76,-71,-81,-82,-81,-91,-90,-84,-73,-69,-71,-77,-79,-78,-78,-79,-76,-67,-59,-52,-44,-40,-37,-35,-44,-40,-48,-46,-51,-47,-41,-36,-29,-26,-16,-18,-11,-21,-22,-15,-13,-13,-8,-16,-16,-11,-12,-9,-6,-61
3,2,2025,-3377,1,-3,-5,-30,-28,-16,-18,-13,-17,0,-6,-10,-4,-10,-14,-13,-15,-24,-26,-34,-45,-37,-37,-36,-40,-43,-47,-42,-35,-45,-46,-54,-49,-64,-64,-65,-67,-74,-73,-87,-80,-84,-88,-83,-72,-70,-68,-78,-79,-77,-79,-76,-73,-65,-62,-53,-45,-39,-38,-38,-37,-49,-46,-47,-52,-48,-45,-37,-31,-24,-22,-15,-13,-17,-19,-24,-15,-13,-9,-8,-14,-14,-11,-11,-8,-66
3,2,2026,-3283,1,-3,-5,-4,-23,-15,-15,-12,-17,-1,-7,-10,-9,-6,-13,-14,-13,-22,-23,-35,-38,-36,-37,-33,-37,-39,-43,-50,-37,-42,-44,-54,-52,-55,-66,-63,-69,-65,-77,-77,-82,-83,-82,-78,-69,-71,-67,-75,-80,-77,-80,-77,-71,-63,-59,-55,-46,-38,-38,-36,-36,-42,-52,-45,-50,-48,-45,-39,-32,-27,-21,-22,-11,-18,-15,-19,-21,-13,-11,-10,-8,-13,-12,-11,-11,-64
3,2,2027,-3194,1,-3,-5,-4,-3,-10,-15,-11,-15,-2,-9,-9,-11,-7,-10,-12,-15,-20,-19,-31,-38,-33,-36,-31,-34,-38,-41,-46,-45,-43,-41,-48,-48,-57,-57,-63,-67,-67,-68,-79,-72,-84,-81,-75,-67,-68,-66,-75,-77,-78,-79,-76,-73,-61,-58,-52,-48,-39,-35,-38,-37,-41,-46,-49,-50,-47,-44,-39,-33,-26,-23,-19,-15,-17,-16,-16,-17,-21,-12,-11,-10,-9,-12,-12,-10,-70
3,2,2028,-3112,1,-3,-5,-4,-3,4,-12,-9,-14,-1,-9,-12,-9,-9,-11,-12,-15,-22,-19,-29,-36,-30,-32,-32,-31,-35,-42,-41,-41,-48,-41,-46,-43,-51,-57,-57,-66,-65,-68,-71,-72,-74,-80,-72,-63,-64,-65,-73,-78,-75,-79,-76,-74,-62,-56,-51,-47,-42,-37,-35,-39,-41,-47,-45,-51,-48,-45,-39,-31,-28,-22,-20,-13,-20,-15,-17,-15,-16,-18,-10,-12,-11,-9,-12,-12,-75
3,2,2029,-3050,1,-3,-5,-4,-3,4,-2,-8,-13,-2,-8,-13,-12,-8,-12,-11,-13,-21,-19,-28,-34,-27,-31,-30,-31,-34,-38,-43,-36,-46,-45,-47,-42,-48,-53,-56,-60,-63,-68,-72,-67,-76,-72,-70,-61,-61,-61,-72,-76,-75,-77,-76,-73,-61,-56,-49,-45,-39,-38,-36,-37,-43,-47,-47,-51,-50,-46,-40,-32,-25,-23,-20,-16,-19,-17,-18,-16,-14,-14,-16,-12,-11,-12,-11,-9,-79
3,2,2030,-2981,1,-3,-5,-4,-3,4,-2,-2,-13,-1,-12,-9,-10,-10,-11,-12,-13,-19,-18,-27,-32,-26,-28,-30,-30,-33,-36,-39,-37,-42,-43,-48,-43,-47,-51,-52,-59,-58,-66,-70,-66,-69,-74,-66,-59,-57,-58,-69,-74,-74,-77,-74,-72,-62,-57,-50,-43,-38,-35,-37,-37,-41,-48,-46,-51,-50,-48,-40,-33,-27,-24,-20,-13,-20,-16,-20,-15,-16,-12,-12,-12,-13,-11,-13,-11,-82
3,2,2031,-2897,1,-3,-5,-4,-3,4,-2,-2,-9,0,-9,-13,-9,-9,-11,-11,-11,-18,-16,-27,-30,-23,-26,-27,-29,-30,-35,-37,-32,-40,-39,-47,-41,-46,-49,-49,-54,-55,-62,-67,-65,-68,-67,-63,-54,-56,-54,-65,-71,-72,-75,-75,-70,-62,-56,-49,-44,-36,-35,-35,-39,-43,-48,-47,-52,-50,-48,-42,-33,-27,-23,-20,-16,-20,-18,-19,-18,-16,-13,-12,-12,-12,-12,-14,-13,-83
3,2,2032,-2835,1,-3,-5,-4,-3,3,-2,-2,-9,2,-10,-12,-10,-9,-10,-11,-10,-17,-15,-25,-30,-24,-25,-25,-27,-29,-32,-35,-30,-35,-35,-44,-40,-45,-47,-47,-50,-51,-56,-63,-61,-66,-66,-61,-53,-52,-52,-62,-67,-69,-74,-73,-72,-61,-56,-49,-43,-37,-34,-35,-37,-44,-50,-49,-52,-50,-48,-42,-35,-28,-23,-21,-15,-21,-18,-20,-18,-17,-14,-13,-12,-13,-13,-15,-13,-90
3,2,2033,-2756,1,-3,-5,-4,-3,3,-2,-2,-9,2,-2,-10,-9,-7,-8,-9,-10,-16,-14,-23,-28,-23,-24,-24,-24,-27,-30,-32,-28,-33,-31,-38,-38,-44,-44,-45,-47,-46,-51,-57,-57,-63,-65,-60,-50,-51,-49,-59,-63,-64,-72,-72,-70,-61,-55,-50,-43,-37,-35,-35,-37,-43,-52,-51,-55,-52,-48,-42,-34,-28,-24,-22,-16,-22,-19,-21,-19,-18,-15,-14,-13,-13,-14,-14,-14,-101
3,2,2034,-2681,1,-3,-5,-4,-3,3,-2,-2,-9,2,-2,-4,-8,-6,-8,-9,-8,-16,-13,-22,-27,-21,-24,-23,-23,-24,-28,-30,-25,-31,-29,-34,-32,-41,-43,-42,-44,-43,-47,-52,-51,-60,-62,-58,-49,-47,-48,-56,-60,-62,-68,-69,-68,-59,-56,-49,-44,-36,-35,-35,-37,-43,-50,-53,-57,-54,-49,-42,-35,-28,-24,-22,-17,-22,-21,-22,-20,-19,-16,-15,-14,-14,-14,-16,-15,-109
3,2,2035,-2606,1,-3,-5,-4,-3,3,-2,-2,-9,2,-2,-4,-3,-5,-6,-7,-8,-15,-13,-21,-26,-20,-23,-23,-22,-23,-26,-28,-24,-29,-27,-32,-29,-36,-40,-40,-42,-40,-44,-47,-47,-54,-58,-56,-47,-47,-45,-55,-57,-58,-65,-64,-66,-58,-54,-49,-43,-37,-34,-35,-37,-42,-50,-51,-59,-56,-51,-43,-35,-29,-24,-22,-17,-24,-21,-23,-21,-19,-17,-16,-15,-15,-16,-17,-17,-113
3,2,2036,-2538,1,-3,-5,-4,-3,3,-2,-2,-9,2,-2,-4,-3,-1,-6,-6,-6,-13,-12,-20,-25,-19,-21,-21,-22,-23,-25,-26,-21,-27,-24,-30,-26,-33,-35,-38,-40,-37,-42,-44,-43,-50,-53,-51,-45,-45,-44,-51,-56,-55,-61,-62,-61,-56,-53,-48,-43,-37,-35,-35,-37,-44,-49,-51,-57,-58,-53,-45,-36,-29,-25,-23,-18,-24,-22,-24,-22,-21,-17,-17,-16,-17,-18,-18,-17,-122
3,2,2037,-2469,1,-3,-5,-4,-3,3,-2,-2,-9,2,-2,-4,-3,-1,-2,-6,-4,-13,-11,-20,-25,-17,-20,-20,-20,-22,-24,-25,-19,-25,-22,-28,-24,-31,-32,-33,-38,-36,-39,-41,-40,-46,-49,-48,-41,-43,-42,-51,-52,-54,-58,-58,-58,-52,-52,-47,-42,-37,-34,-35,-37,-43,-50,-50,-57,-56,-56,-46,-37,-29,-25,-23,-18,-25,-24,-25,-22,-22,-18,-17,-17,-18,-19,-20,-18,-129
3,2,2038,-2396,1,-3,-5,-4,-3,3,-2,-2,-9,2,-2,-4,-3,-1,-2,-2,-5,-11,-9,-18,-24,-17,-19,-19,-19,-20,-24,-24,-18,-22,-20,-26,-22,-28,-30,-29,-33,-33,-37,-39,-37,-43,-45,-44,-37,-39,-40,-49,-51,-51,-56,-55,-56,-50,-48,-45,-41,-36,-35,-34,-38,-42,-49,-51,-56,-56,-53,-48,-38,-31,-25,-22,-18,-25,-25,-26,-25,-22,-19,-18,-17,-19,-20,-21,-20,-138
3,2,2039,-2342,1,-3,-5,-4,-3,3,-2,-2,-9,2,-2,-4,-4,-1,-2,-2,0,-10,-8,-17,-23,-16,-18,-18,-18,-21,-22,-25,-17,-21,-18,-24,-20,-26,-28,-28,-29,-28,-35,-37,-34,-41,-42,-41,-34,-36,-37,-47,-50,-50,-53,-53,-53,-48,-46,-42,-40,-36,-33,-35,-37,-43,-49,-50,-57,-55,-54,-47,-40,-31,-26,-23,-18,-25,-25,-27,-25,-24,-20,-19,-18,-20,-21,-23,-21,-149
3,2,2040,-2286,1,-3,-5,-4,-3,3,-2,-2,-9,2,-3,-4,-4,-1,-2,-2,-1,-6,-7,-16,-20,-15,-18,-18,-17,-20,-21,-23,-17,-20,-17,-22,-18,-25,-26,-25,-28,-26,-30,-35,-33,-37,-40,-39,-31,-33,-33,-44,-48,-48,-52,-50,-52,-45,-44,-41,-37,-34,-33,-34,-37,-43,-50,-50,-56,-56,-52,-47,-39,-33,-27,-24,-19,-25,-24,-27,-25,-24,-21,-20,-21,-21,-22,-24,-23,-159
3,2,2041,-2231,1,-3,-5,-4,-3,3,-2,-2,-9,2,-3,-4,-4,-1,-2,-2,-1,-6,-3,-15,-20,-14,-16,-17,-16,-19,-20,-22,-15,-21,-16,-20,-16,-23,-24,-24,-26,-24,-26,-30,-31,-36,-38,-36,-29,-31,-31,-41,-45,-46,-50,-50,-49,-44,-42,-38,-36,-32,-32,-33,-37,-42,-49,-51,-55,-55,-53,-46,-39,-32,-28,-24,-20,-26,-25,-27,-26,-25,-22,-21,-21,-22,-23,-25,-25,-170
3,2,2042,-2186,0,-3,-5,-5,-3,2,-2,-3,-9,1,-3,-4,-4,-2,-2,-2,0,-6,-3,-9,-19,-13,-13,-16,-16,-17,-20,-21,-14,-19,-16,-20,-16,-21,-22,-22,-24,-22,-25,-27,-27,-34,-37,-35,-27,-29,-28,-37,-42,-43,-48,-49,-48,-41,-41,-36,-33,-30,-30,-32,-36,-41,-49,-50,-57,-55,-53,-47,-38,-32,-27,-27,-21,-27,-26,-27,-27,-25,-22,-22,-22,-22,-24,-26,-26,-185
3,2,2043,-2128,0,-3,-5,-5,-3,1,-2,-3,-9,1,-3,-4,-4,-2,-3,-2,-1,-6,-3,-9,-13,-13,-13,-14,-13,-16,-18,-20,-13,-18,-14,-20,-15,-19,-20,-20,-23,-20,-23,-25,-24,-30,-34,-33,-26,-28,-27,-34,-37,-40,-45,-47,-46,-40,-38,-35,-34,-29,-29,-30,-35,-40,-48,-50,-55,-56,-52,-46,-39,-31,-27,-25,-23,-28,-27,-28,-27,-25,-22,-22,-22,-24,-25,-28,-28,-194
3,2,2044,-2080,0,-4,-5,-5,-3,2,-2,-3,-9,1,-3,-4,-5,-2,-3,-2,-1,-6,-4,-9,-13,-7,-12,-13,-12,-15,-17,-19,-13,-17,-14,-18,-15,-19,-19,-18,-20,-19,-22,-23,-22,-27,-30,-31,-25,-26,-25,-32,-34,-36,-42,-44,-44,-39,-38,-34,-32,-27,-26,-29,-33,-39,-47,-50,-56,-55,-53,-46,-38,-32,-26,-25,-22,-29,-28,-29,-27,-25,-23,-22,-22,-24,-26,-28,-30,-210
3,2,2045,-2032,0,-4,-5,-5,-4,2,-2,-3,-9,1,-4,-4,-5,-2,-3,-3,-1,-6,-3,-9,-13,-7,-7,-12,-12,-14,-17,-18,-12,-16,-13,-17,-14,-19,-19,-17,-18,-17,-20,-21,-21,-25,-27,-28,-23,-25,-23,-31,-33,-32,-38,-40,-42,-37,-36,-32,-30,-26,-26,-27,-32,-38,-46,-49,-54,-55,-52,-46,-38,-32,-27,-24,-22,-28,-29,-30,-29,-26,-24,-22,-22,-24,-27,-30,-30,-222
3,2,2046,-1983,0,-4,-5,-5,-4,0,-3,-4,-9,1,-4,-4,-5,-3,-2,-2,-1,-6,-3,-9,-13,-8,-7,-9,-10,-13,-15,-17,-11,-15,-11,-17,-13,-18,-18,-16,-18,-15,-19,-20,-18,-23,-26,-25,-21,-24,-22,-30,-31,-30,-35,-36,-39,-35,-34,-31,-28,-25,-24,-26,-30,-35,-43,-46,-53,-53,-53,-46,-38,-31,-26,-25,-22,-28,-28,-31,-29,-27,-23,-23,-23,-25,-28,-30,-32,-237
3,2,2047,-1941,0,-4,-5,-5,-4,0,-3,-4,-9,1,-5,-4,-5,-3,-2,-3,-1,-6,-3,-9,-13,-8,-7,-9,-7,-12,-15,-16,-10,-14,-12,-16,-12,-17,-17,-17,-16,-14,-16,-18,-18,-21,-24,-24,-18,-21,-21,-29,-29,-28,-33,-33,-35,-31,-32,-30,-29,-24,-24,-25,-29,-34,-41,-43,-52,-53,-51,-46,-38,-31,-27,-24,-23,-27,-28,-30,-31,-28,-25,-23,-23,-25,-28,-31,-33,-248
3,2,2048,-1891,0,-5,-5,-5,-4,1,-3,-4,-9,1,-5,-4,-6,-3,-2,-3,-1,-6,-4,-9,-13,-8,-7,-9,-7,-8,-14,-14,-10,-13,-10,-15,-11,-16,-16,-16,-16,-14,-16,-16,-16,-20,-22,-22,-17,-19,-18,-27,-28,-27,-31,-31,-32,-29,-29,-28,-27,-24,-24,-24,-27,-33,-40,-42,-48,-51,-50,-45,-38,-31,-27,-24,-22,-28,-27,-30,-30,-29,-25,-24,-23,-25,-28,-31,-34,-259
3,2,2049,-1851,0,-5,-5,-5,-4,0,-3,-4,-9,1,-5,-4,-6,-3,-3,-3,-1,-6,-4,-9,-13,-9,-7,-10,-6,-8,-9,-14,-9,-12,-9,-14,-9,-15,-14,-15,-15,-13,-15,-15,-15,-18,-21,-21,-16,-18,-17,-24,-26,-26,-30,-30,-30,-26,-27,-26,-26,-23,-23,-24,-27,-32,-37,-40,-46,-47,-48,-44,-37,-32,-26,-25,-22,-28,-28,-30,-30,-28,-27,-25,-24,-25,-28,-32,-34,-273
3,2,2050,-1808,0,-5,-5,-6,-4,-1,-3,-5,-9,0,-5,-4,-6,-3,-3,-3,-1,-6,-4,-9,-13,-9,-7,-10,-7,-8,-10,-10,-8,-11,-8,-13,-9,-14,-13,-13,-14,-13,-16,-14,-14,-17,-20,-19,-14,-17,-16,-22,-23,-24,-29,-28,-29,-25,-25,-24,-24,-21,-22,-22,-26,-30,-37,-38,-44,-45,-45,-42,-37,-31,-27,-24,-22,-27,-28,-30,-29,-28,-26,-26,-25,-26,-29,-32,-34,-283
3,2,2051,-1769,-1,-5,-5,-6,-4,-1,-3,-5,-9,0,-5,-4,-6,-4,-3,-3,-2,-6,-4,-9,-13,-10,-7,-10,-7,-8,-10,-10,-4,-11,-7,-12,-9,-13,-13,-12,-13,-11,-14,-14,-13,-16,-18,-18,-13,-16,-14,-21,-21,-20,-27,-28,-27,-23,-24,-22,-22,-20,-21,-21,-25,-30,-35,-37,-42,-43,-43,-40,-35,-31,-26,-24,-23,-28,-27,-30,-30,-28,-27,-25,-26,-28,-30,-33,-35,-290
3,2,2052,-1729,-1,-5,-5,-6,-4,-1,-3,-5,-9,0,-5,-4,-6,-4,-3,-3,-2,-6,-4,-9,-14,-10,-7,-10,-7,-8,-10,-10,-4,-7,-6,-11,-7,-12,-12,-12,-12,-10,-13,-12,-14,-16,-17,-17,-12,-15,-13,-20,-19,-19,-24,-26,-26,-22,-22,-21,-21,-19,-19,-20,-24,-29,-34,-35,-41,-41,-42,-38,-33,-30,-26,-24,-23,-27,-29,-29,-30,-28,-26,-25,-25,-29,-31,-34,-36,-299
3,2,2053,-1692,-1,-5,-5,-6,-4,-1,-3,-5,-9,0,-6,-4,-7,-4,-3,-3,-2,-6,-5,-9,-13,-10,-7,-11,-7,-9,-10,-11,-4,-7,-2,-10,-6,-11,-11,-11,-12,-10,-12,-12,-13,-14,-17,-16,-11,-14,-12,-18,-18,-18,-21,-23,-25,-21,-21,-20,-20,-18,-18,-19,-22,-27,-33,-34,-38,-40,-39,-36,-32,-28,-25,-23,-22,-28,-28,-30,-29,-28,-26,-25,-25,-27,-33,-35,-38,-310
3,2,2054,-1655,-1,-5,-5,-6,-4,-1,-3,-5,-9,0,-6,-4,-7,-4,-3,-3,-1,-6,-5,-9,-14,-10,-8,-11,-7,-9,-10,-11,-4,-7,-2,-6,-6,-10,-10,-10,-11,-10,-12,-11,-13,-14,-16,-15,-10,-13,-11,-17,-17,-17,-20,-21,-22,-19,-20,-19,-19,-17,-16,-17,-22,-26,-31,-33,-38,-37,-38,-34,-29,-27,-23,-22,-22,-27,-29,-29,-31,-28,-26,-25,-25,-27,-31,-37,-39,-320
3,2,2055,-1617,-1,-5,-5,-6,-4,-2,-3,-5,-9,0,-6,-4,-7,-4,-3,-3,-2,-6,-5,-9,-14,-11,-8,-11,-7,-9,-10,-11,-4,-7,-2,-6,-2,-10,-9,-10,-10,-9,-12,-10,-11,-12,-15,-16,-10,-12,-10,-16,-16,-15,-20,-19,-19,-17,-19,-18,-18,-16,-16,-16,-20,-24,-29,-31,-36,-37,-36,-34,-29,-25,-21,-21,-21,-26,-28,-30,-30,-28,-26,-25,-25,-27,-32,-35,-41,-328
3,2,2056,-1582,-1,-5,-5,-6,-4,-2,-3,-5,-9,-1,-6,-4,-7,-4,-3,-4,-2,-6,-5,-9,-14,-11,-8,-12,-7,-9,-10,-11,-4,-7,-2,-6,-2,-7,-8,-9,-9,-8,-11,-10,-10,-11,-14,-15,-10,-12,-9,-15,-15,-14,-18,-18,-18,-15,-17,-17,-17,-15,-15,-15,-19,-23,-27,-29,-35,-36,-35,-32,-27,-24,-21,-20,-20,-25,-27,-29,-30,-28,-26,-25,-25,-27,-31,-36,-40,-339
3,2,2057,-1540,-1,-5,-5,-6,-4,-2,-4,-5,-9,-1,-6,-4,-7,-5,-3,-4,-2,-6,-5,-9,-14,-11,-8,-12,-7,-9,-10,-11,-4,-7,-2,-6,-2,-7,-5,-8,-8,-7,-10,-9,-10,-11,-14,-13,-8,-12,-10,-14,-13,-13,-17,-17,-17,-14,-15,-15,-16,-15,-14,-15,-18,-21,-25,-26,-32,-34,-34,-31,-26,-23,-19,-19,-20,-24,-26,-28,-29,-28,-26,-25,-25,-27,-31,-35,-40,-345
3,2,2058,-1508,-1,-6,-5,-6,-4,-2,-4,-5,-9,-1,-6,-4,-7,-5,-3,-4,-2,-6,-5,-9,-14,-11,-8,-12,-7,-9,-10,-11,-5,-7,-2,-6,-2,-7,-5,-5,-7,-6,-9,-8,-9,-10,-12,-14,-8,-12,-10,-14,-13,-12,-16,-16,-16,-13,-14,-14,-14,-14,-14,-14,-17,-20,-23,-24,-29,-31,-32,-30,-25,-22,-19,-18,-19,-23,-25,-27,-29,-27,-26,-25,-25,-26,-31,-36,-39,-356
3,2,2059,-1467,-1,-6,-5,-6,-4,-2,-4,-6,-9,-1,-6,-4,-8,-5,-3,-4,-2,-6,-6,-9,-14,-11,-8,-12,-7,-9,-10,-11,-5,-7,-2,-6,-2,-7,-5,-5,-4,-6,-8,-8,-8,-10,-12,-12,-7,-10,-8,-14,-12,-11,-15,-14,-15,-12,-13,-13,-13,-12,-13,-13,-17,-19,-22,-22,-27,-28,-30,-28,-24,-22,-18,-18,-18,-22,-24,-25,-28,-27,-25,-25,-25,-27,-31,-35,-40,-359
3,2,2060,-1434,-1,-6,-5,-6,-4,-3,-4,-6,-9,-1,-7,-4,-8,-5,-3,-4,-2,-6,-6,-9,-14,-12,-8,-13,-7,-9,-10,-11,-5,-7,-2,-6,-2,-7,-5,-5,-4,-3,-9,-7,-8,-9,-11,-12,-7,-10,-7,-13,-12,-10,-14,-13,-14,-11,-12,-12,-13,-11,-12,-13,-16,-18,-21,-21,-25,-26,-27,-26,-23,-21,-18,-17,-18,-21,-23,-24,-26,-26,-25,-24,-25,-26,-31,-35,-39,-363
4,0,2023,-181660,-19,-1203,-1264,-1316,-1332,-1378,-1400,-1318,-1284,-1118,-1017,-814,-713,-717,-751,-924,-1048,-1319,-1854,-2375,-2911,-3137,-3410,-3288,-3194,-3295,-3251,-3294,-3616,-3751,-3931,-3959,-4011,-3839,-3678,-3466,-3414,-3294,-3278,-3290,-3086,-2879,-2593,-2377,-2152,-2088,-2152,-2316,-2553,-2645,-2772,-2720,-2575,-2325,-2029,-1827,-1581,-1578,-1661,-1773,-1774,-1831,-1993,-2172,-2174,-2353,-2163,-2068,-2035,-1912,-1842,-1606,-1527,-1456,-1309,-1090,-1111,-971,-939,-922,-874,-793,-872,-859,-898,-5963
4,0,2024,-166673,-19,-59,-1075,-1090,-1127,-1150,-1168,-1187,-1116,-1005,-879,-787,-658,-614,-672,-783,-982,-1173,-1571,-1900,-2282,-2694,-2742,-2890,-2743,-2680,-2811,-2846,-3007,-3317,-3430,-3408,-3435,-3441,-3305,-3239,-3140,-3131,-3055,-3017,-3005,-2778,-2578,-2325,-2159,-2063,-2119,-2255,-2449,-2631,-2650,-2660,-2525,-2322,-2065,-1817,-1671,-1491,-1503,-1611,-1768,-1808,-1859,-2022,-2143,-2131,-2220,-1997,-1881,-1849,-1690,-1641,-1389,-1380,-1274,-1149,-1010,-1020,-879,-896,-882,-873,-818,-890,-885,-6014
4,0,2025,-152195,-19,-59,-69,-928,-935,-975,-973,-988,-993,-865,-787,-659,-628,-577,-578,-681,-859,-1058,-1423,-1568,-1777,-2085,-2336,-2297,-2354,-2278,-2260,-2400,-2520,-2738,-2943,-2955,-2877,-2924,-2947,-2873,-2907,-2861,-2891,-2804,-2763,-2687,-2479,-2303,-2120,-2066,-2089,-2215,-2368,-2526,-2615,-2536,-2443,-2248,-2052,-1828,-1645,-1534,-1421,-1469,-1587,-1773,-1859,-1873,-2003,-2077,-2009,-2053,-1828,-1692,-1637,-1469,-1446,-1237,-1242,-1116,-1046,-936,-970,-824,-875,-875,-878,-862,-900,-6072
4,0,2026,-138391,-19,-59,-69,-49,-792,-809,-826,-821,-843,-751,-685,-586,-512,-539,-522,-588,-719,-931,-1255,-1406,-1434,-1574,-1782,-1949,-1869,-1935,-1887,-1911,-2112,-2255,-2443,-2513,-2444,-2424,-2474,-2519,-2567,-2643,-2623,-2642,-2573,-2459,-2391,-2195,-2104,-2018,-2077,-2181,-2319,-2425,-2500,-2489,-2329,-2137,-1955,-1793,-1641,-1510,-1429,-1376,-1462,-1596,-1810,-1877,-1853,-1919,-1945,-1844,-1827,-1654,-1492,-1435,-1266,-1264,-1096,-1096,-998,-971,-885,-931,-818,-872,-880,-908,-896,-6114
4,0,2027,-126417,-19,-59,-69,-49,-35,-689,-686,-697,-699,-640,-578,-493,-433,-429,-481,-521,-619,-767,-1106,-1235,-1252,-1254,-1301,-1448,-1571,-1530,-1609,-1597,-1682,-1911,-2022,-2105,-2135,-2048,-2088,-2152,-2226,-2354,-2423,-2399,-2401,-2296,-2180,-2122,-1995,-2001,-2026,-2173,-2297,-2380,-2401,-2380,-2270,-2060,-1830,-1703,-1588,-1504,-1405,-1386,-1369,-1466,-1633,-1853,-1870,-1798,-1805,-1779,-1688,-1623,-1487,-1319,-1277,-1110,-1120,-967,-991,-934,-919,-889,-936,-848,-903,-918,-936,-6170
4,0,2028,-116010,-19,-59,-69,-49,-35,-43,-581,-579,-578,-508,-477,-393,-358,-353,-384,-477,-539,-668,-942,-1059,-1125,-1078,-1070,-1022,-1160,-1259,-1294,-1323,-1409,-1526,-1710,-1742,-1809,-1798,-1761,-1816,-1946,-2045,-2173,-2230,-2208,-2131,-2032,-1956,-1935,-1909,-2009,-2113,-2291,-2366,-2360,-2285,-2183,-1996,-1785,-1588,-1497,-1453,-1401,-1352,-1354,-1394,-1498,-1656,-1847,-1826,-1693,-1674,-1624,-1515,-1445,-1322,-1162,-1136,-980,-978,-894,-935,-895,-904,-920,-968,-895,-948,-957,-6274
4,0,2029,-105610,-19,-59,-69,-49,-35,-43,-34,-492,-487,-398,-329,-301,-261,-288,-306,-379,-473,-557,-827,-895,-927,-964,-890,-830,-791,-944,-1005,-1053,-1102,-1260,-1366,-1433,-1453,-1513,-1510,-1511,-1611,-1764,-1898,-1994,-2050,-1964,-1881,-1800,-1788,-1831,-1922,-2092,-2205,-2346,-2321,-2223,-2070,-1898,-1705,-1528,-1395,-1343,-1331,-1340,-1330,-1340,-1419,-1524,-1646,-1744,-1720,-1565,-1506,-1443,-1328,-1244,-1141,-1007,-993,-867,-851,-831,-871,-884,-914,-952,-1012,-954,-985,-6386
4,0,2030,-97282,-19,-59,-69,-49,-35,-43,-34,-25,-400,-287,-263,-196,-205,-213,-247,-306,-377,-487,-722,-780,-790,-796,-791,-718,-635,-639,-811,-845,-895,-982,-1176,-1194,-1201,-1232,-1279,-1331,-1356,-1484,-1636,-1761,-1861,-1847,-1761,-1686,-1663,-1721,-1841,-2016,-2204,-2264,-2314,-2189,-2004,-1805,-1620,-1462,-1337,-1273,-1250,-1264,-1318,-1354,-1396,-1443,-1540,-1607,-1623,-1593,-1412,-1317,-1259,-1146,-1064,-967,-873,-883,-796,-781,-796,-830,-915,-969,-1021,-1094,-1005,-6530
4,0,2031,-91532,-19,-59,-69,-49,-35,-43,-35,-25,-29,-172,-176,-154,-149,-178,-206,-260,-333,-402,-657,-702,-712,-706,-678,-648,-584,-538,-545,-660,-724,-781,-919,-1014,-1011,-1017,-1065,-1132,-1205,-1300,-1422,-1554,-1680,-1720,-1700,-1619,-1583,-1633,-1762,-1944,-2141,-2289,-2261,-2202,-2005,-1759,-1567,-1403,-1297,-1228,-1205,-1231,-1280,-1362,-1433,-1486,-1480,-1543,-1544,-1530,-1464,-1273,-1156,-1106,-986,-927,-841,-796,-808,-770,-780,-816,-861,-1000,-1059,-1128,-1178,-6729
4,0,2032,-88211,-19,-59,-69,-49,-35,-43,-35,-25,-29,-26,-118,-116,-120,-140,-169,-230,-284,-366,-586,-652,-651,-644,-622,-573,-540,-498,-482,-512,-584,-643,-729,-856,-886,-878,-913,-977,-1063,-1158,-1290,-1395,-1512,-1586,-1607,-1588,-1543,-1567,-1693,-1885,-2079,-2238,-2298,-2167,-2020,-1776,-1532,-1372,-1253,-1205,-1173,-1204,-1276,-1354,-1465,-1532,-1560,-1500,-1520,-1477,-1427,-1349,-1164,-1047,-999,-884,-835,-781,-776,-787,-795,-831,-888,-950,-1119,-1176,-1225,-7132
4,0,2033,-86817,-19,-59,-69,-49,-35,-43,-35,-25,-29,-26,-24,-102,-100,-120,-143,-195,-258,-321,-551,-592,-616,-608,-580,-540,-487,-473,-452,-469,-539,-600,-667,-723,-835,-849,-841,-892,-969,-1077,-1182,-1290,-1386,-1446,-1502,-1513,-1521,-1538,-1635,-1822,-2027,-2184,-2259,-2217,-2001,-1796,-1559,-1353,-1241,-1176,-1166,-1186,-1260,-1367,-1478,-1585,-1620,-1601,-1492,-1474,-1400,-1336,-1250,-1075,-965,-923,-829,-803,-776,-793,-829,-862,-918,-996,-1071,-1252,-1279,-7571
4,0,2034,-85443,-19,-59,-69,-49,-35,-43,-35,-25,-29,-26,-24,-20,-88,-103,-124,-166,-218,-290,-498,-554,-557,-576,-546,-505,-458,-427,-430,-439,-492,-551,-622,-661,-706,-800,-813,-822,-884,-980,-1099,-1180,-1282,-1325,-1370,-1416,-1450,-1517,-1608,-1762,-1961,-2130,-2205,-2179,-2048,-1780,-1577,-1377,-1222,-1164,-1139,-1179,-1242,-1350,-1491,-1599,-1674,-1660,-1593,-1448,-1396,-1311,-1239,-1156,-993,-892,-868,-795,-797,-796,-838,-898,-952,-1030,-1123,-1199,-1364,-8026
4,0,2035,-84043,-19,-59,-70,-49,-35,-43,-35,-25,-29,-26,-24,-20,-13,-91,-105,-144,-184,-242,-464,-497,-519,-518,-517,-477,-430,-405,-388,-418,-462,-502,-573,-616,-645,-674,-767,-794,-813,-894,-1001,-1096,-1174,-1224,-1256,-1291,-1356,-1445,-1583,-1730,-1895,-2061,-2150,-2128,-2013,-1821,-1562,-1391,-1244,-1147,-1130,-1151,-1235,-1330,-1474,-1613,-1690,-1717,-1652,-1545,-1372,-1306,-1215,-1147,-1067,-918,-839,-832,-789,-817,-839,-907,-992,-1067,-1161,-1257,-1306,-8521
4,0,2036,-82634,-19,-59,-69,-49,-35,-43,-35,-25,-29,-26,-25,-20,-13,-17,-91,-124,-159,-203,-408,-461,-462,-483,-468,-452,-406,-380,-367,-376,-439,-470,-522,-566,-601,-617,-645,-748,-787,-825,-913,-998,-1092,-1120,-1161,-1184,-1238,-1351,-1509,-1704,-1861,-1992,-2081,-2074,-1965,-1791,-1598,-1379,-1259,-1167,-1112,-1142,-1207,-1323,-1451,-1595,-1704,-1733,-1709,-1603,-1462,-1284,-1213,-1123,-1058,-987,-863,-804,-827,-810,-861,-908,-1002,-1112,-1203,-1299,-1370,-8908
4,0,2037,-81196,-19,-59,-69,-49,-35,-43,-35,-25,-29,-26,-25,-20,-13,-17,-14,-108,-134,-172,-364,-401,-424,-429,-437,-412,-386,-358,-343,-355,-396,-447,-490,-516,-551,-575,-589,-630,-739,-797,-840,-909,-995,-1041,-1063,-1094,-1134,-1233,-1412,-1624,-1835,-1956,-2011,-2009,-1916,-1747,-1571,-1410,-1246,-1180,-1131,-1125,-1196,-1292,-1443,-1570,-1685,-1748,-1725,-1658,-1519,-1370,-1190,-1120,-1037,-977,-926,-827,-800,-846,-854,-932,-1004,-1123,-1254,-1346,-1417,-9324
4,0,2038,-79732,-19,-59,-70,-49,-35,-43,-35,-25,-29,-26,-25,-20,-13,-17,-14,-21,-117,-144,-329,-353,-363,-393,-388,-385,-352,-342,-325,-331,-374,-401,-465,-483,-503,-527,-548,-575,-622,-751,-814,-835,-908,-947,-988,-1001,-1046,-1129,-1285,-1519,-1747,-1927,-1973,-1940,-1853,-1705,-1534,-1387,-1275,-1170,-1144,-1144,-1178,-1281,-1409,-1560,-1658,-1728,-1738,-1674,-1571,-1423,-1271,-1101,-1036,-960,-919,-890,-823,-819,-893,-924,-1030,-1126,-1267,-1404,-1468,-9739
4,0,2039,-78238,-19,-59,-70,-49,-35,-43,-35,-25,-29,-26,-25,-20,-13,-17,-14,-21,-15,-123,-297,-314,-314,-336,-357,-344,-329,-313,-310,-315,-350,-378,-418,-458,-471,-480,-504,-537,-567,-630,-765,-809,-835,-862,-900,-930,-959,-1041,-1177,-1385,-1633,-1837,-1945,-1906,-1793,-1649,-1495,-1354,-1254,-1196,-1133,-1157,-1199,-1262,-1397,-1523,-1648,-1701,-1720,-1688,-1585,-1471,-1319,-1175,-1017,-957,-903,-882,-884,-843,-864,-967,-1021,-1155,-1269,-1419,-1531,-10163
4,0,2040,-76707,-19,-59,-70,-49,-35,-43,-35,-26,-29,-26,-24,-20,-13,-17,-15,-21,-15,-3,-272,-278,-276,-290,-307,-318,-296,-294,-283,-299,-331,-353,-394,-410,-448,-451,-458,-492,-528,-573,-641,-760,-808,-793,-821,-847,-890,-953,-1087,-1268,-1489,-1717,-1854,-1879,-1760,-1594,-1447,-1321,-1224,-1176,-1159,-1147,-1212,-1284,-1376,-1510,-1610,-1691,-1693,-1669,-1600,-1485,-1365,-1220,-1085,-941,-900,-865,-876,-907,-889,-936,-1069,-1145,-1302,-1421,-1546,-10605
4,0,2041,-75157,-19,-59,-70,-49,-36,-44,-35,-26,-29,-26,-25,-20,-14,-18,-15,-21,-15,-4,-136,-254,-241,-254,-266,-275,-275,-266,-267,-272,-316,-335,-368,-386,-401,-427,-430,-448,-484,-535,-585,-636,-759,-766,-754,-772,-810,-886,-995,-1169,-1363,-1565,-1734,-1791,-1734,-1567,-1399,-1278,-1194,-1148,-1139,-1172,-1200,-1299,-1399,-1487,-1593,-1651,-1684,-1645,-1582,-1498,-1379,-1262,-1126,-1003,-885,-864,-860,-899,-958,-963,-1034,-1198,-1291,-1458,-1550,-11012
4,0,2042,-73573,-19,-59,-70,-49,-36,-44,-35,-27,-29,-26,-25,-20,-14,-18,-15,-21,-15,-4,-136,-106,-214,-220,-235,-240,-240,-248,-240,-256,-288,-318,-348,-360,-376,-382,-406,-419,-440,-489,-547,-578,-638,-721,-728,-710,-737,-806,-923,-1071,-1258,-1434,-1581,-1673,-1654,-1544,-1374,-1234,-1156,-1120,-1113,-1153,-1228,-1287,-1415,-1513,-1570,-1633,-1642,-1634,-1558,-1481,-1389,-1275,-1166,-1042,-944,-850,-859,-883,-949,-1037,-1064,-1160,-1352,-1446,-1589,-11367
4,0,2043,-72037,-19,-59,-70,-49,-36,-44,-35,-27,-29,-26,-25,-20,-15,-19,-15,-21,-15,-5,-136,-106,-64,-195,-204,-214,-212,-218,-224,-232,-272,-288,-331,-340,-352,-359,-364,-397,-414,-446,-499,-540,-581,-603,-687,-687,-680,-735,-841,-993,-1151,-1322,-1448,-1527,-1547,-1471,-1354,-1213,-1118,-1084,-1085,-1125,-1208,-1317,-1404,-1531,-1598,-1611,-1626,-1595,-1549,-1459,-1375,-1286,-1178,-1079,-981,-907,-846,-882,-932,-1028,-1145,-1192,-1308,-1513,-1577,-11722
4,0,2044,-70492,-19,-60,-70,-49,-36,-44,-35,-27,-29,-26,-25,-20,-15,-19,-16,-21,-15,-5,-136,-106,-64,-53,-184,-189,-190,-193,-197,-213,-244,-269,-300,-324,-332,-334,-341,-356,-391,-418,-455,-492,-542,-550,-575,-646,-656,-676,-766,-905,-1069,-1210,-1335,-1398,-1410,-1374,-1289,-1195,-1097,-1048,-1049,-1098,-1179,-1295,-1436,-1517,-1617,-1639,-1604,-1577,-1510,-1450,-1354,-1272,-1187,-1090,-1015,-941,-901,-866,-930,-1008,-1135,-1284,-1345,-1464,-1651,-12025
4,0,2045,-69016,-19,-60,-70,-50,-36,-44,-35,-28,-29,-26,-25,-20,-15,-19,-16,-21,-15,-5,-136,-106,-65,-53,-58,-171,-169,-175,-175,-186,-227,-242,-282,-292,-314,-315,-319,-333,-350,-394,-427,-448,-496,-512,-525,-542,-619,-654,-704,-825,-972,-1123,-1222,-1289,-1292,-1254,-1207,-1139,-1082,-1029,-1017,-1061,-1150,-1264,-1412,-1553,-1603,-1658,-1632,-1556,-1493,-1414,-1347,-1253,-1174,-1100,-1025,-974,-937,-924,-915,-1007,-1115,-1273,-1448,-1505,-1597,-12353
4,0,2046,-67568,-19,-59,-70,-49,-37,-45,-36,-28,-29,-27,-25,-20,-16,-20,-16,-21,-15,-6,-137,-106,-65,-54,-59,-64,-154,-158,-157,-166,-198,-223,-252,-271,-285,-298,-298,-311,-327,-353,-405,-420,-452,-467,-488,-493,-518,-616,-680,-757,-886,-1022,-1135,-1179,-1192,-1148,-1100,-1066,-1030,-1015,-999,-1027,-1112,-1234,-1378,-1528,-1641,-1644,-1651,-1583,-1474,-1398,-1312,-1245,-1158,-1086,-1033,-985,-969,-961,-976,-990,-1113,-1249,-1435,-1622,-1642,-12580
4,0,2047,-66187,-19,-60,-70,-50,-37,-45,-36,-29,-29,-27,-25,-20,-16,-20,-16,-21,-15,-6,-137,-106,-65,-54,-59,-64,-66,-143,-141,-148,-175,-194,-233,-244,-265,-270,-283,-292,-305,-329,-361,-395,-422,-424,-447,-460,-473,-516,-640,-734,-816,-931,-1033,-1096,-1090,-1060,-1008,-972,-961,-967,-984,-1010,-1077,-1191,-1345,-1490,-1614,-1683,-1638,-1601,-1500,-1380,-1298,-1214,-1150,-1071,-1023,-993,-979,-995,-1015,-1057,-1095,-1248,-1410,-1608,-1769,-12829
4,0,2048,-64828,-19,-59,-70,-50,-37,-45,-36,-29,-29,-27,-25,-20,-16,-20,-17,-21,-15,-6,-137,-106,-65,-54,-60,-64,-67,-70,-129,-132,-158,-170,-202,-224,-238,-253,-256,-276,-286,-307,-337,-352,-400,-397,-406,-420,-440,-471,-536,-690,-787,-857,-941,-998,-1013,-969,-929,-890,-877,-903,-936,-996,-1059,-1154,-1301,-1454,-1576,-1656,-1677,-1588,-1518,-1405,-1280,-1200,-1122,-1065,-1008,-982,-987,-1005,-1050,-1098,-1169,-1228,-1408,-1578,-1756,-13164
4,0,2049,-63479,-19,-60,-70,-50,-37,-45,-36,-29,-29,-27,-25,-20,-17,-21,-17,-21,-15,-7,-137,-106,-65,-54,-60,-65,-67,-70,-62,-119,-140,-151,-177,-193,-218,-224,-239,-249,-271,-289,-315,-328,-356,-375,-379,-383,-401,-438,-488,-577,-741,-828,-866,-909,-922,-901,-851,-820,-803,-823,-875,-947,-1043,-1135,-1259,-1407,-1537,-1618,-1649,-1627,-1505,-1421,-1305,-1185,-1108,-1038,-1002,-967,-977,-1013,-1062,-1138,-1214,-1311,-1386,-1577,-1723,-13445
4,0,2050,-62152,-19,-60,-70,-49,-37,-45,-36,-30,-29,-27,-25,-20,-17,-21,-17,-21,-15,-7,-137,-107,-65,-54,-60,-65,-67,-71,-62,-53,-128,-133,-158,-168,-188,-206,-212,-232,-245,-272,-296,-307,-334,-333,-357,-357,-365,-401,-452,-528,-621,-780,-836,-834,-840,-819,-791,-751,-740,-754,-798,-883,-993,-1117,-1237,-1362,-1488,-1578,-1613,-1602,-1543,-1411,-1321,-1207,-1096,-1026,-976,-962,-963,-1003,-1071,-1150,-1257,-1362,-1479,-1551,-1722,-13657
4,0,2051,-60842,-19,-60,-70,-50,-38,-45,-36,-30,-29,-27,-25,-20,-17,-21,-17,-21,-15,-7,-138,-107,-65,-54,-61,-65,-67,-71,-62,-54,-59,-121,-141,-149,-163,-178,-194,-206,-227,-245,-280,-287,-311,-312,-319,-339,-342,-364,-413,-489,-565,-653,-788,-808,-772,-747,-720,-697,-678,-694,-730,-807,-927,-1063,-1219,-1339,-1441,-1528,-1573,-1563,-1518,-1446,-1309,-1221,-1115,-1015,-966,-939,-957,-988,-1060,-1160,-1271,-1410,-1538,-1658,-1693,-13836
4,0,2052,-59535,-19,-60,-71,-50,-38,-46,-36,-30,-29,-27,-25,-20,-18,-22,-17,-21,-16,-8,-138,-107,-65,-54,-61,-65,-67,-71,-62,-54,-59,-47,-126,-131,-143,-152,-166,-189,-201,-229,-252,-271,-292,-290,-298,-300,-322,-340,-375,-448,-524,-594,-660,-760,-746,-686,-656,-634,-629,-636,-672,-737,-845,-992,-1162,-1320,-1415,-1478,-1523,-1527,-1483,-1422,-1343,-1211,-1127,-1034,-953,-928,-933,-983,-1044,-1148,-1282,-1427,-1591,-1722,-1809,-13971
4,0,2053,-58247,-19,-60,-70,-50,-38,-46,-36,-31,-29,-27,-26,-20,-18,-22,-18,-21,-16,-8,-138,-107,-65,-54,-62,-65,-68,-71,-63,-54,-59,-47,-50,-115,-126,-135,-142,-161,-184,-201,-234,-243,-277,-272,-277,-282,-287,-323,-350,-405,-479,-551,-601,-636,-703,-664,-603,-578,-573,-591,-615,-678,-773,-906,-1085,-1257,-1394,-1452,-1473,-1478,-1447,-1390,-1322,-1242,-1120,-1045,-971,-916,-922,-958,-1038,-1131,-1270,-1439,-1609,-1783,-1882,-14200
4,0,2054,-56956,-19,-60,-71,-50,-38,-46,-36,-31,-29,-27,-26,-20,-18,-22,-18,-21,-16,-8,-138,-107,-65,-54,-62,-65,-68,-72,-63,-54,-59,-47,-50,-39,-111,-117,-125,-139,-156,-184,-207,-224,-249,-256,-262,-262,-267,-287,-332,-379,-434,-505,-558,-580,-589,-624,-583,-531,-522,-538,-570,-621,-711,-828,-989,-1175,-1328,-1431,-1448,-1430,-1401,-1356,-1291,-1222,-1147,-1037,-982,-933,-912,-948,-1012,-1126,-1251,-1424,-1624,-1804,-1947,-14488
4,0,2055,-55660,-19,-60,-71,-50,-38,-46,-36,-31,-29,-27,-26,-20,-19,-23,-18,-21,-16,-9,-138,-107,-65,-54,-62,-65,-68,-72,-63,-54,-59,-47,-50,-39,-36,-104,-107,-122,-134,-157,-190,-197,-231,-230,-246,-246,-249,-269,-295,-358,-405,-457,-510,-539,-537,-522,-549,-514,-481,-490,-519,-575,-651,-762,-906,-1071,-1242,-1364,-1427,-1404,-1356,-1314,-1261,-1195,-1130,-1064,-976,-944,-928,-936,-1001,-1098,-1244,-1404,-1608,-1821,-1969,-14813
4,0,2056,-54339,-19,-60,-71,-50,-38,-46,-37,-32,-29,-28,-26,-20,-19,-23,-18,-21,-16,-9,-138,-107,-65,-54,-63,-65,-68,-72,-63,-54,-59,-47,-50,-39,-36,-31,-95,-105,-116,-134,-162,-180,-203,-213,-221,-232,-235,-251,-275,-319,-384,-426,-463,-492,-499,-476,-460,-484,-465,-451,-473,-525,-604,-698,-834,-981,-1133,-1275,-1361,-1385,-1332,-1271,-1221,-1166,-1105,-1047,-999,-938,-940,-953,-989,-1085,-1214,-1397,-1586,-1803,-1989,-15121
4,0,2057,-52999,-19,-60,-71,-50,-38,-46,-37,-32,-29,-28,-26,-20,-19,-23,-18,-21,-16,-9,-138,-107,-65,-55,-63,-65,-68,-72,-63,-54,-60,-47,-51,-39,-36,-31,-23,-93,-100,-115,-138,-151,-186,-188,-205,-209,-221,-236,-255,-298,-341,-403,-432,-446,-456,-442,-418,-405,-437,-437,-436,-478,-551,-647,-764,-904,-1037,-1163,-1273,-1321,-1314,-1249,-1181,-1129,-1078,-1023,-984,-962,-933,-965,-1008,-1073,-1201,-1363,-1578,-1777,-1971,-15425
4,0,2058,-51651,-19,-60,-71,-50,-39,-47,-37,-32,-29,-28,-26,-20,-19,-23,-18,-21,-16,-9,-139,-108,-65,-55,-63,-65,-68,-72,-63,-55,-60,-47,-51,-39,-36,-31,-23,-22,-87,-100,-120,-127,-157,-171,-180,-193,-198,-223,-240,-276,-318,-358,-409,-418,-414,-403,-389,-369,-367,-412,-421,-440,-501,-589,-708,-828,-958,-1065,-1162,-1235,-1253,-1233,-1161,-1092,-1044,-999,-962,-946,-957,-959,-1020,-1092,-1187,-1348,-1540,-1769,-1944,-15683
4,0,2059,-50286,-19,-60,-71,-50,-39,-47,-37,-32,-29,-28,-26,-20,-19,-23,-19,-21,-16,-9,-139,-108,-65,-55,-63,-65,-69,-73,-64,-55,-60,-48,-51,-39,-36,-31,-23,-22,-17,-86,-103,-109,-134,-143,-165,-171,-183,-199,-227,-259,-295,-334,-363,-394,-386,-367,-355,-343,-334,-345,-396,-425,-461,-538,-646,-768,-876,-984,-1066,-1129,-1173,-1174,-1145,-1074,-1009,-968,-939,-924,-941,-983,-1014,-1107,-1208,-1333,-1524,-1727,-1933,-15878
4,0,2060,-48937,-19,-60,-71,-50,-39,-47,-37,-33,-29,-28,-26,-20,-20,-24,-19,-21,-16,-10,-139,-108,-65,-55,-64,-65,-69,-73,-64,-55,-60,-48,-51,-39,-36,-31,-23,-22,-17,-14,-89,-92,-116,-120,-138,-155,-161,-186,-202,-245,-276,-310,-339,-351,-364,-343,-322,-313,-310,-314,-332,-400,-447,-493,-590,-701,-812,-901,-983,-1035,-1070,-1100,-1092,-1060,-994,-936,-911,-903,-920,-967,-1039,-1099,-1225,-1358,-1507,-1710,-1889,-16050
4,1,2023,-90470,-7,-569,-605,-617,-622,-646,-644,-608,-610,-526,-512,-402,-352,-364,-364,-469,-532,-660,-935,-1180,-1573,-1625,-1796,-1686,-1718,-1764,-1725,-1651,-1790,-1776,-1860,-1886,-1921,-1953,-1945,-1927,-1988,-1882,-1910,-1955,-1802,-1603,-1396,-1248,-1112,-1009,-1043,-1138,-1244,-1304,-1366,-1370,-1265,-1167,-1008,-866,-695,-672,-650,-653,-684,-687,-784,-959,-931,-1130,-1061,-972,-905,-915,-896,-770,-701,-686,-651,-559,-551,-527,-497,-468,-471,-399,-477,-443,-452,-2728
4,1,2024,-82846,-7,-25,-522,-519,-533,-542,-542,-555,-524,-497,-419,-413,-326,-290,-340,-377,-490,-587,-797,-946,-1126,-1451,-1425,-1507,-1399,-1443,-1495,-1476,-1464,-1622,-1600,-1607,-1650,-1699,-1740,-1771,-1791,-1841,-1755,-1739,-1764,-1578,-1390,-1212,-1102,-1046,-1007,-1088,-1207,-1289,-1309,-1320,-1274,-1139,-1026,-876,-751,-610,-598,-597,-644,-719,-739,-839,-984,-946,-1077,-979,-909,-834,-813,-798,-680,-638,-623,-585,-536,-531,-476,-474,-437,-460,-410,-468,-447,-2765
4,1,2025,-75454,-7,-25,-41,-447,-448,-467,-454,-466,-478,-419,-389,-327,-327,-277,-277,-345,-423,-521,-711,-797,-886,-1022,-1263,-1192,-1234,-1153,-1200,-1256,-1265,-1316,-1406,-1350,-1358,-1441,-1516,-1564,-1628,-1654,-1695,-1612,-1564,-1535,-1369,-1204,-1066,-1031,-1037,-1051,-1143,-1250,-1285,-1253,-1211,-1128,-989,-885,-756,-648,-540,-558,-585,-652,-772,-784,-879,-982,-913,-1006,-899,-827,-751,-711,-708,-629,-592,-565,-548,-508,-508,-446,-456,-432,-454,-424,-457,-2806
4,1,2026,-68365,-7,-25,-41,-25,-386,-394,-390,-389,-410,-380,-331,-295,-246,-270,-250,-278,-370,-459,-619,-689,-720,-786,-874,-1053,-980,-1015,-929,-984,-1057,-1112,-1134,-1185,-1111,-1166,-1254,-1343,-1442,-1500,-1514,-1532,-1473,-1354,-1331,-1171,-1071,-990,-1021,-1070,-1105,-1176,-1237,-1221,-1154,-1056,-964,-826,-755,-652,-567,-490,-549,-608,-705,-817,-811,-877,-936,-853,-903,-819,-727,-672,-629,-633,-575,-542,-521,-514,-480,-495,-439,-444,-437,-465,-439,-2846
4,1,2027,-62247,-7,-25,-41,-25,-20,-340,-328,-334,-339,-328,-286,-249,-205,-194,-241,-248,-299,-389,-549,-592,-616,-620,-661,-696,-848,-799,-829,-755,-831,-932,-980,-963,-1013,-964,-1049,-1136,-1225,-1344,-1381,-1362,-1374,-1286,-1166,-1145,-1031,-1001,-981,-1063,-1123,-1139,-1166,-1180,-1108,-1026,-890,-806,-694,-637,-563,-521,-484,-566,-659,-770,-849,-826,-848,-860,-790,-806,-739,-646,-611,-565,-584,-518,-506,-502,-483,-483,-499,-447,-454,-454,-470,-2885
4,1,2028,-57002,-7,-25,-41,-25,-20,-26,-281,-282,-290,-247,-233,-194,-176,-154,-175,-233,-265,-322,-476,-524,-538,-529,-532,-514,-550,-664,-651,-658,-636,-731,-822,-845,-860,-878,-876,-972,-1075,-1151,-1251,-1258,-1240,-1185,-1113,-1017,-1013,-962,-987,-1022,-1119,-1152,-1130,-1108,-1085,-964,-879,-744,-669,-598,-545,-511,-501,-518,-603,-700,-806,-863,-804,-810,-784,-722,-720,-666,-583,-559,-506,-524,-490,-487,-484,-475,-499,-507,-464,-473,-471,-2953
4,1,2029,-51720,-7,-25,-41,-25,-20,-26,-12,-241,-244,-223,-151,-150,-115,-126,-132,-169,-237,-269,-405,-442,-453,-456,-435,-399,-386,-452,-500,-498,-506,-570,-632,-686,-709,-756,-769,-801,-905,-997,-1079,-1148,-1152,-1082,-1018,-964,-913,-933,-946,-1020,-1066,-1140,-1125,-1066,-999,-937,-811,-721,-612,-555,-509,-489,-489,-501,-561,-642,-721,-796,-836,-757,-744,-699,-647,-621,-588,-526,-509,-455,-463,-462,-456,-479,-485,-510,-526,-489,-486,-3017
4,1,2030,-47512,-7,-25,-41,-25,-20,-26,-12,-10,-202,-155,-136,-93,-95,-81,-104,-130,-173,-239,-353,-374,-387,-381,-377,-345,-298,-307,-381,-398,-390,-436,-536,-559,-574,-616,-674,-716,-760,-842,-940,-1000,-1064,-1027,-955,-895,-868,-869,-913,-983,-1070,-1089,-1121,-1054,-962,-866,-780,-677,-587,-514,-468,-450,-469,-503,-548,-611,-683,-739,-770,-791,-695,-660,-623,-573,-535,-505,-471,-467,-430,-434,-437,-438,-492,-509,-534,-562,-508,-3095
4,1,2031,-44603,-7,-25,-41,-25,-20,-26,-13,-10,-14,-95,-83,-75,-64,-71,-84,-111,-154,-187,-323,-334,-339,-336,-326,-304,-276,-249,-247,-293,-315,-337,-398,-462,-481,-502,-557,-627,-681,-750,-815,-893,-956,-962,-929,-862,-823,-833,-873,-953,-1037,-1106,-1087,-1063,-964,-843,-742,-649,-567,-495,-446,-432,-450,-497,-563,-627,-665,-718,-740,-747,-734,-640,-582,-565,-510,-483,-451,-435,-439,-426,-434,-443,-457,-523,-546,-575,-592,-3189
4,1,2032,-42928,-7,-25,-41,-25,-20,-26,-13,-10,-14,-19,-53,-56,-50,-51,-69,-99,-133,-172,-287,-310,-311,-305,-298,-269,-253,-232,-215,-220,-244,-272,-313,-377,-409,-430,-475,-536,-608,-669,-752,-805,-865,-891,-883,-848,-802,-796,-842,-923,-1011,-1081,-1110,-1043,-972,-853,-726,-627,-546,-487,-435,-419,-444,-496,-572,-646,-697,-701,-731,-726,-709,-681,-595,-538,-521,-469,-452,-429,-430,-438,-440,-456,-476,-494,-573,-593,-611,-3377
4,1,2033,-42254,-7,-25,-41,-25,-20,-26,-13,-10,-14,-19,-11,-51,-43,-44,-60,-84,-122,-152,-272,-284,-293,-289,-282,-254,-227,-221,-204,-204,-224,-259,-286,-318,-383,-418,-438,-489,-554,-626,-688,-752,-798,-814,-829,-811,-791,-781,-809,-894,-984,-1057,-1090,-1071,-964,-864,-739,-621,-536,-472,-432,-413,-437,-496,-581,-668,-726,-746,-717,-726,-700,-674,-639,-559,-505,-491,-450,-442,-431,-443,-459,-472,-495,-521,-545,-627,-630,-3572
4,1,2034,-41579,-7,-25,-41,-25,-20,-26,-13,-10,-14,-19,-11,-18,-39,-38,-52,-73,-104,-139,-247,-267,-268,-273,-266,-240,-214,-199,-193,-194,-207,-238,-271,-290,-322,-391,-425,-451,-505,-569,-643,-687,-746,-748,-758,-763,-758,-771,-795,-860,-954,-1029,-1066,-1051,-990,-857,-749,-632,-529,-462,-418,-410,-432,-490,-581,-678,-749,-775,-763,-713,-699,-665,-632,-600,-526,-476,-472,-439,-444,-446,-466,-492,-513,-542,-575,-596,-668,-3767
4,1,2035,-40900,-7,-25,-41,-25,-20,-26,-13,-10,-14,-19,-11,-18,-11,-35,-45,-63,-89,-116,-232,-241,-251,-248,-252,-227,-203,-190,-174,-184,-197,-220,-249,-276,-293,-328,-398,-437,-465,-518,-586,-642,-682,-698,-698,-697,-712,-738,-783,-844,-918,-998,-1038,-1029,-972,-880,-742,-639,-538,-457,-411,-397,-429,-483,-574,-679,-760,-801,-794,-758,-686,-664,-624,-595,-565,-496,-458,-460,-441,-459,-467,-499,-535,-562,-598,-629,-635,-3979
4,1,2036,-40210,-7,-25,-41,-25,-20,-26,-13,-10,-14,-19,-12,-18,-11,-7,-40,-55,-78,-98,-206,-225,-224,-232,-231,-215,-192,-180,-165,-165,-186,-209,-230,-253,-278,-299,-333,-409,-452,-479,-534,-584,-638,-639,-652,-643,-651,-694,-751,-832,-900,-960,-1007,-1002,-951,-864,-761,-634,-546,-465,-406,-390,-416,-480,-565,-671,-761,-812,-821,-788,-729,-652,-624,-586,-559,-533,-476,-446,-463,-456,-481,-501,-543,-586,-619,-654,-671,-4131
4,1,2037,-39500,-7,-25,-41,-25,-20,-26,-13,-10,-14,-19,-11,-18,-11,-7,-8,-49,-66,-83,-185,-197,-208,-207,-216,-198,-182,-170,-156,-156,-168,-199,-220,-233,-254,-283,-303,-343,-422,-464,-491,-531,-581,-597,-596,-600,-600,-635,-707,-797,-889,-942,-968,-973,-926,-845,-748,-651,-541,-471,-412,-386,-407,-464,-561,-661,-753,-813,-832,-814,-759,-694,-612,-586,-552,-527,-511,-464,-449,-477,-479,-516,-545,-595,-646,-678,-698,-4303
4,1,2038,-38771,-7,-25,-41,-25,-20,-26,-13,-10,-14,-19,-12,-18,-11,-7,-8,-8,-59,-70,-168,-174,-179,-192,-194,-186,-168,-162,-148,-148,-158,-179,-208,-222,-235,-259,-286,-311,-354,-435,-477,-488,-530,-543,-557,-549,-560,-585,-644,-750,-850,-929,-949,-935,-898,-824,-732,-639,-555,-468,-418,-391,-403,-456,-544,-655,-741,-804,-833,-826,-784,-722,-651,-575,-552,-521,-507,-499,-467,-463,-501,-513,-561,-597,-656,-707,-723,-4480
4,1,2039,-38027,-7,-25,-41,-25,-20,-26,-13,-10,-14,-19,-11,-18,-11,-7,-8,-8,-8,-61,-153,-155,-156,-165,-180,-167,-158,-151,-141,-141,-150,-169,-189,-210,-222,-238,-262,-296,-322,-363,-446,-474,-488,-492,-507,-513,-513,-546,-594,-685,-800,-890,-937,-917,-864,-799,-712,-626,-546,-479,-414,-397,-409,-451,-534,-635,-735,-792,-823,-828,-795,-746,-678,-612,-542,-520,-500,-494,-501,-482,-487,-537,-558,-615,-658,-718,-754,-4664
4,1,2040,-37262,-7,-25,-41,-25,-20,-26,-13,-10,-14,-19,-11,-18,-11,-7,-9,-8,-8,1,-141,-138,-137,-143,-157,-156,-142,-142,-131,-133,-142,-161,-178,-188,-211,-226,-240,-269,-304,-329,-372,-443,-474,-454,-462,-467,-479,-499,-555,-631,-731,-837,-897,-905,-848,-768,-692,-610,-534,-470,-425,-394,-415,-458,-528,-624,-713,-786,-812,-819,-798,-756,-701,-637,-576,-511,-499,-487,-497,-518,-506,-522,-585,-612,-678,-721,-765,-4852
4,1,2041,-36498,-7,-25,-41,-25,-21,-27,-13,-11,-14,-19,-11,-18,-12,-7,-9,-8,-8,1,-70,-127,-121,-125,-137,-136,-134,-130,-124,-123,-135,-154,-169,-177,-188,-214,-228,-248,-278,-312,-338,-369,-443,-440,-424,-425,-435,-467,-507,-589,-673,-764,-844,-868,-836,-754,-665,-591,-520,-460,-417,-404,-411,-465,-536,-616,-699,-762,-806,-807,-789,-758,-711,-659,-599,-543,-491,-487,-490,-513,-545,-543,-568,-641,-674,-742,-769,-5036
4,1,2042,-35718,-7,-25,-41,-25,-20,-27,-13,-12,-14,-19,-11,-18,-11,-7,-9,-8,-8,0,-70,-49,-108,-110,-121,-119,-117,-122,-112,-117,-124,-146,-160,-168,-177,-191,-215,-235,-255,-284,-320,-334,-371,-411,-411,-390,-396,-425,-473,-539,-629,-705,-771,-815,-801,-744,-652,-568,-505,-448,-409,-396,-422,-461,-544,-627,-691,-747,-780,-800,-777,-750,-712,-668,-620,-565,-522,-479,-490,-507,-540,-585,-591,-623,-707,-739,-792,-5191
4,1,2043,-34982,-7,-25,-41,-25,-20,-27,-13,-11,-14,-19,-12,-18,-12,-8,-9,-8,-8,-1,-70,-49,-30,-98,-107,-106,-104,-108,-106,-107,-118,-135,-152,-159,-168,-180,-192,-222,-242,-261,-291,-316,-337,-342,-385,-380,-365,-387,-431,-503,-575,-658,-711,-746,-754,-713,-643,-557,-485,-435,-398,-388,-415,-473,-540,-635,-703,-740,-766,-776,-771,-739,-705,-670,-629,-585,-544,-510,-483,-507,-533,-579,-636,-648,-687,-774,-788,-5354
4,1,2044,-34244,-7,-26,-41,-25,-20,-27,-13,-12,-14,-19,-11,-18,-12,-8,-9,-8,-8,-1,-70,-49,-30,-24,-97,-94,-94,-97,-94,-99,-106,-127,-140,-151,-158,-169,-180,-198,-228,-247,-268,-287,-319,-311,-321,-354,-354,-356,-392,-458,-537,-601,-664,-687,-688,-670,-616,-550,-476,-418,-385,-378,-406,-464,-554,-630,-713,-752,-758,-760,-747,-733,-695,-663,-630,-594,-562,-530,-513,-498,-533,-571,-630,-697,-715,-752,-827,-5496
4,1,2045,-33552,-7,-26,-41,-25,-20,-27,-13,-13,-14,-19,-11,-18,-12,-8,-9,-8,-8,-1,-70,-49,-30,-24,-32,-86,-84,-89,-84,-87,-100,-116,-133,-138,-149,-159,-171,-186,-204,-233,-254,-264,-291,-293,-292,-296,-332,-346,-361,-417,-488,-561,-606,-641,-635,-613,-581,-527,-470,-410,-372,-366,-395,-455,-544,-648,-708,-762,-771,-753,-732,-711,-690,-653,-623,-595,-570,-548,-534,-529,-524,-571,-622,-691,-769,-783,-803,-5648
4,1,2046,-32878,-7,-25,-41,-25,-21,-27,-13,-12,-14,-19,-11,-18,-12,-9,-10,-8,-8,0,-71,-49,-30,-24,-32,-31,-77,-81,-76,-78,-88,-108,-120,-129,-137,-151,-159,-175,-192,-208,-241,-250,-268,-267,-275,-268,-276,-324,-349,-383,-445,-511,-567,-585,-593,-564,-530,-497,-449,-405,-365,-352,-383,-443,-532,-636,-727,-757,-781,-766,-725,-697,-667,-648,-615,-588,-571,-557,-552,-552,-557,-562,-622,-682,-762,-843,-836,-5757
4,1,2047,-32253,-7,-26,-41,-25,-21,-27,-13,-13,-14,-19,-12,-18,-12,-9,-10,-8,-8,0,-71,-49,-30,-24,-32,-31,-32,-74,-69,-70,-78,-96,-113,-117,-127,-138,-151,-164,-181,-194,-214,-235,-253,-244,-251,-254,-252,-271,-327,-372,-410,-465,-516,-548,-541,-528,-490,-454,-422,-388,-360,-346,-369,-429,-518,-622,-714,-777,-776,-776,-738,-690,-655,-628,-610,-580,-566,-558,-560,-571,-581,-598,-612,-683,-753,-835,-900,-5889
4,1,2048,-31637,-7,-25,-41,-25,-21,-27,-13,-14,-14,-19,-11,-18,-12,-9,-10,-8,-8,0,-71,-49,-30,-24,-32,-31,-33,-38,-64,-63,-71,-85,-99,-109,-116,-130,-138,-155,-170,-183,-200,-208,-239,-231,-230,-231,-238,-246,-272,-348,-397,-428,-470,-498,-506,-482,-457,-419,-386,-365,-344,-342,-362,-413,-503,-606,-699,-764,-797,-770,-748,-702,-648,-616,-591,-576,-558,-552,-562,-579,-601,-622,-651,-671,-754,-825,-893,-6064
4,1,2049,-31038,-7,-26,-41,-25,-21,-27,-13,-13,-14,-19,-12,-18,-13,-10,-10,-8,-8,-1,-71,-49,-30,-24,-32,-31,-33,-38,-31,-58,-63,-77,-88,-95,-107,-116,-129,-141,-161,-172,-189,-194,-213,-217,-217,-213,-216,-233,-247,-289,-372,-415,-432,-454,-460,-451,-418,-391,-356,-333,-325,-327,-357,-406,-484,-588,-681,-748,-783,-792,-742,-711,-661,-610,-580,-558,-554,-544,-556,-581,-610,-645,-678,-715,-742,-826,-882,-6210
4,1,2050,-30445,-7,-26,-41,-25,-20,-27,-13,-14,-14,-19,-11,-18,-12,-10,-10,-8,-8,-2,-71,-49,-30,-24,-32,-31,-33,-38,-31,-27,-58,-69,-80,-84,-93,-107,-115,-132,-146,-162,-177,-184,-200,-192,-204,-200,-199,-213,-232,-264,-310,-388,-419,-416,-419,-410,-391,-357,-332,-307,-297,-307,-343,-400,-475,-567,-661,-729,-767,-779,-764,-707,-670,-621,-575,-547,-536,-541,-548,-575,-612,-654,-701,-744,-789,-812,-883,-6330
4,1,2051,-29865,-7,-26,-41,-25,-21,-27,-13,-14,-14,-19,-12,-18,-12,-10,-10,-8,-8,-2,-71,-49,-30,-24,-32,-31,-33,-38,-31,-27,-25,-65,-73,-75,-81,-93,-106,-118,-136,-147,-168,-171,-188,-181,-182,-190,-188,-196,-211,-248,-281,-323,-392,-405,-385,-373,-356,-334,-304,-287,-274,-281,-322,-383,-469,-556,-637,-708,-748,-762,-751,-727,-665,-629,-585,-543,-527,-524,-544,-567,-606,-657,-712,-770,-822,-865,-868,-6428
4,1,2052,-29292,-7,-26,-41,-25,-21,-28,-13,-15,-14,-19,-11,-18,-13,-10,-10,-8,-8,-2,-71,-49,-30,-24,-32,-31,-33,-38,-31,-27,-25,-30,-66,-67,-71,-80,-91,-108,-122,-138,-152,-162,-177,-170,-170,-168,-177,-185,-194,-227,-265,-293,-327,-378,-374,-343,-324,-304,-284,-262,-256,-259,-294,-360,-450,-549,-625,-681,-726,-744,-735,-714,-685,-625,-592,-553,-521,-515,-528,-563,-597,-650,-715,-783,-850,-901,-924,-6508
4,1,2053,-28721,-7,-26,-41,-25,-21,-28,-13,-15,-14,-19,-12,-18,-13,-10,-11,-8,-8,-2,-71,-49,-30,-24,-32,-31,-33,-38,-32,-27,-25,-30,-29,-60,-63,-71,-78,-93,-112,-122,-141,-146,-168,-158,-160,-158,-158,-175,-183,-207,-242,-276,-297,-315,-349,-333,-298,-276,-259,-246,-234,-242,-272,-330,-423,-526,-616,-669,-699,-722,-717,-700,-673,-643,-589,-560,-531,-510,-518,-546,-593,-641,-708,-785,-864,-932,-964,-6628
4,1,2054,-28140,-7,-26,-41,-25,-21,-28,-13,-15,-14,-19,-12,-18,-13,-11,-11,-8,-8,-2,-71,-49,-30,-24,-32,-31,-33,-39,-32,-27,-25,-30,-29,-22,-56,-63,-69,-80,-96,-112,-126,-135,-152,-148,-150,-148,-147,-155,-174,-196,-221,-253,-280,-286,-291,-311,-289,-254,-236,-223,-218,-221,-254,-304,-386,-495,-591,-660,-686,-695,-696,-682,-659,-632,-605,-556,-538,-519,-514,-536,-575,-637,-698,-777,-867,-948,-997,-6777
4,1,2055,-27556,-7,-26,-41,-25,-21,-28,-13,-15,-14,-19,-12,-18,-14,-11,-11,-8,-8,-2,-71,-49,-30,-24,-32,-31,-33,-39,-32,-27,-25,-30,-30,-22,-17,-56,-59,-70,-83,-96,-117,-119,-142,-135,-141,-139,-139,-146,-154,-185,-209,-231,-256,-271,-264,-259,-270,-247,-217,-203,-199,-206,-232,-284,-356,-452,-556,-633,-678,-682,-670,-663,-643,-620,-596,-572,-535,-526,-522,-531,-565,-618,-693,-766,-859,-951,-1013,-6942
4,1,2056,-26954,-7,-26,-41,-25,-21,-28,-14,-16,-14,-19,-12,-18,-14,-11,-11,-8,-8,-2,-71,-49,-30,-24,-32,-31,-33,-39,-32,-27,-25,-30,-30,-22,-17,-16,-53,-60,-72,-83,-100,-110,-126,-125,-128,-131,-131,-138,-144,-164,-198,-218,-235,-246,-250,-235,-226,-231,-211,-187,-181,-189,-217,-260,-333,-417,-509,-595,-649,-674,-658,-638,-624,-604,-584,-563,-550,-523,-530,-541,-560,-606,-673,-762,-847,-942,-1017,-7103
4,1,2057,-26332,-7,-26,-41,-25,-21,-28,-14,-16,-14,-19,-12,-18,-14,-11,-11,-8,-8,-2,-71,-49,-30,-25,-32,-31,-33,-39,-32,-27,-26,-30,-30,-22,-17,-16,-11,-54,-64,-71,-86,-92,-116,-111,-119,-119,-123,-130,-135,-154,-175,-206,-222,-226,-227,-222,-205,-193,-197,-182,-167,-171,-198,-243,-304,-390,-469,-544,-611,-646,-650,-627,-601,-587,-569,-552,-541,-538,-527,-548,-570,-601,-661,-739,-842,-929,-1009,-7253
4,1,2058,-25691,-7,-26,-41,-25,-21,-28,-14,-16,-14,-19,-12,-18,-14,-11,-11,-8,-8,-2,-71,-49,-30,-25,-32,-31,-33,-39,-32,-28,-26,-30,-30,-22,-17,-16,-11,-11,-56,-62,-74,-78,-99,-101,-104,-110,-111,-123,-127,-144,-164,-182,-210,-214,-209,-202,-194,-175,-164,-170,-162,-158,-180,-221,-284,-356,-439,-502,-560,-608,-623,-620,-591,-565,-553,-538,-530,-529,-542,-546,-578,-612,-655,-726,-817,-923,-995,-7377
4,1,2059,-25039,-7,-26,-41,-25,-21,-28,-14,-16,-14,-19,-12,-18,-14,-11,-12,-8,-8,-2,-71,-49,-30,-25,-32,-31,-34,-40,-33,-28,-26,-30,-30,-22,-17,-16,-11,-11,-12,-54,-64,-67,-85,-85,-96,-98,-103,-111,-120,-135,-154,-171,-186,-201,-197,-186,-176,-165,-149,-141,-151,-153,-166,-202,-259,-333,-400,-470,-517,-557,-587,-593,-584,-555,-532,-523,-517,-518,-533,-561,-575,-621,-667,-720,-802,-896,-988,-7471
4,1,2060,-24389,-7,-26,-41,-25,-21,-28,-14,-17,-14,-19,-12,-18,-14,-12,-12,-8,-8,-3,-71,-49,-30,-25,-32,-31,-34,-40,-33,-28,-26,-30,-30,-22,-17,-16,-11,-11,-12,-8,-56,-57,-74,-71,-81,-90,-92,-104,-108,-128,-144,-160,-174,-179,-185,-176,-162,-151,-141,-128,-126,-143,-162,-185,-236,-304,-374,-429,-482,-514,-537,-559,-559,-549,-524,-503,-503,-506,-522,-551,-591,-618,-677,-733,-796,-881,-960,-7549
4,2,2023,-91190,-12,-634,-659,-699,-710,-732,-756,-710,-674,-592,-505,-412,-361,-353,-387,-455,-516,-659,-919,-1195,-1338,-1512,-1614,-1602,-1476,-1531,-1526,-1643,-1826,-1975,-2071,-2073,-2090,-1886,-1733,-1539,-1426,-1412,-1368,-1335,-1284,-1276,-1197,-1129,-1040,-1079,-1109,-1178,-1309,-1341,-1406,-1350,-1310,-1158,-1021,-961,-886,-906,-1011,-1120,-1090,-1144,-1209,-1213,-1243,-1223,-1102,-1096,-1130,-997,-946,-836,-826,-770,-658,-531,-560,-444,-442,-454,-403,-394,-395,-416,-446,-3235
4,2,2024,-83827,-12,-34,-553,-571,-594,-608,-626,-632,-592,-508,-460,-374,-332,-324,-332,-406,-492,-586,-774,-954,-1156,-1243,-1317,-1383,-1344,-1237,-1316,-1370,-1543,-1695,-1830,-1801,-1785,-1742,-1565,-1468,-1349,-1290,-1300,-1278,-1241,-1200,-1188,-1113,-1057,-1017,-1112,-1167,-1242,-1342,-1341,-1340,-1251,-1183,-1039,-941,-920,-881,-905,-1014,-1124,-1089,-1120,-1183,-1159,-1185,-1143,-1018,-972,-1015,-877,-843,-709,-742,-651,-564,-474,-489,-403,-422,-445,-413,-408,-422,-438,-3249
4,2,2025,-76741,-12,-34,-28,-481,-487,-508,-519,-522,-515,-446,-398,-332,-301,-300,-301,-336,-436,-537,-712,-771,-891,-1063,-1073,-1105,-1120,-1125,-1060,-1144,-1255,-1422,-1537,-1605,-1519,-1483,-1431,-1309,-1279,-1207,-1196,-1192,-1199,-1152,-1110,-1099,-1054,-1035,-1052,-1164,-1225,-1276,-1330,-1283,-1232,-1120,-1063,-943,-889,-886,-881,-911,-1002,-1121,-1087,-1089,-1124,-1095,-1096,-1047,-929,-865,-886,-758,-738,-608,-650,-551,-498,-428,-462,-378,-419,-443,-424,-438,-443,-3266
4,2,2026,-70026,-12,-34,-28,-24,-406,-415,-436,-432,-433,-371,-354,-291,-266,-269,-272,-310,-349,-472,-636,-717,-714,-788,-908,-896,-889,-920,-958,-927,-1055,-1143,-1309,-1328,-1333,-1258,-1220,-1176,-1125,-1143,-1109,-1110,-1100,-1105,-1060,-1024,-1033,-1028,-1056,-1111,-1214,-1249,-1263,-1268,-1175,-1081,-991,-967,-886,-858,-862,-886,-913,-988,-1105,-1060,-1042,-1042,-1009,-991,-924,-835,-765,-763,-637,-631,-521,-554,-477,-457,-405,-436,-379,-428,-443,-443,-457,-3268
4,2,2027,-64170,-12,-34,-28,-24,-15,-349,-358,-363,-360,-312,-292,-244,-228,-235,-240,-273,-320,-378,-557,-643,-636,-634,-640,-752,-723,-731,-780,-842,-851,-979,-1042,-1142,-1122,-1084,-1039,-1016,-1001,-1010,-1042,-1037,-1027,-1010,-1014,-977,-964,-1000,-1045,-1110,-1174,-1241,-1235,-1200,-1162,-1034,-940,-897,-894,-867,-842,-865,-885,-900,-974,-1083,-1021,-972,-957,-919,-898,-817,-748,-673,-666,-545,-536,-449,-485,-432,-436,-406,-437,-401,-449,-464,-466,-3285
4,2,2028,-59008,-12,-34,-28,-24,-15,-17,-300,-297,-288,-261,-244,-199,-182,-199,-209,-244,-274,-346,-466,-535,-587,-549,-538,-508,-610,-595,-643,-665,-773,-795,-888,-897,-949,-920,-885,-844,-871,-894,-922,-972,-968,-946,-919,-939,-922,-947,-1022,-1091,-1172,-1214,-1230,-1177,-1098,-1032,-906,-844,-828,-855,-856,-841,-853,-876,-895,-956,-1041,-963,-889,-864,-840,-793,-725,-656,-579,-577,-474,-454,-404,-448,-411,-429,-421,-461,-431,-475,-486,-3321
4,2,2029,-53890,-12,-34,-28,-24,-15,-17,-22,-251,-243,-175,-178,-151,-146,-162,-174,-210,-236,-288,-422,-453,-474,-508,-455,-431,-405,-492,-505,-555,-596,-690,-734,-747,-744,-757,-741,-710,-706,-767,-819,-846,-898,-882,-863,-836,-875,-898,-976,-1072,-1139,-1206,-1196,-1157,-1071,-961,-894,-807,-783,-788,-822,-851,-841,-839,-858,-882,-925,-948,-884,-808,-762,-744,-681,-623,-553,-481,-484,-412,-388,-369,-415,-405,-429,-442,-486,-465,-499,-3369
4,2,2030,-49770,-12,-34,-28,-24,-15,-17,-22,-15,-198,-132,-127,-103,-110,-132,-143,-176,-204,-248,-369,-406,-403,-415,-414,-373,-337,-332,-430,-447,-505,-546,-640,-635,-627,-616,-605,-615,-596,-642,-696,-761,-797,-820,-806,-791,-795,-852,-928,-1033,-1134,-1175,-1193,-1135,-1042,-939,-840,-785,-750,-759,-782,-814,-849,-851,-848,-832,-857,-868,-853,-802,-717,-657,-636,-573,-529,-462,-402,-416,-366,-347,-359,-392,-423,-460,-487,-532,-497,-3435
4,2,2031,-46929,-12,-34,-28,-24,-15,-17,-22,-15,-15,-77,-93,-79,-85,-107,-122,-149,-179,-215,-334,-368,-373,-370,-352,-344,-308,-289,-298,-367,-409,-444,-521,-552,-530,-515,-508,-505,-524,-550,-607,-661,-724,-758,-771,-757,-760,-800,-889,-991,-1104,-1183,-1174,-1139,-1041,-916,-825,-754,-730,-733,-759,-799,-830,-865,-870,-859,-815,-825,-804,-783,-730,-633,-574,-541,-476,-444,-390,-361,-369,-344,-346,-373,-404,-477,-513,-553,-586,-3540
4,2,2032,-45283,-12,-34,-28,-24,-15,-17,-22,-15,-15,-7,-65,-60,-70,-89,-100,-131,-151,-194,-299,-342,-340,-339,-324,-304,-287,-266,-267,-292,-340,-371,-416,-479,-477,-448,-438,-441,-455,-489,-538,-590,-647,-695,-724,-740,-741,-771,-851,-962,-1068,-1157,-1188,-1124,-1048,-923,-806,-745,-707,-718,-738,-785,-832,-858,-893,-886,-863,-799,-789,-751,-718,-668,-569,-509,-478,-415,-383,-352,-346,-349,-355,-375,-412,-456,-546,-583,-614,-3755
4,2,2033,-44563,-12,-34,-28,-24,-15,-17,-22,-15,-15,-7,-13,-51,-57,-76,-83,-111,-136,-169,-279,-308,-323,-319,-298,-286,-260,-252,-248,-265,-315,-341,-381,-405,-452,-431,-403,-403,-415,-451,-494,-538,-588,-632,-673,-702,-730,-757,-826,-928,-1043,-1127,-1169,-1146,-1037,-932,-820,-732,-705,-704,-734,-773,-823,-871,-897,-917,-894,-855,-775,-748,-700,-662,-611,-516,-460,-432,-379,-361,-345,-350,-370,-390,-423,-475,-526,-625,-649,-3999
4,2,2034,-43864,-12,-34,-28,-24,-15,-17,-22,-15,-15,-7,-13,-2,-49,-65,-72,-93,-114,-151,-251,-287,-289,-303,-280,-265,-244,-228,-237,-245,-285,-313,-351,-371,-384,-409,-388,-371,-379,-411,-456,-493,-536,-577,-612,-653,-692,-746,-813,-902,-1007,-1101,-1139,-1128,-1058,-923,-828,-745,-693,-702,-721,-769,-810,-860,-910,-921,-925,-885,-830,-735,-697,-646,-607,-556,-467,-416,-396,-356,-353,-350,-372,-406,-439,-488,-548,-603,-696,-4259
4,2,2035,-43143,-12,-34,-29,-24,-15,-17,-22,-15,-15,-7,-13,-2,-2,-56,-60,-81,-95,-126,-232,-256,-268,-270,-265,-250,-227,-215,-214,-234,-265,-282,-324,-340,-352,-346,-369,-357,-348,-376,-415,-454,-492,-526,-558,-594,-644,-707,-800,-886,-977,-1063,-1112,-1099,-1041,-941,-820,-752,-706,-690,-719,-754,-806,-847,-900,-934,-930,-916,-858,-787,-686,-642,-591,-552,-502,-422,-381,-372,-348,-358,-372,-408,-457,-505,-563,-628,-671,-4542
4,2,2036,-42424,-12,-34,-28,-24,-15,-17,-22,-15,-15,-7,-13,-2,-2,-10,-51,-69,-81,-105,-202,-236,-238,-251,-237,-237,-214,-200,-202,-211,-253,-261,-292,-313,-323,-318,-312,-339,-335,-346,-379,-414,-454,-481,-509,-541,-587,-657,-758,-872,-961,-1032,-1074,-1072,-1014,-927,-837,-745,-713,-702,-706,-752,-791,-843,-886,-924,-943,-921,-888,-815,-733,-632,-589,-537,-499,-454,-387,-358,-364,-354,-380,-407,-459,-526,-584,-645,-699,-4777
4,2,2037,-41696,-12,-34,-28,-24,-15,-17,-22,-15,-15,-7,-14,-2,-2,-10,-6,-59,-68,-89,-179,-204,-216,-222,-221,-214,-204,-188,-187,-199,-228,-248,-270,-283,-297,-292,-286,-287,-317,-333,-349,-378,-414,-444,-467,-494,-534,-598,-705,-827,-946,-1014,-1043,-1036,-990,-902,-823,-759,-705,-709,-719,-739,-789,-828,-882,-909,-932,-935,-893,-844,-760,-676,-578,-534,-485,-450,-415,-363,-351,-369,-375,-416,-459,-528,-608,-668,-719,-5021
4,2,2038,-40961,-12,-34,-29,-24,-15,-17,-22,-15,-15,-7,-13,-2,-2,-10,-6,-13,-58,-74,-161,-179,-184,-201,-194,-199,-184,-180,-177,-183,-216,-222,-257,-261,-268,-268,-262,-264,-268,-316,-337,-347,-378,-404,-431,-452,-486,-544,-641,-769,-897,-998,-1024,-1005,-955,-881,-802,-748,-720,-702,-726,-753,-775,-825,-865,-905,-917,-924,-905,-848,-787,-701,-620,-526,-484,-439,-412,-391,-356,-356,-392,-411,-469,-529,-611,-697,-745,-5259
4,2,2039,-40211,-12,-34,-29,-24,-15,-17,-22,-15,-15,-7,-14,-2,-2,-10,-6,-13,-7,-62,-144,-159,-158,-171,-177,-177,-171,-162,-169,-174,-200,-209,-229,-248,-249,-242,-242,-241,-245,-267,-319,-335,-347,-370,-393,-417,-446,-495,-583,-700,-833,-947,-1008,-989,-929,-850,-783,-728,-708,-717,-719,-760,-790,-811,-863,-888,-913,-909,-897,-860,-790,-725,-641,-563,-475,-437,-403,-388,-383,-361,-377,-430,-463,-540,-611,-701,-777,-5499
4,2,2040,-39445,-12,-34,-29,-24,-15,-17,-22,-16,-15,-7,-13,-2,-2,-10,-6,-13,-7,-4,-131,-140,-139,-147,-150,-162,-154,-152,-152,-166,-189,-192,-216,-222,-237,-225,-218,-223,-224,-244,-269,-317,-334,-339,-359,-380,-411,-454,-532,-637,-758,-880,-957,-974,-912,-826,-755,-711,-690,-706,-734,-753,-797,-826,-848,-886,-897,-905,-881,-850,-802,-729,-664,-583,-509,-430,-401,-378,-379,-389,-383,-414,-484,-533,-624,-700,-781,-5753
4,2,2041,-38659,-12,-34,-29,-24,-15,-17,-22,-15,-15,-7,-14,-2,-2,-11,-6,-13,-7,-5,-66,-127,-120,-129,-129,-139,-141,-136,-143,-149,-181,-181,-199,-209,-213,-213,-202,-200,-206,-223,-247,-267,-316,-326,-330,-347,-375,-419,-488,-580,-690,-801,-890,-923,-898,-813,-734,-687,-674,-688,-722,-768,-789,-834,-863,-871,-894,-889,-878,-838,-793,-740,-668,-603,-527,-460,-394,-377,-370,-386,-413,-420,-466,-557,-617,-716,-781,-5976
4,2,2042,-37855,-12,-34,-29,-24,-16,-17,-22,-15,-15,-7,-14,-2,-3,-11,-6,-13,-7,-4,-66,-57,-106,-110,-114,-121,-123,-126,-128,-139,-164,-172,-188,-192,-199,-191,-191,-184,-185,-205,-227,-244,-267,-310,-317,-320,-341,-381,-450,-532,-629,-729,-810,-858,-853,-800,-722,-666,-651,-672,-704,-757,-806,-826,-871,-886,-879,-886,-862,-834,-781,-731,-677,-607,-546,-477,-422,-371,-369,-376,-409,-452,-473,-537,-645,-707,-797,-6176
4,2,2043,-37055,-12,-34,-29,-24,-16,-17,-22,-16,-15,-7,-13,-2,-3,-11,-6,-13,-7,-4,-66,-57,-34,-97,-97,-108,-108,-110,-118,-125,-154,-153,-179,-181,-184,-179,-172,-175,-172,-185,-208,-224,-244,-261,-302,-307,-315,-348,-410,-490,-576,-664,-737,-781,-793,-758,-711,-656,-633,-649,-687,-737,-793,-844,-864,-896,-895,-871,-860,-819,-778,-720,-670,-616,-549,-494,-437,-397,-363,-375,-399,-449,-509,-544,-621,-739,-789,-6368
4,2,2044,-36248,-12,-34,-29,-24,-16,-17,-22,-15,-15,-7,-14,-2,-3,-11,-7,-13,-7,-4,-66,-57,-34,-29,-87,-95,-96,-96,-103,-114,-138,-142,-160,-173,-174,-165,-161,-158,-163,-171,-187,-205,-223,-239,-254,-292,-302,-320,-374,-447,-532,-609,-671,-711,-722,-704,-673,-645,-621,-630,-664,-720,-773,-831,-882,-887,-904,-887,-846,-817,-763,-717,-659,-609,-557,-496,-453,-411,-388,-368,-397,-437,-505,-587,-630,-712,-824,-6529
4,2,2045,-35464,-12,-34,-29,-25,-16,-17,-22,-15,-15,-7,-14,-2,-3,-11,-7,-13,-7,-4,-66,-57,-35,-29,-26,-85,-85,-86,-91,-99,-127,-126,-149,-154,-165,-156,-148,-147,-146,-161,-173,-184,-205,-219,-233,-246,-287,-308,-343,-408,-484,-562,-616,-648,-657,-641,-626,-612,-612,-619,-645,-695,-755,-809,-868,-905,-895,-896,-861,-803,-761,-703,-657,-600,-551,-505,-455,-426,-403,-395,-391,-436,-493,-582,-679,-722,-794,-6705
4,2,2046,-34690,-12,-34,-29,-24,-16,-18,-23,-16,-15,-8,-14,-2,-4,-11,-6,-13,-7,-6,-66,-57,-35,-30,-27,-33,-77,-77,-81,-88,-110,-115,-132,-142,-148,-147,-139,-136,-135,-145,-164,-170,-184,-200,-213,-225,-242,-292,-331,-374,-441,-511,-568,-594,-599,-584,-570,-569,-581,-610,-634,-675,-729,-791,-846,-892,-914,-887,-870,-817,-749,-701,-645,-597,-543,-498,-462,-428,-417,-409,-419,-428,-491,-567,-673,-779,-806,-6823
4,2,2047,-33934,-12,-34,-29,-25,-16,-18,-23,-16,-15,-8,-13,-2,-4,-11,-6,-13,-7,-6,-66,-57,-35,-30,-27,-33,-34,-69,-72,-78,-97,-98,-120,-127,-138,-132,-132,-128,-124,-135,-147,-160,-169,-180,-196,-206,-221,-245,-313,-362,-406,-466,-517,-548,-549,-532,-518,-518,-539,-579,-624,-664,-708,-762,-827,-868,-900,-906,-862,-825,-762,-690,-643,-586,-540,-491,-457,-435,-419,-424,-434,-459,-483,-565,-657,-773,-869,-6940
4,2,2048,-33191,-12,-34,-29,-25,-16,-18,-23,-15,-15,-8,-14,-2,-4,-11,-7,-13,-7,-6,-66,-57,-35,-30,-28,-33,-34,-32,-65,-69,-87,-85,-103,-115,-122,-123,-118,-121,-116,-124,-137,-144,-161,-166,-176,-189,-202,-225,-264,-342,-390,-429,-471,-500,-507,-487,-472,-471,-491,-538,-592,-654,-697,-741,-798,-848,-877,-892,-880,-818,-770,-703,-632,-584,-531,-489,-450,-430,-425,-426,-449,-476,-518,-557,-654,-753,-863,-7100
4,2,2049,-32441,-12,-34,-29,-25,-16,-18,-23,-16,-15,-8,-13,-2,-4,-11,-7,-13,-7,-6,-66,-57,-35,-30,-28,-34,-34,-32,-31,-61,-77,-74,-89,-98,-111,-108,-110,-108,-110,-117,-126,-134,-143,-158,-162,-170,-185,-205,-241,-288,-369,-413,-434,-455,-462,-450,-433,-429,-447,-490,-550,-620,-686,-729,-775,-819,-856,-870,-866,-835,-763,-710,-644,-575,-528,-480,-448,-423,-421,-432,-452,-493,-536,-596,-644,-751,-841,-7235
4,2,2050,-31707,-12,-34,-29,-24,-17,-18,-23,-16,-15,-8,-14,-2,-5,-11,-7,-13,-7,-5,-66,-58,-35,-30,-28,-34,-34,-33,-31,-26,-70,-64,-78,-84,-95,-99,-97,-100,-99,-110,-119,-123,-134,-141,-153,-157,-166,-188,-220,-264,-311,-392,-417,-418,-421,-409,-400,-394,-408,-447,-501,-576,-650,-717,-762,-795,-827,-849,-846,-823,-779,-704,-651,-586,-521,-479,-440,-421,-415,-428,-459,-496,-556,-618,-690,-739,-839,-7327
4,2,2051,-30977,-12,-34,-29,-25,-17,-18,-23,-16,-15,-8,-13,-2,-5,-11,-7,-13,-7,-5,-67,-58,-35,-30,-29,-34,-34,-33,-31,-27,-34,-56,-68,-74,-82,-85,-88,-88,-91,-98,-112,-116,-123,-131,-137,-149,-154,-168,-202,-241,-284,-330,-396,-403,-387,-374,-364,-363,-374,-407,-456,-526,-605,-680,-750,-783,-804,-820,-825,-801,-767,-719,-644,-592,-530,-472,-439,-415,-413,-421,-454,-503,-559,-640,-716,-793,-825,-7408
4,2,2052,-30243,-12,-34,-30,-25,-17,-18,-23,-15,-15,-8,-14,-2,-5,-12,-7,-13,-8,-6,-67,-58,-35,-30,-29,-34,-34,-33,-31,-27,-34,-17,-60,-64,-72,-72,-75,-81,-79,-91,-100,-109,-115,-120,-128,-132,-145,-155,-181,-221,-259,-301,-333,-382,-372,-343,-332,-330,-345,-374,-416,-478,-551,-632,-712,-771,-790,-797,-797,-783,-748,-708,-658,-586,-535,-481,-432,-413,-405,-420,-447,-498,-567,-644,-741,-821,-885,-7463
4,2,2053,-29526,-12,-34,-29,-25,-17,-18,-23,-16,-15,-8,-14,-2,-5,-12,-7,-13,-8,-6,-67,-58,-35,-30,-30,-34,-35,-33,-31,-27,-34,-17,-21,-55,-63,-64,-64,-68,-72,-79,-93,-97,-109,-114,-117,-124,-129,-148,-167,-198,-237,-275,-304,-321,-354,-331,-305,-302,-314,-345,-381,-436,-501,-576,-662,-731,-778,-783,-774,-756,-730,-690,-649,-599,-531,-485,-440,-406,-404,-412,-445,-490,-562,-654,-745,-851,-918,-7572
4,2,2054,-28816,-12,-34,-30,-25,-17,-18,-23,-16,-15,-8,-14,-2,-5,-11,-7,-13,-8,-6,-67,-58,-35,-30,-30,-34,-35,-33,-31,-27,-34,-17,-21,-17,-55,-54,-56,-59,-60,-72,-81,-89,-97,-108,-112,-114,-120,-132,-158,-183,-213,-252,-278,-294,-298,-313,-294,-277,-286,-315,-352,-400,-457,-524,-603,-680,-737,-771,-762,-735,-705,-674,-632,-590,-542,-481,-444,-414,-398,-412,-437,-489,-553,-647,-757,-856,-950,-7711
4,2,2055,-28104,-12,-34,-30,-25,-17,-18,-23,-16,-15,-8,-14,-2,-5,-12,-7,-13,-8,-7,-67,-58,-35,-30,-30,-34,-35,-33,-31,-27,-34,-17,-20,-17,-19,-48,-48,-52,-51,-61,-73,-78,-89,-95,-105,-107,-110,-123,-141,-173,-196,-226,-254,-268,-273,-263,-279,-267,-264,-287,-320,-369,-419,-478,-550,-619,-686,-731,-749,-722,-686,-651,-618,-575,-534,-492,-441,-418,-406,-405,-436,-480,-551,-638,-749,-870,-956,-7871
4,2,2056,-27385,-12,-34,-30,-25,-17,-18,-23,-16,-15,-9,-14,-2,-5,-12,-7,-13,-8,-7,-67,-58,-35,-30,-31,-34,-35,-33,-31,-27,-34,-17,-20,-17,-19,-15,-42,-45,-44,-51,-62,-70,-77,-88,-93,-101,-104,-113,-131,-155,-186,-208,-228,-246,-249,-241,-234,-253,-254,-264,-292,-336,-387,-438,-501,-564,-624,-680,-712,-711,-674,-633,-597,-562,-521,-484,-449,-415,-410,-412,-429,-479,-541,-635,-739,-861,-972,-8018
4,2,2057,-26667,-12,-34,-30,-25,-17,-18,-23,-16,-15,-9,-14,-2,-5,-12,-7,-13,-8,-7,-67,-58,-35,-30,-31,-34,-35,-33,-31,-27,-34,-17,-21,-17,-19,-15,-12,-39,-36,-44,-52,-59,-70,-77,-86,-90,-98,-106,-120,-144,-166,-197,-210,-220,-229,-220,-213,-212,-240,-255,-269,-307,-353,-404,-460,-514,-568,-619,-662,-675,-664,-622,-580,-542,-509,-471,-443,-424,-406,-417,-438,-472,-540,-624,-736,-848,-962,-8172
4,2,2058,-25960,-12,-34,-30,-25,-18,-19,-23,-16,-15,-9,-14,-2,-5,-12,-7,-13,-8,-7,-68,-59,-35,-30,-31,-34,-35,-33,-31,-27,-34,-17,-21,-17,-19,-15,-12,-11,-31,-38,-46,-49,-58,-70,-76,-83,-87,-100,-113,-132,-154,-176,-199,-204,-205,-201,-195,-194,-203,-242,-259,-282,-321,-368,-424,-472,-519,-563,-602,-627,-630,-613,-570,-527,-491,-461,-432,-417,-415,-413,-442,-480,-532,-622,-723,-846,-949,-8306
4,2,2059,-25247,-12,-34,-30,-25,-18,-19,-23,-16,-15,-9,-14,-2,-5,-12,-7,-13,-8,-7,-68,-59,-35,-30,-31,-34,-35,-33,-31,-27,-34,-18,-21,-17,-19,-15,-12,-11,-5,-32,-39,-42,-49,-58,-69,-73,-80,-88,-107,-124,-141,-163,-177,-193,-189,-181,-179,-178,-185,-204,-245,-272,-295,-336,-387,-435,-476,-514,-549,-572,-586,-581,-561,-519,-477,-445,-422,-406,-408,-422,-439,-486,-541,-613,-722,-831,-945,-8407
4,2,2060,-24548,-12,-34,-30,-25,-18,-19,-23,-16,-15,-9,-14,-2,-6,-12,-7,-13,-8,-7,-68,-59,-35,-30,-32,-34,-35,-33,-31,-27,-34,-18,-21,-17,-19,-15,-12,-11,-5,-6,-33,-35,-42,-49,-57,-65,-69,-82,-94,-117,-132,-150,-165,-172,-179,-167,-160,-162,-169,-186,-206,-257,-285,-308,-354,-397,-438,-472,-501,-521,-533,-541,-533,-511,-470,-433,-408,-397,-398,-416,-448,-481,-548,-625,-711,-829,-929,-8501
5,0,2023,-3608,4,-41,-43,-43,-41,-35,-39,-32,-30,-21,-24,-16,-13,-22,-25,-25,-34,-32,-38,-46,-73,-71,-79,-64,-69,-61,-41,-64,-63,-49,-72,-86,-63,-64,-61,-57,-63,-65,-72,-77,-65,-66,-64,-59,-54,-47,-45,-44,-47,-55,-53,-52,-55,-47,-33,-37,-30,-24,-46,-32,-47,-37,-46,-38,-33,-35,-30,-24,-44,-60,-15,-25,-15,-34,-28,-9,-10,-16,-21,-8,-7,-11,-8,-12,-16,-114
5,0,2024,-3435,4,-3,-37,-38,-34,-32,-35,-27,-30,-22,-23,-20,-20,-12,-25,-23,-28,-33,-41,-51,-51,-66,-64,-72,-58,-64,-52,-43,-56,-59,-55,-72,-75,-58,-60,-56,-52,-72,-66,-75,-72,-63,-65,-53,-57,-48,-44,-44,-48,-52,-53,-50,-48,-49,-41,-26,-38,-27,-22,-46,-33,-50,-38,-42,-39,-35,-34,-26,-21,-40,-61,-14,-20,-13,-31,-25,-9,-12,-15,-22,-8,-9,-9,-9,-16,-102
5,0,2025,-3186,2,-3,-5,-31,-28,-28,-29,-23,-26,-18,-19,-19,-22,-14,-15,-21,-26,-25,-46,-52,-57,-46,-57,-56,-62,-49,-55,-51,-39,-53,-63,-55,-64,-59,-53,-55,-53,-60,-69,-70,-67,-64,-60,-54,-51,-51,-49,-45,-50,-52,-50,-48,-47,-41,-45,-34,-27,-32,-27,-23,-42,-34,-45,-36,-41,-41,-30,-32,-26,-19,-37,-51,-12,-15,-11,-24,-22,-11,-11,-15,-19,-10,-9,-8,-9,-85
5,0,2026,-2960,2,-3,-5,-5,-24,-24,-24,-22,-20,-16,-16,-15,-20,-19,-19,-15,-23,-23,-28,-56,-56,-49,-43,-52,-49,-57,-39,-54,-43,-36,-52,-62,-46,-55,-50,-49,-49,-59,-58,-71,-64,-60,-59,-52,-53,-48,-50,-49,-48,-55,-48,-47,-45,-41,-36,-42,-35,-24,-27,-26,-23,-42,-33,-37,-32,-41,-39,-23,-28,-23,-20,-32,-45,-13,-11,-9,-15,-18,-10,-12,-14,-20,-9,-10,-10,-78
5,0,2027,-2734,2,-3,-5,-5,-2,-18,-23,-21,-17,-14,-16,-14,-16,-12,-22,-17,-17,-19,-30,-36,-59,-50,-41,-36,-44,-44,-49,-35,-45,-37,-38,-44,-50,-40,-48,-47,-43,-55,-57,-60,-62,-58,-54,-50,-50,-48,-46,-51,-49,-55,-53,-46,-42,-40,-34,-30,-40,-31,-23,-27,-25,-27,-45,-30,-35,-32,-38,-38,-23,-21,-22,-17,-31,-29,-13,-11,-10,-12,-13,-11,-10,-12,-19,-11,-10,-73
5,0,2028,-2510,2,-3,-5,-5,-2,-1,-20,-14,-18,-5,-14,-12,-12,-14,-12,-15,-18,-13,-24,-37,-40,-43,-45,-32,-28,-37,-37,-42,-30,-34,-39,-36,-36,-43,-35,-43,-42,-50,-56,-57,-53,-54,-56,-45,-45,-47,-47,-45,-53,-53,-52,-50,-42,-38,-36,-27,-28,-35,-32,-25,-26,-28,-30,-40,-31,-34,-30,-36,-37,-19,-21,-20,-17,-26,-13,-12,-11,-12,-10,-13,-12,-13,-12,-16,-11,-70
5,0,2029,-2316,2,-3,-5,-5,-2,-1,-4,-15,-14,-10,-6,-7,-16,-10,-18,-11,-13,-14,-17,-29,-38,-33,-28,-35,-23,-25,-24,-35,-29,-24,-37,-36,-31,-33,-36,-33,-37,-46,-50,-58,-51,-48,-52,-45,-44,-41,-45,-45,-48,-57,-51,-49,-46,-38,-34,-28,-26,-24,-34,-30,-25,-27,-29,-28,-41,-33,-31,-28,-29,-33,-20,-19,-18,-16,-21,-12,-12,-13,-10,-12,-12,-13,-12,-13,-14,-70
5,0,2030,-2134,2,-3,-5,-5,-2,-1,-4,-1,-11,-5,-11,-4,-8,-11,-11,-15,-12,-10,-15,-23,-29,-27,-26,-22,-23,-21,-16,-25,-25,-23,-27,-34,-31,-27,-28,-32,-28,-41,-42,-51,-51,-47,-48,-42,-42,-40,-42,-44,-48,-54,-56,-48,-44,-40,-34,-29,-26,-23,-24,-26,-25,-29,-28,-29,-30,-41,-31,-28,-25,-23,-31,-18,-16,-16,-15,-16,-12,-14,-12,-12,-12,-13,-14,-14,-14,-75
5,0,2031,-2008,2,-3,-5,-5,-2,-1,-4,-1,-4,-3,-5,-5,-7,-7,-11,-9,-12,-9,-14,-23,-28,-25,-22,-20,-18,-19,-13,-17,-20,-17,-28,-29,-26,-25,-23,-26,-26,-33,-39,-45,-47,-47,-46,-40,-39,-39,-40,-41,-48,-55,-52,-51,-45,-39,-36,-28,-27,-23,-24,-25,-24,-29,-29,-28,-30,-32,-34,-28,-25,-23,-23,-22,-17,-16,-14,-14,-13,-13,-12,-13,-12,-14,-14,-15,-15,-80
5,0,2032,-1949,2,-3,-5,-5,-2,-1,-4,-1,-4,0,-5,-4,-7,-6,-11,-9,-11,-9,-14,-21,-27,-24,-21,-20,-17,-18,-14,-16,-16,-16,-23,-28,-26,-23,-22,-23,-23,-31,-34,-41,-40,-43,-45,-37,-39,-37,-39,-40,-45,-52,-53,-49,-48,-40,-35,-29,-26,-23,-23,-25,-24,-29,-31,-29,-29,-32,-30,-29,-27,-22,-21,-18,-17,-16,-15,-14,-14,-16,-12,-13,-12,-15,-14,-15,-16,-88
5,0,2033,-1912,2,-3,-5,-5,-2,-1,-4,-1,-4,0,-2,-4,-7,-6,-10,-9,-11,-8,-13,-20,-26,-22,-21,-16,-16,-17,-14,-16,-15,-13,-22,-26,-23,-23,-20,-21,-20,-29,-31,-38,-37,-38,-42,-37,-35,-37,-37,-40,-45,-50,-51,-49,-45,-44,-36,-29,-28,-22,-23,-25,-24,-28,-30,-30,-30,-31,-31,-27,-27,-23,-22,-20,-18,-17,-15,-15,-15,-16,-14,-14,-13,-15,-15,-17,-17,-96
5,0,2034,-1855,2,-3,-5,-5,-2,-1,-4,-1,-4,0,-1,0,-7,-6,-9,-8,-10,-7,-12,-20,-24,-21,-19,-16,-14,-15,-12,-15,-13,-13,-21,-24,-21,-21,-19,-20,-19,-26,-29,-35,-34,-34,-36,-35,-37,-35,-35,-37,-43,-50,-49,-49,-46,-41,-39,-29,-27,-25,-23,-25,-24,-28,-29,-29,-31,-32,-31,-28,-26,-23,-23,-18,-18,-16,-16,-15,-14,-17,-15,-15,-13,-15,-17,-17,-17,-99
5,0,2035,-1828,2,-4,-5,-5,-2,-1,-4,-1,-4,0,-1,0,-3,-6,-9,-8,-9,-7,-10,-18,-24,-21,-19,-15,-14,-15,-11,-15,-13,-11,-20,-23,-19,-19,-18,-19,-17,-24,-26,-33,-32,-32,-34,-29,-33,-35,-33,-36,-40,-48,-49,-45,-45,-42,-37,-32,-27,-24,-25,-25,-24,-27,-29,-30,-32,-34,-32,-28,-26,-23,-23,-21,-18,-18,-16,-16,-15,-17,-15,-16,-16,-16,-17,-18,-18,-109
5,0,2036,-1775,2,-4,-5,-5,-2,-1,-4,-1,-4,0,-1,0,-3,-2,-9,-8,-8,-6,-9,-16,-22,-19,-17,-15,-14,-15,-10,-12,-12,-10,-18,-21,-19,-17,-16,-18,-17,-22,-24,-30,-30,-29,-32,-27,-30,-32,-33,-34,-39,-46,-46,-44,-41,-41,-37,-30,-29,-25,-24,-26,-24,-29,-28,-28,-31,-34,-33,-29,-26,-24,-23,-21,-18,-18,-18,-16,-16,-17,-15,-18,-16,-17,-17,-19,-19,-112
5,0,2037,-1730,2,-3,-5,-5,-2,-1,-4,-1,-4,0,-2,0,-3,-2,-5,-7,-8,-4,-9,-15,-22,-18,-16,-14,-13,-14,-10,-11,-10,-10,-17,-20,-18,-16,-15,-15,-15,-22,-23,-29,-27,-26,-29,-25,-27,-28,-31,-34,-37,-44,-44,-43,-41,-38,-36,-30,-29,-27,-25,-25,-25,-28,-30,-29,-30,-31,-32,-30,-26,-23,-23,-21,-20,-18,-17,-18,-15,-18,-16,-17,-17,-19,-18,-17,-19,-121
5,0,2038,-1713,2,-3,-5,-5,-2,-1,-4,-1,-4,0,-2,0,-3,-2,-5,-3,-7,-3,-7,-14,-19,-18,-16,-13,-13,-13,-8,-12,-10,-9,-17,-20,-17,-16,-13,-15,-13,-21,-23,-27,-25,-25,-27,-23,-25,-26,-27,-32,-37,-41,-43,-41,-41,-37,-34,-30,-29,-26,-27,-26,-25,-30,-30,-30,-31,-31,-32,-30,-29,-24,-23,-21,-20,-19,-17,-16,-18,-19,-17,-19,-18,-20,-20,-20,-19,-131
5,0,2039,-1675,2,-4,-5,-5,-2,-1,-4,-1,-4,0,-1,0,-3,-2,-5,-3,-3,-4,-6,-13,-18,-15,-13,-12,-12,-12,-8,-10,-10,-8,-16,-19,-17,-16,-13,-14,-12,-19,-20,-27,-24,-23,-25,-21,-24,-24,-25,-26,-35,-43,-40,-41,-38,-37,-34,-27,-28,-25,-26,-28,-26,-30,-32,-30,-31,-32,-32,-28,-27,-24,-23,-21,-20,-19,-19,-18,-17,-21,-17,-19,-19,-21,-21,-22,-21,-136
5,0,2040,-1623,2,-4,-5,-5,-2,-1,-4,-1,-4,0,-2,0,-3,-2,-5,-3,-3,2,-6,-12,-18,-14,-12,-10,-12,-12,-8,-10,-10,-8,-14,-17,-15,-15,-12,-14,-11,-17,-19,-25,-23,-22,-23,-19,-21,-21,-22,-25,-29,-40,-41,-38,-37,-34,-33,-27,-26,-24,-26,-26,-27,-30,-30,-32,-32,-33,-31,-28,-27,-24,-25,-21,-20,-19,-19,-18,-18,-19,-19,-19,-19,-21,-21,-23,-23,-137
5,0,2041,-1596,2,-4,-5,-5,-2,-1,-4,-1,-4,0,-2,0,-3,-2,-5,-3,-3,1,-1,-11,-16,-13,-12,-10,-9,-12,-9,-9,-8,-7,-14,-16,-13,-13,-11,-12,-11,-17,-17,-23,-22,-22,-22,-19,-20,-20,-21,-23,-27,-35,-37,-38,-35,-33,-31,-27,-27,-24,-24,-27,-27,-32,-32,-31,-34,-33,-33,-27,-27,-23,-24,-22,-20,-19,-18,-18,-18,-20,-18,-20,-19,-22,-22,-24,-25,-149
5,0,2042,-1561,1,-4,-5,-5,-2,-1,-4,-1,-4,0,-2,0,-3,-2,-5,-3,-3,1,-1,-6,-15,-11,-10,-9,-9,-10,-7,-9,-8,-8,-14,-16,-13,-13,-11,-11,-10,-15,-17,-21,-19,-19,-23,-16,-19,-18,-19,-22,-24,-32,-34,-36,-35,-32,-30,-25,-26,-24,-24,-25,-27,-30,-34,-32,-33,-34,-32,-29,-27,-23,-24,-21,-21,-19,-18,-17,-17,-21,-19,-19,-20,-22,-24,-25,-25,-160
5,0,2043,-1528,1,-4,-5,-5,-3,-1,-4,-1,-5,0,-2,0,-3,-3,-5,-3,-3,1,-1,-6,-11,-11,-9,-8,-8,-9,-6,-8,-8,-6,-14,-16,-13,-12,-10,-10,-9,-14,-15,-21,-18,-17,-20,-17,-17,-17,-17,-21,-22,-31,-30,-30,-34,-32,-29,-24,-23,-24,-23,-24,-25,-30,-32,-35,-34,-33,-34,-29,-27,-23,-24,-21,-21,-19,-19,-17,-18,-21,-20,-21,-20,-24,-23,-25,-26,-167
5,0,2044,-1518,1,-4,-6,-5,-2,-1,-4,-1,-4,0,-2,0,-3,-2,-5,-3,-3,1,-1,-6,-10,-6,-9,-7,-7,-10,-7,-8,-8,-5,-12,-16,-14,-12,-9,-9,-8,-13,-15,-19,-19,-17,-19,-15,-17,-16,-16,-18,-22,-28,-29,-29,-30,-30,-29,-22,-23,-22,-23,-24,-25,-30,-33,-33,-36,-36,-33,-32,-28,-25,-24,-21,-20,-19,-19,-17,-19,-22,-20,-22,-22,-25,-25,-26,-27,-177
5,0,2045,-1481,1,-4,-6,-5,-2,-1,-4,-2,-5,0,-2,0,-3,-3,-5,-3,-3,1,-1,-6,-10,-6,-4,-7,-7,-7,-7,-7,-8,-5,-12,-14,-13,-11,-9,-8,-7,-12,-13,-19,-16,-16,-18,-14,-16,-16,-17,-18,-20,-27,-26,-26,-26,-25,-27,-22,-22,-21,-21,-24,-24,-28,-31,-33,-35,-37,-33,-31,-29,-24,-25,-21,-20,-19,-19,-20,-19,-20,-20,-22,-22,-25,-25,-27,-28,-187
5,0,2046,-1458,1,-4,-5,-5,-2,-2,-4,-2,-5,-1,-2,-1,-3,-3,-5,-3,-3,1,-1,-6,-11,-6,-4,-2,-6,-7,-5,-7,-7,-5,-12,-13,-11,-11,-8,-10,-8,-11,-13,-17,-15,-15,-16,-14,-14,-14,-16,-16,-18,-24,-24,-25,-25,-23,-24,-22,-22,-19,-21,-23,-23,-28,-30,-32,-35,-36,-37,-31,-27,-27,-24,-22,-20,-19,-19,-20,-21,-21,-20,-21,-22,-25,-26,-27,-30,-196
5,0,2047,-1429,1,-4,-6,-5,-3,-2,-4,-2,-4,-1,-2,-1,-3,-3,-6,-3,-3,1,-1,-6,-10,-6,-4,-2,-2,-8,-5,-6,-6,-3,-11,-13,-11,-10,-9,-9,-8,-11,-11,-18,-14,-13,-15,-13,-13,-13,-14,-16,-19,-24,-22,-22,-22,-22,-21,-19,-21,-19,-20,-23,-22,-28,-30,-31,-33,-36,-34,-35,-29,-26,-24,-21,-21,-19,-19,-18,-20,-22,-20,-21,-22,-25,-26,-28,-29,-205
5,0,2048,-1395,1,-4,-5,-5,-2,-2,-4,-1,-5,-1,-2,-1,-3,-3,-5,-3,-3,1,-1,-6,-11,-6,-4,-2,-2,-4,-5,-6,-6,-3,-10,-12,-10,-10,-7,-8,-7,-11,-11,-15,-14,-13,-15,-12,-14,-12,-13,-15,-18,-23,-21,-21,-20,-19,-20,-17,-18,-19,-20,-21,-22,-25,-28,-30,-32,-35,-36,-34,-31,-26,-24,-22,-19,-19,-17,-17,-19,-21,-21,-22,-23,-26,-26,-29,-30,-212
5,0,2049,-1377,1,-4,-5,-5,-3,-2,-4,-2,-5,-1,-2,-1,-3,-3,-6,-3,-3,1,-1,-6,-11,-6,-4,-2,-2,-4,-2,-6,-6,-2,-10,-11,-9,-9,-8,-8,-6,-11,-11,-15,-13,-12,-14,-11,-13,-12,-12,-13,-16,-21,-20,-19,-19,-19,-19,-16,-16,-17,-19,-20,-21,-24,-27,-28,-32,-34,-35,-33,-30,-29,-25,-22,-21,-19,-20,-17,-19,-21,-21,-23,-23,-26,-27,-28,-31,-220
5,0,2050,-1351,0,-4,-6,-5,-3,-2,-4,-1,-5,-1,-2,-1,-3,-3,-6,-3,-3,1,-1,-6,-11,-6,-4,-2,-2,-4,-2,-2,-5,-3,-10,-11,-9,-7,-6,-8,-6,-10,-11,-15,-13,-11,-14,-11,-11,-11,-12,-12,-15,-21,-19,-19,-18,-17,-17,-15,-14,-15,-16,-20,-21,-23,-27,-27,-30,-34,-32,-31,-31,-28,-27,-22,-21,-20,-18,-20,-19,-21,-20,-23,-24,-26,-27,-29,-31,-226
5,0,2051,-1321,0,-4,-6,-5,-3,-2,-4,-2,-5,-1,-2,-1,-3,-3,-6,-3,-3,1,-1,-6,-11,-6,-4,-2,-2,-4,-2,-2,-2,-2,-9,-11,-9,-7,-5,-6,-5,-9,-10,-15,-13,-11,-13,-11,-12,-10,-11,-12,-13,-19,-18,-18,-16,-16,-16,-13,-14,-14,-15,-16,-20,-24,-26,-27,-28,-31,-31,-31,-29,-28,-25,-24,-21,-20,-21,-19,-20,-21,-20,-23,-23,-27,-27,-29,-31,-232
5,0,2052,-1299,0,-4,-6,-5,-3,-2,-4,-2,-5,-1,-3,-1,-3,-3,-6,-3,-3,1,-1,-6,-11,-6,-4,-2,-3,-4,-3,-2,-2,1,-9,-10,-9,-7,-5,-5,-5,-8,-9,-13,-13,-11,-12,-9,-12,-10,-10,-12,-12,-18,-16,-17,-17,-15,-15,-12,-13,-13,-13,-16,-18,-23,-25,-25,-28,-30,-31,-31,-28,-27,-25,-24,-22,-20,-20,-20,-20,-22,-20,-22,-23,-26,-28,-30,-30,-239
5,0,2053,-1275,0,-4,-6,-5,-3,-2,-4,-2,-5,-1,-3,-1,-3,-3,-6,-3,-3,1,-1,-6,-11,-6,-4,-2,-3,-4,-3,-2,-3,1,-5,-10,-7,-7,-5,-5,-5,-8,-8,-13,-11,-11,-12,-8,-11,-10,-10,-11,-12,-18,-15,-14,-16,-15,-14,-11,-13,-12,-13,-15,-15,-20,-23,-25,-28,-29,-29,-29,-28,-25,-25,-24,-22,-22,-20,-18,-22,-21,-21,-22,-23,-26,-28,-31,-31,-246
5,0,2054,-1248,0,-5,-6,-5,-3,-2,-4,-2,-5,-1,-2,-1,-3,-3,-6,-3,-3,1,-2,-6,-11,-6,-4,-2,-3,-4,-3,-2,-3,1,-5,-6,-7,-7,-5,-5,-4,-7,-8,-12,-11,-10,-11,-8,-10,-8,-10,-11,-11,-17,-15,-14,-13,-13,-13,-12,-11,-11,-13,-14,-14,-19,-20,-23,-28,-29,-29,-27,-27,-25,-25,-23,-22,-21,-21,-20,-20,-23,-21,-23,-23,-26,-28,-30,-34,-247
5,0,2055,-1223,0,-5,-6,-5,-3,-2,-4,-2,-5,-1,-3,-1,-3,-3,-6,-3,-3,0,-2,-6,-11,-6,-4,-2,-3,-4,-4,-2,-3,1,-5,-6,-4,-5,-5,-5,-4,-6,-7,-12,-11,-9,-10,-7,-9,-7,-7,-11,-11,-16,-14,-13,-12,-12,-13,-11,-11,-11,-11,-14,-13,-17,-19,-22,-26,-29,-27,-27,-26,-24,-25,-21,-21,-21,-21,-22,-22,-22,-21,-22,-23,-25,-27,-30,-33,-257
5,0,2056,-1198,0,-5,-6,-5,-3,-2,-4,-2,-5,-1,-3,-2,-3,-3,-6,-3,-3,0,-2,-6,-11,-6,-4,-2,-3,-4,-4,-2,-3,1,-5,-6,-4,-3,-4,-6,-4,-6,-6,-11,-9,-9,-10,-8,-9,-7,-7,-9,-11,-16,-13,-12,-12,-12,-13,-10,-11,-10,-10,-12,-13,-16,-18,-19,-23,-26,-28,-26,-25,-23,-23,-20,-21,-20,-21,-20,-23,-22,-21,-24,-23,-26,-27,-30,-32,-261
5,0,2057,-1169,0,-5,-6,-5,-3,-3,-4,-2,-5,-1,-3,-2,-3,-3,-6,-3,-3,0,-2,-6,-11,-6,-4,-2,-3,-4,-4,-3,-3,1,-6,-6,-4,-3,0,-4,-4,-6,-6,-10,-9,-8,-9,-7,-9,-7,-7,-7,-9,-15,-13,-12,-12,-12,-11,-10,-11,-10,-9,-10,-12,-15,-17,-18,-21,-24,-25,-26,-24,-23,-22,-20,-21,-19,-20,-21,-22,-24,-21,-23,-24,-25,-28,-29,-32,-263
5,0,2058,-1143,0,-5,-6,-5,-3,-3,-4,-2,-5,-2,-3,-2,-3,-3,-6,-3,-3,0,-2,-6,-11,-6,-4,-2,-3,-4,-4,-3,-3,1,-6,-6,-4,-3,0,-1,-2,-6,-6,-10,-8,-8,-9,-6,-8,-7,-7,-7,-8,-14,-12,-11,-11,-12,-10,-9,-9,-9,-9,-10,-12,-14,-15,-17,-19,-21,-22,-25,-23,-22,-22,-20,-20,-19,-19,-20,-22,-23,-23,-24,-24,-27,-28,-30,-32,-267
5,0,2059,-1114,-1,-5,-6,-5,-3,-3,-4,-2,-5,-2,-3,-2,-3,-3,-6,-3,-3,0,-2,-6,-11,-6,-4,-2,-3,-4,-4,-3,-3,0,-6,-6,-4,-3,0,-1,1,-5,-6,-10,-8,-7,-8,-6,-7,-6,-7,-8,-8,-12,-10,-11,-10,-10,-10,-9,-7,-8,-9,-10,-9,-14,-15,-15,-17,-19,-21,-21,-22,-22,-22,-20,-18,-19,-19,-19,-21,-23,-22,-25,-24,-27,-29,-30,-32,-271
5,0,2060,-1082,-1,-5,-6,-5,-3,-3,-4,-2,-5,-2,-3,-2,-3,-3,-6,-3,-3,0,-2,-6,-11,-6,-4,-2,-3,-4,-5,-3,-4,0,-6,-6,-4,-3,0,-1,0,-1,-4,-10,-8,-7,-8,-6,-7,-5,-7,-8,-7,-13,-9,-9,-9,-8,-9,-8,-7,-7,-7,-10,-9,-13,-13,-14,-17,-18,-19,-18,-20,-20,-21,-18,-18,-19,-19,-20,-20,-23,-22,-24,-26,-27,-29,-31,-32,-269
5,1,2023,-1958,0,-24,-27,-26,-25,-20,-23,-16,-18,-14,-13,-10,-3,-14,-12,-15,-18,-18,-22,-28,-45,-35,-51,-32,-37,-32,-19,-32,-29,-20,-33,-51,-40,-33,-40,-34,-40,-38,-40,-51,-39,-43,-43,-37,-29,-27,-25,-24,-28,-26,-29,-31,-29,-26,-18,-15,-17,-12,-20,-18,-17,-14,-30,-15,-19,-19,-17,-12,-20,-33,-8,-15,-6,-6,-20,-5,-5,-12,-4,-4,-4,-7,-4,-5,-12,-31
5,1,2024,-1886,0,0,-23,-23,-20,-19,-22,-15,-17,-14,-13,-14,-9,-5,-13,-12,-17,-19,-25,-26,-33,-40,-31,-45,-32,-31,-31,-19,-26,-25,-24,-37,-44,-39,-35,-38,-32,-44,-39,-43,-45,-39,-41,-35,-35,-26,-25,-24,-27,-29,-25,-29,-29,-25,-25,-13,-17,-16,-11,-20,-18,-18,-16,-27,-16,-18,-18,-16,-10,-18,-32,-8,-15,-5,-6,-18,-5,-6,-12,-4,-4,-5,-5,-5,-9,-42
5,1,2025,-1761,0,0,-3,-18,-16,-18,-18,-13,-16,-13,-9,-12,-12,-8,-5,-11,-13,-15,-28,-27,-31,-30,-37,-26,-41,-22,-28,-29,-19,-21,-25,-29,-29,-36,-39,-34,-37,-34,-45,-43,-38,-42,-37,-33,-32,-32,-26,-26,-28,-28,-28,-24,-27,-24,-23,-19,-14,-16,-15,-11,-20,-18,-20,-16,-25,-16,-15,-18,-16,-10,-17,-26,-7,-10,-5,-6,-15,-6,-6,-10,-5,-6,-5,-4,-5,-41
5,1,2026,-1638,0,0,-3,-2,-14,-14,-15,-13,-12,-12,-9,-10,-12,-14,-9,-7,-13,-11,-17,-30,-30,-27,-29,-32,-26,-34,-19,-28,-26,-15,-22,-29,-20,-24,-30,-36,-31,-39,-33,-47,-37,-36,-37,-31,-31,-30,-30,-26,-29,-29,-26,-27,-23,-23,-21,-18,-20,-12,-15,-13,-11,-22,-17,-19,-17,-24,-16,-13,-15,-15,-9,-17,-22,-7,-6,-5,-6,-10,-6,-6,-10,-6,-5,-5,-5,-36
5,1,2027,-1513,0,0,-3,-2,0,-12,-15,-11,-10,-10,-9,-9,-9,-9,-13,-8,-8,-11,-15,-17,-33,-27,-24,-23,-29,-20,-32,-17,-22,-20,-16,-25,-23,-19,-24,-29,-29,-34,-37,-36,-39,-36,-34,-30,-28,-28,-27,-31,-28,-32,-28,-25,-24,-20,-19,-16,-18,-18,-11,-14,-12,-13,-25,-15,-17,-17,-23,-16,-12,-11,-13,-8,-17,-15,-7,-6,-6,-7,-6,-6,-6,-8,-5,-6,-5,-35
5,1,2028,-1381,0,0,-3,-2,0,0,-13,-8,-10,-4,-7,-10,-5,-10,-5,-9,-9,-8,-14,-14,-22,-24,-23,-17,-20,-18,-19,-23,-16,-16,-21,-20,-18,-22,-19,-24,-27,-31,-34,-36,-31,-35,-35,-28,-26,-27,-26,-25,-32,-29,-30,-27,-23,-22,-19,-14,-15,-15,-18,-11,-14,-14,-15,-23,-15,-16,-16,-21,-15,-11,-10,-12,-8,-14,-8,-7,-6,-7,-6,-6,-7,-8,-7,-6,-6,-34
5,1,2029,-1278,0,0,-3,-2,0,0,-3,-9,-9,-8,-3,-6,-11,-6,-10,-6,-8,-8,-12,-13,-20,-20,-17,-15,-14,-13,-12,-18,-13,-11,-19,-23,-14,-16,-21,-18,-22,-28,-30,-34,-31,-30,-33,-28,-26,-24,-25,-25,-28,-31,-28,-28,-25,-20,-20,-14,-14,-14,-16,-15,-11,-13,-15,-15,-24,-15,-16,-16,-16,-13,-10,-10,-11,-8,-12,-7,-7,-8,-6,-7,-7,-8,-7,-7,-6,-33
5,1,2030,-1174,0,0,-3,-2,0,0,-3,1,-8,-4,-6,-3,-3,-9,-4,-10,-7,-6,-10,-12,-16,-17,-16,-12,-13,-9,-9,-14,-13,-6,-11,-20,-17,-13,-16,-19,-16,-24,-25,-31,-29,-29,-30,-27,-24,-24,-23,-25,-28,-30,-31,-27,-25,-22,-19,-15,-14,-13,-12,-13,-12,-14,-14,-15,-16,-23,-15,-15,-13,-12,-11,-10,-9,-9,-7,-10,-7,-8,-7,-7,-7,-8,-8,-8,-8,-35
5,1,2031,-1101,0,0,-3,-2,0,0,-3,1,-2,-4,-2,-4,-3,-5,-5,-5,-7,-6,-10,-12,-17,-15,-13,-10,-11,-8,-8,-9,-10,-7,-9,-17,-12,-12,-13,-15,-15,-18,-23,-27,-27,-28,-28,-25,-23,-23,-23,-23,-28,-30,-29,-29,-25,-22,-20,-14,-15,-13,-12,-12,-12,-14,-15,-15,-16,-16,-19,-14,-14,-13,-11,-10,-10,-9,-8,-7,-8,-7,-7,-7,-7,-9,-8,-8,-8,-39
5,1,2032,-1063,0,0,-3,-2,0,0,-3,1,-2,-1,-2,-3,-3,-5,-5,-5,-7,-6,-10,-10,-16,-15,-13,-10,-11,-7,-8,-9,-9,-6,-9,-15,-12,-11,-12,-13,-13,-18,-19,-24,-22,-25,-27,-23,-23,-21,-22,-22,-26,-28,-29,-28,-27,-22,-20,-15,-14,-13,-12,-12,-12,-14,-16,-15,-15,-16,-16,-16,-14,-12,-11,-10,-10,-9,-9,-8,-8,-9,-7,-7,-7,-9,-8,-8,-8,-42
5,1,2033,-1048,0,0,-3,-2,0,0,-3,1,-2,-1,-1,-3,-3,-5,-5,-5,-7,-6,-9,-10,-15,-13,-13,-8,-11,-6,-8,-9,-8,-5,-8,-15,-10,-11,-12,-12,-12,-16,-18,-22,-21,-22,-25,-23,-20,-22,-21,-22,-26,-28,-28,-27,-26,-25,-20,-15,-15,-12,-12,-12,-12,-14,-16,-16,-16,-16,-16,-15,-14,-13,-12,-11,-10,-10,-9,-9,-9,-9,-8,-7,-8,-9,-8,-9,-9,-45
5,1,2034,-1011,0,0,-3,-2,0,0,-3,1,-2,-1,0,-1,-3,-5,-4,-5,-6,-5,-9,-10,-14,-13,-12,-8,-9,-6,-7,-8,-7,-5,-8,-13,-9,-9,-11,-12,-11,-15,-16,-21,-18,-19,-21,-21,-21,-20,-20,-21,-25,-28,-27,-27,-25,-23,-22,-15,-15,-14,-12,-12,-12,-14,-15,-16,-17,-16,-16,-15,-14,-13,-12,-10,-10,-9,-9,-9,-8,-10,-9,-8,-7,-9,-9,-9,-9,-48
5,1,2035,-997,0,-1,-3,-2,0,0,-3,1,-2,-1,0,-1,-1,-5,-4,-5,-5,-5,-8,-9,-14,-13,-12,-8,-10,-6,-7,-8,-7,-4,-8,-13,-8,-8,-10,-11,-10,-13,-15,-19,-18,-18,-20,-17,-18,-20,-18,-21,-23,-27,-27,-25,-25,-23,-21,-17,-15,-14,-13,-12,-12,-13,-15,-16,-17,-18,-17,-15,-14,-13,-12,-12,-10,-10,-9,-9,-9,-10,-9,-9,-9,-9,-9,-9,-9,-53
5,1,2036,-962,0,-1,-3,-2,0,0,-3,1,-2,-1,0,-1,-1,-3,-4,-5,-5,-4,-7,-8,-13,-11,-10,-8,-9,-6,-6,-7,-6,-3,-7,-12,-8,-7,-9,-10,-10,-12,-13,-18,-16,-16,-18,-16,-16,-18,-18,-18,-22,-25,-26,-25,-23,-23,-21,-16,-16,-14,-12,-13,-12,-15,-14,-15,-17,-18,-17,-16,-14,-14,-12,-12,-10,-10,-10,-9,-9,-10,-9,-10,-9,-10,-9,-10,-10,-55
5,1,2037,-940,0,0,-3,-2,0,0,-3,1,-2,-1,-1,-1,-1,-3,-2,-4,-5,-3,-7,-8,-13,-11,-10,-7,-8,-5,-6,-6,-6,-3,-6,-12,-7,-6,-9,-9,-8,-12,-13,-17,-15,-15,-17,-15,-15,-16,-16,-19,-21,-24,-24,-24,-23,-21,-21,-16,-16,-15,-13,-12,-13,-13,-16,-15,-17,-16,-17,-17,-14,-13,-12,-12,-11,-10,-9,-10,-9,-11,-10,-9,-10,-11,-10,-9,-10,-59
5,1,2038,-931,0,0,-3,-2,0,0,-3,1,-2,-1,-1,-1,-1,-3,-2,-2,-5,-3,-6,-7,-12,-11,-10,-6,-8,-5,-5,-7,-6,-3,-6,-12,-7,-7,-7,-9,-7,-11,-13,-16,-13,-14,-16,-13,-13,-14,-14,-16,-21,-22,-23,-23,-23,-21,-19,-16,-16,-14,-15,-13,-13,-15,-15,-16,-16,-16,-17,-17,-16,-14,-12,-12,-11,-11,-9,-9,-11,-11,-11,-11,-11,-12,-11,-11,-10,-65
5,1,2039,-909,0,-1,-3,-2,0,0,-3,1,-2,-1,0,-1,-1,-3,-2,-2,-2,-3,-5,-6,-11,-10,-9,-6,-8,-4,-5,-6,-6,-3,-6,-12,-7,-7,-7,-8,-7,-10,-11,-16,-13,-13,-15,-13,-13,-13,-13,-13,-19,-23,-21,-23,-21,-21,-20,-14,-15,-14,-14,-14,-13,-15,-17,-16,-17,-16,-17,-15,-15,-14,-12,-12,-11,-11,-11,-10,-10,-12,-10,-11,-11,-13,-12,-12,-11,-65
5,1,2040,-878,0,-1,-3,-2,0,0,-3,1,-2,-1,-1,-1,-1,-3,-2,-2,-2,0,-5,-6,-11,-9,-8,-5,-8,-4,-5,-6,-6,-3,-5,-10,-6,-7,-7,-8,-6,-9,-10,-14,-12,-12,-13,-11,-11,-11,-11,-13,-16,-21,-22,-21,-21,-19,-19,-14,-14,-13,-14,-13,-14,-15,-16,-17,-17,-18,-16,-15,-15,-14,-14,-12,-11,-11,-11,-10,-10,-11,-11,-11,-12,-13,-12,-12,-12,-66
5,1,2041,-860,0,-1,-3,-2,0,0,-3,1,-2,-1,-1,-1,-1,-3,-2,-2,-2,0,-2,-5,-10,-9,-8,-5,-6,-5,-5,-5,-5,-2,-5,-10,-5,-6,-7,-7,-7,-9,-9,-13,-11,-12,-13,-11,-11,-11,-11,-11,-15,-17,-19,-21,-19,-18,-18,-14,-15,-13,-12,-13,-14,-16,-17,-17,-18,-17,-18,-15,-15,-14,-13,-12,-11,-11,-10,-10,-10,-11,-11,-12,-11,-14,-13,-13,-13,-71
5,1,2042,-841,0,-1,-3,-2,0,0,-3,1,-2,-1,-1,-1,-1,-3,-2,-2,-2,0,-2,-2,-9,-7,-7,-4,-6,-3,-4,-5,-5,-3,-5,-10,-5,-6,-6,-7,-6,-8,-9,-12,-10,-10,-13,-10,-9,-10,-10,-11,-13,-16,-17,-19,-19,-18,-17,-13,-14,-13,-12,-12,-14,-15,-18,-17,-18,-18,-17,-17,-15,-14,-13,-12,-12,-11,-10,-10,-10,-12,-11,-11,-12,-13,-14,-14,-13,-80
5,1,2043,-819,0,-1,-3,-2,0,0,-3,1,-3,-1,-1,-1,-1,-3,-2,-2,-2,0,-2,-2,-6,-7,-6,-4,-6,-3,-4,-5,-5,-2,-5,-10,-5,-5,-6,-6,-6,-7,-8,-12,-9,-9,-11,-10,-9,-9,-9,-11,-12,-15,-15,-16,-18,-18,-17,-13,-12,-13,-12,-12,-12,-15,-17,-19,-18,-17,-18,-16,-15,-14,-13,-12,-12,-11,-11,-10,-10,-12,-12,-12,-12,-14,-13,-14,-14,-80
5,1,2044,-814,0,-1,-3,-2,0,0,-3,1,-2,-1,-1,-1,-1,-3,-2,-2,-2,0,-2,-2,-6,-4,-6,-3,-5,-4,-5,-5,-5,-2,-4,-10,-5,-5,-5,-6,-5,-7,-8,-11,-10,-9,-11,-9,-9,-9,-8,-9,-12,-14,-14,-15,-16,-16,-16,-11,-12,-11,-12,-12,-12,-15,-17,-18,-20,-19,-18,-17,-15,-15,-13,-12,-11,-11,-11,-10,-11,-13,-12,-13,-13,-15,-14,-14,-15,-87
5,1,2045,-793,0,-1,-3,-2,0,0,-3,0,-3,-1,-1,-1,-1,-3,-2,-2,-2,0,-2,-2,-6,-4,-3,-3,-5,-1,-5,-5,-5,-2,-4,-10,-5,-5,-5,-5,-5,-6,-7,-11,-8,-8,-10,-8,-7,-8,-9,-9,-11,-13,-13,-13,-14,-13,-15,-11,-12,-12,-11,-12,-12,-14,-16,-18,-19,-20,-18,-17,-16,-14,-14,-12,-11,-11,-11,-12,-11,-12,-12,-13,-13,-15,-14,-15,-15,-90
5,1,2046,-783,0,-1,-3,-2,0,-1,-3,0,-3,-1,-1,-2,-1,-3,-2,-2,-2,0,-2,-2,-6,-4,-3,0,-4,-1,-3,-4,-6,-2,-5,-9,-5,-5,-5,-6,-5,-6,-7,-10,-7,-8,-9,-7,-7,-7,-8,-8,-10,-12,-12,-13,-13,-12,-13,-11,-12,-10,-11,-11,-12,-14,-16,-17,-19,-19,-20,-17,-15,-15,-13,-13,-11,-11,-11,-12,-12,-13,-12,-12,-13,-15,-15,-15,-16,-97
5,1,2047,-762,0,-1,-3,-2,0,-1,-3,0,-2,-1,-1,-2,-1,-3,-3,-2,-2,0,-2,-2,-6,-4,-3,0,-2,-2,-3,-3,-5,-1,-4,-9,-5,-5,-5,-5,-5,-6,-6,-11,-7,-7,-9,-7,-7,-7,-6,-8,-10,-11,-11,-11,-11,-11,-11,-10,-11,-10,-10,-11,-11,-14,-16,-16,-18,-19,-19,-19,-16,-15,-13,-12,-12,-11,-11,-10,-12,-13,-12,-12,-13,-15,-15,-16,-15,-100
5,1,2048,-744,0,-1,-3,-2,0,-1,-3,1,-3,-1,-1,-2,-1,-3,-2,-2,-2,0,-2,-2,-6,-4,-3,0,-2,0,-3,-3,-4,-1,-4,-8,-3,-5,-5,-5,-4,-6,-6,-9,-7,-7,-9,-7,-7,-6,-7,-7,-9,-11,-10,-11,-11,-10,-11,-8,-9,-10,-10,-9,-11,-12,-15,-16,-17,-18,-19,-19,-17,-15,-13,-13,-11,-11,-10,-10,-11,-13,-13,-13,-14,-16,-15,-16,-16,-103
5,1,2049,-739,0,-1,-3,-2,0,-1,-3,0,-3,-1,-1,-2,-1,-3,-3,-2,-2,0,-2,-2,-6,-4,-3,0,-2,0,-2,-3,-4,0,-4,-8,-3,-4,-5,-5,-4,-6,-6,-9,-7,-6,-8,-6,-6,-6,-6,-7,-8,-10,-10,-10,-10,-10,-10,-7,-8,-8,-9,-9,-10,-12,-14,-15,-17,-18,-19,-18,-17,-17,-14,-13,-12,-11,-12,-10,-11,-13,-13,-14,-14,-16,-16,-16,-17,-109
5,1,2050,-723,0,-1,-3,-2,0,-1,-3,1,-3,-1,-1,-2,-1,-3,-3,-2,-2,0,-2,-2,-6,-4,-3,0,-2,0,-1,-1,-4,-1,-4,-8,-3,-3,-4,-5,-4,-5,-6,-9,-7,-6,-8,-6,-5,-6,-6,-6,-8,-9,-9,-10,-9,-9,-9,-7,-7,-8,-8,-9,-10,-11,-14,-14,-16,-18,-17,-18,-17,-16,-15,-13,-12,-12,-10,-12,-11,-13,-12,-14,-15,-16,-16,-16,-17,-112
5,1,2051,-707,0,-1,-3,-2,0,-1,-3,0,-3,-1,-1,-2,-1,-3,-3,-2,-2,0,-2,-2,-6,-4,-3,0,-2,0,-2,-1,-2,-1,-3,-8,-3,-3,-3,-4,-4,-5,-5,-9,-7,-6,-8,-6,-5,-5,-6,-6,-6,-9,-8,-9,-8,-8,-9,-6,-7,-7,-7,-7,-9,-12,-13,-14,-15,-17,-17,-17,-16,-16,-14,-14,-12,-12,-12,-11,-12,-13,-12,-14,-14,-17,-16,-16,-17,-115
5,1,2052,-694,0,-1,-3,-2,0,-1,-3,0,-3,-1,-2,-2,-1,-3,-3,-2,-2,0,-2,-2,-6,-4,-3,0,-2,0,-2,-1,-2,1,-3,-7,-3,-3,-3,-3,-4,-5,-5,-8,-7,-6,-7,-5,-6,-5,-5,-5,-6,-8,-8,-8,-9,-8,-8,-6,-7,-6,-6,-7,-8,-11,-13,-13,-15,-16,-17,-17,-16,-16,-14,-14,-13,-12,-12,-12,-11,-14,-12,-13,-14,-16,-16,-17,-16,-117
5,1,2053,-680,0,-1,-3,-2,0,-1,-3,0,-3,-1,-2,-2,-1,-3,-3,-2,-2,0,-2,-2,-6,-4,-3,0,-2,0,-2,-1,-3,1,-1,-7,-2,-3,-3,-3,-4,-5,-5,-8,-6,-5,-7,-5,-5,-5,-5,-5,-6,-8,-7,-7,-8,-8,-8,-5,-7,-6,-6,-6,-7,-9,-11,-13,-14,-15,-15,-16,-16,-14,-14,-14,-13,-13,-12,-11,-13,-13,-13,-13,-14,-16,-16,-18,-17,-121
5,1,2054,-666,0,-2,-3,-2,0,-1,-3,0,-3,-1,-1,-2,-1,-3,-3,-2,-2,0,-2,-2,-6,-4,-3,0,-2,0,-2,-1,-3,1,-1,-5,-1,-3,-3,-3,-3,-4,-5,-8,-6,-5,-7,-5,-5,-5,-5,-6,-6,-8,-7,-7,-7,-6,-7,-6,-5,-5,-6,-6,-6,-9,-10,-11,-14,-15,-15,-15,-15,-14,-14,-13,-13,-13,-12,-12,-12,-14,-13,-14,-14,-16,-16,-17,-18,-122
5,1,2055,-652,0,-2,-3,-2,0,-1,-3,0,-3,-1,-2,-2,-1,-3,-3,-2,-2,0,-2,-2,-6,-4,-3,0,-2,0,-3,-1,-3,1,-1,-5,0,-2,-3,-3,-3,-3,-4,-8,-6,-4,-6,-4,-4,-4,-4,-6,-6,-7,-7,-6,-6,-6,-7,-5,-5,-5,-5,-6,-6,-8,-9,-11,-12,-15,-14,-15,-14,-14,-14,-12,-12,-13,-12,-13,-13,-14,-13,-13,-14,-16,-16,-17,-18,-128
5,1,2056,-637,0,-2,-3,-2,0,-1,-3,0,-3,-1,-2,-2,-1,-3,-3,-2,-2,0,-2,-2,-6,-4,-3,0,-2,0,-3,-1,-3,1,-1,-5,0,-1,-2,-4,-3,-3,-3,-7,-5,-4,-6,-5,-4,-4,-4,-5,-6,-7,-6,-6,-6,-6,-7,-4,-5,-5,-5,-5,-6,-7,-8,-9,-11,-13,-15,-14,-14,-13,-13,-12,-12,-12,-12,-12,-13,-14,-13,-15,-14,-17,-16,-17,-18,-128
5,1,2057,-622,0,-2,-3,-2,0,-1,-3,0,-3,-1,-2,-2,-1,-3,-3,-2,-2,0,-2,-2,-6,-4,-3,0,-2,0,-3,-2,-3,1,-2,-5,0,-1,0,-2,-3,-3,-3,-6,-5,-4,-6,-4,-4,-4,-4,-3,-5,-7,-6,-6,-6,-6,-6,-5,-5,-5,-4,-4,-5,-7,-8,-8,-10,-12,-13,-14,-13,-13,-12,-12,-12,-11,-12,-12,-13,-15,-13,-14,-15,-16,-17,-17,-18,-130
5,1,2058,-611,0,-2,-3,-2,0,-1,-3,0,-3,-1,-2,-2,-1,-3,-3,-2,-2,0,-2,-2,-6,-4,-3,0,-2,0,-3,-2,-3,1,-2,-5,0,-1,0,-1,-2,-3,-3,-6,-4,-4,-6,-4,-3,-4,-4,-4,-4,-7,-6,-6,-6,-6,-6,-5,-5,-4,-4,-4,-5,-6,-8,-8,-9,-10,-11,-13,-12,-12,-12,-12,-12,-11,-11,-12,-12,-14,-15,-15,-15,-17,-16,-17,-18,-133
5,1,2059,-594,0,-2,-3,-2,0,-1,-3,0,-3,-1,-2,-2,-1,-3,-3,-2,-2,0,-2,-2,-6,-4,-3,0,-2,0,-2,-2,-3,0,-2,-5,0,-1,0,-1,0,-2,-3,-6,-4,-3,-5,-4,-3,-3,-4,-4,-4,-5,-5,-6,-5,-5,-6,-5,-3,-4,-4,-4,-4,-6,-8,-7,-8,-9,-11,-11,-12,-12,-12,-12,-11,-11,-11,-12,-12,-14,-14,-15,-15,-17,-17,-17,-18,-136
5,1,2060,-578,0,-2,-3,-2,0,-1,-3,0,-3,-1,-2,-2,-1,-3,-3,-2,-2,0,-2,-2,-6,-4,-3,0,-2,0,-3,-2,-4,0,-2,-5,0,-1,0,-1,0,0,-3,-6,-4,-3,-5,-4,-3,-3,-4,-4,-4,-6,-4,-5,-5,-4,-5,-4,-3,-3,-3,-4,-4,-6,-6,-7,-8,-9,-9,-9,-10,-11,-12,-10,-11,-11,-11,-12,-12,-14,-14,-15,-17,-17,-17,-18,-17,-135
5,2,2023,-1650,4,-17,-16,-17,-16,-15,-16,-16,-12,-7,-11,-6,-10,-8,-13,-10,-16,-14,-16,-18,-28,-36,-28,-32,-32,-29,-22,-32,-34,-29,-39,-35,-23,-31,-21,-23,-23,-27,-32,-26,-26,-23,-21,-22,-25,-20,-20,-20,-19,-29,-24,-21,-26,-21,-15,-22,-13,-12,-26,-14,-30,-23,-16,-23,-14,-16,-13,-12,-24,-27,-7,-10,-9,-28,-8,-4,-5,-4,-17,-4,-3,-4,-4,-7,-4,-83
5,2,2024,-1549,4,-3,-14,-15,-14,-13,-13,-12,-13,-8,-10,-6,-11,-7,-12,-11,-11,-14,-16,-25,-18,-26,-33,-27,-26,-33,-21,-24,-30,-34,-31,-35,-31,-19,-25,-18,-20,-28,-27,-32,-27,-24,-24,-18,-22,-22,-19,-20,-21,-23,-28,-21,-19,-24,-16,-13,-21,-11,-11,-26,-15,-32,-22,-15,-23,-17,-16,-10,-11,-22,-29,-6,-5,-8,-25,-7,-4,-6,-3,-18,-4,-4,-4,-4,-7,-60
5,2,2025,-1425,2,-3,-2,-13,-12,-10,-11,-10,-10,-5,-10,-7,-10,-6,-10,-10,-13,-10,-18,-25,-26,-16,-20,-30,-21,-27,-27,-22,-20,-32,-38,-26,-35,-23,-14,-21,-16,-26,-24,-27,-29,-22,-23,-21,-19,-19,-23,-19,-22,-24,-22,-24,-20,-17,-22,-15,-13,-16,-12,-12,-22,-16,-25,-20,-16,-25,-15,-14,-10,-9,-20,-25,-5,-5,-6,-18,-7,-5,-5,-5,-14,-4,-4,-4,-4,-44
5,2,2026,-1322,2,-3,-2,-3,-10,-10,-9,-9,-8,-4,-7,-5,-8,-5,-10,-8,-10,-12,-11,-26,-26,-22,-14,-20,-23,-23,-20,-26,-17,-21,-30,-33,-26,-31,-20,-13,-18,-20,-25,-24,-27,-24,-22,-21,-22,-18,-20,-23,-19,-26,-22,-20,-22,-18,-15,-24,-15,-12,-12,-13,-12,-20,-16,-18,-15,-17,-23,-10,-13,-8,-11,-15,-23,-6,-5,-4,-9,-8,-4,-6,-4,-14,-4,-5,-5,-42
5,2,2027,-1221,2,-3,-2,-3,-2,-6,-8,-10,-7,-4,-7,-5,-7,-3,-9,-9,-9,-8,-15,-19,-26,-23,-17,-13,-15,-24,-17,-18,-23,-17,-22,-19,-27,-21,-24,-18,-14,-21,-20,-24,-23,-22,-20,-20,-22,-20,-19,-20,-21,-23,-25,-21,-18,-20,-15,-14,-22,-13,-12,-13,-13,-14,-20,-15,-18,-15,-15,-22,-11,-10,-9,-9,-14,-14,-6,-5,-4,-5,-7,-5,-4,-4,-14,-5,-5,-38
5,2,2028,-1129,2,-3,-2,-3,-2,-1,-7,-6,-8,-1,-7,-2,-7,-4,-7,-6,-9,-5,-10,-23,-18,-19,-22,-15,-8,-19,-18,-19,-14,-18,-18,-16,-18,-21,-16,-19,-15,-19,-22,-21,-22,-19,-21,-17,-19,-20,-21,-20,-21,-24,-22,-23,-19,-16,-17,-13,-13,-20,-14,-14,-12,-14,-15,-17,-16,-18,-14,-15,-22,-8,-11,-8,-9,-12,-5,-5,-5,-5,-4,-7,-5,-5,-5,-10,-5,-36
5,2,2029,-1038,2,-3,-2,-3,-2,-1,-1,-6,-5,-2,-3,-1,-5,-4,-8,-5,-5,-6,-5,-16,-18,-13,-11,-20,-9,-12,-12,-17,-16,-13,-18,-13,-17,-17,-15,-15,-15,-18,-20,-24,-20,-18,-19,-17,-18,-17,-20,-20,-20,-26,-23,-21,-21,-18,-14,-14,-12,-10,-18,-15,-14,-14,-14,-13,-17,-18,-15,-12,-13,-20,-10,-9,-7,-8,-9,-5,-5,-5,-4,-5,-5,-5,-5,-6,-8,-37
5,2,2030,-960,2,-3,-2,-3,-2,-1,-1,-2,-3,-1,-5,-1,-5,-2,-7,-5,-5,-4,-5,-11,-13,-10,-10,-10,-10,-12,-7,-11,-12,-17,-16,-14,-14,-14,-12,-13,-12,-17,-17,-20,-22,-18,-18,-15,-18,-16,-19,-19,-20,-24,-25,-21,-19,-18,-15,-14,-12,-10,-12,-13,-13,-15,-14,-14,-14,-18,-16,-13,-12,-11,-20,-8,-7,-7,-8,-6,-5,-6,-5,-5,-5,-5,-6,-6,-6,-40
5,2,2031,-907,2,-3,-2,-3,-2,-1,-1,-2,-2,1,-3,-1,-4,-2,-6,-4,-5,-3,-4,-11,-11,-10,-9,-10,-7,-11,-5,-8,-10,-10,-19,-12,-14,-13,-10,-11,-11,-15,-16,-18,-20,-19,-18,-15,-16,-16,-17,-18,-20,-25,-23,-22,-20,-17,-16,-14,-12,-10,-12,-13,-12,-15,-14,-13,-14,-16,-15,-14,-11,-10,-12,-12,-7,-7,-6,-7,-5,-6,-5,-6,-5,-5,-6,-7,-7,-41
5,2,2032,-886,2,-3,-2,-3,-2,-1,-1,-2,-2,1,-3,-1,-4,-1,-6,-4,-4,-3,-4,-11,-11,-9,-8,-10,-6,-11,-6,-7,-7,-10,-14,-13,-14,-12,-10,-10,-10,-13,-15,-17,-18,-18,-18,-14,-16,-16,-17,-18,-19,-24,-24,-21,-21,-18,-15,-14,-12,-10,-11,-13,-12,-15,-15,-14,-14,-16,-14,-13,-13,-10,-10,-8,-7,-7,-6,-6,-6,-7,-5,-6,-5,-6,-6,-7,-8,-46
5,2,2033,-864,2,-3,-2,-3,-2,-1,-1,-2,-2,1,-1,-1,-4,-1,-5,-4,-4,-2,-4,-10,-11,-9,-8,-8,-5,-11,-6,-7,-7,-8,-14,-11,-13,-12,-8,-9,-8,-13,-13,-16,-16,-16,-17,-14,-15,-15,-16,-18,-19,-22,-23,-22,-19,-19,-16,-14,-13,-10,-11,-13,-12,-14,-14,-14,-14,-15,-15,-12,-13,-10,-10,-9,-8,-7,-6,-6,-6,-7,-6,-7,-5,-6,-7,-8,-8,-51
5,2,2034,-844,2,-3,-2,-3,-2,-1,-1,-2,-2,1,-1,1,-4,-1,-5,-3,-4,-2,-3,-10,-10,-8,-7,-8,-5,-9,-5,-7,-6,-8,-13,-11,-12,-12,-8,-8,-8,-11,-13,-14,-16,-15,-15,-14,-16,-15,-15,-16,-18,-22,-22,-22,-21,-18,-17,-14,-12,-11,-11,-13,-12,-14,-14,-13,-14,-16,-15,-13,-12,-10,-11,-8,-8,-7,-7,-6,-6,-7,-6,-7,-6,-6,-8,-8,-8,-51
5,2,2035,-831,2,-3,-2,-3,-2,-1,-1,-2,-2,1,-1,1,-2,-1,-5,-3,-4,-2,-2,-9,-10,-8,-7,-7,-4,-9,-4,-7,-6,-7,-12,-10,-11,-11,-8,-8,-7,-11,-11,-14,-14,-14,-14,-12,-15,-15,-15,-15,-17,-21,-22,-20,-20,-19,-16,-15,-12,-10,-12,-13,-12,-14,-14,-14,-15,-16,-15,-13,-12,-10,-11,-9,-8,-8,-7,-7,-6,-7,-6,-7,-7,-7,-8,-9,-9,-56
5,2,2036,-813,2,-3,-2,-3,-2,-1,-1,-2,-2,1,-1,1,-2,1,-5,-3,-3,-2,-2,-8,-9,-8,-7,-7,-5,-9,-4,-5,-6,-7,-11,-9,-11,-10,-7,-8,-7,-10,-11,-12,-14,-13,-14,-11,-14,-14,-15,-16,-17,-21,-20,-19,-18,-18,-16,-14,-13,-11,-12,-13,-12,-14,-14,-13,-14,-16,-16,-13,-12,-10,-11,-9,-8,-8,-8,-7,-7,-7,-6,-8,-7,-7,-8,-9,-9,-57
5,2,2037,-790,2,-3,-2,-3,-2,-1,-1,-2,-2,1,-1,1,-2,1,-3,-3,-3,-1,-2,-7,-9,-7,-6,-7,-5,-9,-4,-5,-4,-7,-11,-8,-11,-10,-6,-6,-7,-10,-10,-12,-12,-11,-12,-10,-12,-12,-15,-15,-16,-20,-20,-19,-18,-17,-15,-14,-13,-12,-12,-13,-12,-15,-14,-14,-13,-15,-15,-13,-12,-10,-11,-9,-9,-8,-8,-8,-6,-7,-6,-8,-7,-8,-8,-8,-9,-62
5,2,2038,-782,2,-3,-2,-3,-2,-1,-1,-2,-2,1,-1,1,-2,1,-3,-1,-2,0,-1,-7,-7,-7,-6,-7,-5,-8,-3,-5,-4,-6,-11,-8,-10,-9,-6,-6,-6,-10,-10,-11,-12,-11,-11,-10,-12,-12,-13,-16,-16,-19,-20,-18,-18,-16,-15,-14,-13,-12,-12,-13,-12,-15,-15,-14,-15,-15,-15,-13,-13,-10,-11,-9,-9,-8,-8,-7,-7,-8,-6,-8,-7,-8,-9,-9,-9,-66
5,2,2039,-766,2,-3,-2,-3,-2,-1,-1,-2,-2,1,-1,1,-2,1,-3,-1,-1,-1,-1,-7,-7,-5,-4,-6,-4,-8,-3,-4,-4,-5,-10,-7,-10,-9,-6,-6,-5,-9,-9,-11,-11,-10,-10,-8,-11,-11,-12,-13,-16,-20,-19,-18,-17,-16,-14,-13,-13,-11,-12,-14,-13,-15,-15,-14,-14,-16,-15,-13,-12,-10,-11,-9,-9,-8,-8,-8,-7,-9,-7,-8,-8,-8,-9,-10,-10,-71
5,2,2040,-745,2,-3,-2,-3,-2,-1,-1,-2,-2,1,-1,1,-2,1,-3,-1,-1,2,-1,-6,-7,-5,-4,-5,-4,-8,-3,-4,-4,-5,-9,-7,-9,-8,-5,-6,-5,-8,-9,-11,-11,-10,-10,-8,-10,-10,-11,-12,-13,-19,-19,-17,-16,-15,-14,-13,-12,-11,-12,-13,-13,-15,-14,-15,-15,-15,-15,-13,-12,-10,-11,-9,-9,-8,-8,-8,-8,-8,-8,-8,-7,-8,-9,-11,-11,-71
5,2,2041,-736,2,-3,-2,-3,-2,-1,-1,-2,-2,1,-1,1,-2,1,-3,-1,-1,1,1,-6,-6,-4,-4,-5,-3,-7,-4,-4,-3,-5,-9,-6,-8,-7,-4,-5,-4,-8,-8,-10,-11,-10,-9,-8,-9,-9,-10,-12,-12,-18,-18,-17,-16,-15,-13,-13,-12,-11,-12,-14,-13,-16,-15,-14,-16,-16,-15,-12,-12,-9,-11,-10,-9,-8,-8,-8,-8,-9,-7,-8,-8,-8,-9,-11,-12,-78
5,2,2042,-720,1,-3,-2,-3,-2,-1,-1,-2,-2,1,-1,1,-2,1,-3,-1,-1,1,1,-4,-6,-4,-3,-5,-3,-7,-3,-4,-3,-5,-9,-6,-8,-7,-5,-4,-4,-7,-8,-9,-9,-9,-10,-6,-10,-8,-9,-11,-11,-16,-17,-17,-16,-14,-13,-12,-12,-11,-12,-13,-13,-15,-16,-15,-15,-16,-15,-12,-12,-9,-11,-9,-9,-8,-8,-7,-7,-9,-8,-8,-8,-9,-10,-11,-12,-80
5,2,2043,-709,1,-3,-2,-3,-3,-1,-1,-2,-2,1,-1,1,-2,0,-3,-1,-1,1,1,-4,-5,-4,-3,-4,-2,-6,-2,-3,-3,-4,-9,-6,-8,-7,-4,-4,-3,-7,-7,-9,-9,-8,-9,-7,-8,-8,-8,-10,-10,-16,-15,-14,-16,-14,-12,-11,-11,-11,-11,-12,-13,-15,-15,-16,-16,-16,-16,-13,-12,-9,-11,-9,-9,-8,-8,-7,-8,-9,-8,-9,-8,-10,-10,-11,-12,-87
5,2,2044,-704,1,-3,-3,-3,-2,-1,-1,-2,-2,1,-1,1,-2,1,-3,-1,-1,1,1,-4,-4,-2,-3,-4,-2,-6,-2,-3,-3,-3,-8,-6,-9,-7,-4,-3,-3,-6,-7,-8,-9,-8,-8,-6,-8,-7,-8,-9,-10,-14,-15,-14,-14,-14,-13,-11,-11,-11,-11,-12,-13,-15,-16,-15,-16,-17,-15,-15,-13,-10,-11,-9,-9,-8,-8,-7,-8,-9,-8,-9,-9,-10,-11,-12,-12,-90
5,2,2045,-688,1,-3,-3,-3,-2,-1,-1,-2,-2,1,-1,1,-2,0,-3,-1,-1,1,1,-4,-4,-2,-1,-4,-2,-6,-2,-2,-3,-3,-8,-4,-8,-6,-4,-3,-2,-6,-6,-8,-8,-8,-8,-6,-9,-8,-8,-9,-9,-14,-13,-13,-12,-12,-12,-11,-10,-9,-10,-12,-12,-14,-15,-15,-16,-17,-15,-14,-13,-10,-11,-9,-9,-8,-8,-8,-8,-8,-8,-9,-9,-10,-11,-12,-13,-97
5,2,2046,-675,1,-3,-2,-3,-2,-1,-1,-2,-2,0,-1,1,-2,0,-3,-1,-1,1,1,-4,-5,-2,-1,-2,-2,-6,-2,-3,-1,-3,-7,-4,-6,-6,-3,-4,-3,-5,-6,-7,-8,-7,-7,-7,-7,-7,-8,-8,-8,-12,-12,-12,-12,-11,-11,-11,-10,-9,-10,-12,-11,-14,-14,-15,-16,-17,-17,-14,-12,-12,-11,-9,-9,-8,-8,-8,-9,-8,-8,-9,-9,-10,-11,-12,-14,-99
5,2,2047,-667,1,-3,-3,-3,-3,-1,-1,-2,-2,0,-1,1,-2,0,-3,-1,-1,1,1,-4,-4,-2,-1,-2,0,-6,-2,-3,-1,-2,-7,-4,-6,-5,-4,-4,-3,-5,-5,-7,-7,-6,-6,-6,-6,-6,-8,-8,-9,-13,-11,-11,-11,-11,-10,-9,-10,-9,-10,-12,-11,-14,-14,-15,-15,-17,-15,-16,-13,-11,-11,-9,-9,-8,-8,-8,-8,-9,-8,-9,-9,-10,-11,-12,-14,-105
5,2,2048,-651,1,-3,-2,-3,-2,-1,-1,-2,-2,0,-1,1,-2,0,-3,-1,-1,1,1,-4,-5,-2,-1,-2,0,-4,-2,-3,-2,-2,-6,-4,-7,-5,-2,-3,-3,-5,-5,-6,-7,-6,-6,-5,-7,-6,-6,-8,-9,-12,-11,-10,-9,-9,-9,-9,-9,-9,-10,-12,-11,-13,-13,-14,-15,-17,-17,-15,-14,-11,-11,-9,-8,-8,-7,-7,-8,-8,-8,-9,-9,-10,-11,-13,-14,-109
5,2,2049,-638,1,-3,-2,-3,-3,-1,-1,-2,-2,0,-1,1,-2,0,-3,-1,-1,1,1,-4,-5,-2,-1,-2,0,-4,0,-3,-2,-2,-6,-3,-6,-5,-3,-3,-2,-5,-5,-6,-6,-6,-6,-5,-7,-6,-6,-6,-8,-11,-10,-9,-9,-9,-9,-9,-8,-9,-10,-11,-11,-12,-13,-13,-15,-16,-16,-15,-13,-12,-11,-9,-9,-8,-8,-7,-8,-8,-8,-9,-9,-10,-11,-12,-14,-111
5,2,2050,-628,0,-3,-3,-3,-3,-1,-1,-2,-2,0,-1,1,-2,0,-3,-1,-1,1,1,-4,-5,-2,-1,-2,0,-4,-1,-1,-1,-2,-6,-3,-6,-4,-2,-3,-2,-5,-5,-6,-6,-5,-6,-5,-6,-5,-6,-6,-7,-12,-10,-9,-9,-8,-8,-8,-7,-7,-8,-11,-11,-12,-13,-13,-14,-16,-15,-13,-14,-12,-12,-9,-9,-8,-8,-8,-8,-8,-8,-9,-9,-10,-11,-13,-14,-114
5,2,2051,-614,0,-3,-3,-3,-3,-1,-1,-2,-2,0,-1,1,-2,0,-3,-1,-1,1,1,-4,-5,-2,-1,-2,0,-4,0,-1,0,-1,-6,-3,-6,-4,-2,-2,-1,-4,-5,-6,-6,-5,-5,-5,-7,-5,-5,-6,-7,-10,-10,-9,-8,-8,-7,-7,-7,-7,-8,-9,-11,-12,-13,-13,-13,-14,-14,-14,-13,-12,-11,-10,-9,-8,-9,-8,-8,-8,-8,-9,-9,-10,-11,-13,-14,-117
5,2,2052,-605,0,-3,-3,-3,-3,-1,-1,-2,-2,0,-1,1,-2,0,-3,-1,-1,1,1,-4,-5,-2,-1,-2,-1,-4,-1,-1,0,0,-6,-3,-6,-4,-2,-2,-1,-3,-4,-5,-6,-5,-5,-4,-6,-5,-5,-7,-6,-10,-8,-9,-8,-7,-7,-6,-6,-7,-7,-9,-10,-12,-12,-12,-13,-14,-14,-14,-12,-11,-11,-10,-9,-8,-8,-8,-9,-8,-8,-9,-9,-10,-12,-13,-14,-122
5,2,2053,-595,0,-3,-3,-3,-3,-1,-1,-2,-2,0,-1,1,-2,0,-3,-1,-1,1,1,-4,-5,-2,-1,-2,-1,-4,-1,-1,0,0,-4,-3,-5,-4,-2,-2,-1,-3,-3,-5,-5,-6,-5,-3,-6,-5,-5,-6,-6,-10,-8,-7,-8,-7,-6,-6,-6,-6,-7,-9,-8,-11,-12,-12,-14,-14,-14,-13,-12,-11,-11,-10,-9,-9,-8,-7,-9,-8,-8,-9,-9,-10,-12,-13,-14,-125
5,2,2054,-582,0,-3,-3,-3,-3,-1,-1,-2,-2,0,-1,1,-2,0,-3,-1,-1,1,0,-4,-5,-2,-1,-2,-1,-4,-1,-1,0,0,-4,-1,-6,-4,-2,-2,-1,-3,-3,-4,-5,-5,-4,-3,-5,-3,-5,-5,-5,-9,-8,-7,-6,-7,-6,-6,-6,-6,-7,-8,-8,-10,-10,-12,-14,-14,-14,-12,-12,-11,-11,-10,-9,-8,-9,-8,-8,-9,-8,-9,-9,-10,-12,-13,-16,-125
5,2,2055,-571,0,-3,-3,-3,-3,-1,-1,-2,-2,0,-1,1,-2,0,-3,-1,-1,0,0,-4,-5,-2,-1,-2,-1,-4,-1,-1,0,0,-4,-1,-4,-3,-2,-2,-1,-3,-3,-4,-5,-5,-4,-3,-5,-3,-3,-5,-5,-9,-7,-7,-6,-6,-6,-6,-6,-6,-6,-8,-7,-9,-10,-11,-14,-14,-13,-12,-12,-10,-11,-9,-9,-8,-9,-9,-9,-8,-8,-9,-9,-9,-11,-13,-15,-129
5,2,2056,-561,0,-3,-3,-3,-3,-1,-1,-2,-2,0,-1,0,-2,0,-3,-1,-1,0,0,-4,-5,-2,-1,-2,-1,-4,-1,-1,0,0,-4,-1,-4,-2,-2,-2,-1,-3,-3,-4,-4,-5,-4,-3,-5,-3,-3,-4,-5,-9,-7,-6,-6,-6,-6,-6,-6,-5,-5,-7,-7,-9,-10,-10,-12,-13,-13,-12,-11,-10,-10,-8,-9,-8,-9,-8,-10,-8,-8,-9,-9,-9,-11,-13,-14,-133
5,2,2057,-547,0,-3,-3,-3,-3,-2,-1,-2,-2,0,-1,0,-2,0,-3,-1,-1,0,0,-4,-5,-2,-1,-2,-1,-4,-1,-1,0,0,-4,-1,-4,-2,0,-2,-1,-3,-3,-4,-4,-4,-3,-3,-5,-3,-3,-4,-4,-8,-7,-6,-6,-6,-5,-5,-6,-5,-5,-6,-7,-8,-9,-10,-11,-12,-12,-12,-11,-10,-10,-8,-9,-8,-8,-9,-9,-9,-8,-9,-9,-9,-11,-12,-14,-133
5,2,2058,-532,0,-3,-3,-3,-3,-2,-1,-2,-2,-1,-1,0,-2,0,-3,-1,-1,0,0,-4,-5,-2,-1,-2,-1,-4,-1,-1,0,0,-4,-1,-4,-2,0,0,0,-3,-3,-4,-4,-4,-3,-2,-5,-3,-3,-3,-4,-7,-6,-5,-5,-6,-4,-4,-4,-5,-5,-6,-7,-8,-7,-9,-10,-11,-11,-12,-11,-10,-10,-8,-8,-8,-8,-8,-10,-9,-8,-9,-9,-10,-12,-13,-14,-134
5,2,2059,-520,-1,-3,-3,-3,-3,-2,-1,-2,-2,-1,-1,0,-2,0,-3,-1,-1,0,0,-4,-5,-2,-1,-2,-1,-4,-2,-1,0,0,-4,-1,-4,-2,0,0,1,-3,-3,-4,-4,-4,-3,-2,-4,-3,-3,-4,-4,-7,-5,-5,-5,-5,-4,-4,-4,-4,-5,-6,-5,-8,-7,-8,-9,-10,-10,-10,-10,-10,-10,-8,-7,-8,-8,-7,-9,-9,-8,-10,-9,-10,-12,-13,-14,-135
5,2,2060,-504,-1,-3,-3,-3,-3,-2,-1,-2,-2,-1,-1,0,-2,0,-3,-1,-1,0,0,-4,-5,-2,-1,-2,-1,-4,-2,-1,0,0,-4,-1,-4,-2,0,0,0,-1,-1,-4,-4,-4,-3,-2,-4,-2,-3,-4,-3,-7,-5,-4,-4,-4,-4,-4,-4,-4,-4,-6,-5,-7,-7,-7,-9,-9,-10,-9,-10,-9,-9,-8,-7,-8,-8,-8,-8,-9,-8,-9,-9,-10,-12,-13,-15,-134
6,0,2023,-14673,-26,-295,-265,-252,-198,-185,-122,-124,-90,-67,-43,-68,-79,-72,-90,-84,-125,-149,-221,-251,-290,-289,-328,-355,-328,-322,-300,-263,-285,-282,-292,-271,-285,-289,-265,-241,-227,-280,-259,-286,-303,-280,-275,-246,-223,-199,-198,-204,-208,-216,-204,-202,-197,-177,-155,-133,-136,-102,-112,-113,-107,-129,-104,-144,-115,-125,-128,-102,-86,-99,-120,-98,-87,-89,-69,-55,-55,-63,-49,-56,-36,-24,-35,-42,-38,-192
6,0,2024,-14057,-26,-94,-242,-221,-178,-171,-115,-118,-86,-67,-49,-65,-65,-80,-79,-81,-116,-166,-214,-236,-238,-285,-272,-307,-343,-292,-271,-280,-243,-261,-283,-274,-254,-271,-268,-253,-244,-251,-261,-268,-295,-273,-268,-244,-230,-208,-203,-210,-205,-237,-208,-207,-186,-177,-168,-131,-117,-138,-106,-111,-115,-120,-120,-117,-154,-106,-128,-121,-95,-85,-87,-102,-85,-81,-83,-68,-47,-48,-58,-46,-51,-27,-36,-32,-33,-202
6,0,2025,-13448,-26,-95,-75,-202,-165,-158,-111,-112,-86,-70,-59,-67,-65,-70,-80,-73,-105,-143,-235,-236,-212,-241,-283,-244,-297,-315,-247,-259,-256,-235,-258,-256,-247,-250,-254,-253,-248,-269,-239,-262,-271,-261,-260,-239,-229,-211,-207,-214,-216,-236,-224,-208,-187,-160,-165,-151,-118,-116,-132,-105,-113,-124,-114,-121,-128,-139,-104,-116,-101,-87,-72,-76,-96,-72,-71,-70,-57,-38,-43,-48,-42,-40,-40,-36,-34,-198
6,0,2026,-12711,-26,-95,-75,-69,-150,-141,-100,-101,-77,-67,-50,-70,-58,-70,-71,-64,-94,-133,-209,-248,-214,-211,-240,-254,-242,-274,-245,-239,-242,-228,-229,-233,-226,-220,-230,-237,-249,-265,-249,-242,-260,-245,-242,-233,-222,-206,-218,-223,-216,-238,-223,-217,-183,-160,-154,-141,-132,-112,-106,-124,-105,-113,-124,-122,-129,-117,-133,-97,-103,-94,-75,-65,-76,-73,-63,-60,-55,-49,-38,-37,-43,-35,-44,-37,-35,-197
6,0,2027,-12102,-26,-96,-76,-69,-42,-131,-88,-94,-72,-58,-47,-59,-56,-63,-70,-51,-81,-119,-190,-218,-222,-201,-218,-231,-246,-228,-226,-218,-219,-230,-219,-211,-215,-212,-200,-214,-230,-265,-244,-247,-251,-236,-233,-219,-220,-200,-204,-228,-221,-238,-229,-218,-200,-161,-147,-128,-130,-120,-114,-104,-126,-110,-110,-128,-129,-119,-115,-117,-88,-86,-75,-63,-67,-59,-61,-61,-53,-46,-46,-31,-42,-34,-43,-44,-39,-207
6,0,2028,-11570,-26,-95,-76,-70,-42,-51,-83,-88,-67,-55,-50,-60,-58,-61,-61,-52,-68,-108,-182,-196,-187,-196,-208,-201,-226,-231,-188,-217,-208,-204,-211,-203,-192,-200,-201,-197,-209,-252,-246,-241,-253,-226,-221,-207,-205,-195,-198,-213,-232,-244,-230,-221,-198,-173,-150,-129,-114,-120,-108,-109,-104,-131,-107,-118,-131,-117,-114,-104,-100,-79,-68,-62,-64,-56,-54,-57,-49,-45,-46,-40,-38,-39,-43,-41,-41,-209
6,0,2029,-11095,-26,-95,-76,-70,-42,-51,-22,-80,-61,-48,-43,-62,-52,-63,-59,-44,-64,-92,-165,-184,-170,-182,-192,-199,-201,-207,-192,-182,-203,-201,-205,-192,-185,-178,-187,-192,-201,-237,-232,-241,-248,-224,-217,-201,-197,-184,-195,-206,-214,-251,-229,-220,-200,-171,-156,-128,-113,-105,-112,-106,-110,-108,-119,-111,-125,-113,-109,-106,-92,-82,-68,-58,-61,-55,-58,-52,-47,-43,-42,-37,-44,-35,-48,-44,-43,-230
6,0,2030,-10686,-26,-96,-77,-70,-43,-51,-22,-36,-52,-39,-40,-58,-52,-55,-59,-43,-59,-86,-155,-168,-163,-168,-189,-186,-203,-184,-173,-177,-166,-190,-192,-178,-173,-175,-167,-181,-193,-224,-217,-230,-244,-219,-213,-198,-190,-180,-180,-206,-212,-237,-235,-221,-198,-173,-157,-131,-109,-106,-101,-109,-108,-116,-109,-112,-128,-116,-111,-101,-91,-80,-71,-58,-62,-50,-53,-58,-46,-44,-41,-36,-42,-36,-45,-49,-45,-243
6,0,2031,-10333,-26,-96,-77,-70,-44,-52,-22,-36,-22,-29,-41,-53,-49,-53,-52,-41,-53,-83,-145,-158,-144,-159,-176,-181,-192,-182,-149,-161,-154,-160,-181,-172,-158,-164,-157,-164,-180,-209,-202,-219,-236,-219,-209,-195,-189,-168,-182,-192,-204,-233,-227,-230,-201,-177,-160,-133,-115,-103,-103,-99,-110,-116,-114,-114,-123,-115,-112,-102,-89,-77,-71,-64,-59,-51,-53,-52,-52,-44,-42,-39,-43,-39,-47,-51,-53,-260
6,0,2032,-10086,-26,-96,-77,-70,-45,-52,-22,-37,-22,-20,-39,-48,-44,-49,-49,-38,-49,-76,-140,-152,-136,-146,-169,-167,-186,-177,-146,-151,-146,-144,-158,-161,-154,-154,-147,-157,-169,-197,-197,-203,-228,-211,-206,-186,-185,-171,-171,-190,-192,-227,-221,-219,-206,-176,-161,-136,-119,-108,-101,-101,-106,-121,-120,-121,-129,-115,-111,-106,-89,-78,-71,-61,-65,-52,-55,-55,-51,-48,-46,-43,-43,-38,-50,-49,-53,-279
6,0,2033,-9839,-26,-96,-77,-71,-45,-52,-23,-38,-23,-20,-12,-44,-40,-45,-47,-33,-45,-71,-134,-145,-130,-135,-153,-161,-173,-170,-141,-142,-139,-139,-141,-141,-146,-149,-142,-145,-158,-189,-182,-194,-210,-199,-203,-187,-179,-164,-171,-181,-191,-215,-216,-215,-202,-184,-161,-139,-123,-115,-105,-101,-106,-117,-121,-128,-134,-119,-112,-102,-93,-82,-71,-63,-65,-57,-55,-55,-53,-53,-49,-44,-47,-43,-50,-56,-52,-294
6,0,2034,-9605,-26,-96,-77,-71,-45,-52,-23,-38,-23,-20,-13,-25,-35,-42,-44,-30,-41,-67,-128,-140,-123,-126,-144,-149,-167,-159,-135,-136,-131,-130,-134,-126,-128,-140,-135,-139,-144,-177,-172,-183,-205,-186,-196,-184,-179,-160,-166,-178,-185,-211,-203,-209,-197,-178,-165,-138,-124,-118,-109,-105,-103,-118,-119,-129,-143,-125,-114,-105,-92,-82,-73,-65,-65,-60,-59,-59,-55,-53,-50,-50,-49,-46,-52,-56,-56,-317
6,0,2035,-9390,-26,-96,-77,-70,-45,-53,-24,-38,-24,-21,-14,-25,-20,-41,-43,-25,-36,-60,-120,-132,-114,-121,-137,-141,-155,-151,-126,-129,-127,-125,-129,-120,-114,-123,-128,-132,-141,-166,-161,-171,-191,-180,-179,-177,-180,-161,-159,-174,-182,-204,-201,-200,-190,-172,-160,-145,-125,-119,-112,-110,-109,-117,-119,-126,-144,-132,-124,-107,-90,-83,-77,-64,-67,-58,-60,-62,-58,-54,-53,-52,-55,-47,-56,-57,-58,-339
6,0,2036,-9191,-26,-96,-77,-72,-47,-54,-23,-38,-24,-21,-14,-26,-20,-27,-38,-22,-31,-55,-119,-124,-107,-113,-129,-133,-147,-145,-116,-120,-121,-119,-123,-115,-106,-109,-113,-123,-135,-159,-150,-161,-180,-170,-173,-165,-168,-159,-162,-171,-176,-200,-193,-200,-185,-168,-156,-139,-129,-119,-113,-111,-112,-121,-119,-125,-143,-134,-131,-113,-97,-82,-73,-66,-69,-60,-63,-65,-60,-57,-57,-53,-58,-54,-60,-63,-61,-360
6,0,2037,-8995,-26,-96,-78,-73,-46,-54,-25,-38,-24,-21,-15,-26,-20,-28,-26,-21,-28,-49,-110,-117,-100,-108,-125,-125,-143,-137,-109,-114,-114,-112,-118,-107,-101,-105,-96,-106,-126,-151,-142,-150,-168,-158,-164,-159,-158,-151,-158,-171,-170,-198,-192,-189,-183,-161,-154,-135,-121,-122,-114,-115,-117,-126,-122,-126,-141,-136,-132,-120,-102,-85,-74,-67,-69,-62,-64,-65,-63,-63,-60,-57,-59,-58,-68,-67,-65,-376
6,0,2038,-8781,-26,-96,-77,-72,-46,-54,-26,-38,-24,-21,-15,-27,-20,-27,-25,-7,-25,-46,-104,-110,-94,-99,-118,-119,-137,-132,-104,-108,-105,-103,-110,-102,-93,-98,-92,-92,-107,-142,-132,-142,-157,-149,-154,-152,-154,-140,-152,-169,-172,-193,-188,-189,-173,-158,-146,-131,-122,-119,-119,-115,-119,-130,-130,-132,-141,-134,-132,-122,-108,-87,-76,-66,-67,-62,-65,-66,-61,-62,-63,-59,-65,-59,-69,-73,-68,-398
6,0,2039,-8609,-26,-96,-78,-72,-45,-54,-26,-39,-24,-22,-16,-26,-21,-27,-27,-7,-9,-41,-99,-104,-86,-94,-113,-116,-132,-125,-98,-100,-99,-97,-102,-96,-89,-92,-84,-88,-93,-125,-127,-136,-150,-138,-147,-142,-143,-135,-141,-161,-170,-191,-182,-183,-172,-149,-145,-125,-117,-115,-114,-119,-118,-130,-132,-141,-148,-132,-129,-121,-111,-97,-83,-70,-69,-63,-66,-68,-65,-63,-64,-65,-67,-62,-71,-77,-78,-429
6,0,2040,-8421,-26,-96,-78,-73,-48,-54,-26,-39,-25,-23,-16,-26,-22,-28,-28,-7,-10,-24,-96,-100,-80,-86,-105,-109,-127,-121,-93,-95,-91,-91,-97,-91,-84,-86,-81,-82,-90,-109,-111,-126,-146,-130,-136,-134,-138,-130,-138,-148,-161,-187,-182,-176,-167,-149,-139,-123,-114,-113,-112,-113,-122,-130,-134,-142,-153,-138,-129,-120,-105,-98,-86,-73,-70,-62,-67,-69,-67,-63,-65,-64,-69,-65,-74,-80,-80,-460
6,0,2041,-8282,-26,-97,-79,-73,-50,-55,-28,-42,-26,-24,-19,-27,-22,-28,-28,-8,-13,-24,-76,-97,-73,-81,-97,-102,-122,-117,-88,-94,-88,-86,-93,-84,-78,-85,-75,-78,-83,-105,-99,-111,-138,-127,-129,-124,-130,-124,-128,-144,-149,-183,-179,-180,-161,-146,-136,-118,-110,-107,-110,-112,-116,-135,-137,-145,-158,-143,-133,-118,-105,-95,-87,-78,-74,-65,-67,-68,-69,-67,-65,-67,-71,-71,-80,-82,-82,-488
6,0,2042,-8191,-26,-97,-80,-75,-51,-56,-30,-43,-28,-28,-24,-30,-23,-31,-29,-11,-14,-26,-77,-72,-70,-77,-94,-99,-117,-114,-88,-87,-85,-84,-89,-80,-73,-78,-73,-75,-78,-105,-91,-99,-120,-120,-125,-122,-126,-116,-124,-139,-145,-171,-171,-176,-162,-142,-135,-118,-106,-107,-103,-109,-114,-131,-141,-147,-158,-147,-141,-123,-104,-95,-86,-78,-81,-69,-68,-69,-69,-68,-70,-68,-73,-73,-81,-86,-88,-519
6,0,2043,-8041,-26,-97,-82,-76,-54,-60,-32,-45,-29,-29,-25,-32,-23,-32,-32,-11,-14,-27,-80,-73,-47,-71,-88,-93,-112,-112,-83,-86,-80,-82,-85,-76,-68,-75,-67,-72,-78,-95,-90,-92,-109,-105,-119,-113,-118,-108,-116,-132,-138,-162,-159,-169,-157,-142,-133,-115,-104,-102,-103,-105,-112,-129,-133,-149,-159,-151,-144,-127,-110,-94,-86,-78,-79,-74,-74,-72,-68,-67,-71,-70,-73,-72,-82,-91,-90,-546
6,0,2044,-7928,-26,-97,-82,-76,-55,-59,-34,-46,-32,-30,-28,-31,-26,-33,-33,-14,-16,-28,-80,-75,-49,-48,-84,-90,-110,-106,-81,-81,-75,-79,-83,-71,-65,-69,-63,-66,-74,-93,-82,-88,-101,-89,-105,-108,-114,-105,-109,-124,-131,-156,-156,-156,-153,-142,-132,-114,-104,-102,-100,-104,-107,-126,-132,-146,-164,-149,-147,-129,-116,-97,-86,-76,-79,-76,-77,-77,-71,-68,-69,-74,-75,-74,-87,-93,-97,-573
6,0,2045,-7833,-26,-97,-83,-77,-56,-61,-35,-47,-32,-32,-31,-33,-26,-35,-34,-14,-16,-28,-82,-76,-50,-49,-64,-87,-103,-104,-77,-78,-72,-78,-80,-73,-60,-65,-58,-64,-67,-90,-79,-82,-97,-89,-92,-94,-110,-99,-104,-114,-124,-149,-149,-152,-142,-136,-133,-116,-103,-100,-101,-100,-108,-120,-130,-142,-158,-159,-148,-133,-119,-101,-86,-76,-79,-73,-80,-81,-72,-72,-71,-73,-80,-81,-88,-96,-96,-606
6,0,2046,-7732,-26,-99,-82,-78,-57,-64,-39,-50,-34,-34,-33,-35,-27,-35,-35,-17,-17,-30,-85,-78,-52,-51,-64,-68,-102,-100,-75,-80,-70,-75,-79,-72,-60,-63,-55,-59,-64,-82,-76,-77,-91,-84,-87,-85,-98,-94,-99,-110,-116,-140,-140,-144,-138,-128,-127,-112,-104,-98,-98,-98,-103,-117,-122,-138,-155,-151,-151,-132,-121,-106,-92,-79,-77,-73,-78,-82,-80,-74,-72,-73,-75,-81,-92,-95,-100,-643
6,0,2047,-7630,-26,-99,-83,-79,-58,-65,-40,-51,-36,-36,-36,-36,-29,-37,-36,-18,-17,-31,-85,-78,-52,-52,-65,-68,-85,-99,-73,-74,-69,-74,-74,-67,-56,-60,-50,-55,-60,-80,-72,-73,-88,-79,-84,-80,-88,-82,-95,-104,-109,-132,-133,-137,-133,-124,-121,-107,-102,-98,-93,-95,-101,-114,-123,-133,-151,-147,-148,-138,-121,-107,-95,-87,-81,-74,-78,-82,-79,-80,-79,-75,-76,-80,-90,-98,-101,-674
6,0,2048,-7531,-26,-100,-83,-79,-59,-65,-42,-52,-38,-37,-39,-37,-30,-38,-37,-20,-18,-31,-86,-79,-55,-52,-67,-70,-85,-83,-73,-72,-64,-68,-74,-64,-55,-58,-47,-53,-54,-74,-67,-70,-83,-74,-77,-78,-85,-72,-85,-99,-106,-127,-127,-127,-128,-116,-117,-100,-100,-94,-95,-93,-99,-113,-118,-133,-146,-145,-144,-134,-123,-107,-96,-88,-85,-77,-77,-82,-79,-82,-83,-82,-79,-81,-89,-101,-102,-702
6,0,2049,-7418,-26,-100,-85,-80,-61,-66,-43,-54,-39,-38,-41,-38,-31,-37,-36,-21,-19,-32,-88,-81,-55,-53,-68,-72,-88,-85,-58,-72,-60,-64,-70,-61,-55,-58,-43,-49,-51,-70,-64,-62,-77,-69,-76,-73,-80,-69,-73,-89,-102,-123,-118,-118,-119,-110,-110,-96,-93,-92,-92,-93,-96,-111,-117,-128,-145,-137,-142,-131,-122,-111,-97,-89,-88,-81,-79,-81,-78,-80,-86,-86,-86,-83,-89,-99,-106,-724
6,0,2050,-7314,-26,-100,-86,-80,-63,-68,-45,-55,-40,-41,-44,-40,-32,-39,-39,-22,-19,-32,-89,-82,-56,-55,-69,-72,-88,-87,-61,-59,-61,-65,-69,-59,-50,-55,-42,-49,-49,-65,-58,-56,-69,-67,-71,-69,-77,-65,-72,-76,-87,-115,-116,-114,-109,-105,-105,-89,-91,-84,-90,-92,-97,-110,-115,-126,-139,-137,-135,-128,-118,-105,-97,-89,-87,-85,-85,-83,-77,-81,-82,-87,-90,-89,-92,-98,-104,-748
6,0,2051,-7231,-26,-101,-86,-82,-65,-68,-47,-55,-42,-42,-47,-41,-33,-41,-40,-23,-22,-34,-90,-82,-59,-55,-69,-73,-89,-88,-62,-59,-47,-62,-64,-53,-47,-51,-41,-47,-48,-63,-52,-51,-67,-60,-65,-66,-76,-61,-66,-77,-79,-103,-108,-109,-108,-96,-98,-85,-84,-80,-84,-89,-97,-109,-112,-123,-137,-133,-137,-122,-115,-103,-96,-92,-88,-84,-87,-89,-82,-79,-83,-84,-92,-96,-100,-100,-103,-780
6,0,2052,-7173,-26,-101,-87,-82,-65,-69,-48,-57,-42,-43,-49,-41,-33,-42,-42,-24,-23,-35,-92,-82,-59,-56,-70,-73,-89,-89,-63,-60,-49,-50,-64,-53,-45,-52,-39,-44,-46,-61,-52,-50,-61,-54,-61,-61,-72,-60,-64,-71,-79,-95,-96,-106,-104,-94,-92,-80,-80,-77,-82,-83,-92,-107,-111,-119,-135,-131,-130,-120,-110,-102,-95,-89,-95,-86,-88,-93,-85,-85,-85,-85,-92,-99,-107,-110,-110,-793
6,0,2053,-7067,-26,-101,-88,-82,-67,-69,-50,-59,-43,-45,-50,-42,-35,-43,-43,-25,-24,-35,-92,-85,-59,-57,-71,-75,-91,-92,-65,-62,-49,-52,-53,-54,-42,-47,-36,-44,-43,-56,-50,-48,-57,-51,-56,-58,-68,-57,-59,-67,-74,-90,-85,-92,-97,-89,-88,-74,-73,-73,-77,-80,-88,-103,-111,-119,-131,-128,-128,-115,-112,-97,-94,-87,-87,-89,-90,-92,-88,-89,-85,-85,-91,-97,-107,-116,-114,-809
6,0,2054,-6992,-26,-101,-88,-85,-68,-71,-51,-60,-45,-47,-54,-44,-35,-46,-45,-25,-25,-36,-93,-85,-61,-59,-72,-75,-92,-92,-66,-62,-51,-54,-54,-42,-44,-46,-32,-39,-41,-54,-48,-45,-54,-51,-52,-53,-64,-51,-56,-63,-69,-82,-81,-81,-86,-86,-86,-71,-69,-68,-72,-76,-85,-95,-108,-121,-130,-126,-125,-115,-108,-97,-91,-86,-88,-87,-92,-93,-88,-89,-90,-87,-90,-98,-104,-117,-122,-830
6,0,2055,-6924,-26,-101,-88,-85,-71,-71,-52,-61,-47,-48,-56,-45,-36,-46,-45,-27,-25,-36,-96,-86,-62,-61,-74,-76,-93,-95,-67,-65,-52,-55,-55,-43,-31,-47,-32,-37,-39,-50,-44,-43,-52,-46,-50,-49,-61,-50,-51,-58,-66,-79,-78,-78,-77,-77,-82,-67,-66,-63,-68,-71,-80,-92,-99,-117,-132,-126,-123,-115,-103,-94,-88,-83,-87,-83,-88,-93,-88,-93,-95,-92,-95,-98,-105,-114,-124,-859
6,0,2056,-6834,-26,-102,-89,-86,-71,-73,-55,-63,-46,-50,-56,-45,-37,-47,-46,-29,-25,-37,-96,-87,-63,-62,-74,-76,-93,-95,-70,-65,-53,-55,-58,-46,-33,-35,-31,-35,-36,-46,-42,-38,-52,-45,-47,-47,-57,-44,-49,-53,-62,-75,-73,-72,-74,-67,-68,-62,-63,-63,-65,-65,-74,-85,-97,-109,-125,-126,-122,-112,-103,-91,-85,-84,-80,-84,-88,-92,-92,-93,-98,-94,-99,-100,-103,-114,-120,-889
6,0,2057,-6773,-26,-102,-90,-86,-72,-73,-54,-65,-48,-51,-59,-45,-38,-47,-46,-29,-27,-38,-97,-88,-63,-62,-76,-78,-94,-96,-71,-68,-53,-58,-59,-47,-34,-37,-20,-36,-35,-45,-37,-36,-45,-40,-47,-44,-55,-41,-46,-51,-57,-71,-69,-68,-70,-65,-66,-56,-61,-57,-62,-63,-70,-82,-91,-104,-118,-122,-120,-110,-102,-89,-86,-80,-79,-78,-86,-89,-90,-98,-95,-98,-102,-106,-109,-115,-121,-913
6,0,2058,-6691,-26,-103,-90,-87,-73,-75,-57,-66,-50,-50,-61,-48,-39,-48,-47,-30,-27,-38,-99,-89,-65,-64,-77,-79,-95,-98,-71,-69,-55,-59,-60,-47,-36,-37,-20,-25,-36,-41,-35,-32,-44,-38,-43,-42,-53,-38,-40,-48,-55,-67,-65,-64,-64,-59,-64,-49,-52,-55,-58,-60,-65,-78,-89,-98,-113,-114,-119,-109,-103,-87,-82,-78,-78,-77,-82,-89,-87,-93,-100,-98,-102,-111,-112,-119,-120,-926
6,0,2059,-6636,-26,-103,-91,-88,-73,-75,-58,-67,-51,-54,-62,-48,-40,-49,-48,-32,-28,-39,-100,-90,-66,-64,-77,-80,-96,-98,-74,-69,-56,-61,-62,-49,-37,-38,-22,-26,-23,-43,-33,-28,-40,-36,-42,-42,-53,-39,-39,-43,-50,-64,-61,-63,-63,-57,-59,-46,-51,-48,-57,-57,-65,-70,-80,-92,-109,-112,-108,-104,-102,-91,-79,-74,-78,-73,-80,-86,-85,-91,-98,-101,-104,-112,-115,-124,-126,-943
6,0,2060,-6549,-26,-103,-91,-88,-76,-76,-61,-68,-52,-56,-66,-49,-40,-50,-49,-33,-28,-39,-101,-90,-67,-65,-78,-80,-96,-100,-76,-71,-56,-63,-64,-51,-38,-41,-23,-29,-25,-30,-35,-25,-36,-33,-37,-38,-49,-37,-38,-38,-47,-60,-58,-54,-61,-53,-57,-44,-45,-45,-51,-52,-58,-70,-75,-86,-102,-104,-106,-97,-97,-88,-79,-76,-73,-72,-76,-83,-83,-88,-95,-99,-108,-112,-117,-127,-130,-960
6,1,2023,-8104,-14,-156,-125,-126,-94,-108,-57,-62,-44,-40,-17,-34,-29,-42,-46,-36,-68,-82,-125,-134,-155,-177,-181,-198,-206,-195,-189,-135,-153,-174,-185,-158,-151,-171,-155,-150,-148,-171,-177,-168,-179,-163,-159,-142,-128,-117,-109,-110,-107,-108,-106,-103,-108,-93,-75,-58,-70,-52,-62,-65,-61,-58,-50,-62,-62,-48,-57,-54,-33,-56,-66,-63,-46,-49,-33,-26,-28,-38,-31,-44,-25,-11,-22,-22,-23,-86
6,1,2024,-7719,-14,-51,-114,-112,-82,-98,-54,-58,-45,-39,-19,-32,-26,-44,-42,-31,-69,-83,-118,-133,-123,-152,-154,-172,-206,-180,-168,-153,-132,-148,-171,-154,-142,-161,-163,-159,-158,-149,-170,-163,-174,-158,-147,-141,-130,-116,-112,-113,-111,-120,-107,-110,-95,-96,-82,-67,-59,-61,-54,-59,-70,-63,-55,-56,-73,-50,-56,-58,-50,-37,-50,-58,-49,-43,-46,-34,-24,-28,-32,-33,-37,-15,-17,-18,-15,-98
6,1,2025,-7326,-14,-51,-29,-101,-78,-89,-52,-57,-43,-40,-24,-36,-25,-40,-36,-31,-56,-81,-121,-136,-113,-122,-146,-133,-179,-183,-155,-139,-141,-137,-145,-132,-135,-156,-150,-155,-161,-162,-150,-153,-166,-153,-142,-131,-132,-118,-110,-116,-118,-121,-118,-109,-101,-84,-84,-73,-66,-52,-61,-53,-62,-68,-57,-54,-63,-61,-53,-53,-51,-47,-30,-47,-55,-43,-39,-40,-30,-23,-25,-31,-25,-25,-23,-18,-18,-90
6,1,2026,-6891,-14,-51,-29,-34,-70,-80,-45,-52,-41,-38,-22,-37,-21,-39,-35,-20,-53,-66,-117,-132,-118,-110,-120,-131,-142,-164,-139,-127,-135,-128,-134,-115,-121,-129,-142,-138,-161,-164,-158,-141,-153,-149,-136,-127,-123,-116,-118,-117,-116,-125,-117,-118,-96,-84,-74,-74,-73,-58,-50,-58,-55,-61,-65,-57,-60,-51,-62,-52,-46,-49,-42,-28,-45,-43,-35,-33,-31,-30,-26,-26,-26,-21,-24,-19,-17,-92
6,1,2027,-6541,-14,-51,-30,-34,-15,-74,-40,-49,-39,-32,-20,-34,-18,-36,-35,-17,-43,-64,-99,-129,-112,-108,-113,-114,-141,-131,-140,-97,-121,-136,-121,-108,-106,-125,-114,-129,-141,-163,-157,-144,-146,-141,-135,-123,-122,-112,-112,-121,-114,-123,-120,-117,-107,-84,-70,-63,-76,-61,-59,-49,-61,-55,-55,-67,-65,-52,-55,-63,-47,-43,-39,-35,-29,-35,-33,-35,-28,-30,-29,-23,-26,-20,-24,-23,-19,-101
6,1,2028,-6222,-14,-51,-30,-34,-16,-34,-37,-44,-37,-32,-21,-35,-24,-31,-31,-19,-36,-51,-97,-109,-102,-95,-107,-102,-128,-131,-114,-116,-99,-121,-120,-96,-100,-112,-116,-116,-130,-146,-156,-142,-150,-132,-125,-120,-116,-108,-110,-115,-120,-122,-119,-118,-108,-91,-73,-63,-65,-66,-57,-55,-52,-60,-51,-55,-67,-50,-54,-55,-50,-43,-39,-34,-34,-25,-31,-31,-29,-28,-27,-27,-25,-22,-24,-22,-21,-101
6,1,2029,-5940,-14,-51,-30,-34,-15,-34,-7,-41,-34,-28,-17,-34,-21,-36,-26,-14,-37,-47,-83,-101,-90,-91,-94,-105,-115,-114,-114,-90,-110,-105,-119,-91,-89,-102,-102,-111,-123,-137,-144,-139,-148,-133,-120,-114,-114,-103,-105,-112,-116,-130,-118,-116,-107,-92,-77,-64,-63,-53,-62,-56,-58,-55,-54,-49,-61,-51,-51,-55,-46,-45,-36,-34,-31,-30,-26,-30,-26,-26,-25,-26,-28,-19,-28,-23,-24,-111
6,1,2030,-5721,-14,-51,-30,-34,-17,-35,-6,-19,-28,-25,-18,-32,-19,-31,-29,-12,-33,-45,-79,-94,-86,-84,-94,-95,-117,-102,-97,-85,-84,-109,-105,-85,-83,-98,-94,-103,-119,-128,-134,-131,-144,-131,-122,-110,-109,-101,-98,-110,-115,-123,-121,-116,-104,-91,-79,-66,-61,-55,-56,-58,-59,-59,-54,-51,-61,-51,-52,-52,-48,-41,-39,-33,-34,-28,-28,-28,-26,-27,-26,-24,-27,-21,-26,-28,-23,-121
6,1,2031,-5532,-14,-51,-30,-34,-15,-35,-7,-20,-13,-21,-17,-30,-16,-29,-25,-13,-32,-43,-73,-87,-76,-80,-88,-90,-111,-102,-88,-77,-77,-90,-106,-80,-77,-90,-87,-93,-110,-122,-126,-125,-137,-128,-119,-110,-105,-96,-98,-104,-109,-122,-117,-120,-104,-93,-78,-70,-64,-53,-56,-52,-60,-60,-54,-54,-61,-52,-55,-52,-44,-42,-39,-34,-32,-29,-27,-29,-28,-27,-27,-27,-27,-23,-26,-29,-29,-130
6,1,2032,-5392,-14,-51,-31,-34,-16,-35,-6,-19,-13,-16,-16,-27,-14,-26,-23,-13,-29,-39,-71,-85,-71,-72,-84,-84,-105,-99,-86,-72,-73,-82,-90,-78,-74,-87,-81,-89,-104,-112,-123,-116,-133,-124,-115,-104,-105,-97,-94,-103,-100,-115,-115,-115,-110,-93,-78,-70,-68,-56,-54,-54,-56,-62,-59,-58,-64,-52,-54,-55,-46,-43,-39,-34,-35,-29,-29,-29,-28,-30,-28,-29,-27,-22,-28,-28,-29,-136
6,1,2033,-5257,-14,-51,-31,-34,-16,-35,-7,-21,-13,-15,-4,-24,-13,-24,-21,-10,-28,-36,-68,-81,-67,-66,-74,-79,-97,-95,-82,-66,-70,-80,-82,-64,-69,-84,-78,-80,-97,-109,-115,-111,-120,-116,-114,-104,-102,-94,-93,-98,-102,-109,-111,-114,-107,-98,-80,-72,-70,-62,-57,-54,-58,-60,-58,-61,-66,-54,-54,-53,-47,-45,-38,-35,-36,-31,-28,-30,-30,-33,-31,-30,-30,-25,-28,-32,-28,-148
6,1,2034,-5122,-14,-51,-31,-34,-15,-35,-8,-20,-14,-15,-3,-15,-10,-25,-21,-7,-24,-35,-64,-78,-62,-59,-68,-73,-94,-88,-79,-63,-64,-75,-78,-57,-59,-77,-74,-75,-88,-100,-109,-106,-120,-109,-110,-103,-100,-91,-91,-95,-99,-108,-105,-110,-105,-94,-82,-71,-70,-62,-61,-56,-56,-61,-57,-60,-71,-57,-56,-55,-48,-45,-41,-36,-35,-34,-31,-32,-31,-32,-32,-34,-30,-27,-30,-31,-31,-160
6,1,2035,-5004,-14,-51,-31,-34,-16,-36,-8,-20,-14,-17,-6,-15,-3,-25,-21,-5,-22,-31,-60,-72,-57,-58,-63,-67,-86,-82,-74,-59,-64,-73,-75,-55,-52,-67,-68,-73,-86,-96,-99,-98,-112,-107,-100,-100,-103,-90,-88,-95,-96,-104,-104,-105,-100,-92,-79,-76,-71,-63,-61,-60,-59,-60,-58,-59,-71,-59,-61,-56,-48,-46,-42,-35,-35,-32,-31,-34,-33,-33,-34,-36,-34,-27,-32,-32,-31,-167
6,1,2036,-4880,-14,-51,-31,-36,-18,-36,-7,-20,-15,-17,-5,-16,-3,-17,-18,-2,-19,-28,-57,-68,-53,-55,-59,-62,-82,-81,-68,-54,-60,-69,-70,-51,-48,-62,-60,-67,-82,-89,-93,-90,-106,-102,-98,-92,-95,-89,-87,-93,-94,-101,-99,-106,-97,-88,-78,-72,-73,-63,-62,-59,-62,-62,-58,-59,-69,-60,-64,-59,-50,-45,-41,-37,-38,-32,-33,-36,-34,-35,-36,-35,-37,-32,-34,-35,-32,-178
6,1,2037,-4758,-14,-51,-31,-35,-16,-36,-9,-20,-14,-16,-5,-16,-3,-19,-12,-2,-16,-25,-54,-63,-49,-50,-56,-58,-80,-73,-64,-52,-56,-64,-70,-48,-47,-61,-51,-58,-77,-84,-88,-83,-98,-94,-94,-89,-89,-86,-86,-92,-90,-101,-98,-99,-96,-85,-75,-69,-68,-66,-61,-61,-64,-67,-59,-59,-69,-62,-64,-61,-53,-47,-40,-37,-37,-34,-33,-35,-35,-38,-37,-39,-37,-34,-39,-36,-34,-185
6,1,2038,-4637,-14,-51,-31,-36,-16,-36,-10,-21,-14,-15,-4,-17,-3,-18,-12,5,-15,-24,-49,-60,-46,-45,-52,-56,-75,-71,-62,-48,-51,-60,-65,-44,-42,-57,-50,-51,-66,-78,-82,-77,-90,-89,-87,-86,-87,-80,-83,-92,-89,-99,-98,-98,-92,-84,-71,-67,-69,-63,-65,-62,-65,-67,-64,-62,-69,-61,-62,-62,-56,-49,-43,-37,-36,-34,-33,-36,-34,-38,-39,-39,-40,-35,-40,-41,-35,-190
6,1,2039,-4527,-14,-51,-31,-34,-16,-36,-8,-20,-14,-17,-4,-16,-3,-18,-13,5,-7,-19,-46,-57,-40,-42,-48,-53,-71,-66,-57,-43,-48,-57,-61,-42,-40,-53,-46,-49,-57,-71,-79,-76,-85,-82,-82,-79,-81,-76,-76,-87,-90,-97,-94,-96,-89,-79,-71,-64,-66,-61,-62,-64,-65,-67,-64,-67,-72,-60,-62,-62,-57,-53,-46,-40,-37,-35,-35,-37,-37,-38,-40,-43,-42,-36,-41,-43,-41,-208
6,1,2040,-4439,-14,-51,-31,-34,-18,-36,-10,-20,-16,-18,-4,-16,-5,-17,-14,3,-8,-11,-45,-54,-38,-36,-44,-48,-69,-65,-54,-40,-43,-53,-57,-40,-36,-49,-45,-47,-56,-60,-69,-69,-84,-77,-75,-76,-79,-75,-76,-81,-84,-95,-93,-93,-88,-79,-68,-63,-65,-61,-62,-60,-67,-67,-65,-67,-76,-63,-62,-62,-53,-54,-47,-41,-38,-34,-36,-38,-37,-38,-41,-43,-42,-39,-43,-45,-43,-227
6,1,2041,-4340,-14,-52,-32,-36,-20,-36,-9,-22,-15,-18,-7,-16,-5,-17,-13,3,-9,-11,-33,-52,-34,-34,-39,-44,-66,-62,-52,-39,-41,-50,-56,-36,-35,-49,-40,-42,-51,-57,-62,-61,-77,-74,-72,-68,-73,-72,-71,-78,-78,-94,-93,-93,-85,-79,-66,-60,-62,-57,-61,-60,-64,-70,-68,-69,-77,-66,-63,-61,-53,-51,-48,-43,-41,-37,-35,-37,-39,-41,-40,-44,-44,-40,-46,-46,-45,-235
6,1,2042,-4275,-14,-51,-33,-35,-19,-36,-11,-24,-17,-20,-9,-19,-6,-19,-13,1,-10,-13,-33,-37,-33,-32,-37,-43,-63,-59,-52,-36,-40,-49,-54,-33,-32,-45,-37,-39,-50,-56,-57,-53,-66,-69,-70,-69,-70,-66,-68,-76,-78,-88,-89,-93,-84,-75,-68,-59,-61,-57,-57,-58,-62,-69,-68,-68,-78,-67,-68,-63,-52,-51,-47,-44,-43,-37,-36,-37,-39,-41,-43,-44,-45,-45,-46,-47,-46,-250
6,1,2043,-4174,-14,-51,-33,-37,-20,-36,-14,-24,-18,-20,-9,-20,-6,-18,-13,1,-9,-14,-33,-39,-18,-28,-35,-38,-58,-56,-47,-35,-37,-47,-54,-32,-31,-43,-35,-38,-47,-53,-56,-50,-61,-60,-63,-62,-66,-62,-63,-71,-73,-84,-82,-87,-83,-73,-66,-59,-60,-54,-56,-56,-60,-67,-64,-71,-78,-68,-69,-66,-58,-51,-48,-43,-43,-41,-39,-39,-38,-41,-44,-45,-44,-42,-47,-50,-48,-264
6,1,2044,-4109,-14,-51,-34,-37,-21,-37,-14,-26,-20,-20,-11,-20,-8,-21,-14,-1,-11,-14,-34,-41,-19,-15,-31,-37,-56,-53,-46,-33,-32,-44,-51,-27,-30,-41,-34,-35,-45,-51,-52,-47,-58,-50,-57,-59,-61,-60,-59,-66,-69,-80,-81,-82,-81,-75,-65,-59,-59,-54,-54,-54,-59,-66,-64,-71,-80,-69,-70,-67,-62,-52,-47,-43,-43,-40,-41,-41,-39,-40,-43,-46,-46,-43,-49,-52,-50,-275
6,1,2045,-4037,-14,-51,-34,-37,-23,-37,-15,-25,-18,-21,-12,-20,-7,-21,-16,-1,-9,-15,-34,-41,-19,-14,-21,-36,-53,-54,-44,-31,-32,-45,-47,-29,-29,-39,-32,-33,-40,-46,-49,-43,-54,-50,-49,-51,-59,-56,-57,-61,-64,-77,-78,-82,-75,-72,-66,-60,-56,-52,-54,-52,-58,-62,-62,-68,-76,-75,-72,-67,-61,-55,-47,-42,-43,-38,-41,-43,-41,-43,-43,-46,-49,-49,-50,-52,-50,-292
6,1,2046,-3998,-14,-53,-35,-38,-23,-38,-16,-27,-21,-22,-15,-21,-9,-22,-16,-2,-11,-15,-35,-41,-23,-14,-19,-24,-53,-49,-42,-32,-29,-43,-48,-29,-25,-39,-31,-31,-40,-43,-47,-41,-51,-47,-49,-46,-52,-52,-55,-60,-59,-71,-73,-77,-73,-69,-62,-57,-59,-53,-54,-51,-56,-61,-60,-66,-77,-70,-75,-69,-63,-57,-52,-43,-42,-39,-41,-43,-45,-44,-45,-48,-46,-48,-52,-51,-52,-307
6,1,2047,-3930,-14,-53,-35,-39,-25,-38,-17,-28,-21,-23,-16,-21,-10,-21,-16,-3,-11,-17,-35,-42,-21,-17,-20,-24,-42,-49,-42,-29,-28,-42,-46,-27,-25,-34,-26,-29,-38,-41,-45,-40,-49,-47,-46,-43,-45,-45,-54,-55,-57,-65,-68,-71,-71,-66,-59,-55,-58,-52,-50,-50,-54,-59,-61,-64,-74,-70,-72,-72,-64,-58,-53,-48,-43,-39,-39,-43,-43,-47,-47,-48,-48,-47,-52,-52,-52,-325
6,1,2048,-3868,-14,-53,-36,-37,-25,-39,-17,-28,-23,-23,-19,-22,-10,-23,-19,-4,-12,-16,-36,-42,-24,-15,-22,-26,-42,-38,-41,-28,-27,-40,-45,-25,-25,-35,-25,-28,-34,-38,-42,-37,-45,-42,-42,-41,-43,-40,-47,-51,-55,-62,-64,-67,-69,-63,-57,-52,-55,-49,-51,-49,-53,-58,-59,-65,-71,-69,-70,-69,-65,-57,-54,-48,-46,-40,-39,-43,-43,-48,-48,-53,-49,-49,-50,-55,-52,-336
6,1,2049,-3784,-14,-53,-37,-40,-26,-38,-18,-28,-23,-24,-19,-23,-11,-21,-17,-5,-10,-17,-35,-45,-24,-16,-22,-27,-41,-41,-32,-27,-23,-39,-44,-24,-25,-33,-23,-26,-31,-35,-38,-34,-43,-39,-41,-37,-41,-37,-41,-47,-50,-61,-60,-60,-62,-59,-55,-51,-51,-50,-50,-49,-52,-58,-57,-62,-71,-66,-69,-68,-65,-60,-52,-49,-47,-43,-40,-42,-43,-46,-51,-53,-53,-47,-50,-54,-54,-339
6,1,2050,-3743,-14,-52,-38,-39,-26,-39,-21,-28,-23,-24,-20,-24,-12,-22,-18,-6,-12,-19,-36,-45,-24,-18,-23,-28,-42,-41,-35,-21,-22,-37,-44,-22,-22,-34,-22,-23,-31,-33,-36,-30,-37,-37,-39,-36,-38,-36,-41,-40,-41,-58,-60,-59,-57,-54,-53,-49,-52,-45,-48,-48,-51,-57,-56,-61,-69,-65,-66,-65,-62,-58,-55,-50,-47,-45,-45,-43,-43,-47,-49,-54,-55,-53,-53,-54,-54,-352
6,1,2051,-3696,-14,-53,-37,-39,-27,-39,-21,-30,-24,-26,-22,-25,-13,-23,-19,-6,-12,-19,-36,-45,-26,-19,-23,-28,-42,-42,-33,-21,-16,-34,-42,-20,-21,-30,-20,-25,-28,-31,-32,-28,-38,-34,-34,-35,-39,-34,-36,-41,-40,-50,-55,-57,-57,-50,-49,-45,-48,-42,-47,-46,-52,-55,-55,-60,-67,-62,-67,-63,-60,-57,-53,-51,-47,-45,-44,-48,-45,-46,-50,-52,-56,-57,-58,-57,-53,-368
6,1,2052,-3648,-14,-53,-38,-38,-26,-39,-22,-32,-25,-25,-24,-24,-13,-24,-20,-6,-14,-20,-37,-44,-26,-17,-23,-28,-43,-44,-35,-22,-17,-30,-40,-20,-20,-32,-22,-22,-26,-29,-30,-24,-33,-31,-32,-31,-36,-34,-35,-37,-40,-46,-47,-54,-54,-50,-45,-41,-44,-42,-44,-43,-49,-55,-53,-58,-67,-61,-64,-62,-57,-56,-53,-50,-51,-45,-46,-48,-48,-48,-50,-52,-55,-58,-62,-60,-58,-375
6,1,2053,-3595,-14,-53,-38,-40,-27,-39,-22,-32,-26,-28,-24,-25,-15,-24,-20,-8,-14,-20,-37,-46,-27,-18,-25,-29,-44,-44,-36,-23,-17,-29,-36,-20,-20,-27,-19,-24,-25,-27,-30,-23,-32,-29,-30,-28,-33,-30,-34,-34,-36,-44,-42,-46,-50,-46,-42,-39,-41,-40,-43,-42,-47,-53,-54,-56,-66,-61,-63,-60,-59,-53,-52,-49,-47,-48,-46,-48,-48,-51,-50,-52,-55,-58,-61,-63,-60,-379
6,1,2054,-3559,-14,-53,-38,-41,-28,-40,-25,-33,-27,-27,-26,-26,-15,-26,-22,-8,-14,-21,-36,-46,-27,-20,-24,-29,-44,-44,-38,-23,-18,-30,-36,-15,-21,-29,-18,-20,-25,-27,-27,-22,-30,-29,-28,-26,-32,-28,-31,-32,-33,-40,-41,-41,-44,-44,-40,-36,-39,-36,-39,-40,-45,-49,-53,-59,-64,-61,-62,-59,-56,-53,-50,-48,-49,-47,-48,-48,-48,-52,-54,-54,-53,-58,-59,-63,-64,-391
6,1,2055,-3521,-14,-53,-39,-41,-29,-40,-26,-33,-28,-28,-28,-27,-15,-26,-22,-9,-14,-21,-37,-47,-27,-21,-26,-30,-44,-47,-37,-25,-18,-31,-35,-15,-14,-30,-16,-18,-24,-25,-25,-22,-28,-27,-27,-24,-29,-27,-29,-29,-32,-38,-39,-40,-39,-40,-38,-34,-37,-34,-37,-37,-43,-48,-49,-56,-65,-60,-61,-60,-54,-52,-48,-47,-48,-45,-46,-50,-49,-53,-56,-58,-56,-56,-60,-61,-64,-404
6,1,2056,-3463,-14,-53,-39,-41,-29,-40,-26,-33,-26,-30,-27,-27,-17,-26,-22,-11,-14,-22,-37,-48,-28,-21,-26,-30,-44,-46,-38,-25,-18,-32,-38,-17,-16,-23,-17,-18,-22,-22,-24,-18,-27,-24,-24,-24,-26,-25,-27,-28,-30,-36,-36,-36,-38,-35,-30,-31,-35,-32,-35,-33,-39,-44,-47,-53,-62,-61,-58,-58,-55,-50,-48,-47,-44,-45,-46,-49,-52,-53,-57,-58,-61,-57,-59,-63,-61,-419
6,1,2057,-3427,-14,-53,-40,-42,-31,-40,-24,-35,-29,-29,-28,-27,-17,-26,-22,-11,-15,-23,-38,-48,-28,-21,-27,-31,-45,-46,-39,-28,-18,-32,-37,-18,-17,-24,-11,-18,-20,-20,-21,-18,-25,-21,-25,-20,-25,-23,-27,-26,-28,-34,-34,-34,-36,-35,-29,-29,-33,-29,-34,-32,-37,-43,-44,-50,-58,-59,-59,-56,-54,-49,-48,-44,-43,-42,-44,-48,-50,-57,-56,-60,-61,-62,-61,-62,-62,-428
6,1,2058,-3386,-14,-53,-40,-43,-30,-41,-28,-35,-29,-29,-30,-29,-18,-27,-23,-11,-15,-23,-38,-49,-29,-22,-28,-32,-45,-47,-40,-28,-19,-32,-38,-16,-18,-24,-10,-13,-21,-18,-20,-15,-23,-22,-23,-20,-24,-21,-23,-26,-27,-32,-33,-32,-32,-30,-28,-25,-28,-28,-31,-30,-34,-42,-42,-48,-56,-55,-57,-56,-54,-48,-45,-43,-43,-42,-43,-47,-50,-54,-59,-60,-62,-64,-65,-65,-61,-433
6,1,2059,-3354,-14,-53,-41,-43,-31,-41,-27,-36,-30,-31,-29,-29,-19,-27,-23,-13,-15,-24,-38,-50,-30,-22,-28,-33,-45,-48,-40,-28,-19,-33,-39,-18,-19,-25,-13,-12,-14,-20,-18,-14,-21,-19,-24,-20,-24,-21,-23,-22,-24,-30,-30,-31,-31,-29,-26,-24,-27,-24,-30,-29,-34,-36,-36,-45,-55,-55,-52,-53,-53,-50,-43,-42,-42,-40,-42,-45,-47,-54,-58,-63,-63,-65,-66,-68,-65,-441
6,1,2060,-3306,-14,-53,-41,-43,-33,-41,-30,-37,-31,-31,-33,-30,-19,-27,-23,-14,-15,-24,-38,-50,-31,-22,-29,-33,-45,-48,-41,-30,-19,-33,-39,-19,-20,-26,-13,-14,-14,-13,-18,-12,-19,-19,-21,-18,-22,-20,-22,-20,-22,-29,-29,-26,-30,-28,-25,-22,-24,-23,-26,-25,-30,-36,-35,-40,-51,-51,-53,-51,-51,-49,-43,-43,-40,-39,-40,-44,-45,-51,-57,-60,-65,-65,-67,-69,-68,-447
6,2,2023,-6569,-12,-139,-140,-126,-104,-77,-65,-62,-46,-27,-26,-34,-50,-30,-44,-48,-57,-67,-96,-117,-135,-112,-147,-157,-122,-127,-111,-128,-132,-108,-107,-113,-134,-118,-110,-91,-79,-109,-82,-118,-124,-117,-116,-104,-95,-82,-89,-94,-101,-108,-98,-99,-89,-84,-80,-75,-66,-50,-50,-48,-46,-71,-54,-82,-53,-77,-71,-48,-53,-43,-54,-35,-41,-40,-36,-29,-27,-25,-18,-12,-11,-13,-13,-20,-15,-106
6,2,2024,-6338,-12,-43,-128,-109,-96,-73,-61,-60,-41,-28,-30,-33,-39,-36,-37,-50,-47,-83,-96,-103,-115,-133,-118,-135,-137,-112,-103,-127,-111,-113,-112,-120,-112,-110,-105,-94,-86,-102,-91,-105,-121,-115,-121,-103,-100,-92,-91,-97,-94,-117,-101,-97,-91,-81,-86,-64,-58,-77,-52,-52,-45,-57,-65,-61,-81,-56,-72,-63,-45,-48,-37,-44,-36,-38,-37,-34,-23,-20,-26,-13,-14,-12,-19,-14,-18,-104
6,2,2025,-6122,-12,-44,-46,-101,-87,-69,-59,-55,-43,-30,-35,-31,-40,-30,-44,-42,-49,-62,-114,-100,-99,-119,-137,-111,-118,-132,-92,-120,-115,-98,-113,-124,-112,-94,-104,-98,-87,-107,-89,-109,-105,-108,-118,-108,-97,-93,-97,-98,-98,-115,-106,-99,-86,-76,-81,-78,-52,-64,-71,-52,-51,-56,-57,-67,-65,-78,-51,-63,-50,-40,-42,-29,-41,-29,-32,-30,-27,-15,-18,-17,-17,-15,-17,-18,-16,-108
6,2,2026,-5820,-12,-44,-46,-35,-80,-61,-55,-49,-36,-29,-28,-33,-37,-31,-36,-44,-41,-67,-92,-116,-96,-101,-120,-123,-100,-110,-106,-112,-107,-100,-95,-118,-105,-91,-88,-99,-88,-101,-91,-101,-107,-96,-106,-106,-99,-90,-100,-106,-100,-113,-106,-99,-87,-76,-80,-67,-59,-54,-56,-66,-50,-52,-59,-65,-69,-66,-71,-45,-57,-45,-33,-37,-31,-30,-28,-27,-24,-19,-12,-11,-17,-14,-20,-18,-18,-105
6,2,2027,-5561,-12,-45,-46,-35,-27,-57,-48,-45,-33,-26,-27,-25,-38,-27,-35,-34,-38,-55,-91,-89,-110,-93,-105,-117,-105,-97,-86,-121,-98,-94,-98,-103,-109,-87,-86,-85,-89,-102,-87,-103,-105,-95,-98,-96,-98,-88,-92,-107,-107,-115,-109,-101,-93,-77,-77,-65,-54,-59,-55,-55,-65,-55,-55,-61,-64,-67,-60,-54,-41,-43,-36,-28,-38,-24,-28,-26,-25,-16,-17,-8,-16,-14,-19,-21,-20,-106
6,2,2028,-5348,-12,-44,-46,-36,-26,-17,-46,-44,-30,-23,-29,-25,-34,-30,-30,-33,-32,-57,-85,-87,-85,-101,-101,-99,-98,-100,-74,-101,-109,-83,-91,-107,-92,-88,-85,-81,-79,-106,-90,-99,-103,-94,-96,-87,-89,-87,-88,-98,-112,-122,-111,-103,-90,-82,-77,-66,-49,-54,-51,-54,-52,-71,-56,-63,-64,-67,-60,-49,-50,-36,-29,-28,-30,-31,-23,-26,-20,-17,-19,-13,-13,-17,-19,-19,-20,-108
6,2,2029,-5155,-12,-44,-46,-36,-27,-17,-15,-39,-27,-20,-26,-28,-31,-27,-33,-30,-27,-45,-82,-83,-80,-91,-98,-94,-86,-93,-78,-92,-93,-96,-86,-101,-96,-76,-85,-81,-78,-100,-88,-102,-100,-91,-97,-87,-83,-81,-90,-94,-98,-121,-111,-104,-93,-79,-79,-64,-50,-52,-50,-50,-52,-53,-65,-62,-64,-62,-58,-51,-46,-37,-32,-24,-30,-25,-32,-22,-21,-17,-17,-11,-16,-16,-20,-21,-19,-119
6,2,2030,-4965,-12,-45,-47,-36,-26,-16,-16,-17,-24,-14,-22,-26,-33,-24,-30,-31,-26,-41,-76,-74,-77,-84,-95,-91,-86,-82,-76,-92,-82,-81,-87,-93,-90,-77,-73,-78,-74,-96,-83,-99,-100,-88,-91,-88,-81,-79,-82,-96,-97,-114,-114,-105,-94,-82,-78,-65,-48,-51,-45,-51,-49,-57,-55,-61,-67,-65,-59,-49,-43,-39,-32,-25,-28,-22,-25,-30,-20,-17,-15,-12,-15,-15,-19,-21,-22,-122
6,2,2031,-4801,-12,-45,-47,-36,-29,-17,-15,-16,-9,-8,-24,-23,-33,-24,-27,-28,-21,-40,-72,-71,-68,-79,-88,-91,-81,-80,-61,-84,-77,-70,-75,-92,-81,-74,-70,-71,-70,-87,-76,-94,-99,-91,-90,-85,-84,-72,-84,-88,-95,-111,-110,-110,-97,-84,-82,-63,-51,-50,-47,-47,-50,-56,-60,-60,-62,-63,-57,-50,-45,-35,-32,-30,-27,-22,-26,-23,-24,-17,-15,-12,-16,-16,-21,-22,-24,-130
6,2,2032,-4694,-12,-45,-46,-36,-29,-17,-16,-18,-9,-4,-23,-21,-30,-23,-26,-25,-20,-37,-69,-67,-65,-74,-85,-83,-81,-78,-60,-79,-73,-62,-68,-83,-80,-67,-66,-68,-65,-85,-74,-87,-95,-87,-91,-82,-80,-74,-77,-87,-92,-112,-106,-104,-96,-83,-83,-66,-51,-52,-47,-47,-50,-59,-61,-63,-65,-63,-57,-51,-43,-35,-32,-27,-30,-23,-26,-26,-23,-18,-18,-14,-16,-16,-22,-21,-24,-143
6,2,2033,-4582,-12,-45,-46,-37,-29,-17,-16,-17,-10,-5,-8,-20,-27,-21,-26,-23,-17,-35,-66,-64,-63,-69,-79,-82,-76,-75,-59,-76,-69,-59,-59,-77,-77,-65,-64,-65,-61,-80,-67,-83,-90,-83,-89,-83,-77,-70,-78,-83,-89,-106,-105,-101,-95,-86,-81,-67,-53,-53,-48,-47,-48,-57,-63,-67,-68,-65,-58,-49,-46,-37,-33,-28,-29,-26,-27,-25,-23,-20,-18,-14,-17,-18,-22,-24,-24,-146
6,2,2034,-4483,-12,-45,-46,-37,-30,-17,-15,-18,-9,-5,-10,-10,-25,-17,-23,-23,-17,-32,-64,-62,-61,-67,-76,-76,-73,-71,-56,-73,-67,-55,-56,-69,-69,-63,-61,-64,-56,-77,-63,-77,-85,-77,-86,-81,-79,-69,-75,-83,-86,-103,-98,-99,-92,-84,-83,-67,-54,-56,-48,-49,-47,-57,-62,-69,-72,-68,-58,-50,-44,-37,-32,-29,-30,-26,-28,-27,-24,-21,-18,-16,-19,-19,-22,-25,-25,-157
6,2,2035,-4386,-12,-45,-46,-36,-29,-17,-16,-18,-10,-4,-8,-10,-17,-16,-22,-20,-14,-29,-60,-60,-57,-63,-74,-74,-69,-69,-52,-70,-63,-52,-54,-65,-62,-56,-60,-59,-55,-70,-62,-73,-79,-73,-79,-77,-77,-71,-71,-79,-86,-100,-97,-95,-90,-80,-81,-69,-54,-56,-51,-50,-50,-57,-61,-67,-73,-73,-63,-51,-42,-37,-35,-29,-32,-26,-29,-28,-25,-21,-19,-16,-21,-20,-24,-25,-27,-172
6,2,2036,-4311,-12,-45,-46,-36,-29,-18,-16,-18,-9,-4,-9,-10,-17,-10,-20,-20,-12,-27,-62,-56,-54,-58,-70,-71,-65,-64,-48,-66,-61,-50,-53,-64,-58,-47,-53,-56,-53,-70,-57,-71,-74,-68,-75,-73,-73,-70,-75,-78,-82,-99,-94,-94,-88,-80,-78,-67,-56,-56,-51,-52,-50,-59,-61,-66,-74,-74,-67,-54,-47,-37,-32,-29,-31,-28,-30,-29,-26,-22,-21,-18,-21,-22,-26,-28,-29,-182
6,2,2037,-4237,-12,-45,-47,-38,-30,-18,-16,-18,-10,-5,-10,-10,-17,-9,-14,-19,-12,-24,-56,-54,-51,-58,-69,-67,-63,-64,-45,-62,-58,-48,-48,-59,-54,-44,-45,-48,-49,-67,-54,-67,-70,-64,-70,-70,-69,-65,-72,-79,-80,-97,-94,-90,-87,-76,-79,-66,-53,-56,-53,-54,-53,-59,-63,-67,-72,-74,-68,-59,-49,-38,-34,-30,-32,-28,-31,-30,-28,-25,-23,-18,-22,-24,-29,-31,-31,-191
6,2,2038,-4144,-12,-45,-46,-36,-30,-18,-16,-17,-10,-6,-11,-10,-17,-9,-13,-12,-10,-22,-55,-50,-48,-54,-66,-63,-62,-61,-42,-60,-54,-43,-45,-58,-51,-41,-42,-41,-41,-64,-50,-65,-67,-60,-67,-66,-67,-60,-69,-77,-83,-94,-90,-91,-81,-74,-75,-64,-53,-56,-54,-53,-54,-63,-66,-70,-72,-73,-70,-60,-52,-38,-33,-29,-31,-28,-32,-30,-27,-24,-24,-20,-25,-24,-29,-32,-33,-208
6,2,2039,-4082,-12,-45,-47,-38,-29,-18,-18,-19,-10,-5,-12,-10,-18,-9,-14,-12,-2,-22,-53,-47,-46,-52,-65,-63,-61,-59,-41,-57,-51,-40,-41,-54,-49,-39,-38,-39,-36,-54,-48,-60,-65,-56,-65,-63,-62,-59,-65,-74,-80,-94,-88,-87,-83,-70,-74,-61,-51,-54,-52,-55,-53,-63,-68,-74,-76,-72,-67,-59,-54,-44,-37,-30,-32,-28,-31,-31,-28,-25,-24,-22,-25,-26,-30,-34,-37,-221
6,2,2040,-3982,-12,-45,-47,-39,-30,-18,-16,-19,-9,-5,-12,-10,-17,-11,-14,-10,-2,-13,-51,-46,-42,-50,-61,-61,-58,-56,-39,-55,-48,-38,-40,-51,-48,-37,-36,-35,-34,-49,-42,-57,-62,-53,-61,-58,-59,-55,-62,-67,-77,-92,-89,-83,-79,-70,-71,-60,-49,-52,-50,-53,-55,-63,-69,-75,-77,-75,-67,-58,-52,-44,-39,-32,-32,-28,-31,-31,-30,-25,-24,-21,-27,-26,-31,-35,-37,-233
6,2,2041,-3942,-12,-45,-47,-37,-30,-19,-19,-20,-11,-6,-12,-11,-17,-11,-15,-11,-4,-13,-43,-45,-39,-47,-58,-58,-56,-55,-36,-55,-47,-36,-37,-48,-43,-36,-35,-36,-32,-48,-37,-50,-61,-53,-57,-56,-57,-52,-57,-66,-71,-89,-86,-87,-76,-67,-70,-58,-48,-50,-49,-52,-52,-65,-69,-76,-81,-77,-70,-57,-52,-44,-39,-35,-33,-28,-32,-31,-30,-26,-25,-23,-27,-31,-34,-36,-37,-253
6,2,2042,-3916,-12,-46,-47,-40,-32,-20,-19,-19,-11,-8,-15,-11,-17,-12,-16,-12,-4,-13,-44,-35,-37,-45,-57,-56,-54,-55,-36,-51,-45,-35,-35,-47,-41,-33,-36,-36,-28,-49,-34,-46,-54,-51,-55,-53,-56,-50,-56,-63,-67,-83,-82,-83,-78,-67,-67,-59,-45,-50,-46,-51,-52,-62,-73,-79,-80,-80,-73,-60,-52,-44,-39,-34,-38,-32,-32,-32,-30,-27,-27,-24,-28,-28,-35,-39,-42,-269
6,2,2043,-3867,-12,-46,-49,-39,-34,-24,-18,-21,-11,-9,-16,-12,-17,-14,-19,-12,-5,-13,-47,-34,-29,-43,-53,-55,-54,-56,-36,-51,-43,-35,-31,-44,-37,-32,-32,-34,-31,-42,-34,-42,-48,-45,-56,-51,-52,-46,-53,-61,-65,-78,-77,-82,-74,-69,-67,-56,-44,-48,-47,-49,-52,-62,-69,-78,-81,-83,-75,-61,-52,-43,-38,-35,-36,-33,-35,-33,-30,-26,-27,-25,-29,-30,-35,-41,-42,-282
6,2,2044,-3819,-12,-46,-48,-39,-34,-22,-20,-20,-12,-10,-17,-11,-18,-12,-19,-13,-5,-14,-46,-34,-30,-33,-53,-53,-54,-53,-35,-48,-43,-35,-32,-44,-35,-28,-29,-31,-29,-42,-30,-41,-43,-39,-48,-49,-53,-45,-50,-58,-62,-76,-75,-74,-72,-67,-67,-55,-45,-48,-46,-50,-48,-60,-68,-75,-84,-80,-77,-62,-54,-45,-39,-33,-36,-36,-36,-36,-32,-28,-26,-28,-29,-31,-38,-41,-47,-298
6,2,2045,-3796,-12,-46,-49,-40,-33,-24,-20,-22,-14,-11,-19,-13,-19,-14,-18,-13,-7,-13,-48,-35,-31,-35,-43,-51,-50,-50,-33,-47,-40,-33,-33,-44,-31,-26,-26,-31,-27,-44,-30,-39,-43,-39,-43,-43,-51,-43,-47,-53,-60,-72,-71,-70,-67,-64,-67,-56,-47,-48,-47,-48,-50,-58,-68,-74,-82,-84,-76,-66,-58,-46,-39,-34,-36,-35,-39,-38,-31,-29,-28,-27,-31,-32,-38,-44,-46,-314
6,2,2046,-3734,-12,-46,-47,-40,-34,-26,-23,-23,-13,-12,-18,-14,-18,-13,-19,-15,-6,-15,-50,-37,-29,-37,-45,-44,-49,-51,-33,-48,-41,-32,-31,-43,-35,-24,-24,-28,-24,-39,-29,-36,-40,-37,-38,-39,-46,-42,-44,-50,-57,-69,-67,-67,-65,-59,-65,-55,-45,-45,-44,-47,-47,-56,-62,-72,-78,-81,-76,-63,-58,-49,-40,-36,-35,-34,-37,-39,-35,-30,-27,-25,-29,-33,-40,-44,-48,-336
6,2,2047,-3700,-12,-46,-48,-40,-33,-27,-23,-23,-15,-13,-20,-15,-19,-16,-20,-15,-6,-14,-50,-36,-31,-35,-45,-44,-43,-50,-31,-45,-41,-32,-28,-40,-31,-26,-24,-26,-22,-39,-27,-33,-39,-32,-38,-37,-43,-37,-41,-49,-52,-67,-65,-66,-62,-58,-62,-52,-44,-46,-43,-45,-47,-55,-62,-69,-77,-77,-76,-66,-57,-49,-42,-39,-38,-35,-39,-39,-36,-33,-32,-27,-28,-33,-38,-46,-49,-349
6,2,2048,-3663,-12,-47,-47,-42,-34,-26,-25,-24,-15,-14,-20,-15,-20,-15,-18,-16,-6,-15,-50,-37,-31,-37,-45,-44,-43,-45,-32,-44,-37,-28,-29,-39,-30,-23,-22,-25,-20,-36,-25,-33,-38,-32,-35,-37,-42,-32,-38,-48,-51,-65,-63,-60,-59,-53,-60,-48,-45,-45,-44,-44,-46,-55,-59,-68,-75,-76,-74,-65,-58,-50,-42,-40,-39,-37,-38,-39,-36,-34,-35,-29,-30,-32,-39,-46,-50,-366
6,2,2049,-3634,-12,-47,-48,-40,-35,-28,-25,-26,-16,-14,-22,-15,-20,-16,-19,-16,-9,-15,-53,-36,-31,-37,-46,-45,-47,-44,-26,-45,-37,-25,-26,-37,-30,-25,-20,-23,-20,-35,-26,-28,-34,-30,-35,-36,-39,-32,-32,-42,-52,-62,-58,-58,-57,-51,-55,-45,-42,-42,-42,-44,-44,-53,-60,-66,-74,-71,-73,-63,-57,-51,-45,-40,-41,-38,-39,-39,-35,-34,-35,-33,-33,-36,-39,-45,-52,-385
6,2,2050,-3571,-12,-48,-48,-41,-37,-29,-24,-27,-17,-17,-24,-16,-20,-17,-21,-16,-7,-13,-53,-37,-32,-37,-46,-44,-46,-46,-26,-38,-39,-28,-25,-37,-28,-21,-20,-26,-18,-32,-22,-26,-32,-30,-32,-33,-39,-29,-31,-36,-46,-57,-56,-55,-52,-51,-52,-40,-39,-39,-42,-44,-46,-53,-59,-65,-70,-72,-69,-63,-56,-47,-42,-39,-40,-40,-40,-40,-34,-34,-33,-33,-35,-36,-39,-44,-50,-396
6,2,2051,-3535,-12,-48,-49,-43,-38,-29,-26,-25,-18,-16,-25,-16,-20,-18,-21,-17,-10,-15,-54,-37,-33,-36,-46,-45,-47,-46,-29,-38,-31,-28,-22,-33,-26,-21,-21,-22,-20,-32,-20,-23,-29,-26,-31,-31,-37,-27,-30,-36,-39,-53,-53,-52,-51,-46,-49,-40,-36,-38,-37,-43,-45,-54,-57,-63,-70,-71,-70,-59,-55,-46,-43,-41,-41,-39,-43,-41,-37,-33,-33,-32,-36,-39,-42,-43,-50,-412
6,2,2052,-3525,-12,-48,-49,-44,-39,-30,-26,-25,-17,-18,-25,-17,-20,-18,-22,-18,-9,-15,-55,-38,-33,-39,-47,-45,-46,-45,-28,-38,-32,-20,-24,-33,-25,-20,-17,-22,-20,-32,-22,-26,-28,-23,-29,-30,-36,-26,-29,-34,-39,-49,-49,-52,-50,-44,-47,-39,-36,-35,-38,-40,-43,-52,-58,-61,-68,-70,-66,-58,-53,-46,-42,-39,-44,-41,-42,-45,-37,-37,-35,-33,-37,-41,-45,-50,-52,-418
6,2,2053,-3472,-12,-48,-50,-42,-40,-30,-28,-27,-17,-17,-26,-17,-20,-19,-23,-17,-10,-15,-55,-39,-32,-39,-46,-46,-47,-48,-29,-39,-32,-23,-17,-34,-22,-20,-17,-20,-18,-29,-20,-25,-25,-22,-26,-30,-35,-27,-25,-33,-38,-46,-43,-46,-47,-43,-46,-35,-32,-33,-34,-38,-41,-50,-57,-63,-65,-67,-65,-55,-53,-44,-42,-38,-40,-41,-44,-44,-40,-38,-35,-33,-36,-39,-46,-53,-54,-430
6,2,2054,-3433,-12,-48,-50,-44,-40,-31,-26,-27,-18,-20,-28,-18,-20,-20,-23,-17,-11,-15,-57,-39,-34,-39,-48,-46,-48,-48,-28,-39,-33,-24,-18,-27,-23,-17,-14,-19,-16,-27,-21,-23,-24,-22,-24,-27,-32,-23,-25,-31,-36,-42,-40,-40,-42,-42,-46,-35,-30,-32,-33,-36,-40,-46,-55,-62,-66,-65,-63,-56,-52,-44,-41,-38,-39,-40,-44,-45,-40,-37,-36,-33,-37,-40,-45,-54,-58,-439
6,2,2055,-3403,-12,-48,-49,-44,-42,-31,-26,-28,-19,-20,-28,-18,-21,-20,-23,-18,-11,-15,-59,-39,-35,-40,-48,-46,-49,-48,-30,-40,-34,-24,-20,-28,-17,-17,-16,-19,-15,-25,-19,-21,-24,-19,-23,-25,-32,-23,-22,-29,-34,-41,-39,-38,-38,-37,-44,-33,-29,-29,-31,-34,-37,-44,-50,-61,-67,-66,-62,-55,-49,-42,-40,-36,-39,-38,-42,-43,-39,-40,-39,-34,-39,-42,-45,-53,-60,-455
6,2,2056,-3371,-12,-49,-50,-45,-42,-33,-29,-30,-20,-20,-29,-18,-20,-21,-24,-18,-11,-15,-59,-39,-35,-41,-48,-46,-49,-49,-32,-40,-35,-23,-20,-29,-17,-12,-14,-17,-14,-24,-18,-20,-25,-21,-23,-23,-31,-19,-22,-25,-32,-39,-37,-36,-36,-32,-38,-31,-28,-31,-30,-32,-35,-41,-50,-56,-63,-65,-64,-54,-48,-41,-37,-37,-36,-39,-42,-43,-40,-40,-41,-36,-38,-43,-44,-51,-59,-470
6,2,2057,-3346,-12,-49,-50,-44,-41,-33,-30,-30,-19,-22,-31,-18,-21,-21,-24,-18,-12,-15,-59,-40,-35,-41,-49,-47,-49,-50,-32,-40,-35,-26,-22,-29,-17,-13,-9,-18,-15,-25,-16,-18,-20,-19,-22,-24,-30,-18,-19,-25,-29,-37,-35,-34,-34,-30,-37,-27,-28,-28,-28,-31,-33,-39,-47,-54,-60,-63,-61,-54,-48,-40,-38,-36,-36,-36,-42,-41,-40,-41,-39,-38,-41,-44,-48,-53,-59,-485
6,2,2058,-3305,-12,-50,-50,-44,-43,-34,-29,-31,-21,-21,-31,-19,-21,-21,-24,-19,-12,-15,-61,-40,-36,-42,-49,-47,-50,-51,-31,-41,-36,-27,-22,-31,-18,-13,-10,-12,-15,-23,-15,-17,-21,-16,-20,-22,-29,-17,-17,-22,-28,-35,-32,-32,-32,-29,-36,-24,-24,-27,-27,-30,-31,-36,-47,-50,-57,-59,-62,-53,-49,-39,-37,-35,-35,-35,-39,-42,-37,-39,-41,-38,-40,-47,-47,-54,-59,-493
6,2,2059,-3282,-12,-50,-50,-45,-42,-34,-31,-31,-21,-23,-33,-19,-21,-22,-25,-19,-13,-15,-62,-40,-36,-42,-49,-47,-51,-50,-34,-41,-37,-28,-23,-31,-18,-13,-9,-14,-9,-23,-15,-14,-19,-17,-18,-22,-29,-18,-16,-21,-26,-34,-31,-32,-32,-28,-33,-22,-24,-24,-27,-28,-31,-34,-44,-47,-54,-57,-56,-51,-49,-41,-36,-32,-36,-33,-38,-41,-38,-37,-40,-38,-41,-47,-49,-56,-61,-502
6,2,2060,-3243,-12,-50,-50,-45,-43,-35,-31,-31,-21,-25,-33,-19,-21,-23,-26,-19,-13,-15,-63,-40,-36,-43,-49,-47,-51,-52,-35,-41,-37,-30,-25,-32,-18,-15,-10,-15,-11,-17,-17,-13,-17,-14,-16,-20,-27,-17,-16,-18,-25,-31,-29,-28,-31,-25,-32,-22,-21,-22,-25,-27,-28,-34,-40,-46,-51,-53,-53,-46,-46,-39,-36,-33,-33,-33,-36,-39,-38,-37,-38,-39,-43,-47,-50,-58,-62,-513
7,0,2023,-406151,-300,-3206,-3279,-3310,-3343,-3267,-3252,-3168,-3001,-2748,-2515,-2143,-1978,-2016,-2118,-2286,-2733,-3300,-5932,-6740,-7123,-7606,-8485,-8172,-7626,-7799,-7478,-7535,-7919,-8179,-8523,-8527,-8604,-8335,-7796,-7359,-7057,-7017,-6709,-6662,-6368,-5903,-5425,-5044,-4593,-4389,-4472,-4724,-5186,-5293,-5559,-5546,-5475,-4906,-4377,-3969,-3585,-3554,-3692,-3920,-4096,-4107,-4549,-4790,-4842,-5031,-4844,-4546,-4303,-4181,-3921,-3394,-3276,-3111,-2737,-2473,-2519,-2072,-1926,-1975,-1920,-1787,-1865,-1884,-1950,-12926
7,0,2024,-377527,-302,-840,-2927,-2871,-2949,-2840,-2854,-2857,-2658,-2508,-2289,-2035,-1828,-1794,-1957,-2055,-2466,-3015,-5352,-5909,-6072,-6574,-7169,-7416,-6960,-6660,-6791,-6637,-6875,-7218,-7482,-7569,-7538,-7495,-7314,-6958,-6639,-6495,-6464,-6247,-6068,-5739,-5319,-4853,-4634,-4387,-4414,-4682,-5010,-5315,-5316,-5304,-5156,-4969,-4399,-3973,-3592,-3395,-3432,-3601,-3930,-4101,-4210,-4599,-4704,-4764,-4776,-4527,-4147,-3926,-3764,-3513,-2985,-2898,-2743,-2441,-2254,-2339,-1922,-1859,-1919,-1938,-1852,-1932,-1943,-13104
7,0,2025,-349814,-302,-842,-845,-2566,-2573,-2509,-2486,-2508,-2400,-2213,-2080,-1828,-1720,-1648,-1722,-1868,-2236,-2657,-5025,-5262,-5188,-5545,-6235,-6275,-6265,-6029,-5809,-5903,-6037,-6197,-6520,-6571,-6580,-6495,-6486,-6415,-6223,-6068,-5970,-5955,-5700,-5442,-5145,-4755,-4452,-4420,-4401,-4604,-4939,-5130,-5318,-5046,-4927,-4642,-4449,-3966,-3543,-3341,-3274,-3343,-3582,-3916,-4218,-4249,-4507,-4554,-4480,-4463,-4152,-3717,-3540,-3331,-3153,-2626,-2608,-2449,-2179,-2115,-2254,-1828,-1851,-1928,-2010,-1960,-1993,-13258
7,0,2026,-322568,-302,-842,-846,-742,-2308,-2175,-2199,-2195,-2134,-1996,-1829,-1642,-1490,-1512,-1548,-1586,-1964,-2379,-4551,-4850,-4488,-4606,-5250,-5350,-5300,-5408,-5169,-5035,-5289,-5397,-5562,-5717,-5642,-5621,-5546,-5636,-5650,-5661,-5516,-5488,-5390,-5093,-4853,-4549,-4370,-4227,-4404,-4571,-4838,-5008,-5105,-5008,-4658,-4373,-4111,-3973,-3539,-3281,-3164,-3186,-3320,-3560,-4039,-4240,-4174,-4350,-4269,-4150,-4057,-3717,-3310,-3133,-2943,-2760,-2328,-2326,-2179,-2031,-2032,-2202,-1807,-1883,-1993,-2129,-2059,-13455
7,0,2027,-298455,-302,-842,-846,-743,-726,-1953,-1928,-1954,-1859,-1778,-1652,-1395,-1317,-1294,-1386,-1406,-1650,-2052,-4211,-4369,-4041,-3942,-4364,-4515,-4493,-4588,-4664,-4479,-4491,-4718,-4889,-4869,-4996,-4841,-4862,-4902,-4962,-5185,-5137,-5101,-4946,-4802,-4547,-4309,-4165,-4152,-4222,-4585,-4805,-4923,-4986,-4794,-4591,-4152,-3816,-3655,-3499,-3279,-3111,-3076,-3184,-3264,-3681,-4100,-4174,-4063,-4135,-3948,-3814,-3624,-3332,-2923,-2800,-2540,-2456,-2095,-2071,-2047,-1960,-2011,-2221,-1855,-1973,-2101,-2236,-13730
7,0,2028,-277849,-304,-843,-846,-743,-726,-599,-1730,-1715,-1623,-1529,-1430,-1253,-1118,-1156,-1219,-1226,-1464,-1717,-3900,-3991,-3655,-3513,-3863,-3775,-3816,-3946,-3998,-3979,-4058,-4026,-4251,-4332,-4279,-4281,-4213,-4295,-4412,-4579,-4759,-4770,-4653,-4433,-4266,-4075,-3969,-3971,-4143,-4392,-4837,-4900,-4913,-4704,-4402,-4068,-3648,-3387,-3207,-3226,-3120,-3000,-3054,-3164,-3379,-3746,-4046,-4079,-3853,-3876,-3605,-3435,-3242,-2973,-2595,-2462,-2237,-2205,-1930,-1961,-1974,-1963,-2068,-2297,-1964,-2103,-2208,-14184
7,0,2029,-257921,-303,-843,-846,-743,-726,-599,-579,-1550,-1427,-1261,-1149,-1026,-948,-983,-1075,-1069,-1242,-1501,-3512,-3661,-3256,-3208,-3478,-3361,-3190,-3348,-3423,-3432,-3497,-3614,-3682,-3719,-3754,-3655,-3670,-3694,-3794,-4032,-4200,-4406,-4355,-4160,-3965,-3781,-3772,-3769,-3964,-4297,-4607,-4897,-4850,-4600,-4289,-3885,-3543,-3215,-2955,-2931,-3010,-2994,-2979,-3015,-3258,-3448,-3694,-3915,-3832,-3610,-3513,-3226,-3050,-2822,-2634,-2256,-2192,-2025,-1948,-1837,-1885,-1954,-2030,-2170,-2435,-2109,-2221,-14568
7,0,2030,-241976,-304,-843,-846,-743,-726,-599,-579,-567,-1299,-1052,-986,-822,-815,-832,-924,-927,-1096,-1277,-3323,-3316,-2949,-2845,-3249,-3094,-2870,-2850,-2973,-2999,-3104,-3144,-3361,-3302,-3302,-3206,-3180,-3288,-3302,-3522,-3720,-3952,-4057,-3928,-3768,-3564,-3528,-3617,-3776,-4148,-4550,-4697,-4860,-4546,-4189,-3786,-3377,-3134,-2804,-2716,-2781,-2880,-2972,-2981,-3159,-3329,-3460,-3629,-3704,-3563,-3309,-3108,-2892,-2653,-2462,-2264,-2016,-2002,-1848,-1824,-1803,-1862,-2026,-2151,-2339,-2646,-2238,-14942
7,0,2031,-230548,-303,-843,-846,-743,-726,-599,-579,-569,-497,-853,-817,-725,-705,-762,-837,-820,-985,-1148,-3143,-3160,-2723,-2637,-2981,-2941,-2703,-2628,-2560,-2618,-2722,-2747,-2945,-3006,-2957,-2873,-2836,-2907,-2982,-3150,-3326,-3579,-3717,-3735,-3626,-3448,-3379,-3449,-3664,-3984,-4420,-4688,-4725,-4576,-4189,-3727,-3342,-3005,-2756,-2616,-2619,-2724,-2916,-3006,-3167,-3308,-3357,-3472,-3507,-3488,-3286,-2999,-2783,-2574,-2336,-2132,-1994,-1870,-1828,-1780,-1802,-1853,-1955,-2174,-2350,-2563,-2849,-15329
7,0,2032,-223958,-303,-843,-847,-743,-726,-600,-579,-568,-497,-531,-697,-643,-642,-689,-769,-753,-892,-1051,-3020,-3032,-2587,-2492,-2848,-2769,-2605,-2529,-2424,-2375,-2482,-2471,-2588,-2734,-2756,-2642,-2605,-2663,-2717,-2882,-3057,-3280,-3424,-3499,-3498,-3375,-3296,-3326,-3537,-3905,-4268,-4575,-4730,-4490,-4230,-3759,-3306,-3007,-2671,-2590,-2551,-2620,-2812,-3001,-3245,-3363,-3402,-3391,-3411,-3375,-3243,-3037,-2768,-2515,-2343,-2076,-1953,-1863,-1776,-1788,-1809,-1871,-2004,-2140,-2403,-2601,-2772,-16408
7,0,2033,-221146,-303,-843,-846,-743,-727,-600,-579,-568,-498,-531,-509,-617,-607,-654,-723,-693,-831,-969,-2940,-2927,-2503,-2403,-2759,-2683,-2501,-2480,-2373,-2308,-2395,-2388,-2452,-2488,-2644,-2581,-2493,-2532,-2561,-2716,-2851,-3078,-3194,-3267,-3326,-3282,-3258,-3267,-3437,-3791,-4212,-4443,-4645,-4518,-4183,-3816,-3359,-2994,-2696,-2542,-2555,-2575,-2737,-2932,-3278,-3477,-3489,-3481,-3356,-3311,-3192,-3031,-2842,-2547,-2326,-2132,-1949,-1892,-1810,-1803,-1864,-1923,-2045,-2218,-2390,-2679,-2832,-17353
7,0,2034,-218293,-304,-844,-847,-743,-728,-600,-579,-568,-498,-531,-509,-453,-584,-622,-689,-642,-762,-898,-2846,-2846,-2395,-2324,-2678,-2608,-2429,-2389,-2327,-2258,-2322,-2298,-2367,-2348,-2403,-2474,-2434,-2421,-2431,-2556,-2683,-2867,-2994,-3044,-3107,-3121,-3168,-3230,-3376,-3682,-4091,-4380,-4508,-4437,-4206,-3775,-3408,-3039,-2686,-2564,-2508,-2582,-2691,-2849,-3202,-3513,-3610,-3571,-3447,-3258,-3130,-2981,-2834,-2618,-2354,-2114,-1998,-1888,-1835,-1836,-1882,-1983,-2102,-2263,-2478,-2668,-2913,-18264
7,0,2035,-215455,-303,-845,-848,-743,-727,-600,-579,-569,-498,-531,-509,-454,-431,-596,-653,-602,-702,-816,-2763,-2739,-2313,-2224,-2610,-2539,-2369,-2330,-2248,-2213,-2269,-2218,-2272,-2263,-2266,-2241,-2330,-2365,-2319,-2423,-2522,-2698,-2788,-2853,-2901,-2915,-3015,-3140,-3332,-3617,-3975,-4253,-4448,-4305,-4134,-3799,-3372,-3085,-2726,-2556,-2534,-2535,-2699,-2801,-3111,-3429,-3650,-3694,-3536,-3347,-3084,-2925,-2788,-2612,-2419,-2142,-1984,-1936,-1834,-1864,-1915,-2003,-2168,-2329,-2532,-2765,-2901,-19164
7,0,2036,-212581,-304,-845,-848,-744,-727,-600,-580,-568,-498,-531,-511,-454,-431,-448,-626,-561,-654,-744,-2672,-2656,-2206,-2143,-2520,-2483,-2314,-2277,-2193,-2133,-2222,-2165,-2190,-2169,-2182,-2111,-2107,-2263,-2265,-2313,-2386,-2537,-2621,-2653,-2717,-2717,-2814,-2985,-3239,-3572,-3902,-4130,-4318,-4243,-4010,-3731,-3392,-3051,-2767,-2595,-2523,-2560,-2648,-2808,-3060,-3332,-3557,-3736,-3662,-3434,-3166,-2880,-2739,-2568,-2415,-2202,-2011,-1922,-1880,-1859,-1946,-2039,-2190,-2406,-2607,-2824,-3010,-19959
7,0,2037,-209707,-304,-844,-848,-744,-728,-600,-580,-568,-498,-532,-510,-454,-431,-447,-469,-530,-606,-687,-2588,-2554,-2119,-2046,-2450,-2410,-2267,-2230,-2146,-2076,-2138,-2114,-2135,-2089,-2091,-2031,-1980,-2044,-2161,-2256,-2272,-2400,-2461,-2489,-2527,-2546,-2624,-2785,-3081,-3471,-3857,-4056,-4196,-4122,-3958,-3622,-3334,-3072,-2738,-2632,-2561,-2550,-2676,-2756,-3068,-3277,-3458,-3640,-3703,-3554,-3249,-2958,-2698,-2526,-2375,-2198,-2067,-1948,-1867,-1908,-1941,-2075,-2229,-2429,-2688,-2907,-3072,-20781
7,0,2038,-206743,-304,-844,-848,-744,-728,-600,-581,-569,-498,-532,-510,-454,-431,-448,-469,-353,-574,-633,-2524,-2465,-2018,-1961,-2364,-2350,-2206,-2191,-2100,-2030,-2079,-2025,-2081,-2032,-2012,-1942,-1904,-1922,-1943,-2150,-2211,-2284,-2323,-2335,-2370,-2366,-2458,-2592,-2868,-3297,-3747,-4005,-4119,-4001,-3841,-3576,-3239,-3018,-2755,-2604,-2597,-2588,-2664,-2783,-3009,-3283,-3396,-3535,-3609,-3594,-3365,-3034,-2769,-2484,-2332,-2162,-2063,-2000,-1893,-1896,-1994,-2068,-2268,-2476,-2716,-2999,-3166,-21572
7,0,2039,-203779,-304,-845,-848,-744,-727,-600,-580,-568,-498,-532,-511,-454,-431,-447,-469,-353,-363,-593,-2463,-2395,-1929,-1870,-2289,-2278,-2157,-2139,-2067,-1988,-2030,-1967,-1989,-1978,-1956,-1868,-1817,-1849,-1820,-1929,-2106,-2225,-2213,-2205,-2227,-2218,-2287,-2425,-2666,-3068,-3559,-3890,-4068,-3928,-3731,-3470,-3197,-2936,-2707,-2621,-2570,-2625,-2705,-2771,-3037,-3221,-3405,-3475,-3503,-3505,-3403,-3143,-2842,-2552,-2297,-2123,-2031,-1999,-1945,-1922,-1980,-2126,-2262,-2516,-2769,-3030,-3265,-22365
7,0,2040,-200759,-304,-845,-848,-744,-727,-600,-581,-569,-498,-532,-510,-453,-431,-448,-469,-353,-363,-346,-2416,-2324,-1857,-1784,-2208,-2216,-2099,-2099,-2019,-1954,-1986,-1912,-1926,-1883,-1905,-1814,-1745,-1764,-1748,-1806,-1879,-2118,-2156,-2096,-2104,-2084,-2144,-2256,-2493,-2853,-3311,-3695,-3951,-3879,-3665,-3374,-3107,-2901,-2633,-2578,-2584,-2597,-2744,-2815,-3028,-3252,-3335,-3483,-3445,-3401,-3318,-3177,-2942,-2617,-2360,-2091,-1995,-1967,-1943,-1977,-2008,-2109,-2325,-2509,-2812,-3086,-3300,-23176
7,0,2041,-197740,-304,-846,-850,-745,-730,-601,-581,-569,-498,-533,-511,-455,-433,-450,-469,-354,-363,-348,-2134,-2275,-1790,-1718,-2133,-2151,-2049,-2048,-1982,-1907,-1951,-1866,-1872,-1820,-1812,-1763,-1694,-1695,-1663,-1730,-1757,-1893,-2051,-2041,-2000,-1967,-2014,-2112,-2315,-2667,-3078,-3436,-3755,-3770,-3620,-3314,-3022,-2820,-2602,-2510,-2543,-2613,-2718,-2859,-3072,-3239,-3370,-3412,-3451,-3344,-3218,-3098,-2976,-2711,-2423,-2149,-1965,-1932,-1913,-1975,-2066,-2141,-2310,-2581,-2807,-3138,-3364,-23915
7,0,2042,-194658,-304,-847,-850,-745,-729,-601,-581,-570,-499,-534,-512,-454,-433,-450,-469,-354,-363,-347,-2134,-1972,-1741,-1652,-2074,-2086,-1991,-2006,-1938,-1870,-1901,-1827,-1822,-1767,-1749,-1675,-1648,-1644,-1593,-1646,-1682,-1766,-1824,-1936,-1948,-1869,-1903,-1984,-2168,-2472,-2876,-3190,-3497,-3577,-3517,-3274,-2969,-2744,-2529,-2478,-2478,-2570,-2734,-2827,-3119,-3291,-3355,-3445,-3382,-3349,-3162,-3005,-2903,-2745,-2508,-2205,-2020,-1903,-1877,-1945,-2064,-2204,-2342,-2565,-2889,-3132,-3418,-24640
7,0,2043,-191593,-305,-847,-851,-746,-730,-604,-582,-570,-500,-534,-512,-455,-433,-450,-470,-354,-363,-348,-2134,-1973,-1432,-1607,-2017,-2038,-1940,-1956,-1898,-1827,-1863,-1773,-1783,-1716,-1697,-1614,-1561,-1598,-1547,-1575,-1594,-1690,-1701,-1722,-1850,-1822,-1809,-1871,-2032,-2313,-2668,-2978,-3245,-3327,-3338,-3184,-2934,-2701,-2462,-2407,-2447,-2503,-2688,-2843,-3086,-3340,-3410,-3433,-3416,-3280,-3170,-2956,-2817,-2674,-2537,-2285,-2074,-1955,-1852,-1909,-2030,-2202,-2413,-2599,-2870,-3220,-3411,-25322
7,0,2044,-188576,-306,-848,-851,-746,-730,-602,-582,-570,-501,-535,-512,-455,-433,-450,-472,-355,-363,-349,-2135,-1973,-1434,-1316,-1978,-1994,-1900,-1912,-1856,-1788,-1816,-1734,-1726,-1674,-1649,-1563,-1502,-1516,-1501,-1529,-1521,-1603,-1624,-1604,-1646,-1729,-1761,-1778,-1913,-2168,-2498,-2760,-3031,-3086,-3110,-3025,-2855,-2668,-2420,-2347,-2383,-2474,-2618,-2797,-3107,-3306,-3464,-3487,-3405,-3313,-3105,-2964,-2768,-2597,-2474,-2312,-2147,-2006,-1901,-1881,-1993,-2164,-2410,-2678,-2910,-3200,-3511,-25898
7,0,2045,-185633,-305,-848,-852,-747,-730,-602,-582,-571,-501,-536,-512,-455,-434,-450,-473,-354,-363,-349,-2134,-1973,-1434,-1316,-1720,-1956,-1861,-1878,-1816,-1743,-1777,-1684,-1685,-1621,-1607,-1519,-1452,-1456,-1415,-1480,-1471,-1528,-1541,-1532,-1536,-1536,-1676,-1731,-1817,-2041,-2337,-2577,-2812,-2878,-2888,-2821,-2716,-2598,-2395,-2310,-2322,-2408,-2587,-2723,-3055,-3327,-3429,-3544,-3459,-3305,-3135,-2901,-2776,-2554,-2402,-2256,-2176,-2081,-1954,-1931,-1962,-2126,-2369,-2677,-2999,-3246,-3488,-26509
7,0,2046,-182762,-305,-849,-852,-747,-732,-605,-583,-570,-502,-536,-513,-455,-435,-451,-472,-355,-363,-351,-2136,-1973,-1435,-1317,-1721,-1743,-1831,-1845,-1785,-1703,-1729,-1641,-1634,-1576,-1555,-1479,-1409,-1410,-1359,-1395,-1423,-1478,-1469,-1445,-1464,-1433,-1490,-1640,-1765,-1936,-2204,-2413,-2629,-2666,-2698,-2624,-2536,-2475,-2332,-2283,-2286,-2351,-2519,-2688,-2971,-3270,-3450,-3508,-3513,-3357,-3125,-2930,-2719,-2558,-2361,-2188,-2119,-2107,-2027,-1987,-2020,-2091,-2324,-2631,-2996,-3348,-3539,-27024
7,0,2047,-179965,-306,-849,-853,-748,-732,-605,-583,-571,-501,-537,-513,-456,-435,-451,-473,-354,-363,-351,-2136,-1973,-1435,-1317,-1722,-1743,-1656,-1822,-1753,-1674,-1689,-1591,-1590,-1526,-1513,-1428,-1369,-1365,-1310,-1338,-1336,-1431,-1420,-1377,-1387,-1366,-1388,-1459,-1675,-1884,-2093,-2271,-2461,-2490,-2500,-2455,-2363,-2316,-2219,-2226,-2263,-2314,-2458,-2614,-2935,-3180,-3391,-3529,-3481,-3410,-3177,-2919,-2744,-2505,-2368,-2152,-2057,-2052,-2051,-2060,-2077,-2152,-2290,-2581,-2947,-3345,-3650,-27515
7,0,2048,-177155,-306,-850,-854,-748,-732,-603,-583,-572,-503,-538,-513,-456,-436,-451,-474,-355,-363,-351,-2137,-1973,-1436,-1317,-1722,-1745,-1656,-1670,-1735,-1644,-1657,-1548,-1538,-1481,-1460,-1387,-1321,-1330,-1266,-1291,-1279,-1340,-1371,-1329,-1322,-1292,-1326,-1358,-1481,-1785,-2034,-2151,-2318,-2328,-2339,-2280,-2215,-2164,-2075,-2121,-2205,-2288,-2418,-2547,-2856,-3141,-3296,-3470,-3503,-3374,-3228,-2969,-2736,-2529,-2319,-2157,-2022,-1993,-1997,-2084,-2153,-2214,-2358,-2544,-2890,-3289,-3646,-28019
7,0,2049,-174367,-307,-850,-854,-749,-734,-606,-583,-570,-504,-539,-513,-456,-436,-451,-474,-355,-364,-352,-2137,-1973,-1436,-1318,-1723,-1745,-1656,-1671,-1597,-1623,-1625,-1514,-1492,-1429,-1417,-1339,-1282,-1282,-1230,-1244,-1227,-1282,-1285,-1283,-1276,-1230,-1254,-1294,-1375,-1579,-1929,-2091,-2199,-2188,-2188,-2136,-2062,-2032,-1935,-1985,-2099,-2228,-2392,-2507,-2781,-3056,-3255,-3370,-3440,-3396,-3195,-3016,-2780,-2522,-2341,-2112,-2026,-1958,-1940,-2032,-2183,-2299,-2426,-2619,-2846,-3227,-3587,-28474
7,0,2050,-171605,-306,-851,-854,-749,-733,-606,-584,-572,-504,-539,-513,-456,-436,-451,-476,-355,-364,-352,-2137,-1975,-1437,-1318,-1723,-1746,-1656,-1671,-1598,-1488,-1602,-1480,-1457,-1384,-1366,-1297,-1233,-1243,-1184,-1209,-1181,-1232,-1228,-1200,-1231,-1190,-1195,-1221,-1309,-1463,-1704,-1982,-2135,-2074,-2063,-2002,-1936,-1896,-1817,-1856,-1968,-2122,-2332,-2477,-2737,-2973,-3163,-3329,-3343,-3338,-3215,-2986,-2827,-2563,-2333,-2133,-1985,-1965,-1905,-1971,-2124,-2329,-2521,-2694,-2933,-3178,-3520,-28821
7,0,2051,-168815,-307,-851,-856,-750,-734,-607,-585,-573,-504,-540,-514,-457,-437,-452,-476,-354,-364,-353,-2138,-1974,-1437,-1318,-1723,-1746,-1657,-1671,-1598,-1488,-1461,-1456,-1422,-1349,-1320,-1247,-1191,-1197,-1144,-1160,-1143,-1187,-1178,-1142,-1151,-1145,-1152,-1162,-1233,-1390,-1580,-1747,-2026,-2015,-1955,-1886,-1819,-1781,-1697,-1742,-1841,-1989,-2220,-2411,-2706,-2924,-3076,-3236,-3302,-3244,-3162,-3007,-2799,-2606,-2371,-2127,-2002,-1921,-1912,-1937,-2061,-2270,-2552,-2803,-3021,-3276,-3468,-29029
7,0,2052,-166063,-307,-852,-857,-750,-735,-607,-585,-572,-505,-540,-515,-457,-438,-454,-476,-355,-364,-354,-2137,-1974,-1437,-1319,-1723,-1746,-1657,-1671,-1598,-1488,-1461,-1306,-1396,-1311,-1284,-1204,-1142,-1156,-1098,-1122,-1095,-1149,-1134,-1097,-1098,-1071,-1111,-1120,-1172,-1309,-1501,-1614,-1788,-1908,-1902,-1795,-1718,-1681,-1596,-1629,-1731,-1861,-2081,-2294,-2633,-2893,-3023,-3146,-3209,-3203,-3071,-2953,-2819,-2580,-2411,-2162,-1999,-1941,-1870,-1941,-2026,-2199,-2487,-2840,-3139,-3374,-3576,-29160
7,0,2053,-163319,-308,-852,-856,-750,-735,-607,-584,-573,-505,-540,-516,-455,-438,-453,-476,-355,-364,-354,-2137,-1974,-1438,-1320,-1725,-1748,-1657,-1671,-1599,-1489,-1462,-1307,-1240,-1285,-1250,-1169,-1103,-1109,-1058,-1073,-1053,-1099,-1098,-1052,-1051,-1020,-1040,-1080,-1125,-1245,-1415,-1532,-1655,-1678,-1802,-1748,-1635,-1592,-1500,-1533,-1623,-1750,-1947,-2144,-2507,-2815,-2989,-3093,-3121,-3113,-3031,-2872,-2769,-2599,-2388,-2198,-2031,-1936,-1888,-1900,-2032,-2162,-2411,-2765,-3183,-3512,-3683,-29369
7,0,2054,-160589,-308,-853,-857,-751,-735,-607,-586,-572,-505,-541,-516,-457,-438,-453,-477,-356,-364,-354,-2138,-1974,-1438,-1320,-1724,-1748,-1658,-1672,-1600,-1490,-1462,-1307,-1240,-1128,-1225,-1137,-1070,-1069,-1012,-1033,-1005,-1059,-1049,-1015,-1012,-979,-993,-1010,-1083,-1195,-1342,-1441,-1572,-1549,-1592,-1658,-1594,-1520,-1421,-1446,-1528,-1641,-1830,-2002,-2345,-2678,-2909,-3056,-3065,-3026,-2944,-2835,-2691,-2554,-2402,-2174,-2065,-1967,-1885,-1920,-1989,-2169,-2368,-2681,-3099,-3559,-3833,-29664
7,0,2055,-157872,-307,-854,-858,-751,-736,-608,-586,-574,-506,-541,-516,-457,-439,-453,-478,-356,-364,-356,-2138,-1975,-1439,-1320,-1725,-1748,-1658,-1672,-1600,-1490,-1462,-1307,-1240,-1129,-1070,-1114,-1037,-1037,-970,-986,-965,-1009,-1008,-968,-979,-941,-951,-962,-1010,-1150,-1290,-1365,-1482,-1470,-1472,-1469,-1516,-1483,-1355,-1373,-1444,-1546,-1714,-1877,-2189,-2503,-2764,-2974,-3032,-2974,-2865,-2752,-2658,-2483,-2363,-2192,-2045,-2002,-1917,-1917,-2010,-2121,-2375,-2632,-3004,-3466,-3886,-30092
7,0,2056,-155097,-309,-854,-858,-752,-736,-608,-586,-574,-506,-542,-516,-458,-439,-454,-477,-356,-364,-355,-2139,-1975,-1439,-1320,-1726,-1749,-1658,-1672,-1600,-1490,-1463,-1307,-1240,-1129,-1069,-962,-1013,-1005,-938,-945,-917,-967,-959,-930,-932,-909,-916,-924,-961,-1071,-1240,-1311,-1405,-1381,-1397,-1364,-1350,-1412,-1321,-1313,-1373,-1462,-1617,-1752,-2053,-2335,-2580,-2826,-2951,-2941,-2816,-2677,-2584,-2452,-2298,-2152,-2060,-1982,-1950,-1949,-2003,-2145,-2325,-2639,-2952,-3358,-3783,-30519
7,0,2057,-152308,-309,-855,-859,-752,-736,-608,-586,-574,-506,-543,-517,-458,-439,-455,-478,-356,-364,-355,-2138,-1976,-1439,-1322,-1726,-1749,-1658,-1672,-1600,-1491,-1463,-1307,-1240,-1129,-1070,-962,-866,-983,-906,-912,-874,-919,-918,-882,-895,-865,-884,-885,-920,-1017,-1157,-1257,-1350,-1308,-1317,-1297,-1257,-1266,-1261,-1279,-1314,-1389,-1527,-1647,-1918,-2189,-2401,-2637,-2803,-2861,-2783,-2630,-2513,-2383,-2268,-2092,-2025,-1997,-1929,-1981,-2040,-2140,-2349,-2584,-2961,-3300,-3669,-30811
7,0,2058,-149511,-309,-855,-859,-752,-737,-609,-587,-574,-507,-543,-516,-458,-440,-454,-478,-356,-364,-356,-2139,-1976,-1439,-1323,-1726,-1751,-1659,-1672,-1601,-1491,-1463,-1308,-1240,-1129,-1070,-962,-866,-838,-884,-879,-841,-877,-871,-843,-849,-830,-842,-854,-879,-973,-1097,-1167,-1296,-1256,-1249,-1225,-1199,-1184,-1129,-1223,-1283,-1329,-1452,-1552,-1804,-2040,-2249,-2454,-2614,-2717,-2706,-2599,-2471,-2317,-2205,-2066,-1967,-1964,-1943,-1963,-2076,-2179,-2345,-2614,-2898,-3314,-3605,-30931
7,0,2059,-146745,-309,-856,-859,-753,-737,-609,-587,-574,-507,-544,-517,-458,-440,-455,-479,-356,-364,-356,-2140,-1976,-1440,-1323,-1727,-1751,-1659,-1672,-1602,-1492,-1464,-1309,-1240,-1129,-1070,-963,-866,-839,-739,-856,-807,-843,-830,-796,-812,-788,-807,-812,-846,-929,-1049,-1106,-1206,-1205,-1199,-1164,-1135,-1133,-1056,-1099,-1230,-1297,-1388,-1470,-1700,-1917,-2090,-2297,-2434,-2536,-2571,-2528,-2442,-2277,-2144,-2006,-1944,-1907,-1910,-1978,-2055,-2217,-2387,-2608,-2931,-3242,-3619,-30981
7,0,2060,-144024,-309,-856,-860,-753,-737,-609,-587,-574,-507,-544,-517,-458,-440,-455,-479,-356,-364,-357,-2140,-1976,-1440,-1323,-1727,-1751,-1659,-1672,-1602,-1492,-1464,-1309,-1240,-1129,-1070,-963,-866,-839,-739,-709,-782,-810,-796,-756,-770,-752,-768,-777,-802,-892,-1001,-1056,-1144,-1116,-1155,-1120,-1084,-1079,-1009,-1030,-1109,-1242,-1356,-1401,-1611,-1805,-1962,-2137,-2277,-2359,-2400,-2404,-2376,-2250,-2109,-1951,-1887,-1883,-1855,-1943,-2071,-2194,-2430,-2656,-2925,-3282,-3543,-31035
7,1,2023,-203221,-152,-1496,-1530,-1550,-1534,-1554,-1528,-1483,-1442,-1342,-1278,-1086,-977,-1027,-1077,-1157,-1397,-1660,-2889,-3355,-3665,-3909,-4372,-4092,-3981,-4041,-3813,-3774,-3863,-3933,-4107,-4136,-4269,-4403,-4179,-4084,-4116,-4039,-3875,-3957,-3691,-3337,-2981,-2694,-2409,-2189,-2258,-2356,-2582,-2664,-2805,-2858,-2809,-2517,-2205,-1938,-1679,-1572,-1499,-1506,-1699,-1610,-1918,-2149,-2148,-2404,-2380,-2192,-2009,-2056,-1909,-1640,-1552,-1446,-1361,-1313,-1253,-1072,-1009,-1055,-1014,-920,-984,-960,-933,-5564
7,1,2024,-188671,-153,-408,-1379,-1360,-1365,-1363,-1348,-1351,-1277,-1236,-1146,-1062,-908,-889,-1008,-1042,-1226,-1539,-2539,-2970,-3021,-3333,-3631,-3807,-3515,-3448,-3507,-3303,-3347,-3500,-3563,-3615,-3726,-3833,-3975,-3822,-3797,-3795,-3740,-3595,-3520,-3277,-2908,-2586,-2414,-2246,-2182,-2334,-2507,-2673,-2665,-2703,-2672,-2533,-2250,-1944,-1670,-1508,-1420,-1398,-1500,-1740,-1728,-2010,-2209,-2172,-2324,-2225,-2022,-1848,-1883,-1728,-1451,-1426,-1313,-1226,-1218,-1206,-1002,-971,-1009,-1008,-932,-991,-963,-5714
7,1,2025,-174458,-153,-410,-416,-1227,-1200,-1220,-1182,-1194,-1164,-1087,-1037,-937,-873,-824,-861,-971,-1125,-1327,-2382,-2620,-2600,-2721,-3131,-3159,-3257,-3001,-2981,-2992,-2916,-2981,-3134,-3070,-3189,-3291,-3403,-3566,-3523,-3475,-3492,-3438,-3208,-3106,-2841,-2526,-2314,-2250,-2228,-2259,-2462,-2592,-2666,-2545,-2529,-2378,-2250,-1966,-1659,-1469,-1367,-1326,-1375,-1523,-1867,-1824,-2059,-2197,-2096,-2188,-2040,-1815,-1700,-1701,-1546,-1340,-1313,-1213,-1110,-1158,-1169,-946,-963,-999,-1021,-973,-990,-5861
7,1,2026,-160381,-153,-410,-417,-377,-1082,-1072,-1055,-1049,-1049,-992,-913,-828,-732,-770,-779,-785,-1008,-1200,-2116,-2390,-2233,-2268,-2538,-2676,-2718,-2771,-2529,-2501,-2579,-2589,-2636,-2707,-2674,-2797,-2851,-3028,-3237,-3213,-3167,-3185,-3054,-2836,-2682,-2450,-2272,-2141,-2227,-2281,-2382,-2514,-2566,-2529,-2369,-2219,-2090,-1927,-1673,-1461,-1303,-1270,-1304,-1412,-1653,-1939,-1887,-2030,-2112,-1958,-2006,-1837,-1628,-1538,-1517,-1402,-1217,-1203,-1102,-1055,-1117,-1143,-941,-960,-1014,-1069,-1007,-6010
7,1,2027,-147925,-153,-410,-417,-378,-343,-973,-934,-942,-914,-902,-831,-709,-621,-635,-703,-707,-804,-1055,-1952,-2123,-1965,-1918,-2095,-2159,-2278,-2308,-2352,-2117,-2148,-2261,-2342,-2280,-2419,-2377,-2491,-2599,-2761,-2976,-2939,-2907,-2814,-2706,-2459,-2325,-2189,-2118,-2119,-2296,-2387,-2441,-2482,-2421,-2329,-2101,-1916,-1790,-1610,-1454,-1297,-1219,-1246,-1305,-1529,-1761,-1965,-1909,-1988,-1952,-1814,-1795,-1680,-1459,-1378,-1359,-1279,-1124,-1081,-1058,-1028,-1091,-1162,-962,-985,-1048,-1103,-6193
7,1,2028,-137327,-154,-410,-417,-378,-343,-334,-846,-833,-819,-752,-721,-643,-532,-545,-605,-613,-723,-836,-1825,-1937,-1760,-1662,-1824,-1787,-1858,-1956,-1976,-1941,-1849,-1919,-2026,-2054,-2071,-2144,-2128,-2284,-2454,-2563,-2743,-2726,-2599,-2495,-2332,-2164,-2091,-2034,-2090,-2177,-2413,-2442,-2422,-2350,-2237,-2032,-1839,-1629,-1494,-1408,-1269,-1196,-1193,-1267,-1402,-1622,-1828,-1959,-1887,-1885,-1785,-1658,-1622,-1531,-1291,-1263,-1202,-1173,-1052,-1043,-1040,-1028,-1116,-1197,-1003,-1042,-1085,-6449
7,1,2029,-127218,-153,-411,-417,-378,-343,-334,-297,-758,-719,-671,-557,-516,-438,-457,-515,-526,-608,-745,-1582,-1818,-1561,-1509,-1620,-1564,-1541,-1614,-1658,-1634,-1632,-1655,-1751,-1749,-1820,-1838,-1886,-1942,-2109,-2255,-2375,-2530,-2444,-2318,-2160,-2028,-1971,-1933,-2002,-2136,-2272,-2441,-2395,-2282,-2145,-1946,-1753,-1552,-1343,-1282,-1214,-1158,-1162,-1199,-1370,-1495,-1693,-1831,-1900,-1794,-1727,-1612,-1511,-1438,-1361,-1175,-1151,-1100,-1047,-1011,-1015,-1037,-1082,-1157,-1259,-1069,-1089,-6672
7,1,2030,-119250,-154,-411,-417,-378,-343,-334,-297,-282,-658,-557,-512,-399,-372,-374,-435,-445,-528,-628,-1502,-1611,-1453,-1333,-1500,-1443,-1374,-1356,-1424,-1405,-1429,-1457,-1564,-1552,-1595,-1607,-1649,-1744,-1839,-1957,-2113,-2238,-2282,-2204,-2045,-1911,-1860,-1853,-1905,-2058,-2247,-2318,-2395,-2253,-2085,-1867,-1671,-1496,-1269,-1159,-1113,-1095,-1135,-1182,-1318,-1473,-1589,-1721,-1801,-1787,-1668,-1559,-1471,-1353,-1258,-1215,-1076,-1085,-1016,-1000,-994,-1001,-1087,-1140,-1214,-1360,-1119,-6873
7,1,2031,-113506,-153,-411,-417,-378,-343,-334,-297,-284,-262,-445,-415,-364,-308,-347,-393,-391,-470,-562,-1405,-1530,-1312,-1247,-1377,-1357,-1303,-1240,-1216,-1211,-1235,-1268,-1366,-1384,-1429,-1439,-1461,-1552,-1662,-1763,-1883,-2040,-2079,-2093,-1975,-1844,-1783,-1774,-1853,-1975,-2175,-2316,-2311,-2261,-2083,-1834,-1637,-1427,-1245,-1112,-1030,-1032,-1096,-1176,-1315,-1456,-1565,-1650,-1729,-1730,-1664,-1528,-1433,-1341,-1208,-1147,-1090,-1026,-1008,-991,-1001,-1011,-1055,-1153,-1215,-1308,-1439,-7078
7,1,2032,-110208,-154,-411,-417,-378,-343,-335,-297,-283,-261,-280,-346,-319,-281,-310,-365,-361,-424,-515,-1345,-1465,-1242,-1172,-1315,-1278,-1253,-1199,-1150,-1099,-1122,-1136,-1201,-1249,-1316,-1319,-1339,-1414,-1519,-1607,-1739,-1875,-1919,-1966,-1905,-1808,-1735,-1708,-1791,-1938,-2097,-2254,-2315,-2212,-2098,-1849,-1621,-1418,-1201,-1099,-1003,-987,-1053,-1171,-1341,-1474,-1580,-1617,-1687,-1688,-1642,-1549,-1436,-1321,-1224,-1128,-1071,-1035,-991,-1001,-1010,-1029,-1090,-1133,-1245,-1324,-1387,-7623
7,1,2033,-108883,-153,-411,-417,-378,-343,-335,-297,-283,-262,-280,-264,-310,-269,-298,-349,-337,-398,-476,-1309,-1416,-1202,-1129,-1279,-1238,-1207,-1179,-1131,-1075,-1086,-1107,-1151,-1141,-1257,-1292,-1279,-1343,-1432,-1513,-1618,-1764,-1795,-1840,-1819,-1760,-1716,-1675,-1735,-1879,-2069,-2186,-2267,-2225,-2076,-1876,-1645,-1416,-1206,-1076,-1002,-971,-1025,-1138,-1356,-1522,-1621,-1659,-1656,-1658,-1619,-1550,-1471,-1345,-1219,-1159,-1072,-1056,-1013,-1014,-1045,-1058,-1117,-1183,-1233,-1363,-1411,-8078
7,1,2034,-107523,-154,-411,-417,-378,-344,-335,-297,-283,-262,-280,-264,-247,-263,-288,-334,-316,-368,-445,-1266,-1382,-1153,-1091,-1240,-1208,-1172,-1137,-1113,-1056,-1060,-1071,-1119,-1086,-1147,-1231,-1251,-1280,-1357,-1422,-1523,-1640,-1687,-1721,-1702,-1681,-1670,-1656,-1700,-1817,-2008,-2154,-2197,-2180,-2088,-1858,-1670,-1436,-1205,-1079,-982,-971,-1008,-1105,-1317,-1540,-1675,-1704,-1699,-1628,-1589,-1527,-1471,-1380,-1241,-1154,-1099,-1056,-1031,-1036,-1060,-1097,-1148,-1212,-1288,-1352,-1452,-8501
7,1,2035,-106169,-153,-412,-418,-378,-343,-335,-297,-284,-262,-280,-264,-248,-207,-280,-322,-299,-341,-407,-1229,-1332,-1117,-1046,-1208,-1175,-1149,-1111,-1077,-1040,-1041,-1040,-1080,-1053,-1090,-1117,-1189,-1252,-1292,-1343,-1431,-1544,-1566,-1620,-1596,-1574,-1599,-1611,-1680,-1783,-1945,-2092,-2167,-2112,-2047,-1868,-1652,-1457,-1221,-1079,-986,-952,-1010,-1086,-1280,-1494,-1695,-1761,-1745,-1672,-1562,-1501,-1450,-1381,-1273,-1175,-1096,-1084,-1033,-1056,-1081,-1113,-1190,-1248,-1321,-1410,-1439,-8920
7,1,2036,-104768,-154,-412,-418,-378,-343,-335,-298,-283,-262,-280,-265,-248,-207,-226,-313,-283,-319,-374,-1185,-1295,-1067,-1011,-1169,-1149,-1123,-1091,-1054,-1004,-1022,-1022,-1049,-1013,-1054,-1058,-1073,-1187,-1264,-1278,-1349,-1452,-1473,-1504,-1500,-1473,-1496,-1541,-1634,-1762,-1905,-2024,-2103,-2080,-1983,-1830,-1661,-1441,-1239,-1094,-984,-955,-988,-1086,-1257,-1450,-1643,-1784,-1806,-1717,-1603,-1475,-1427,-1359,-1275,-1206,-1117,-1080,-1060,-1056,-1104,-1136,-1208,-1295,-1360,-1447,-1505,-9275
7,1,2037,-103359,-154,-411,-418,-378,-343,-335,-298,-283,-262,-280,-264,-248,-207,-225,-250,-270,-298,-347,-1146,-1247,-1028,-965,-1137,-1117,-1101,-1068,-1036,-979,-988,-1002,-1029,-982,-1014,-1025,-1012,-1069,-1197,-1248,-1281,-1370,-1381,-1413,-1392,-1387,-1403,-1443,-1564,-1713,-1883,-1984,-2036,-2021,-1957,-1775,-1629,-1452,-1226,-1109,-998,-955,-992,-1065,-1259,-1425,-1595,-1727,-1829,-1776,-1648,-1514,-1403,-1338,-1255,-1207,-1146,-1100,-1056,-1084,-1104,-1161,-1234,-1314,-1411,-1490,-1543,-9650
7,1,2038,-101886,-154,-411,-418,-378,-344,-335,-298,-284,-262,-280,-265,-248,-207,-226,-250,-190,-284,-322,-1116,-1205,-980,-927,-1096,-1090,-1073,-1051,-1015,-963,-962,-964,-1006,-961,-981,-980,-977,-1007,-1074,-1179,-1249,-1302,-1300,-1327,-1307,-1287,-1322,-1350,-1461,-1637,-1831,-1960,-1994,-1954,-1898,-1752,-1581,-1422,-1234,-1098,-1011,-967,-991,-1069,-1231,-1425,-1565,-1674,-1772,-1798,-1705,-1555,-1440,-1314,-1234,-1189,-1147,-1129,-1077,-1081,-1135,-1161,-1260,-1344,-1432,-1545,-1590,-10016
7,1,2039,-100421,-154,-412,-418,-378,-343,-335,-298,-283,-262,-280,-265,-248,-207,-225,-250,-190,-182,-304,-1086,-1171,-939,-885,-1064,-1056,-1053,-1028,-1000,-945,-945,-940,-968,-938,-959,-947,-932,-971,-1008,-1050,-1180,-1270,-1236,-1251,-1227,-1210,-1229,-1271,-1368,-1529,-1750,-1906,-1971,-1915,-1837,-1699,-1561,-1382,-1209,-1104,-1001,-979,-1004,-1067,-1235,-1394,-1567,-1644,-1717,-1744,-1727,-1611,-1480,-1351,-1212,-1169,-1131,-1130,-1106,-1103,-1131,-1194,-1260,-1372,-1465,-1569,-1648,-10386
7,1,2040,-98917,-154,-412,-418,-378,-343,-335,-298,-284,-262,-280,-264,-247,-207,-226,-249,-190,-182,-180,-1065,-1138,-904,-844,-1025,-1031,-1026,-1012,-980,-929,-925,-919,-941,-894,-936,-924,-897,-923,-971,-983,-1047,-1199,-1204,-1187,-1156,-1137,-1156,-1181,-1287,-1430,-1634,-1822,-1916,-1891,-1803,-1646,-1516,-1366,-1175,-1084,-1006,-970,-1017,-1082,-1236,-1400,-1530,-1646,-1686,-1689,-1675,-1631,-1531,-1387,-1246,-1150,-1112,-1114,-1107,-1132,-1153,-1189,-1297,-1372,-1494,-1604,-1675,-10773
7,1,2041,-97422,-154,-413,-419,-379,-345,-335,-298,-284,-262,-281,-265,-249,-208,-226,-249,-191,-182,-181,-922,-1115,-873,-813,-991,-1000,-1004,-989,-965,-911,-912,-899,-921,-867,-892,-900,-873,-888,-922,-942,-980,-1067,-1134,-1158,-1098,-1069,-1087,-1109,-1194,-1344,-1528,-1700,-1831,-1841,-1781,-1615,-1470,-1328,-1160,-1055,-988,-975,-1010,-1098,-1251,-1398,-1537,-1606,-1686,-1659,-1621,-1581,-1551,-1436,-1282,-1181,-1094,-1094,-1091,-1134,-1185,-1214,-1293,-1412,-1497,-1638,-1713,-11128
7,1,2042,-95928,-154,-414,-419,-379,-344,-335,-298,-285,-263,-282,-264,-248,-208,-226,-250,-191,-182,-181,-922,-961,-849,-782,-963,-970,-978,-971,-946,-897,-891,-883,-899,-847,-862,-856,-849,-864,-885,-894,-940,-998,-1004,-1091,-1070,-1016,-1025,-1043,-1121,-1245,-1435,-1589,-1711,-1757,-1733,-1596,-1442,-1287,-1129,-1042,-963,-958,-1015,-1087,-1270,-1418,-1535,-1614,-1648,-1660,-1592,-1530,-1504,-1455,-1328,-1214,-1124,-1076,-1072,-1118,-1186,-1248,-1318,-1409,-1542,-1642,-1749,-11487
7,1,2043,-94429,-154,-414,-420,-379,-344,-335,-298,-285,-262,-281,-265,-249,-208,-226,-250,-191,-182,-181,-922,-962,-693,-761,-937,-947,-955,-948,-930,-878,-877,-860,-880,-823,-840,-824,-803,-839,-862,-856,-888,-958,-936,-967,-1008,-992,-975,-983,-1052,-1168,-1330,-1492,-1597,-1641,-1655,-1554,-1426,-1265,-1094,-1012,-951,-933,-996,-1092,-1257,-1440,-1558,-1614,-1656,-1620,-1593,-1504,-1457,-1410,-1344,-1257,-1156,-1106,-1056,-1099,-1169,-1250,-1355,-1436,-1539,-1689,-1752,-11826
7,1,2044,-92975,-154,-415,-420,-379,-344,-335,-299,-285,-262,-282,-265,-249,-208,-226,-250,-192,-182,-182,-922,-962,-694,-615,-918,-926,-935,-929,-911,-862,-858,-845,-857,-804,-817,-802,-770,-792,-835,-831,-849,-906,-895,-904,-892,-934,-951,-933,-990,-1095,-1249,-1381,-1499,-1531,-1548,-1484,-1389,-1250,-1075,-984,-926,-923,-970,-1073,-1265,-1425,-1583,-1637,-1655,-1629,-1555,-1506,-1430,-1367,-1303,-1274,-1197,-1137,-1084,-1081,-1149,-1231,-1358,-1477,-1569,-1685,-1805,-12128
7,1,2045,-91582,-154,-415,-421,-380,-345,-335,-299,-286,-263,-283,-265,-248,-209,-226,-251,-191,-182,-182,-922,-962,-693,-615,-788,-908,-917,-912,-894,-843,-843,-824,-841,-782,-796,-780,-747,-758,-785,-804,-822,-866,-847,-867,-836,-827,-900,-911,-940,-1031,-1169,-1295,-1388,-1436,-1446,-1389,-1330,-1219,-1063,-969,-900,-900,-958,-1045,-1242,-1434,-1568,-1664,-1679,-1629,-1563,-1469,-1432,-1344,-1262,-1236,-1214,-1179,-1117,-1110,-1130,-1211,-1338,-1481,-1614,-1721,-1802,-12440
7,1,2046,-90211,-154,-415,-421,-379,-346,-336,-299,-285,-263,-282,-264,-248,-209,-227,-251,-192,-182,-184,-923,-962,-694,-616,-788,-803,-903,-898,-880,-827,-823,-807,-820,-762,-773,-759,-723,-735,-751,-751,-793,-838,-808,-818,-798,-776,-798,-858,-916,-977,-1102,-1214,-1301,-1328,-1360,-1300,-1248,-1169,-1037,-957,-886,-876,-936,-1031,-1208,-1407,-1577,-1647,-1706,-1654,-1562,-1478,-1399,-1344,-1239,-1196,-1177,-1197,-1157,-1144,-1163,-1188,-1315,-1458,-1618,-1770,-1839,-12708
7,1,2047,-88894,-154,-415,-422,-380,-346,-336,-299,-286,-263,-283,-265,-249,-209,-227,-252,-191,-182,-184,-923,-962,-693,-616,-788,-802,-816,-888,-866,-813,-807,-786,-801,-741,-754,-735,-702,-710,-727,-715,-741,-811,-782,-782,-755,-740,-750,-763,-864,-953,-1045,-1141,-1219,-1244,-1260,-1223,-1170,-1098,-994,-935,-878,-862,-911,-1004,-1193,-1367,-1547,-1656,-1692,-1680,-1587,-1475,-1405,-1312,-1242,-1176,-1140,-1159,-1174,-1186,-1198,-1224,-1293,-1433,-1594,-1775,-1893,-12980
7,1,2048,-87582,-154,-416,-423,-380,-347,-336,-300,-287,-264,-284,-264,-249,-210,-227,-252,-192,-182,-184,-923,-962,-694,-616,-788,-803,-816,-814,-857,-800,-793,-767,-779,-722,-730,-715,-677,-689,-699,-692,-707,-757,-754,-757,-721,-701,-720,-715,-764,-897,-1018,-1082,-1146,-1164,-1183,-1135,-1103,-1032,-932,-899,-858,-853,-895,-975,-1161,-1350,-1503,-1626,-1701,-1663,-1613,-1501,-1404,-1319,-1212,-1178,-1120,-1124,-1137,-1202,-1242,-1261,-1331,-1410,-1566,-1748,-1898,-13257
7,1,2049,-86264,-154,-416,-423,-380,-347,-336,-300,-285,-264,-284,-265,-249,-210,-227,-251,-192,-182,-184,-923,-962,-694,-617,-789,-803,-816,-814,-792,-792,-780,-752,-759,-699,-710,-692,-657,-663,-678,-663,-680,-721,-701,-729,-698,-669,-681,-684,-715,-793,-958,-1054,-1085,-1094,-1108,-1066,-1026,-975,-875,-846,-823,-834,-887,-960,-1127,-1314,-1483,-1577,-1667,-1673,-1597,-1525,-1427,-1318,-1218,-1150,-1121,-1102,-1102,-1166,-1259,-1309,-1371,-1452,-1540,-1719,-1871,-13510
7,1,2050,-84976,-154,-417,-423,-380,-346,-336,-300,-287,-264,-284,-264,-249,-210,-227,-253,-192,-182,-185,-923,-963,-694,-617,-789,-804,-816,-814,-793,-729,-770,-738,-743,-678,-686,-672,-631,-643,-652,-641,-651,-696,-666,-681,-672,-650,-652,-646,-683,-738,-844,-991,-1056,-1037,-1044,-1001,-967,-909,-829,-798,-778,-802,-867,-950,-1109,-1274,-1442,-1556,-1618,-1640,-1607,-1509,-1450,-1339,-1217,-1156,-1095,-1106,-1081,-1129,-1220,-1328,-1425,-1496,-1587,-1691,-1839,-13705
7,1,2051,-83665,-154,-417,-424,-381,-347,-336,-300,-288,-264,-285,-265,-250,-210,-227,-252,-191,-182,-186,-923,-963,-694,-617,-789,-804,-816,-814,-793,-729,-706,-728,-728,-662,-664,-647,-610,-617,-630,-613,-627,-667,-641,-645,-626,-625,-631,-618,-644,-706,-788,-873,-994,-1009,-990,-941,-910,-856,-773,-755,-734,-758,-834,-927,-1097,-1251,-1397,-1513,-1598,-1592,-1577,-1520,-1437,-1362,-1236,-1155,-1099,-1077,-1083,-1108,-1182,-1287,-1443,-1555,-1637,-1741,-1809,-13831
7,1,2052,-82403,-154,-418,-424,-381,-348,-336,-300,-287,-264,-285,-265,-250,-211,-228,-253,-192,-182,-186,-923,-963,-694,-618,-789,-804,-816,-814,-793,-729,-706,-659,-717,-645,-647,-626,-583,-595,-605,-591,-600,-644,-612,-623,-594,-583,-609,-599,-616,-664,-753,-813,-875,-948,-966,-894,-859,-810,-730,-708,-698,-717,-789,-890,-1070,-1239,-1371,-1465,-1554,-1571,-1530,-1489,-1447,-1348,-1259,-1173,-1101,-1085,-1057,-1109,-1161,-1245,-1400,-1578,-1701,-1796,-1865,-13914
7,1,2053,-81127,-155,-418,-424,-381,-348,-336,-300,-288,-264,-285,-266,-248,-211,-227,-253,-192,-182,-186,-923,-963,-694,-618,-789,-805,-816,-814,-793,-730,-707,-659,-644,-633,-630,-607,-563,-569,-581,-562,-575,-614,-591,-595,-571,-554,-570,-577,-594,-635,-709,-777,-814,-832,-908,-873,-817,-767,-688,-671,-657,-682,-747,-838,-1027,-1207,-1357,-1439,-1504,-1526,-1509,-1446,-1419,-1358,-1246,-1194,-1118,-1084,-1063,-1083,-1163,-1223,-1355,-1529,-1728,-1870,-1924,-14035
7,1,2054,-79852,-155,-419,-425,-381,-348,-336,-301,-287,-264,-285,-266,-250,-211,-228,-253,-193,-182,-186,-923,-963,-694,-618,-789,-805,-816,-815,-794,-730,-707,-659,-644,-557,-618,-590,-544,-546,-553,-540,-547,-592,-562,-573,-547,-534,-544,-540,-572,-613,-676,-731,-777,-774,-804,-821,-799,-731,-652,-637,-622,-643,-709,-791,-968,-1157,-1323,-1422,-1474,-1478,-1465,-1427,-1377,-1331,-1254,-1181,-1137,-1102,-1063,-1090,-1134,-1225,-1331,-1480,-1673,-1898,-2001,-14195
7,1,2055,-78584,-154,-419,-425,-381,-348,-337,-301,-289,-265,-285,-266,-250,-212,-227,-254,-193,-182,-188,-923,-963,-694,-618,-790,-805,-816,-815,-794,-730,-707,-659,-644,-558,-539,-579,-526,-527,-528,-511,-525,-561,-538,-547,-528,-511,-524,-514,-534,-590,-653,-695,-733,-738,-748,-728,-757,-716,-622,-605,-592,-611,-668,-750,-911,-1087,-1266,-1385,-1460,-1450,-1419,-1385,-1360,-1293,-1231,-1191,-1127,-1122,-1082,-1091,-1143,-1195,-1333,-1453,-1619,-1838,-2032,-14421
7,1,2056,-77265,-155,-420,-425,-382,-348,-337,-301,-289,-264,-286,-266,-251,-212,-228,-254,-193,-182,-187,-923,-963,-694,-618,-790,-805,-816,-815,-794,-730,-708,-659,-644,-558,-539,-497,-513,-510,-509,-486,-495,-538,-510,-525,-501,-492,-504,-497,-508,-549,-628,-672,-698,-693,-713,-680,-674,-677,-608,-580,-564,-583,-635,-702,-863,-1022,-1187,-1324,-1423,-1435,-1393,-1341,-1320,-1276,-1194,-1167,-1135,-1111,-1100,-1109,-1141,-1204,-1301,-1454,-1590,-1778,-1968,-14652
7,1,2057,-75928,-155,-420,-426,-382,-348,-337,-301,-289,-264,-287,-266,-251,-212,-229,-254,-193,-182,-187,-923,-964,-694,-620,-790,-805,-816,-815,-794,-730,-708,-659,-644,-558,-539,-497,-429,-497,-490,-465,-469,-508,-487,-498,-481,-469,-487,-475,-489,-521,-586,-645,-673,-660,-674,-650,-632,-607,-577,-567,-541,-556,-605,-666,-807,-965,-1113,-1239,-1360,-1397,-1377,-1316,-1279,-1240,-1178,-1133,-1114,-1119,-1089,-1127,-1162,-1204,-1308,-1420,-1592,-1746,-1906,-14794
7,1,2058,-74580,-155,-420,-426,-382,-349,-337,-302,-289,-265,-287,-266,-251,-212,-228,-254,-193,-182,-188,-923,-964,-694,-621,-790,-806,-816,-815,-795,-730,-708,-659,-644,-558,-539,-497,-429,-410,-477,-446,-448,-483,-458,-476,-455,-450,-464,-458,-467,-502,-554,-599,-647,-638,-643,-614,-606,-572,-517,-540,-531,-535,-579,-633,-764,-898,-1051,-1160,-1273,-1334,-1340,-1301,-1256,-1201,-1144,-1118,-1080,-1098,-1098,-1117,-1183,-1225,-1309,-1430,-1554,-1752,-1872,-14846
7,1,2059,-73225,-155,-421,-426,-382,-349,-337,-302,-289,-265,-287,-266,-251,-212,-229,-254,-193,-182,-188,-923,-964,-694,-621,-790,-806,-816,-815,-795,-731,-709,-659,-644,-558,-539,-498,-429,-411,-388,-432,-427,-462,-434,-448,-435,-427,-446,-436,-450,-478,-533,-567,-601,-613,-621,-587,-574,-550,-486,-488,-506,-524,-555,-601,-724,-849,-976,-1092,-1192,-1250,-1281,-1266,-1243,-1178,-1108,-1086,-1067,-1066,-1076,-1126,-1171,-1247,-1333,-1430,-1564,-1708,-1876,-14857
7,1,2060,-71884,-155,-421,-427,-382,-349,-337,-302,-289,-265,-287,-266,-251,-212,-229,-254,-193,-182,-189,-923,-964,-694,-621,-790,-806,-816,-815,-795,-731,-709,-659,-644,-558,-539,-498,-429,-411,-388,-339,-413,-442,-412,-423,-410,-407,-424,-419,-427,-459,-507,-545,-568,-567,-599,-567,-551,-524,-469,-463,-462,-501,-545,-574,-688,-801,-920,-1015,-1121,-1168,-1198,-1210,-1210,-1165,-1088,-1052,-1036,-1052,-1044,-1104,-1181,-1235,-1357,-1456,-1566,-1720,-1830,-14870
7,2,2023,-202930,-148,-1710,-1749,-1760,-1809,-1713,-1724,-1685,-1559,-1406,-1237,-1057,-1001,-989,-1041,-1129,-1336,-1640,-3043,-3385,-3458,-3697,-4113,-4080,-3645,-3758,-3665,-3761,-4056,-4246,-4416,-4391,-4335,-3932,-3617,-3275,-2941,-2978,-2834,-2705,-2677,-2566,-2444,-2350,-2184,-2200,-2214,-2368,-2604,-2629,-2754,-2688,-2666,-2389,-2172,-2031,-1906,-1982,-2193,-2414,-2397,-2497,-2631,-2641,-2694,-2627,-2464,-2354,-2294,-2125,-2012,-1754,-1724,-1665,-1376,-1160,-1266,-1000,-917,-920,-906,-867,-881,-924,-1017,-7362
7,2,2024,-188856,-149,-432,-1548,-1511,-1584,-1477,-1506,-1506,-1381,-1272,-1143,-973,-920,-905,-949,-1013,-1240,-1476,-2813,-2939,-3051,-3241,-3538,-3609,-3445,-3212,-3284,-3334,-3528,-3718,-3919,-3954,-3812,-3662,-3339,-3136,-2842,-2700,-2724,-2652,-2548,-2462,-2411,-2267,-2220,-2141,-2232,-2348,-2503,-2642,-2651,-2601,-2484,-2436,-2149,-2029,-1922,-1887,-2012,-2203,-2430,-2361,-2482,-2589,-2495,-2592,-2452,-2302,-2125,-2078,-1881,-1785,-1534,-1472,-1430,-1215,-1036,-1133,-920,-888,-910,-930,-920,-941,-980,-7390
7,2,2025,-175356,-149,-432,-429,-1339,-1373,-1289,-1304,-1314,-1236,-1126,-1043,-891,-847,-824,-861,-897,-1111,-1330,-2643,-2642,-2588,-2824,-3104,-3116,-3008,-3028,-2828,-2911,-3121,-3216,-3386,-3501,-3391,-3204,-3083,-2849,-2700,-2593,-2478,-2517,-2492,-2336,-2304,-2229,-2138,-2170,-2173,-2345,-2477,-2538,-2652,-2501,-2398,-2264,-2199,-2000,-1884,-1872,-1907,-2017,-2207,-2393,-2351,-2425,-2448,-2357,-2384,-2275,-2112,-1902,-1840,-1630,-1607,-1286,-1295,-1236,-1069,-957,-1085,-882,-888,-929,-989,-987,-1003,-7397
7,2,2026,-162187,-149,-432,-429,-365,-1226,-1103,-1144,-1146,-1085,-1004,-916,-814,-758,-742,-769,-801,-956,-1179,-2435,-2460,-2255,-2338,-2712,-2674,-2582,-2637,-2640,-2534,-2710,-2808,-2926,-3010,-2968,-2824,-2695,-2608,-2413,-2448,-2349,-2303,-2336,-2257,-2171,-2099,-2098,-2086,-2177,-2290,-2456,-2494,-2539,-2479,-2289,-2154,-2021,-2046,-1866,-1820,-1861,-1916,-2016,-2148,-2386,-2301,-2287,-2320,-2157,-2192,-2051,-1880,-1682,-1595,-1426,-1358,-1111,-1123,-1077,-976,-915,-1059,-866,-923,-979,-1060,-1052,-7445
7,2,2027,-150530,-149,-432,-429,-365,-383,-980,-994,-1012,-945,-876,-821,-686,-696,-659,-683,-699,-846,-997,-2259,-2246,-2076,-2024,-2269,-2356,-2215,-2280,-2312,-2362,-2343,-2457,-2547,-2589,-2577,-2464,-2371,-2303,-2201,-2209,-2198,-2194,-2132,-2096,-2088,-1984,-1976,-2034,-2103,-2289,-2418,-2482,-2504,-2373,-2262,-2051,-1900,-1865,-1889,-1825,-1814,-1857,-1938,-1959,-2152,-2339,-2209,-2154,-2147,-1996,-2000,-1829,-1652,-1464,-1422,-1181,-1177,-971,-990,-989,-932,-920,-1059,-893,-988,-1053,-1133,-7537
7,2,2028,-140522,-150,-433,-429,-365,-383,-265,-884,-882,-804,-777,-709,-610,-586,-611,-614,-613,-741,-881,-2075,-2054,-1895,-1851,-2039,-1988,-1958,-1990,-2022,-2038,-2209,-2107,-2225,-2278,-2208,-2137,-2085,-2011,-1958,-2016,-2016,-2044,-2054,-1938,-1934,-1911,-1878,-1937,-2053,-2215,-2424,-2458,-2491,-2354,-2165,-2036,-1809,-1758,-1713,-1818,-1851,-1804,-1861,-1897,-1977,-2124,-2218,-2120,-1966,-1991,-1820,-1777,-1620,-1442,-1304,-1199,-1035,-1032,-878,-918,-934,-935,-952,-1100,-961,-1061,-1123,-7735
7,2,2029,-130703,-150,-432,-429,-365,-383,-265,-282,-792,-708,-590,-592,-510,-510,-526,-560,-543,-634,-756,-1930,-1843,-1695,-1699,-1858,-1797,-1649,-1734,-1765,-1798,-1865,-1959,-1931,-1970,-1934,-1817,-1784,-1752,-1685,-1777,-1825,-1876,-1911,-1842,-1805,-1753,-1801,-1836,-1962,-2161,-2335,-2456,-2455,-2318,-2144,-1939,-1790,-1663,-1612,-1649,-1796,-1836,-1817,-1816,-1888,-1953,-2001,-2084,-1932,-1816,-1786,-1614,-1539,-1384,-1273,-1081,-1041,-925,-901,-826,-870,-917,-948,-1013,-1176,-1040,-1132,-7896
7,2,2030,-122726,-150,-432,-429,-365,-383,-265,-282,-285,-641,-495,-474,-423,-443,-458,-489,-482,-568,-649,-1821,-1705,-1496,-1512,-1749,-1651,-1496,-1494,-1549,-1594,-1675,-1687,-1797,-1750,-1707,-1599,-1531,-1544,-1463,-1565,-1607,-1714,-1775,-1724,-1723,-1653,-1668,-1764,-1871,-2090,-2303,-2379,-2465,-2293,-2104,-1919,-1706,-1638,-1535,-1557,-1668,-1785,-1837,-1799,-1841,-1856,-1871,-1908,-1903,-1776,-1641,-1549,-1421,-1300,-1204,-1049,-940,-917,-832,-824,-809,-861,-939,-1011,-1125,-1286,-1119,-8069
7,2,2031,-117042,-150,-432,-429,-365,-383,-265,-282,-285,-235,-408,-402,-361,-397,-415,-444,-429,-515,-586,-1738,-1630,-1411,-1390,-1604,-1584,-1400,-1388,-1344,-1407,-1487,-1479,-1579,-1622,-1528,-1434,-1375,-1355,-1320,-1387,-1443,-1539,-1638,-1642,-1651,-1604,-1596,-1675,-1811,-2009,-2245,-2372,-2414,-2315,-2106,-1893,-1705,-1578,-1511,-1504,-1589,-1692,-1820,-1830,-1852,-1852,-1792,-1822,-1778,-1758,-1622,-1471,-1350,-1233,-1128,-985,-904,-844,-820,-789,-801,-842,-900,-1021,-1135,-1255,-1410,-8251
7,2,2032,-113750,-149,-432,-430,-365,-383,-265,-282,-285,-236,-251,-351,-324,-361,-379,-404,-392,-468,-536,-1675,-1567,-1345,-1320,-1533,-1491,-1352,-1330,-1274,-1276,-1360,-1335,-1387,-1485,-1440,-1323,-1266,-1249,-1198,-1275,-1318,-1405,-1505,-1533,-1593,-1567,-1561,-1618,-1746,-1967,-2171,-2321,-2415,-2278,-2132,-1910,-1685,-1589,-1470,-1491,-1548,-1633,-1759,-1830,-1904,-1889,-1822,-1774,-1724,-1687,-1601,-1488,-1332,-1194,-1119,-948,-882,-828,-785,-787,-799,-842,-914,-1007,-1158,-1277,-1385,-8785
7,2,2033,-112263,-150,-432,-429,-365,-384,-265,-282,-285,-236,-251,-245,-307,-338,-356,-374,-356,-433,-493,-1631,-1511,-1301,-1274,-1480,-1445,-1294,-1301,-1242,-1233,-1309,-1281,-1301,-1347,-1387,-1289,-1214,-1189,-1129,-1203,-1233,-1314,-1399,-1427,-1507,-1522,-1542,-1592,-1702,-1912,-2143,-2257,-2378,-2293,-2107,-1940,-1714,-1578,-1490,-1466,-1553,-1604,-1712,-1794,-1922,-1955,-1868,-1822,-1700,-1653,-1573,-1481,-1371,-1202,-1107,-973,-877,-836,-797,-789,-819,-865,-928,-1035,-1157,-1316,-1421,-9275
7,2,2034,-110770,-150,-433,-430,-365,-384,-265,-282,-285,-236,-251,-245,-206,-321,-334,-355,-326,-394,-453,-1580,-1464,-1242,-1233,-1438,-1400,-1257,-1252,-1214,-1202,-1262,-1227,-1248,-1262,-1256,-1243,-1183,-1141,-1074,-1134,-1160,-1227,-1307,-1323,-1405,-1440,-1498,-1574,-1676,-1865,-2083,-2226,-2311,-2257,-2118,-1917,-1738,-1603,-1481,-1485,-1526,-1611,-1683,-1744,-1885,-1973,-1935,-1867,-1748,-1630,-1541,-1454,-1363,-1238,-1113,-960,-899,-832,-804,-800,-822,-886,-954,-1051,-1190,-1316,-1461,-9763
7,2,2035,-109286,-150,-433,-430,-365,-384,-265,-282,-285,-236,-251,-245,-206,-224,-316,-331,-303,-361,-409,-1534,-1407,-1196,-1178,-1402,-1364,-1220,-1219,-1171,-1173,-1228,-1178,-1192,-1210,-1176,-1124,-1141,-1113,-1027,-1080,-1091,-1154,-1222,-1233,-1305,-1341,-1416,-1529,-1652,-1834,-2030,-2161,-2281,-2193,-2087,-1931,-1720,-1628,-1505,-1477,-1548,-1583,-1689,-1715,-1831,-1935,-1955,-1933,-1791,-1675,-1522,-1424,-1338,-1231,-1146,-967,-888,-852,-801,-808,-834,-890,-978,-1081,-1211,-1355,-1462,-10244
7,2,2036,-107813,-150,-433,-430,-366,-384,-265,-282,-285,-236,-251,-246,-206,-224,-222,-313,-278,-335,-370,-1487,-1361,-1139,-1132,-1351,-1334,-1191,-1186,-1139,-1129,-1200,-1143,-1141,-1156,-1128,-1053,-1034,-1076,-1001,-1035,-1037,-1085,-1148,-1149,-1217,-1244,-1318,-1444,-1605,-1810,-1997,-2106,-2215,-2163,-2027,-1901,-1731,-1610,-1528,-1501,-1539,-1605,-1660,-1722,-1803,-1882,-1914,-1952,-1856,-1717,-1563,-1405,-1312,-1209,-1140,-996,-894,-842,-820,-803,-842,-903,-982,-1111,-1247,-1377,-1505,-10684
7,2,2037,-106348,-150,-433,-430,-366,-385,-265,-282,-285,-236,-252,-246,-206,-224,-222,-219,-260,-308,-340,-1442,-1307,-1091,-1081,-1313,-1293,-1166,-1162,-1110,-1097,-1150,-1112,-1106,-1107,-1077,-1006,-968,-975,-964,-1008,-991,-1030,-1080,-1076,-1135,-1159,-1221,-1342,-1517,-1758,-1974,-2072,-2160,-2101,-2001,-1847,-1705,-1620,-1512,-1523,-1563,-1595,-1684,-1691,-1809,-1852,-1863,-1913,-1874,-1778,-1601,-1444,-1295,-1188,-1120,-991,-921,-848,-811,-824,-837,-914,-995,-1115,-1277,-1417,-1529,-11131
7,2,2038,-104857,-150,-433,-430,-366,-384,-265,-283,-285,-236,-252,-245,-206,-224,-222,-219,-163,-290,-311,-1408,-1260,-1038,-1034,-1268,-1260,-1133,-1140,-1085,-1067,-1117,-1061,-1075,-1071,-1031,-962,-927,-915,-869,-971,-962,-982,-1023,-1008,-1063,-1079,-1136,-1242,-1407,-1660,-1916,-2045,-2125,-2047,-1943,-1824,-1658,-1596,-1521,-1506,-1586,-1621,-1673,-1714,-1778,-1858,-1831,-1861,-1837,-1796,-1660,-1479,-1329,-1170,-1098,-973,-916,-871,-816,-815,-859,-907,-1008,-1132,-1284,-1454,-1576,-11556
7,2,2039,-103358,-150,-433,-430,-366,-384,-265,-282,-285,-236,-252,-246,-206,-224,-222,-219,-163,-181,-289,-1377,-1224,-990,-985,-1225,-1222,-1104,-1111,-1067,-1043,-1085,-1027,-1021,-1040,-997,-921,-885,-878,-812,-879,-926,-955,-977,-954,-1000,-1008,-1058,-1154,-1298,-1539,-1809,-1984,-2097,-2013,-1894,-1771,-1636,-1554,-1498,-1517,-1569,-1646,-1701,-1704,-1802,-1827,-1838,-1831,-1786,-1761,-1676,-1532,-1362,-1201,-1085,-954,-900,-869,-839,-819,-849,-932,-1002,-1144,-1304,-1461,-1617,-11979
7,2,2040,-101842,-150,-433,-430,-366,-384,-265,-283,-285,-236,-252,-246,-206,-224,-222,-220,-163,-181,-166,-1351,-1186,-953,-940,-1183,-1185,-1073,-1087,-1039,-1025,-1061,-993,-985,-989,-969,-890,-848,-841,-777,-823,-832,-919,-952,-909,-948,-947,-988,-1075,-1206,-1423,-1677,-1873,-2035,-1988,-1862,-1728,-1591,-1535,-1458,-1494,-1578,-1627,-1727,-1733,-1792,-1852,-1805,-1837,-1759,-1712,-1643,-1546,-1411,-1230,-1114,-941,-883,-853,-836,-845,-855,-920,-1028,-1137,-1318,-1482,-1625,-12403
7,2,2041,-100318,-150,-433,-431,-366,-385,-266,-283,-285,-236,-252,-246,-206,-225,-224,-220,-163,-181,-167,-1212,-1160,-917,-905,-1142,-1151,-1045,-1059,-1017,-996,-1039,-967,-951,-953,-920,-863,-821,-807,-741,-788,-777,-826,-917,-883,-902,-898,-927,-1003,-1121,-1323,-1550,-1736,-1924,-1929,-1839,-1699,-1552,-1492,-1442,-1455,-1555,-1638,-1708,-1761,-1821,-1841,-1833,-1806,-1765,-1685,-1597,-1517,-1425,-1275,-1141,-968,-871,-838,-822,-841,-881,-927,-1017,-1169,-1310,-1500,-1651,-12787
7,2,2042,-98730,-150,-433,-431,-366,-385,-266,-283,-285,-236,-252,-248,-206,-225,-224,-219,-163,-181,-166,-1212,-1011,-892,-870,-1111,-1116,-1013,-1035,-992,-973,-1010,-944,-923,-920,-887,-819,-799,-780,-708,-752,-742,-768,-820,-845,-878,-853,-878,-941,-1047,-1227,-1441,-1601,-1786,-1820,-1784,-1678,-1527,-1457,-1400,-1436,-1515,-1612,-1719,-1740,-1849,-1873,-1820,-1831,-1734,-1689,-1570,-1475,-1399,-1290,-1180,-991,-896,-827,-805,-827,-878,-956,-1024,-1156,-1347,-1490,-1669,-13153
7,2,2043,-97164,-151,-433,-431,-367,-386,-269,-284,-285,-238,-253,-247,-206,-225,-224,-220,-163,-181,-167,-1212,-1011,-739,-846,-1080,-1091,-985,-1008,-968,-949,-986,-913,-903,-893,-857,-790,-758,-759,-685,-719,-706,-732,-765,-755,-842,-830,-834,-888,-980,-1145,-1338,-1486,-1648,-1686,-1683,-1630,-1508,-1436,-1368,-1395,-1496,-1570,-1692,-1751,-1829,-1900,-1852,-1819,-1760,-1660,-1577,-1452,-1360,-1264,-1193,-1028,-918,-849,-796,-810,-861,-952,-1058,-1163,-1331,-1531,-1659,-13496
7,2,2044,-95601,-152,-433,-431,-367,-386,-267,-283,-285,-239,-253,-247,-206,-225,-224,-222,-163,-181,-167,-1213,-1011,-740,-701,-1060,-1068,-965,-983,-945,-926,-958,-889,-869,-870,-832,-761,-732,-724,-666,-698,-672,-697,-729,-700,-754,-795,-810,-845,-923,-1073,-1249,-1379,-1532,-1555,-1562,-1541,-1466,-1418,-1345,-1363,-1457,-1551,-1648,-1724,-1842,-1881,-1881,-1850,-1750,-1684,-1550,-1458,-1338,-1230,-1171,-1038,-950,-869,-817,-800,-844,-933,-1052,-1201,-1341,-1515,-1706,-13770
7,2,2045,-94051,-151,-433,-431,-367,-385,-267,-283,-285,-238,-253,-247,-207,-225,-224,-222,-163,-181,-167,-1212,-1011,-741,-701,-932,-1048,-944,-966,-922,-900,-934,-860,-844,-839,-811,-739,-705,-698,-630,-676,-649,-662,-694,-665,-700,-709,-776,-820,-877,-1010,-1168,-1282,-1424,-1442,-1442,-1432,-1386,-1379,-1332,-1341,-1422,-1508,-1629,-1678,-1813,-1893,-1861,-1880,-1780,-1676,-1572,-1432,-1344,-1210,-1140,-1020,-962,-902,-837,-821,-832,-915,-1031,-1196,-1385,-1525,-1686,-14069
7,2,2046,-92551,-151,-434,-431,-368,-386,-269,-284,-285,-239,-254,-249,-207,-226,-224,-221,-163,-181,-167,-1213,-1011,-741,-701,-933,-940,-928,-947,-905,-876,-906,-834,-814,-814,-782,-720,-686,-675,-608,-644,-630,-640,-661,-627,-666,-657,-692,-782,-849,-959,-1102,-1199,-1328,-1338,-1338,-1324,-1288,-1306,-1295,-1326,-1400,-1475,-1583,-1657,-1763,-1863,-1873,-1861,-1807,-1703,-1563,-1452,-1320,-1214,-1122,-992,-942,-910,-870,-843,-857,-903,-1009,-1173,-1378,-1578,-1700,-14316
7,2,2047,-91071,-152,-434,-431,-368,-386,-269,-284,-285,-238,-254,-248,-207,-226,-224,-221,-163,-181,-167,-1213,-1011,-742,-701,-934,-941,-840,-934,-887,-861,-882,-805,-789,-785,-759,-693,-667,-655,-583,-623,-595,-620,-638,-595,-632,-626,-638,-696,-811,-931,-1048,-1130,-1242,-1246,-1240,-1232,-1193,-1218,-1225,-1291,-1385,-1452,-1547,-1610,-1742,-1813,-1844,-1873,-1789,-1730,-1590,-1444,-1339,-1193,-1126,-976,-917,-893,-877,-874,-879,-928,-997,-1148,-1353,-1570,-1757,-14535
7,2,2048,-89573,-152,-434,-431,-368,-385,-267,-283,-285,-239,-254,-249,-207,-226,-224,-222,-163,-181,-167,-1214,-1011,-742,-701,-934,-942,-840,-856,-878,-844,-864,-781,-759,-759,-730,-672,-644,-641,-567,-599,-572,-583,-617,-572,-601,-591,-606,-643,-717,-888,-1016,-1069,-1172,-1164,-1156,-1145,-1112,-1132,-1143,-1222,-1347,-1435,-1523,-1572,-1695,-1791,-1793,-1844,-1802,-1711,-1615,-1468,-1332,-1210,-1107,-979,-902,-869,-860,-882,-911,-953,-1027,-1134,-1324,-1541,-1748,-14762
7,2,2049,-88103,-153,-434,-431,-369,-387,-270,-283,-285,-240,-255,-248,-207,-226,-224,-223,-163,-182,-168,-1214,-1011,-742,-701,-934,-942,-840,-857,-805,-831,-845,-762,-733,-730,-707,-647,-625,-619,-552,-581,-547,-561,-584,-554,-578,-561,-573,-610,-660,-786,-971,-1037,-1114,-1094,-1080,-1070,-1036,-1057,-1060,-1139,-1276,-1394,-1505,-1547,-1654,-1742,-1772,-1793,-1773,-1723,-1598,-1491,-1353,-1204,-1123,-962,-905,-856,-838,-866,-924,-990,-1055,-1167,-1306,-1508,-1716,-14964
7,2,2050,-86629,-152,-434,-431,-369,-387,-270,-284,-285,-240,-255,-249,-207,-226,-224,-223,-163,-182,-167,-1214,-1012,-743,-701,-934,-942,-840,-857,-805,-759,-832,-742,-714,-706,-680,-625,-602,-600,-532,-568,-530,-536,-562,-519,-559,-540,-543,-575,-626,-725,-860,-991,-1079,-1037,-1019,-1001,-969,-987,-988,-1058,-1190,-1320,-1465,-1527,-1628,-1699,-1721,-1773,-1725,-1698,-1608,-1477,-1377,-1224,-1116,-977,-890,-859,-824,-842,-904,-1001,-1096,-1198,-1346,-1487,-1681,-15116
7,2,2051,-85150,-153,-434,-432,-369,-387,-271,-285,-285,-240,-255,-249,-207,-227,-225,-224,-163,-182,-167,-1215,-1011,-743,-701,-934,-942,-841,-857,-805,-759,-755,-728,-694,-687,-656,-600,-581,-580,-514,-547,-516,-520,-537,-497,-525,-520,-521,-544,-589,-684,-792,-874,-1032,-1006,-965,-945,-909,-925,-924,-987,-1107,-1231,-1386,-1484,-1609,-1673,-1679,-1723,-1704,-1652,-1585,-1487,-1362,-1244,-1135,-972,-903,-844,-829,-829,-879,-983,-1109,-1248,-1384,-1535,-1659,-15198
7,2,2052,-83660,-153,-434,-433,-369,-387,-271,-285,-285,-241,-255,-250,-207,-227,-226,-223,-163,-182,-168,-1214,-1011,-743,-701,-934,-942,-841,-857,-805,-759,-755,-647,-679,-666,-637,-578,-559,-561,-493,-531,-495,-505,-522,-474,-504,-488,-502,-521,-556,-645,-748,-801,-913,-960,-936,-901,-859,-871,-866,-921,-1033,-1144,-1292,-1404,-1563,-1654,-1652,-1681,-1655,-1632,-1541,-1464,-1372,-1232,-1152,-989,-898,-856,-813,-832,-865,-954,-1087,-1262,-1438,-1578,-1711,-15246
7,2,2053,-82192,-153,-434,-432,-369,-387,-271,-284,-285,-241,-255,-250,-207,-227,-226,-223,-163,-182,-168,-1214,-1011,-744,-702,-936,-943,-841,-857,-806,-759,-755,-648,-596,-652,-620,-562,-540,-540,-477,-511,-478,-485,-507,-457,-480,-466,-470,-503,-531,-610,-706,-755,-841,-846,-894,-875,-818,-825,-812,-862,-966,-1068,-1200,-1306,-1480,-1608,-1632,-1654,-1617,-1587,-1522,-1426,-1350,-1241,-1142,-1004,-913,-852,-825,-817,-869,-939,-1056,-1236,-1455,-1642,-1759,-15334
7,2,2054,-80737,-153,-434,-432,-370,-387,-271,-285,-285,-241,-256,-250,-207,-227,-225,-224,-163,-182,-168,-1215,-1011,-744,-702,-935,-943,-842,-857,-806,-760,-755,-648,-596,-571,-607,-547,-526,-523,-459,-493,-458,-467,-487,-442,-465,-445,-449,-470,-511,-582,-666,-710,-795,-775,-788,-837,-795,-789,-769,-809,-906,-998,-1121,-1211,-1377,-1521,-1586,-1634,-1591,-1548,-1479,-1408,-1314,-1223,-1148,-993,-928,-865,-822,-830,-855,-944,-1037,-1201,-1426,-1661,-1832,-15469
7,2,2055,-79288,-153,-435,-433,-370,-388,-271,-285,-285,-241,-256,-250,-207,-227,-226,-224,-163,-182,-168,-1215,-1012,-745,-702,-935,-943,-842,-857,-806,-760,-755,-648,-596,-571,-531,-535,-511,-510,-442,-475,-440,-448,-470,-421,-451,-430,-427,-448,-476,-560,-637,-670,-749,-732,-724,-741,-759,-767,-733,-768,-852,-935,-1046,-1127,-1278,-1416,-1498,-1589,-1572,-1524,-1446,-1367,-1298,-1190,-1132,-1001,-918,-880,-835,-826,-867,-926,-1042,-1179,-1385,-1628,-1854,-15671
7,2,2056,-77832,-154,-434,-433,-370,-388,-271,-285,-285,-242,-256,-250,-207,-227,-226,-223,-163,-182,-168,-1216,-1012,-745,-702,-936,-944,-842,-857,-806,-760,-755,-648,-596,-571,-530,-465,-500,-495,-429,-459,-422,-429,-449,-405,-431,-417,-412,-427,-453,-522,-612,-639,-707,-688,-684,-684,-676,-735,-713,-733,-809,-879,-982,-1050,-1190,-1313,-1393,-1502,-1528,-1506,-1423,-1336,-1264,-1176,-1104,-985,-925,-871,-850,-840,-862,-941,-1024,-1185,-1362,-1580,-1815,-15867
7,2,2057,-76380,-154,-435,-433,-370,-388,-271,-285,-285,-242,-256,-251,-207,-227,-226,-224,-163,-182,-168,-1215,-1012,-745,-702,-936,-944,-842,-857,-806,-761,-755,-648,-596,-571,-531,-465,-437,-486,-416,-447,-405,-411,-431,-384,-414,-396,-397,-410,-431,-496,-571,-612,-677,-648,-643,-647,-625,-659,-684,-712,-773,-833,-922,-981,-1111,-1224,-1288,-1398,-1443,-1464,-1406,-1314,-1234,-1143,-1090,-959,-911,-878,-840,-854,-878,-936,-1041,-1164,-1369,-1554,-1763,-16017
7,2,2058,-74931,-154,-435,-433,-370,-388,-272,-285,-285,-242,-256,-250,-207,-228,-226,-224,-163,-182,-168,-1216,-1012,-745,-702,-936,-945,-843,-857,-806,-761,-755,-649,-596,-571,-531,-465,-437,-428,-407,-433,-393,-394,-413,-367,-394,-380,-378,-396,-412,-471,-543,-568,-649,-618,-606,-611,-593,-612,-612,-683,-752,-794,-873,-919,-1040,-1142,-1198,-1294,-1341,-1383,-1366,-1298,-1215,-1116,-1061,-948,-887,-866,-845,-846,-893,-954,-1036,-1184,-1344,-1562,-1733,-16085
7,2,2059,-73520,-154,-435,-433,-371,-388,-272,-285,-285,-242,-257,-251,-207,-228,-226,-225,-163,-182,-168,-1217,-1012,-746,-702,-937,-945,-843,-857,-807,-761,-755,-650,-596,-571,-531,-465,-437,-428,-351,-424,-380,-381,-396,-348,-377,-361,-361,-376,-396,-451,-516,-539,-605,-592,-578,-577,-561,-583,-570,-611,-724,-773,-833,-869,-976,-1068,-1114,-1205,-1242,-1286,-1290,-1262,-1199,-1099,-1036,-920,-877,-841,-834,-852,-884,-970,-1054,-1178,-1367,-1534,-1743,-16124
7,2,2060,-72140,-154,-435,-433,-371,-388,-272,-285,-285,-242,-257,-251,-207,-228,-226,-225,-163,-182,-168,-1217,-1012,-746,-702,-937,-945,-843,-857,-807,-761,-755,-650,-596,-571,-531,-465,-437,-428,-351,-370,-369,-368,-384,-333,-360,-345,-344,-358,-375,-433,-494,-511,-576,-549,-556,-553,-533,-555,-540,-567,-647,-741,-811,-827,-923,-1004,-1042,-1122,-1156,-1191,-1202,-1194,-1166,-1085,-1021,-899,-851,-831,-811,-839,-890,-959,-1073,-1200,-1359,-1562,-1713,-16165
8,0,2023,-260401,18,-2364,-2193,-1922,-1532,-1168,-643,-332,-33,341,234,251,161,141,-65,-465,-792,-1210,-1817,-2341,-2796,-3183,-3655,-3746,-3639,-3440,-3329,-3547,-3690,-3663,-3769,-3956,-4372,-4498,-4706,-4925,-5594,-6323,-6907,-7418,-7725,-7710,-7111,-6703,-5784,-5553,-5614,-5757,-6039,-6243,-6288,-6132,-5719,-5194,-4360,-3954,-3432,-3214,-3153,-2906,-3003,-3024,-3152,-3318,-3176,-3026,-2754,-2428,-2004,-1681,-1473,-1294,-1289,-1247,-1161,-1121,-1158,-987,-1056,-914,-834,-777,-875,-889,-789,-5493
8,0,2024,-253692,8,-89,-1819,-1601,-1273,-995,-558,-300,-62,284,207,139,99,98,-50,-433,-744,-1196,-1678,-2206,-2616,-2771,-3265,-3533,-3509,-3343,-3287,-3298,-3487,-3560,-3511,-3760,-4114,-4445,-4620,-4743,-5413,-6017,-6617,-7256,-7228,-7401,-6972,-6462,-6005,-5460,-5553,-5775,-5969,-6291,-6244,-6078,-5661,-5202,-4631,-3921,-3542,-3192,-3108,-3096,-3046,-3135,-3259,-3367,-3397,-3191,-2839,-2471,-2066,-1797,-1448,-1376,-1228,-1320,-1230,-1185,-1120,-1152,-984,-1028,-916,-837,-831,-881,-876,-5587
8,0,2025,-248302,-6,-109,-45,-1333,-1064,-831,-493,-279,-76,216,61,81,-19,11,-104,-402,-679,-1104,-1664,-2053,-2447,-2638,-2873,-3158,-3361,-3308,-3211,-3310,-3273,-3403,-3430,-3543,-3959,-4211,-4594,-4695,-5230,-5818,-6312,-6958,-7086,-6937,-6707,-6337,-5790,-5657,-5455,-5693,-5980,-6204,-6276,-6006,-5610,-5135,-4623,-4142,-3495,-3262,-3073,-3038,-3193,-3221,-3342,-3492,-3457,-3371,-2988,-2541,-2108,-1803,-1554,-1338,-1329,-1244,-1284,-1239,-1172,-1120,-1125,-968,-1028,-900,-889,-846,-883,-5737
8,0,2026,-240523,-7,-111,-47,38,-848,-668,-367,-203,-33,230,84,-22,-12,-28,-107,-370,-599,-975,-1498,-1985,-2251,-2419,-2721,-2759,-2953,-3128,-3143,-3162,-3240,-3155,-3251,-3349,-3672,-3984,-4325,-4596,-5131,-5561,-6064,-6566,-6760,-6752,-6265,-6049,-5644,-5407,-5600,-5563,-5860,-6156,-6164,-6017,-5492,-5046,-4541,-4113,-3658,-3203,-3101,-2979,-3115,-3301,-3428,-3525,-3565,-3416,-3141,-2637,-2150,-1836,-1524,-1413,-1291,-1316,-1226,-1271,-1223,-1129,-1088,-1092,-974,-1000,-936,-898,-854,-5846
8,0,2027,-232942,-8,-113,-50,36,152,-510,-251,-125,11,246,99,21,-86,-20,-105,-333,-522,-871,-1341,-1793,-2183,-2256,-2473,-2601,-2575,-2726,-2966,-3102,-3093,-3107,-2984,-3160,-3429,-3677,-4028,-4325,-4938,-5467,-5773,-6309,-6384,-6434,-6090,-5652,-5378,-5267,-5335,-5695,-5721,-6036,-6113,-5904,-5514,-4935,-4438,-4039,-3638,-3327,-3055,-3006,-3054,-3262,-3493,-3628,-3604,-3509,-3165,-2774,-2220,-1863,-1561,-1376,-1353,-1336,-1266,-1254,-1239,-1208,-1101,-1070,-1096,-950,-1028,-953,-913,-5970
8,0,2028,-225848,-8,-114,-52,32,149,168,-163,-62,52,280,109,9,-87,-69,-109,-312,-465,-761,-1210,-1610,-1978,-2161,-2339,-2372,-2410,-2394,-2586,-2930,-3054,-2976,-2931,-2916,-3223,-3425,-3711,-3997,-4673,-5214,-5655,-5986,-6124,-6068,-5790,-5484,-5022,-5008,-5193,-5418,-5847,-5880,-5981,-5842,-5422,-4962,-4354,-3935,-3557,-3308,-3146,-2977,-3093,-3196,-3493,-3700,-3711,-3569,-3243,-2779,-2337,-1920,-1582,-1421,-1316,-1362,-1333,-1287,-1242,-1218,-1201,-1084,-1091,-1091,-985,-1028,-964,-6130
8,0,2029,-219820,-9,-115,-54,30,145,164,270,-9,84,291,-100,-43,-112,-100,-139,-303,-432,-691,-1093,-1484,-1788,-1995,-2233,-2269,-2229,-2214,-2312,-2581,-2902,-2957,-2849,-2858,-3030,-3236,-3485,-3709,-4315,-4954,-5388,-5880,-5793,-5822,-5458,-5221,-4867,-4678,-4935,-5267,-5556,-5993,-5818,-5711,-5342,-4865,-4361,-3864,-3461,-3239,-3131,-3059,-3090,-3246,-3443,-3713,-3792,-3674,-3317,-2840,-2332,-1995,-1630,-1421,-1383,-1351,-1349,-1356,-1287,-1235,-1199,-1186,-1097,-1093,-1144,-1008,-1026,-6288
8,0,2030,-213238,-9,-117,-56,27,140,161,266,246,113,312,-23,-154,-125,-59,-122,-281,-384,-620,-991,-1325,-1642,-1759,-2072,-2139,-2117,-2036,-2077,-2291,-2515,-2782,-2796,-2764,-2927,-3042,-3246,-3438,-4018,-4544,-5098,-5564,-5692,-5507,-5222,-4926,-4623,-4527,-4604,-4997,-5390,-5696,-5924,-5559,-5234,-4806,-4270,-3863,-3400,-3151,-3074,-3061,-3176,-3259,-3512,-3688,-3813,-3751,-3417,-2927,-2378,-2002,-1679,-1466,-1364,-1434,-1378,-1398,-1347,-1279,-1226,-1183,-1187,-1111,-1157,-1175,-1028,-6509
8,0,2031,-206337,-10,-118,-58,25,135,157,260,243,233,324,-80,-94,-129,-40,-67,-240,-338,-548,-880,-1177,-1439,-1578,-1802,-1962,-1970,-1913,-1915,-2055,-2211,-2382,-2605,-2682,-2791,-2883,-3040,-3150,-3680,-4213,-4664,-5259,-5355,-5399,-4930,-4693,-4348,-4288,-4450,-4657,-5112,-5530,-5644,-5676,-5094,-4712,-4234,-3790,-3411,-3098,-2994,-3000,-3204,-3374,-3530,-3764,-3796,-3768,-3489,-3011,-2446,-2036,-1686,-1537,-1421,-1427,-1445,-1439,-1427,-1350,-1272,-1216,-1198,-1178,-1176,-1194,-1203,-6739
8,0,2032,-199523,-11,-119,-59,21,131,153,256,237,230,349,-65,-67,-82,-8,-30,-182,-283,-486,-795,-1053,-1267,-1372,-1606,-1694,-1786,-1761,-1771,-1885,-1993,-2060,-2188,-2480,-2685,-2719,-2836,-2918,-3359,-3834,-4299,-4813,-5048,-5071,-4825,-4430,-4141,-4035,-4216,-4494,-4769,-5255,-5485,-5409,-5209,-4589,-4159,-3770,-3354,-3122,-2964,-2938,-3142,-3417,-3671,-3801,-3887,-3767,-3497,-3086,-2531,-2088,-1748,-1545,-1516,-1494,-1470,-1500,-1479,-1455,-1359,-1283,-1242,-1217,-1246,-1221,-1222,-7167
8,0,2033,-192222,-12,-121,-61,18,128,149,249,232,225,343,319,-3,-21,51,31,-121,-209,-410,-707,-948,-1125,-1182,-1392,-1491,-1513,-1561,-1598,-1697,-1779,-1835,-1852,-2045,-2458,-2587,-2648,-2684,-3088,-3476,-3890,-4420,-4605,-4772,-4532,-4335,-3900,-3839,-3966,-4265,-4609,-4909,-5222,-5266,-4979,-4711,-4062,-3717,-3350,-3077,-2995,-2926,-3093,-3358,-3726,-3962,-3941,-3872,-3520,-3100,-2605,-2176,-1800,-1627,-1539,-1603,-1546,-1548,-1547,-1514,-1472,-1377,-1321,-1270,-1302,-1302,-1262,-7613
8,0,2034,-185307,-12,-122,-62,15,125,146,245,228,220,338,314,297,30,100,84,-60,-143,-326,-622,-846,-1016,-1039,-1209,-1290,-1326,-1309,-1412,-1534,-1604,-1629,-1639,-1730,-2045,-2369,-2519,-2501,-2849,-3201,-3524,-4013,-4225,-4358,-4262,-4072,-3817,-3617,-3778,-4013,-4371,-4748,-4882,-5013,-4851,-4500,-4170,-3630,-3298,-3075,-2952,-2952,-3079,-3309,-3664,-4024,-4111,-3925,-3616,-3122,-2620,-2242,-1881,-1673,-1621,-1630,-1667,-1628,-1600,-1585,-1531,-1492,-1417,-1354,-1357,-1358,-1349,-8059
8,0,2035,-178698,-13,-123,-65,13,121,141,239,223,215,331,308,293,268,138,124,-6,-75,-247,-523,-753,-907,-932,-1068,-1119,-1138,-1136,-1178,-1360,-1454,-1470,-1449,-1528,-1742,-1972,-2307,-2372,-2662,-2954,-3241,-3642,-3830,-4001,-3879,-3832,-3583,-3541,-3564,-3821,-4113,-4505,-4721,-4688,-4613,-4380,-3983,-3725,-3222,-3027,-2945,-2911,-3107,-3293,-3612,-3959,-4175,-4093,-3668,-3208,-2635,-2254,-1940,-1748,-1668,-1712,-1693,-1754,-1681,-1638,-1606,-1551,-1535,-1449,-1441,-1418,-1407,-8547
8,0,2036,-172404,-13,-124,-65,9,115,136,236,218,210,325,304,287,262,336,160,37,-19,-170,-432,-636,-807,-824,-962,-985,-977,-966,-1016,-1140,-1287,-1324,-1298,-1348,-1550,-1683,-1920,-2161,-2528,-2759,-2991,-3356,-3472,-3630,-3560,-3497,-3370,-3324,-3491,-3606,-3918,-4242,-4480,-4537,-4312,-4171,-3880,-3560,-3311,-2958,-2903,-2906,-3065,-3326,-3593,-3902,-4111,-4158,-3824,-3254,-2712,-2267,-1949,-1804,-1741,-1763,-1781,-1781,-1811,-1724,-1660,-1628,-1596,-1569,-1541,-1506,-1466,-9038
8,0,2037,-166377,-15,-126,-68,6,113,133,229,214,206,320,296,281,257,329,335,70,28,-105,-344,-536,-688,-723,-859,-882,-853,-817,-854,-991,-1081,-1169,-1161,-1201,-1373,-1500,-1639,-1778,-2314,-2623,-2791,-3105,-3194,-3295,-3226,-3209,-3069,-3126,-3276,-3533,-3695,-4044,-4219,-4301,-4168,-3902,-3694,-3465,-3159,-3039,-2838,-2865,-3059,-3279,-3625,-3882,-4048,-4094,-3885,-3394,-2752,-2331,-1960,-1809,-1796,-1839,-1834,-1874,-1839,-1858,-1749,-1680,-1674,-1634,-1670,-1614,-1562,-9540
8,0,2038,-160661,-15,-128,-70,4,110,129,223,210,202,314,291,275,253,324,330,244,66,-48,-267,-435,-577,-605,-758,-786,-761,-703,-720,-840,-939,-972,-1017,-1073,-1235,-1333,-1460,-1501,-1922,-2405,-2655,-2904,-2954,-3036,-2926,-2914,-2813,-2852,-3086,-3320,-3620,-3818,-4020,-4054,-3957,-3770,-3452,-3300,-3077,-2904,-2917,-2798,-3017,-3276,-3577,-3919,-4032,-4037,-3825,-3448,-2872,-2366,-2019,-1824,-1806,-1895,-1915,-1930,-1934,-1886,-1883,-1772,-1731,-1714,-1734,-1747,-1670,-10090
8,0,2039,-155122,-16,-130,-72,1,106,126,218,205,196,307,286,270,245,318,322,239,253,-3,-200,-350,-472,-492,-643,-692,-671,-618,-611,-710,-796,-835,-833,-938,-1113,-1199,-1297,-1324,-1640,-2002,-2428,-2766,-2755,-2805,-2689,-2646,-2547,-2615,-2819,-3129,-3402,-3739,-3796,-3862,-3725,-3580,-3339,-3083,-2930,-2825,-2784,-2878,-2948,-3229,-3572,-3867,-4067,-4015,-3772,-3392,-2919,-2468,-2050,-1878,-1817,-1905,-1974,-2013,-1994,-1983,-1913,-1909,-1824,-1773,-1816,-1816,-1811,-10690
8,0,2040,-149787,-16,-131,-74,-3,100,121,214,200,191,300,279,265,239,312,314,234,247,211,-150,-281,-381,-387,-533,-584,-584,-534,-535,-609,-674,-705,-708,-766,-980,-1083,-1168,-1165,-1458,-1711,-2020,-2537,-2622,-2622,-2483,-2433,-2311,-2369,-2588,-2857,-3207,-3513,-3721,-3645,-3547,-3371,-3169,-2982,-2737,-2689,-2713,-2747,-3026,-3154,-3517,-3859,-4015,-4051,-3750,-3348,-2871,-2508,-2139,-1907,-1870,-1915,-1982,-2074,-2078,-2040,-2011,-1940,-1965,-1868,-1879,-1904,-1879,-11361
8,0,2041,-145577,-20,-137,-82,-14,83,103,190,178,170,274,253,240,217,289,289,214,223,191,79,-237,-315,-314,-443,-496,-500,-481,-482,-557,-599,-613,-606,-670,-834,-975,-1071,-1059,-1315,-1546,-1742,-2138,-2419,-2509,-2333,-2265,-2138,-2163,-2359,-2633,-2937,-3322,-3502,-3579,-3355,-3219,-2988,-2837,-2653,-2517,-2588,-2682,-2893,-3241,-3445,-3808,-4010,-4001,-3791,-3332,-2838,-2468,-2176,-1994,-1900,-1973,-2000,-2088,-2146,-2132,-2073,-2042,-1995,-2016,-1979,-1969,-1969,-12047
8,0,2042,-141578,-26,-143,-90,-30,65,87,165,158,149,244,225,213,194,261,263,191,202,170,59,27,-266,-254,-371,-418,-426,-408,-431,-506,-550,-547,-529,-578,-739,-835,-963,-973,-1203,-1393,-1570,-1852,-2037,-2317,-2235,-2131,-1989,-2000,-2152,-2404,-2709,-3045,-3309,-3373,-3295,-3047,-2856,-2678,-2524,-2442,-2423,-2561,-2824,-3103,-3540,-3724,-3957,-3998,-3747,-3369,-2831,-2436,-2144,-2027,-1989,-2005,-2060,-2104,-2161,-2200,-2166,-2104,-2102,-2047,-2130,-2073,-2041,-12741
8,0,2043,-137690,-28,-149,-99,-42,47,69,143,137,129,219,203,189,172,235,236,172,182,152,38,9,12,-206,-308,-349,-351,-347,-368,-457,-499,-502,-469,-502,-642,-741,-825,-873,-1104,-1275,-1417,-1674,-1763,-1953,-2066,-2039,-1871,-1863,-1992,-2195,-2472,-2807,-3036,-3187,-3106,-2989,-2705,-2555,-2383,-2328,-2352,-2399,-2697,-3030,-3388,-3825,-3871,-3943,-3743,-3330,-2862,-2426,-2119,-2000,-2024,-2094,-2096,-2168,-2176,-2213,-2237,-2200,-2164,-2160,-2162,-2235,-2150,-13433
8,0,2044,-133942,-31,-156,-107,-53,31,54,121,119,109,195,179,168,147,212,213,152,161,135,20,-9,-3,72,-260,-290,-293,-286,-310,-395,-451,-455,-434,-447,-564,-647,-732,-739,-994,-1170,-1297,-1510,-1592,-1689,-1743,-1886,-1794,-1755,-1857,-2031,-2258,-2562,-2803,-2924,-2934,-2819,-2655,-2421,-2278,-2195,-2238,-2328,-2526,-2893,-3305,-3663,-3974,-3860,-3691,-3329,-2830,-2452,-2114,-1973,-1995,-2130,-2192,-2206,-2244,-2229,-2251,-2274,-2261,-2227,-2277,-2269,-2313,-14157
8,0,2045,-130352,-35,-162,-114,-65,15,36,101,99,91,171,154,144,128,187,189,133,143,119,-1,-25,-19,51,11,-252,-241,-235,-255,-339,-390,-413,-396,-413,-505,-568,-643,-657,-853,-1057,-1191,-1386,-1435,-1526,-1506,-1595,-1658,-1682,-1747,-1890,-2093,-2344,-2557,-2699,-2691,-2665,-2505,-2377,-2156,-2095,-2115,-2216,-2451,-2708,-3154,-3572,-3806,-3960,-3613,-3282,-2833,-2424,-2138,-1968,-1970,-2098,-2230,-2301,-2279,-2298,-2271,-2288,-2337,-2326,-2346,-2389,-2349,-14966
8,0,2046,-126898,-38,-166,-119,-77,1,19,76,78,72,144,134,120,107,164,165,114,125,100,-20,-43,-35,30,-5,4,-206,-194,-211,-292,-338,-362,-360,-379,-464,-511,-562,-573,-764,-909,-1079,-1270,-1317,-1382,-1364,-1385,-1400,-1561,-1673,-1781,-1948,-2167,-2337,-2465,-2483,-2444,-2368,-2241,-2115,-1983,-2017,-2087,-2330,-2627,-2958,-3408,-3712,-3791,-3710,-3212,-2794,-2424,-2112,-1992,-1966,-2071,-2198,-2341,-2379,-2333,-2336,-2306,-2351,-2403,-2450,-2460,-2475,-15717
8,0,2047,-123587,-41,-173,-127,-89,-15,4,56,60,52,120,110,99,85,141,142,95,107,83,-37,-57,-48,10,-21,-15,30,-166,-177,-244,-286,-315,-315,-346,-425,-473,-508,-504,-672,-812,-931,-1148,-1211,-1264,-1234,-1257,-1216,-1318,-1548,-1704,-1833,-2018,-2167,-2253,-2269,-2257,-2174,-2120,-1996,-1945,-1907,-1995,-2199,-2500,-2868,-3193,-3542,-3700,-3549,-3300,-2736,-2392,-2115,-1973,-1988,-2063,-2173,-2310,-2420,-2438,-2376,-2376,-2366,-2419,-2526,-2567,-2550,-16511
8,0,2048,-120369,-44,-179,-132,-99,-28,-11,36,45,34,98,87,79,65,120,122,77,89,68,-54,-73,-65,-7,-39,-32,11,47,-150,-211,-245,-264,-274,-303,-391,-436,-467,-451,-593,-715,-831,-997,-1096,-1162,-1132,-1140,-1102,-1146,-1314,-1578,-1757,-1902,-2019,-2086,-2072,-2061,-2007,-1946,-1890,-1834,-1873,-1889,-2103,-2360,-2727,-3094,-3320,-3530,-3465,-3163,-2813,-2340,-2089,-1973,-1966,-2086,-2165,-2280,-2388,-2479,-2480,-2415,-2438,-2435,-2543,-2649,-2662,-17287
8,0,2049,-117267,-46,-185,-140,-109,-43,-23,18,26,17,78,67,58,45,101,100,60,71,52,-72,-90,-77,-26,-53,-51,-10,23,49,-186,-209,-226,-235,-264,-344,-399,-428,-417,-533,-634,-737,-889,-949,-1050,-1044,-1048,-1000,-1042,-1145,-1338,-1626,-1817,-1900,-1943,-1921,-1885,-1835,-1797,-1737,-1735,-1769,-1856,-1989,-2254,-2577,-2943,-3215,-3311,-3307,-3088,-2695,-2407,-2048,-1949,-1967,-2062,-2191,-2274,-2357,-2440,-2520,-2521,-2478,-2511,-2562,-2667,-2746,-18090
8,0,2050,-114263,-50,-189,-148,-119,-59,-38,-1,10,1,54,46,38,26,79,79,43,55,37,-88,-104,-91,-44,-69,-68,-28,-2,22,2,-189,-198,-206,-228,-301,-352,-393,-388,-493,-570,-654,-785,-847,-912,-950,-964,-920,-948,-1038,-1166,-1383,-1682,-1821,-1828,-1786,-1748,-1680,-1644,-1603,-1593,-1672,-1751,-1951,-2136,-2460,-2780,-3060,-3206,-3101,-2944,-2633,-2303,-2105,-1910,-1945,-2062,-2166,-2299,-2351,-2410,-2483,-2561,-2584,-2554,-2637,-2688,-2765,-18870
8,0,2051,-111369,-53,-194,-153,-131,-73,-49,-20,-5,-16,34,26,19,9,58,58,27,36,21,-105,-118,-106,-61,-83,-85,-46,-24,0,-20,-5,-178,-181,-195,-263,-312,-349,-357,-457,-527,-589,-695,-751,-816,-826,-881,-853,-874,-943,-1060,-1207,-1429,-1683,-1751,-1685,-1631,-1558,-1507,-1465,-1473,-1536,-1655,-1842,-2096,-2332,-2658,-2890,-3050,-3005,-2760,-2511,-2246,-2015,-1964,-1906,-2034,-2169,-2276,-2375,-2403,-2451,-2520,-2627,-2665,-2679,-2767,-2785,-19597
8,0,2052,-108566,-56,-199,-160,-140,-84,-64,-37,-21,-31,14,7,0,-8,40,37,12,19,6,-122,-131,-118,-77,-98,-100,-63,-46,-24,-41,-25,-7,-167,-177,-230,-273,-309,-318,-419,-487,-547,-626,-666,-718,-742,-767,-778,-810,-867,-965,-1098,-1249,-1433,-1624,-1612,-1534,-1454,-1396,-1341,-1347,-1421,-1522,-1740,-1978,-2289,-2514,-2763,-2882,-2860,-2675,-2356,-2145,-1968,-1881,-1959,-1993,-2141,-2275,-2350,-2432,-2443,-2489,-2586,-2709,-2799,-2813,-2868,-20244
8,0,2053,-105874,-58,-204,-166,-149,-98,-76,-55,-38,-46,-7,-12,-19,-28,21,17,-4,3,-7,-137,-147,-129,-93,-111,-116,-84,-70,-48,-62,-45,-28,-9,-164,-201,-241,-267,-283,-374,-447,-507,-580,-602,-639,-660,-692,-679,-739,-802,-883,-998,-1133,-1251,-1382,-1494,-1467,-1369,-1301,-1248,-1235,-1299,-1406,-1599,-1873,-2160,-2467,-2616,-2753,-2701,-2545,-2288,-2009,-1884,-1837,-1875,-2047,-2099,-2244,-2351,-2403,-2470,-2481,-2553,-2667,-2842,-2934,-2917,-20911
8,0,2054,-103278,-60,-208,-172,-160,-111,-89,-71,-54,-63,-27,-31,-37,-44,-1,-3,-18,-13,-22,-152,-160,-143,-111,-127,-132,-101,-90,-69,-81,-64,-49,-34,-14,-184,-214,-234,-247,-331,-398,-468,-532,-558,-581,-589,-615,-609,-645,-731,-818,-920,-1029,-1138,-1208,-1270,-1362,-1313,-1226,-1164,-1147,-1192,-1286,-1479,-1720,-2043,-2332,-2567,-2609,-2583,-2405,-2181,-1949,-1767,-1754,-1835,-1964,-2156,-2201,-2320,-2402,-2443,-2509,-2548,-2634,-2799,-2984,-3044,-21530
8,0,2055,-100701,-63,-212,-177,-169,-125,-101,-87,-67,-79,-46,-50,-55,-60,-18,-20,-33,-27,-35,-169,-172,-155,-128,-141,-147,-116,-113,-91,-102,-82,-68,-57,-38,-36,-196,-208,-221,-293,-354,-417,-487,-516,-533,-535,-551,-546,-584,-637,-745,-851,-947,-1035,-1099,-1112,-1163,-1219,-1174,-1098,-1069,-1107,-1180,-1353,-1590,-1877,-2206,-2426,-2561,-2446,-2300,-2057,-1857,-1714,-1645,-1750,-1914,-2066,-2258,-2272,-2371,-2443,-2482,-2577,-2628,-2764,-2941,-3097,-22190
8,0,2056,-98188,-64,-218,-184,-178,-135,-114,-106,-82,-92,-66,-66,-72,-77,-35,-39,-49,-41,-49,-181,-185,-166,-144,-152,-161,-133,-132,-114,-121,-99,-86,-82,-63,-55,-57,-191,-202,-259,-308,-374,-432,-476,-490,-501,-503,-490,-521,-573,-649,-779,-873,-954,-998,-1013,-1017,-1042,-1092,-1055,-1008,-1033,-1094,-1241,-1455,-1737,-2025,-2296,-2418,-2399,-2178,-1967,-1752,-1632,-1598,-1641,-1830,-2018,-2165,-2335,-2323,-2417,-2482,-2547,-2660,-2755,-2907,-3055,-22830
8,0,2057,-95690,-66,-220,-189,-186,-147,-126,-120,-97,-107,-84,-84,-87,-93,-52,-56,-62,-57,-62,-196,-198,-178,-157,-166,-177,-148,-152,-134,-142,-117,-106,-106,-85,-71,-74,-52,-188,-234,-275,-330,-382,-423,-450,-468,-469,-450,-470,-510,-585,-679,-796,-881,-918,-920,-929,-914,-936,-980,-969,-974,-1022,-1153,-1334,-1589,-1872,-2109,-2288,-2265,-2138,-1866,-1674,-1543,-1523,-1595,-1714,-1927,-2114,-2239,-2389,-2364,-2454,-2548,-2630,-2788,-2900,-3021,-23347
8,0,2058,-93216,-70,-227,-193,-196,-159,-138,-137,-110,-122,-100,-101,-106,-108,-69,-73,-76,-70,-74,-211,-211,-190,-172,-178,-190,-163,-172,-153,-163,-135,-124,-128,-106,-89,-89,-66,-57,-215,-246,-296,-332,-377,-401,-434,-438,-421,-433,-459,-520,-614,-697,-804,-849,-847,-843,-835,-820,-837,-898,-933,-964,-1074,-1239,-1457,-1715,-1948,-2104,-2149,-2021,-1834,-1587,-1474,-1439,-1520,-1662,-1809,-2018,-2188,-2288,-2433,-2403,-2517,-2631,-2754,-2929,-3012,-23772
8,0,2059,-90778,-72,-230,-200,-204,-170,-149,-152,-125,-136,-120,-117,-121,-125,-85,-91,-91,-85,-87,-225,-223,-201,-186,-191,-204,-179,-192,-175,-179,-152,-144,-151,-129,-106,-104,-82,-75,-75,-228,-268,-292,-332,-357,-394,-407,-396,-407,-420,-468,-549,-625,-703,-774,-785,-779,-763,-749,-737,-769,-866,-926,-1014,-1156,-1352,-1570,-1786,-1946,-1972,-1912,-1734,-1557,-1399,-1378,-1436,-1583,-1753,-1895,-2089,-2233,-2330,-2473,-2467,-2601,-2756,-2899,-3045,-24115
8,0,2060,-88352,-75,-234,-204,-212,-183,-161,-169,-139,-149,-139,-136,-138,-140,-103,-108,-105,-98,-99,-238,-234,-212,-201,-204,-218,-195,-212,-197,-198,-168,-163,-173,-151,-122,-121,-96,-97,-92,-82,-250,-259,-297,-313,-354,-369,-368,-384,-391,-429,-496,-555,-634,-678,-714,-722,-702,-681,-673,-676,-743,-859,-970,-1092,-1262,-1456,-1632,-1779,-1824,-1758,-1640,-1468,-1374,-1307,-1373,-1496,-1673,-1838,-1960,-2134,-2276,-2369,-2539,-2548,-2722,-2898,-3012,-24439
8,1,2023,-160311,6,-1425,-1287,-1136,-956,-747,-429,-249,-43,87,114,129,118,99,-35,-244,-468,-723,-1176,-1538,-1868,-2186,-2554,-2677,-2745,-2583,-2533,-2626,-2673,-2645,-2614,-2663,-2860,-2937,-3057,-3189,-3648,-4049,-4480,-4749,-4852,-4875,-4472,-4189,-3578,-3386,-3316,-3407,-3556,-3634,-3646,-3517,-3287,-3066,-2544,-2296,-2028,-1897,-1835,-1746,-1723,-1734,-1711,-1770,-1658,-1560,-1404,-1255,-1067,-938,-826,-714,-701,-641,-633,-544,-660,-583,-614,-550,-513,-468,-511,-450,-395,-2322
8,1,2024,-155163,0,-74,-1054,-934,-788,-629,-370,-218,-53,68,80,89,74,65,-20,-224,-438,-716,-1064,-1450,-1749,-1878,-2276,-2481,-2606,-2482,-2438,-2441,-2449,-2469,-2415,-2491,-2694,-2814,-3007,-3046,-3497,-3818,-4281,-4626,-4556,-4663,-4372,-3998,-3726,-3328,-3291,-3415,-3504,-3659,-3607,-3488,-3255,-3007,-2717,-2288,-2088,-1890,-1856,-1822,-1796,-1780,-1799,-1796,-1783,-1668,-1461,-1285,-1116,-988,-805,-816,-664,-695,-607,-640,-584,-673,-617,-601,-568,-484,-482,-489,-429,-2393
8,1,2025,-150667,-7,-81,-14,-768,-653,-518,-319,-195,-60,41,24,28,33,3,-51,-209,-398,-657,-1047,-1326,-1633,-1783,-1973,-2194,-2440,-2387,-2340,-2361,-2296,-2286,-2267,-2315,-2513,-2668,-2870,-3010,-3325,-3667,-4030,-4409,-4447,-4376,-4194,-3909,-3553,-3457,-3234,-3373,-3507,-3599,-3619,-3429,-3232,-2969,-2654,-2430,-2074,-1951,-1845,-1840,-1866,-1860,-1849,-1881,-1807,-1777,-1570,-1333,-1152,-1004,-855,-770,-759,-645,-671,-612,-656,-613,-702,-610,-612,-524,-496,-468,-455,-2487
8,1,2026,-145170,-7,-81,-15,30,-520,-413,-240,-145,-26,54,20,-9,13,3,-68,-197,-357,-589,-941,-1290,-1481,-1642,-1867,-1897,-2122,-2213,-2224,-2224,-2194,-2117,-2071,-2133,-2307,-2453,-2702,-2837,-3246,-3454,-3846,-4130,-4219,-4244,-3921,-3726,-3460,-3278,-3340,-3298,-3443,-3569,-3554,-3433,-3138,-2922,-2617,-2373,-2191,-1931,-1900,-1824,-1875,-1919,-1920,-1913,-1885,-1781,-1661,-1423,-1178,-1038,-851,-820,-719,-710,-627,-671,-641,-646,-643,-696,-625,-572,-526,-483,-444,-2584
8,1,2027,-139982,-8,-82,-17,29,67,-318,-165,-95,-1,71,32,-1,-23,-13,-58,-181,-316,-531,-858,-1165,-1451,-1506,-1710,-1780,-1845,-1900,-2065,-2131,-2066,-2015,-1907,-1940,-2113,-2243,-2472,-2662,-3051,-3366,-3612,-3934,-3946,-4024,-3804,-3483,-3293,-3188,-3156,-3395,-3366,-3514,-3522,-3373,-3159,-2842,-2559,-2344,-2157,-2027,-1890,-1874,-1866,-1930,-1982,-1989,-1917,-1857,-1659,-1499,-1262,-1055,-881,-811,-770,-713,-670,-650,-682,-666,-665,-650,-710,-579,-570,-518,-460,-2653
8,1,2028,-135160,-8,-82,-18,27,64,83,-108,-53,31,94,44,-7,-33,-39,-75,-170,-286,-468,-775,-1060,-1308,-1451,-1585,-1628,-1713,-1653,-1764,-1972,-1982,-1905,-1811,-1795,-1939,-2050,-2260,-2422,-2860,-3152,-3516,-3692,-3755,-3766,-3603,-3376,-3077,-3032,-3069,-3204,-3459,-3422,-3458,-3331,-3112,-2868,-2506,-2284,-2118,-2015,-1970,-1881,-1917,-1922,-1998,-2056,-1991,-1887,-1723,-1501,-1327,-1137,-900,-837,-762,-744,-692,-692,-678,-693,-711,-677,-685,-677,-578,-549,-492,-2731
8,1,2029,-130847,-9,-82,-19,26,63,82,151,-17,54,102,-58,-26,-49,-64,-91,-172,-270,-428,-706,-976,-1192,-1337,-1510,-1523,-1576,-1517,-1556,-1696,-1840,-1824,-1718,-1689,-1803,-1888,-2067,-2212,-2608,-2952,-3293,-3598,-3522,-3586,-3372,-3205,-2982,-2829,-2915,-3109,-3260,-3509,-3361,-3265,-3056,-2816,-2521,-2249,-2066,-1975,-1975,-1959,-1929,-1978,-1985,-2067,-2057,-1961,-1755,-1548,-1316,-1179,-970,-856,-799,-742,-725,-708,-721,-712,-731,-725,-706,-664,-683,-563,-518,-2829
8,1,2030,-126315,-9,-83,-20,24,59,79,150,141,71,121,-15,-87,-45,-36,-85,-159,-242,-386,-642,-871,-1094,-1175,-1398,-1423,-1474,-1371,-1404,-1499,-1562,-1692,-1637,-1596,-1681,-1746,-1896,-2011,-2392,-2687,-3079,-3365,-3429,-3367,-3210,-3003,-2827,-2742,-2713,-2950,-3154,-3306,-3439,-3175,-3003,-2775,-2467,-2256,-2042,-1931,-1935,-1964,-2008,-1989,-2049,-2060,-2070,-2020,-1824,-1586,-1361,-1175,-1002,-900,-807,-798,-737,-757,-748,-744,-760,-746,-755,-684,-683,-662,-537,-2948
8,1,2031,-121761,-9,-83,-21,23,59,78,146,138,153,129,-41,-51,-50,-21,-51,-138,-216,-342,-571,-775,-955,-1056,-1210,-1296,-1362,-1272,-1264,-1348,-1371,-1422,-1506,-1519,-1581,-1619,-1751,-1829,-2172,-2461,-2805,-3150,-3200,-3280,-3014,-2855,-2644,-2595,-2628,-2747,-2992,-3202,-3251,-3259,-2917,-2730,-2447,-2213,-2054,-1909,-1892,-1924,-2017,-2071,-2060,-2116,-2064,-2034,-1878,-1644,-1391,-1213,-1000,-945,-844,-800,-783,-779,-808,-794,-793,-779,-781,-732,-701,-675,-638,-3076
8,1,2032,-117360,-9,-83,-23,21,56,76,145,136,152,149,-36,-36,-24,-6,-29,-103,-185,-303,-517,-695,-840,-912,-1077,-1114,-1235,-1161,-1158,-1215,-1227,-1232,-1250,-1385,-1505,-1510,-1617,-1678,-1977,-2224,-2571,-2872,-2992,-3067,-2934,-2681,-2516,-2430,-2485,-2657,-2789,-3045,-3153,-3083,-3003,-2655,-2413,-2202,-2018,-1929,-1878,-1886,-1976,-2084,-2145,-2135,-2119,-2031,-1888,-1697,-1446,-1239,-1046,-948,-903,-841,-802,-819,-841,-863,-852,-822,-814,-767,-749,-694,-653,-3296
8,1,2033,-112822,-10,-84,-24,19,55,74,140,132,149,147,159,0,10,28,6,-67,-139,-256,-459,-627,-745,-784,-933,-975,-1047,-1029,-1041,-1093,-1093,-1092,-1060,-1133,-1363,-1430,-1499,-1534,-1814,-2016,-2324,-2631,-2724,-2869,-2744,-2611,-2361,-2313,-2325,-2521,-2706,-2845,-3008,-3000,-2854,-2747,-2356,-2181,-2017,-1899,-1902,-1879,-1939,-2042,-2162,-2225,-2146,-2091,-1895,-1710,-1495,-1294,-1077,-999,-916,-909,-848,-848,-885,-900,-928,-885,-864,-801,-786,-743,-673,-3516
8,1,2034,-108516,-10,-84,-24,18,54,72,137,131,145,145,159,154,39,54,36,-30,-98,-203,-402,-557,-672,-689,-808,-839,-920,-859,-920,-986,-983,-968,-931,-960,-1127,-1293,-1420,-1417,-1668,-1848,-2108,-2385,-2491,-2615,-2567,-2442,-2299,-2169,-2216,-2364,-2566,-2762,-2812,-2860,-2778,-2608,-2435,-2129,-1994,-1898,-1872,-1901,-1933,-2006,-2118,-2242,-2238,-2116,-1952,-1717,-1510,-1340,-1129,-1026,-966,-923,-922,-899,-918,-947,-968,-964,-930,-853,-820,-777,-721,-3738
8,1,2035,-104417,-10,-85,-25,16,52,69,136,128,142,140,153,153,162,75,59,1,-56,-152,-338,-495,-597,-619,-712,-722,-794,-741,-765,-877,-890,-874,-822,-844,-962,-1068,-1286,-1338,-1547,-1702,-1932,-2166,-2252,-2395,-2334,-2285,-2149,-2113,-2078,-2250,-2403,-2619,-2728,-2674,-2646,-2539,-2314,-2202,-1947,-1878,-1870,-1871,-1954,-1998,-2080,-2198,-2255,-2206,-1977,-1768,-1515,-1349,-1169,-1072,-992,-972,-934,-975,-971,-982,-1020,-1006,-1011,-917,-870,-814,-756,-3976
8,1,2036,-100529,-10,-85,-26,13,48,68,135,125,139,137,152,150,159,181,79,28,-22,-103,-278,-419,-530,-544,-639,-633,-683,-630,-659,-737,-790,-784,-732,-741,-853,-914,-1067,-1207,-1464,-1573,-1779,-1990,-2039,-2172,-2138,-2083,-2009,-1975,-2025,-2112,-2289,-2455,-2588,-2597,-2474,-2422,-2254,-2092,-2015,-1834,-1851,-1870,-1926,-2023,-2074,-2159,-2212,-2223,-2061,-1791,-1561,-1354,-1178,-1112,-1037,-999,-985,-988,-1052,-1040,-1057,-1061,-1054,-1000,-936,-863,-788,-4223
8,1,2037,-96801,-12,-86,-27,13,49,66,130,123,138,136,148,146,155,175,174,48,8,-62,-220,-352,-450,-475,-569,-563,-601,-528,-554,-642,-662,-694,-655,-657,-753,-807,-915,-988,-1329,-1487,-1648,-1834,-1870,-1972,-1935,-1905,-1829,-1847,-1890,-2061,-2150,-2339,-2425,-2459,-2400,-2268,-2149,-2035,-1914,-1897,-1807,-1851,-1923,-1990,-2097,-2151,-2170,-2182,-2077,-1868,-1580,-1396,-1182,-1118,-1074,-1044,-1013,-1043,-1067,-1129,-1119,-1099,-1109,-1045,-1019,-929,-839,-4474
8,1,2038,-93291,-12,-87,-28,10,47,64,126,120,135,134,147,142,153,173,171,143,30,-28,-171,-285,-378,-397,-501,-498,-538,-455,-467,-547,-575,-577,-575,-584,-677,-716,-811,-838,-1101,-1349,-1562,-1700,-1719,-1813,-1755,-1727,-1671,-1684,-1768,-1927,-2094,-2198,-2311,-2306,-2278,-2199,-2009,-1941,-1862,-1803,-1870,-1807,-1904,-1990,-2067,-2177,-2165,-2143,-2037,-1884,-1651,-1415,-1221,-1124,-1082,-1081,-1059,-1071,-1123,-1143,-1211,-1164,-1151,-1100,-1063,-1012,-903,-4746
8,1,2039,-89870,-12,-88,-29,10,45,63,126,120,131,130,145,141,150,170,166,140,136,2,-128,-230,-305,-321,-421,-434,-475,-396,-396,-463,-490,-497,-469,-513,-607,-641,-719,-734,-946,-1117,-1417,-1616,-1588,-1669,-1611,-1566,-1512,-1538,-1610,-1804,-1959,-2142,-2170,-2196,-2134,-2088,-1949,-1814,-1777,-1753,-1777,-1870,-1861,-1969,-2065,-2146,-2191,-2135,-2000,-1845,-1665,-1474,-1236,-1158,-1087,-1091,-1098,-1121,-1155,-1203,-1228,-1262,-1217,-1142,-1119,-1055,-986,-5045
8,1,2040,-86629,-11,-89,-29,8,41,60,122,117,127,125,141,138,145,168,162,135,134,127,-93,-182,-247,-250,-350,-360,-418,-341,-347,-400,-417,-421,-396,-415,-534,-575,-647,-647,-838,-954,-1176,-1468,-1507,-1550,-1482,-1437,-1372,-1392,-1472,-1647,-1833,-2004,-2116,-2063,-2030,-1958,-1850,-1759,-1661,-1672,-1731,-1776,-1923,-1922,-2043,-2142,-2160,-2160,-1995,-1816,-1631,-1487,-1291,-1174,-1120,-1093,-1108,-1160,-1207,-1237,-1294,-1280,-1318,-1211,-1163,-1112,-1027,-5388
8,1,2041,-83964,-14,-91,-34,0,33,51,111,104,116,114,126,126,132,156,150,125,121,117,48,-151,-201,-199,-285,-301,-358,-303,-309,-364,-369,-364,-340,-362,-452,-516,-591,-583,-755,-856,-1019,-1231,-1375,-1474,-1380,-1334,-1265,-1270,-1337,-1510,-1676,-1881,-1983,-2014,-1911,-1868,-1735,-1671,-1615,-1565,-1654,-1733,-1828,-1990,-2001,-2125,-2160,-2131,-2022,-1811,-1607,-1459,-1306,-1224,-1135,-1128,-1113,-1172,-1251,-1294,-1330,-1350,-1335,-1314,-1230,-1154,-1082,-5743
8,1,2042,-81397,-16,-92,-39,-6,26,44,98,93,104,100,112,111,120,140,136,111,109,104,39,14,-166,-157,-236,-247,-305,-252,-274,-328,-339,-324,-295,-308,-400,-439,-529,-533,-688,-767,-912,-1067,-1146,-1346,-1316,-1244,-1172,-1170,-1218,-1376,-1540,-1721,-1859,-1886,-1864,-1758,-1657,-1569,-1535,-1522,-1547,-1655,-1783,-1894,-2070,-2076,-2142,-2130,-1994,-1836,-1603,-1435,-1283,-1237,-1185,-1143,-1148,-1178,-1261,-1342,-1392,-1389,-1408,-1334,-1333,-1220,-1125,-6097
8,1,2043,-78937,-17,-95,-42,-15,19,37,85,83,91,89,102,98,107,127,125,101,100,94,29,3,12,-122,-191,-198,-251,-209,-231,-295,-306,-295,-264,-268,-347,-389,-451,-477,-628,-701,-821,-958,-993,-1128,-1202,-1184,-1093,-1086,-1122,-1255,-1400,-1581,-1701,-1768,-1750,-1714,-1561,-1497,-1442,-1449,-1506,-1550,-1703,-1847,-1970,-2149,-2095,-2109,-1994,-1812,-1627,-1431,-1264,-1215,-1197,-1194,-1167,-1216,-1265,-1352,-1442,-1454,-1447,-1409,-1349,-1323,-1192,-6463
8,1,2044,-76591,-19,-97,-47,-21,10,28,74,72,80,79,89,87,93,112,112,89,88,86,20,-7,5,53,-155,-158,-211,-168,-192,-255,-273,-266,-242,-236,-304,-337,-401,-402,-566,-640,-749,-862,-892,-976,-1011,-1085,-1041,-1013,-1042,-1157,-1278,-1440,-1564,-1619,-1640,-1610,-1524,-1411,-1375,-1360,-1431,-1507,-1595,-1765,-1921,-2047,-2167,-2065,-1977,-1811,-1607,-1449,-1263,-1195,-1176,-1204,-1220,-1234,-1307,-1358,-1455,-1507,-1513,-1452,-1425,-1342,-1291,-6838
8,1,2045,-74314,-21,-100,-51,-27,2,20,64,62,71,67,77,75,82,101,98,80,80,76,10,-14,-2,43,15,-133,-172,-134,-153,-216,-236,-241,-218,-219,-273,-293,-350,-357,-483,-576,-685,-787,-799,-875,-873,-913,-951,-966,-972,-1071,-1177,-1313,-1423,-1488,-1502,-1511,-1431,-1379,-1295,-1297,-1347,-1434,-1551,-1650,-1834,-1994,-2062,-2136,-1936,-1796,-1608,-1430,-1282,-1192,-1157,-1181,-1231,-1287,-1323,-1401,-1460,-1520,-1567,-1521,-1466,-1414,-1307,-7273
8,1,2046,-72194,-23,-101,-54,-35,-4,12,54,51,58,55,66,63,70,87,84,69,70,68,1,-22,-13,34,9,32,-148,-103,-124,-181,-205,-208,-199,-199,-248,-265,-307,-310,-435,-493,-623,-719,-730,-789,-789,-792,-800,-884,-926,-1001,-1091,-1211,-1298,-1357,-1379,-1383,-1342,-1291,-1265,-1224,-1284,-1345,-1474,-1607,-1721,-1904,-2012,-2032,-2004,-1757,-1594,-1430,-1265,-1209,-1156,-1163,-1209,-1299,-1381,-1421,-1506,-1532,-1580,-1575,-1533,-1456,-1383,-7674
8,1,2047,-70130,-24,-105,-58,-42,-13,5,43,41,48,44,55,53,57,76,72,59,59,57,-8,-29,-18,21,0,20,3,-84,-101,-150,-171,-179,-173,-180,-226,-241,-272,-270,-381,-439,-535,-652,-670,-721,-711,-716,-695,-744,-847,-952,-1017,-1122,-1198,-1235,-1257,-1272,-1229,-1214,-1187,-1195,-1207,-1284,-1384,-1526,-1673,-1784,-1922,-1983,-1905,-1821,-1560,-1419,-1269,-1195,-1171,-1160,-1189,-1277,-1392,-1483,-1526,-1579,-1587,-1588,-1588,-1521,-1422,-8095
8,1,2048,-68152,-26,-105,-62,-46,-18,-4,34,34,36,34,41,43,46,64,59,49,49,51,-17,-37,-26,13,-9,9,-7,49,-82,-129,-147,-150,-149,-156,-207,-222,-252,-243,-336,-384,-475,-561,-605,-658,-649,-647,-625,-646,-714,-870,-969,-1045,-1111,-1141,-1146,-1160,-1130,-1112,-1116,-1120,-1179,-1212,-1322,-1434,-1591,-1735,-1800,-1894,-1858,-1734,-1616,-1385,-1259,-1195,-1156,-1175,-1187,-1256,-1369,-1498,-1593,-1602,-1637,-1597,-1602,-1578,-1486,-8499
8,1,2049,-66253,-27,-109,-66,-54,-26,-8,24,24,26,25,33,31,34,54,50,39,42,42,-24,-47,-32,4,-15,0,-16,34,38,-109,-123,-127,-130,-136,-181,-200,-228,-225,-302,-340,-420,-502,-522,-593,-595,-590,-566,-583,-619,-734,-886,-995,-1037,-1055,-1058,-1059,-1032,-1022,-1023,-1054,-1110,-1183,-1245,-1368,-1496,-1648,-1751,-1777,-1777,-1692,-1540,-1435,-1233,-1185,-1157,-1160,-1204,-1256,-1346,-1469,-1611,-1672,-1661,-1647,-1609,-1591,-1541,-8919
8,1,2050,-64421,-28,-109,-70,-59,-31,-15,13,18,18,15,22,21,24,42,40,29,31,31,-32,-54,-38,-8,-25,-11,-26,21,24,-1,-109,-107,-114,-117,-157,-177,-207,-205,-277,-307,-371,-440,-463,-509,-542,-542,-517,-530,-559,-642,-747,-913,-989,-984,-978,-976,-943,-933,-940,-965,-1041,-1110,-1215,-1289,-1427,-1550,-1665,-1727,-1666,-1617,-1501,-1367,-1279,-1161,-1148,-1160,-1189,-1272,-1345,-1447,-1580,-1689,-1731,-1675,-1660,-1599,-1557,-9336
8,1,2051,-62660,-29,-111,-72,-64,-38,-20,4,8,8,4,11,11,14,31,28,21,24,23,-39,-60,-45,-17,-32,-20,-34,8,14,-11,-7,-94,-101,-99,-136,-153,-180,-192,-254,-283,-335,-389,-409,-456,-467,-496,-478,-487,-505,-578,-652,-770,-903,-938,-914,-908,-871,-853,-857,-889,-957,-1043,-1141,-1257,-1346,-1481,-1565,-1640,-1620,-1515,-1434,-1332,-1217,-1200,-1124,-1152,-1193,-1259,-1362,-1446,-1555,-1658,-1750,-1749,-1684,-1650,-1564,-9729
8,1,2052,-60928,-32,-113,-76,-68,-42,-28,-6,-2,-1,-3,0,2,4,21,17,13,14,15,-48,-66,-51,-24,-39,-29,-43,-6,-1,-22,-18,-4,-91,-88,-119,-134,-161,-166,-231,-261,-309,-348,-361,-398,-420,-429,-436,-448,-462,-523,-588,-672,-763,-860,-870,-847,-809,-787,-783,-809,-879,-958,-1071,-1182,-1314,-1393,-1495,-1541,-1539,-1474,-1345,-1273,-1188,-1145,-1162,-1127,-1181,-1259,-1345,-1465,-1552,-1633,-1717,-1767,-1759,-1675,-1613,-10067
8,1,2053,-59266,-32,-116,-79,-76,-49,-34,-14,-10,-11,-15,-8,-9,-8,11,6,2,6,8,-55,-73,-58,-32,-47,-37,-54,-18,-14,-31,-29,-13,-11,-81,-104,-115,-135,-149,-205,-239,-286,-321,-327,-351,-371,-385,-378,-408,-427,-477,-531,-605,-666,-726,-797,-805,-755,-728,-726,-740,-802,-881,-982,-1111,-1234,-1359,-1409,-1470,-1448,-1402,-1311,-1193,-1138,-1117,-1107,-1166,-1158,-1248,-1347,-1445,-1572,-1631,-1690,-1735,-1775,-1745,-1638,-10414
8,1,2054,-57661,-33,-117,-81,-81,-55,-40,-23,-19,-20,-22,-18,-17,-18,-2,-5,-5,-3,0,-61,-80,-62,-44,-52,-46,-62,-30,-27,-40,-39,-23,-25,-9,-94,-104,-119,-128,-181,-212,-261,-292,-303,-317,-330,-342,-339,-355,-389,-440,-486,-547,-600,-633,-671,-740,-719,-681,-672,-684,-734,-804,-905,-1017,-1159,-1277,-1375,-1388,-1384,-1318,-1248,-1161,-1067,-1068,-1082,-1113,-1199,-1223,-1334,-1446,-1555,-1654,-1687,-1709,-1743,-1763,-1710,-10740
8,1,2055,-56062,-34,-118,-85,-86,-62,-46,-32,-26,-29,-32,-28,-27,-26,-11,-14,-13,-10,-7,-68,-87,-68,-52,-60,-55,-69,-44,-39,-51,-48,-32,-37,-22,-21,-95,-102,-114,-160,-189,-231,-267,-278,-291,-299,-305,-301,-320,-335,-401,-447,-503,-543,-572,-588,-627,-659,-647,-627,-636,-679,-736,-824,-936,-1063,-1199,-1291,-1354,-1304,-1260,-1172,-1104,-1038,-1000,-1033,-1084,-1142,-1264,-1304,-1434,-1554,-1633,-1710,-1707,-1717,-1732,-1727,-11085
8,1,2056,-54515,-35,-120,-89,-91,-67,-51,-41,-33,-36,-41,-36,-35,-37,-20,-23,-23,-17,-14,-75,-94,-73,-61,-66,-63,-78,-54,-51,-60,-57,-42,-52,-35,-31,-26,-93,-104,-140,-163,-206,-234,-256,-262,-278,-279,-269,-284,-301,-347,-407,-461,-499,-518,-533,-549,-559,-596,-600,-593,-631,-679,-754,-854,-979,-1099,-1213,-1270,-1271,-1187,-1121,-1038,-990,-973,-969,-1038,-1115,-1205,-1351,-1403,-1544,-1634,-1689,-1733,-1714,-1707,-1697,-11399
8,1,2057,-52985,-36,-120,-92,-97,-73,-57,-46,-42,-46,-48,-45,-43,-46,-29,-33,-29,-26,-22,-83,-100,-79,-67,-73,-72,-86,-65,-63,-73,-67,-50,-62,-48,-39,-34,-24,-96,-125,-146,-181,-206,-228,-239,-258,-258,-246,-256,-267,-310,-350,-419,-458,-474,-480,-498,-491,-508,-551,-567,-589,-631,-698,-780,-895,-1010,-1112,-1194,-1193,-1158,-1057,-991,-932,-927,-944,-972,-1065,-1177,-1288,-1454,-1509,-1621,-1690,-1711,-1739,-1706,-1672,-11643
8,1,2058,-51477,-39,-123,-94,-103,-77,-63,-57,-48,-54,-56,-55,-53,-56,-38,-42,-37,-32,-28,-89,-106,-85,-75,-80,-80,-93,-77,-74,-83,-76,-58,-75,-57,-48,-42,-29,-33,-114,-129,-162,-178,-202,-210,-237,-240,-230,-236,-238,-276,-315,-365,-417,-435,-439,-450,-445,-443,-467,-520,-562,-589,-645,-721,-819,-925,-1022,-1095,-1124,-1089,-1033,-934,-890,-871,-899,-946,-1001,-1125,-1257,-1386,-1562,-1587,-1676,-1712,-1716,-1727,-1670,-11831
8,1,2059,-50003,-40,-124,-98,-107,-83,-68,-63,-55,-63,-65,-61,-61,-65,-46,-52,-45,-40,-35,-95,-113,-90,-83,-87,-89,-101,-90,-84,-91,-84,-69,-87,-70,-56,-49,-39,-40,-43,-120,-145,-155,-177,-184,-213,-222,-214,-221,-219,-247,-279,-326,-362,-395,-405,-413,-405,-401,-411,-443,-518,-564,-604,-669,-756,-844,-936,-1008,-1029,-1022,-971,-912,-840,-834,-845,-899,-973,-1056,-1203,-1352,-1489,-1644,-1641,-1700,-1719,-1708,-1695,-11984
8,1,2060,-48529,-41,-125,-100,-112,-90,-73,-73,-64,-70,-73,-72,-70,-73,-56,-60,-54,-47,-42,-101,-118,-96,-90,-93,-96,-110,-100,-97,-101,-93,-77,-98,-81,-65,-58,-44,-52,-49,-48,-132,-136,-159,-159,-191,-201,-198,-205,-204,-226,-250,-289,-325,-344,-367,-381,-371,-363,-370,-388,-438,-517,-575,-626,-702,-780,-854,-918,-949,-939,-913,-856,-821,-787,-807,-846,-927,-1028,-1127,-1293,-1453,-1568,-1699,-1665,-1705,-1710,-1675,-12130
8,2,2023,-100090,12,-939,-906,-786,-576,-421,-214,-83,10,254,120,122,43,42,-30,-221,-324,-487,-641,-803,-928,-997,-1101,-1069,-894,-857,-796,-921,-1017,-1018,-1155,-1293,-1512,-1561,-1649,-1736,-1946,-2274,-2427,-2669,-2873,-2835,-2639,-2514,-2206,-2167,-2298,-2350,-2483,-2609,-2642,-2615,-2432,-2128,-1816,-1658,-1404,-1317,-1318,-1160,-1280,-1290,-1441,-1548,-1518,-1466,-1350,-1173,-937,-743,-647,-580,-588,-606,-528,-577,-498,-404,-442,-364,-321,-309,-364,-439,-394,-3171
8,2,2024,-98529,8,-15,-765,-667,-485,-366,-188,-82,-9,216,127,50,25,33,-30,-209,-306,-480,-614,-756,-867,-893,-989,-1052,-903,-861,-849,-857,-1038,-1091,-1096,-1269,-1420,-1631,-1613,-1697,-1916,-2199,-2336,-2630,-2672,-2738,-2600,-2464,-2279,-2132,-2262,-2360,-2465,-2632,-2637,-2590,-2406,-2195,-1914,-1633,-1454,-1302,-1252,-1274,-1250,-1355,-1460,-1571,-1614,-1523,-1378,-1186,-950,-809,-643,-560,-564,-625,-623,-545,-536,-479,-367,-427,-348,-353,-349,-392,-447,-3194
8,2,2025,-97635,1,-28,-31,-565,-411,-313,-174,-84,-16,175,37,53,-52,8,-53,-193,-281,-447,-617,-727,-814,-855,-900,-964,-921,-921,-871,-949,-977,-1117,-1163,-1228,-1446,-1543,-1724,-1685,-1905,-2151,-2282,-2549,-2639,-2561,-2513,-2428,-2237,-2200,-2221,-2320,-2473,-2605,-2657,-2577,-2378,-2166,-1969,-1712,-1421,-1311,-1228,-1198,-1327,-1361,-1493,-1611,-1650,-1594,-1418,-1208,-956,-799,-699,-568,-570,-599,-613,-627,-516,-507,-423,-358,-416,-376,-393,-378,-428,-3250
8,2,2026,-95353,0,-30,-32,8,-328,-255,-127,-58,-7,176,64,-13,-25,-31,-39,-173,-242,-386,-557,-695,-770,-777,-854,-862,-831,-915,-919,-938,-1046,-1038,-1180,-1216,-1365,-1531,-1623,-1759,-1885,-2107,-2218,-2436,-2541,-2508,-2344,-2323,-2184,-2129,-2260,-2265,-2417,-2587,-2610,-2584,-2354,-2124,-1924,-1740,-1467,-1272,-1201,-1155,-1240,-1382,-1508,-1612,-1680,-1635,-1480,-1214,-972,-798,-673,-593,-572,-606,-599,-600,-582,-483,-445,-396,-349,-428,-410,-415,-410,-3262
8,2,2027,-92960,0,-31,-33,7,85,-192,-86,-30,12,175,67,22,-63,-7,-47,-152,-206,-340,-483,-628,-732,-750,-763,-821,-730,-826,-901,-971,-1027,-1092,-1077,-1220,-1316,-1434,-1556,-1663,-1887,-2101,-2161,-2375,-2438,-2410,-2286,-2169,-2085,-2079,-2179,-2300,-2355,-2522,-2591,-2531,-2355,-2093,-1879,-1695,-1481,-1300,-1165,-1132,-1188,-1332,-1511,-1639,-1687,-1652,-1506,-1275,-958,-808,-680,-565,-583,-623,-596,-604,-557,-542,-436,-420,-386,-371,-458,-435,-453,-3317
8,2,2028,-90688,0,-32,-34,5,85,85,-55,-9,21,186,65,16,-54,-30,-34,-142,-179,-293,-435,-550,-670,-710,-754,-744,-697,-741,-822,-958,-1072,-1071,-1120,-1121,-1284,-1375,-1451,-1575,-1813,-2062,-2139,-2294,-2369,-2302,-2187,-2108,-1945,-1976,-2124,-2214,-2388,-2458,-2523,-2511,-2310,-2094,-1848,-1651,-1439,-1293,-1176,-1096,-1176,-1274,-1495,-1644,-1720,-1682,-1520,-1278,-1010,-783,-682,-584,-554,-618,-641,-595,-564,-525,-490,-407,-406,-414,-407,-479,-472,-3399
8,2,2029,-88973,0,-33,-35,4,82,82,119,8,30,189,-42,-17,-63,-36,-48,-131,-162,-263,-387,-508,-596,-658,-723,-746,-653,-697,-756,-885,-1062,-1133,-1131,-1169,-1227,-1348,-1418,-1497,-1707,-2002,-2095,-2282,-2271,-2236,-2086,-2016,-1885,-1849,-2020,-2158,-2296,-2484,-2457,-2446,-2286,-2049,-1840,-1615,-1395,-1264,-1156,-1100,-1161,-1268,-1458,-1646,-1735,-1713,-1562,-1292,-1016,-816,-660,-565,-584,-609,-624,-648,-566,-523,-468,-461,-391,-429,-461,-445,-508,-3459
8,2,2030,-86923,0,-34,-36,3,81,82,116,105,42,191,-8,-67,-80,-23,-37,-122,-142,-234,-349,-454,-548,-584,-674,-716,-643,-665,-673,-792,-953,-1090,-1159,-1168,-1246,-1296,-1350,-1427,-1626,-1857,-2019,-2199,-2263,-2140,-2012,-1923,-1796,-1785,-1891,-2047,-2236,-2390,-2485,-2384,-2231,-2031,-1803,-1607,-1358,-1220,-1139,-1097,-1168,-1270,-1463,-1628,-1743,-1731,-1593,-1341,-1017,-827,-677,-566,-557,-636,-641,-641,-599,-535,-466,-437,-432,-427,-474,-513,-491,-3561
8,2,2031,-84576,-1,-35,-37,2,76,79,114,105,80,195,-39,-43,-79,-19,-16,-102,-122,-206,-309,-402,-484,-522,-592,-666,-608,-641,-651,-707,-840,-960,-1099,-1163,-1210,-1264,-1289,-1321,-1508,-1752,-1859,-2109,-2155,-2119,-1916,-1838,-1704,-1693,-1822,-1910,-2120,-2328,-2393,-2417,-2177,-1982,-1787,-1577,-1357,-1189,-1102,-1076,-1187,-1303,-1470,-1648,-1732,-1734,-1611,-1367,-1055,-823,-686,-592,-577,-627,-662,-660,-619,-556,-479,-437,-417,-446,-475,-519,-565,-3663
8,2,2032,-82163,-2,-36,-36,0,75,77,111,101,78,200,-29,-31,-58,-2,-1,-79,-98,-183,-278,-358,-427,-460,-529,-580,-551,-600,-613,-670,-766,-828,-938,-1095,-1180,-1209,-1219,-1240,-1382,-1610,-1728,-1941,-2056,-2004,-1891,-1749,-1625,-1605,-1731,-1837,-1980,-2210,-2332,-2326,-2206,-1934,-1746,-1568,-1336,-1193,-1086,-1052,-1166,-1333,-1526,-1666,-1768,-1736,-1609,-1389,-1085,-849,-702,-597,-613,-653,-668,-681,-638,-592,-507,-461,-428,-450,-497,-527,-569,-3871
8,2,2033,-79400,-2,-37,-37,-1,73,75,109,100,76,196,160,-3,-31,23,25,-54,-70,-154,-248,-321,-380,-398,-459,-516,-466,-532,-557,-604,-686,-743,-792,-912,-1095,-1157,-1149,-1150,-1274,-1460,-1566,-1789,-1881,-1903,-1788,-1724,-1539,-1526,-1641,-1744,-1903,-2064,-2214,-2266,-2125,-1964,-1706,-1536,-1333,-1178,-1093,-1047,-1154,-1316,-1564,-1737,-1795,-1781,-1625,-1390,-1110,-882,-723,-628,-623,-694,-698,-700,-662,-614,-544,-492,-457,-469,-516,-559,-589,-4097
8,2,2034,-76791,-2,-38,-38,-3,71,74,108,97,75,193,155,143,-9,46,48,-30,-45,-123,-220,-289,-344,-350,-401,-451,-406,-450,-492,-548,-621,-661,-708,-770,-918,-1076,-1099,-1084,-1181,-1353,-1416,-1628,-1734,-1743,-1695,-1630,-1518,-1448,-1562,-1649,-1805,-1986,-2070,-2153,-2073,-1892,-1735,-1501,-1304,-1177,-1080,-1051,-1146,-1303,-1546,-1782,-1873,-1809,-1664,-1405,-1110,-902,-752,-647,-655,-707,-745,-729,-682,-638,-563,-528,-487,-501,-537,-581,-628,-4321
8,2,2035,-74281,-3,-38,-40,-3,69,72,103,95,73,191,155,140,106,63,65,-7,-19,-95,-185,-258,-310,-313,-356,-397,-344,-395,-413,-483,-564,-596,-627,-684,-780,-904,-1021,-1034,-1115,-1252,-1309,-1476,-1578,-1606,-1545,-1547,-1434,-1428,-1486,-1571,-1710,-1886,-1993,-2014,-1967,-1841,-1669,-1523,-1275,-1149,-1075,-1040,-1153,-1295,-1532,-1761,-1920,-1887,-1691,-1440,-1120,-905,-771,-676,-676,-740,-759,-779,-710,-656,-586,-545,-524,-532,-571,-604,-651,-4571
8,2,2036,-71875,-3,-39,-39,-4,67,68,101,93,71,188,152,137,103,155,81,9,3,-67,-154,-217,-277,-280,-323,-352,-294,-336,-357,-403,-497,-540,-566,-607,-697,-769,-853,-954,-1064,-1186,-1212,-1366,-1433,-1458,-1422,-1414,-1361,-1349,-1466,-1494,-1629,-1787,-1892,-1940,-1838,-1749,-1626,-1468,-1296,-1124,-1052,-1036,-1139,-1303,-1519,-1743,-1899,-1935,-1763,-1463,-1151,-913,-771,-692,-704,-764,-796,-793,-759,-684,-603,-567,-542,-569,-605,-643,-678,-4815
8,2,2037,-69576,-3,-40,-41,-7,64,67,99,91,68,184,148,135,102,154,161,22,20,-43,-124,-184,-238,-248,-290,-319,-252,-289,-300,-349,-419,-475,-506,-544,-620,-693,-724,-790,-985,-1136,-1143,-1271,-1324,-1323,-1291,-1304,-1240,-1279,-1386,-1472,-1545,-1705,-1794,-1842,-1768,-1634,-1545,-1430,-1245,-1142,-1031,-1014,-1136,-1289,-1528,-1731,-1878,-1912,-1808,-1526,-1172,-935,-778,-691,-722,-795,-821,-831,-772,-729,-630,-581,-565,-589,-651,-685,-723,-5066
8,2,2038,-67370,-3,-41,-42,-6,63,65,97,90,67,180,144,133,100,151,159,101,36,-20,-96,-150,-199,-208,-257,-288,-223,-248,-253,-293,-364,-395,-442,-489,-558,-617,-649,-663,-821,-1056,-1093,-1204,-1235,-1223,-1171,-1187,-1142,-1168,-1318,-1393,-1526,-1620,-1709,-1748,-1679,-1571,-1443,-1359,-1215,-1101,-1047,-991,-1113,-1286,-1510,-1742,-1867,-1894,-1788,-1564,-1221,-951,-798,-700,-724,-814,-856,-859,-811,-743,-672,-608,-580,-614,-671,-735,-767,-5344
8,2,2039,-65252,-4,-42,-43,-9,61,63,92,85,65,177,141,129,95,148,156,99,117,-5,-72,-120,-167,-171,-222,-258,-196,-222,-215,-247,-306,-338,-364,-425,-506,-558,-578,-590,-694,-885,-1011,-1150,-1167,-1136,-1078,-1080,-1035,-1077,-1209,-1325,-1443,-1597,-1626,-1666,-1591,-1492,-1390,-1269,-1153,-1072,-1007,-1008,-1087,-1260,-1507,-1721,-1876,-1880,-1772,-1547,-1254,-994,-814,-720,-730,-814,-876,-892,-839,-780,-685,-647,-607,-631,-697,-761,-825,-5645
8,2,2040,-63158,-5,-42,-45,-11,59,61,92,83,64,175,138,127,94,144,152,99,113,84,-57,-99,-134,-137,-183,-224,-166,-193,-188,-209,-257,-284,-312,-351,-446,-508,-521,-518,-620,-757,-844,-1069,-1115,-1072,-1001,-996,-939,-977,-1116,-1210,-1374,-1509,-1605,-1582,-1517,-1413,-1319,-1223,-1076,-1017,-982,-971,-1103,-1232,-1474,-1717,-1855,-1891,-1755,-1532,-1240,-1021,-848,-733,-750,-822,-874,-914,-871,-803,-717,-660,-647,-657,-716,-792,-852,-5973
8,2,2041,-61613,-6,-46,-48,-14,50,52,79,74,54,160,127,114,85,133,139,89,102,74,31,-86,-114,-115,-158,-195,-142,-178,-173,-193,-230,-249,-266,-308,-382,-459,-480,-476,-560,-690,-723,-907,-1044,-1035,-953,-931,-873,-893,-1022,-1123,-1261,-1441,-1519,-1565,-1444,-1351,-1253,-1166,-1038,-952,-934,-949,-1065,-1251,-1444,-1683,-1850,-1870,-1769,-1521,-1231,-1009,-870,-770,-765,-845,-887,-916,-895,-838,-743,-692,-660,-702,-749,-815,-887,-6304
8,2,2042,-60181,-10,-51,-51,-24,39,43,67,65,45,144,113,102,74,121,127,80,93,66,20,13,-100,-97,-135,-171,-121,-156,-157,-178,-211,-223,-234,-270,-339,-396,-434,-440,-515,-626,-658,-785,-891,-971,-919,-887,-817,-830,-934,-1028,-1169,-1324,-1450,-1487,-1431,-1289,-1199,-1109,-989,-920,-876,-906,-1041,-1209,-1470,-1648,-1815,-1868,-1753,-1533,-1228,-1001,-861,-790,-804,-862,-912,-926,-900,-858,-774,-715,-694,-713,-797,-853,-916,-6644
8,2,2043,-58753,-11,-54,-57,-27,28,32,58,54,38,130,101,91,65,108,111,71,82,58,9,6,0,-84,-117,-151,-100,-138,-137,-162,-193,-207,-205,-234,-295,-352,-374,-396,-476,-574,-596,-716,-770,-825,-864,-855,-778,-777,-870,-940,-1072,-1226,-1335,-1419,-1356,-1275,-1144,-1058,-941,-879,-846,-849,-994,-1183,-1418,-1676,-1776,-1834,-1749,-1518,-1235,-995,-855,-785,-827,-900,-929,-952,-911,-861,-795,-746,-717,-751,-813,-912,-958,-6970
8,2,2044,-57351,-12,-59,-60,-32,21,26,47,47,29,116,90,81,54,100,101,63,73,49,0,-2,-8,19,-105,-132,-82,-118,-118,-140,-178,-189,-192,-211,-260,-310,-331,-337,-428,-530,-548,-648,-700,-713,-732,-801,-753,-742,-815,-874,-980,-1122,-1239,-1305,-1294,-1209,-1131,-1010,-903,-835,-807,-821,-931,-1128,-1384,-1616,-1807,-1795,-1714,-1518,-1223,-1003,-851,-778,-819,-926,-972,-972,-937,-871,-796,-767,-748,-775,-852,-927,-1022,-7319
8,2,2045,-56038,-14,-62,-63,-38,13,16,37,37,20,104,77,69,46,86,91,53,63,43,-11,-11,-17,8,-4,-119,-69,-101,-102,-123,-154,-172,-178,-194,-232,-275,-293,-300,-370,-481,-506,-599,-636,-651,-633,-682,-707,-716,-775,-819,-916,-1031,-1134,-1211,-1189,-1154,-1074,-998,-861,-798,-768,-782,-900,-1058,-1320,-1578,-1744,-1824,-1677,-1486,-1225,-994,-856,-776,-813,-917,-999,-1014,-956,-897,-811,-768,-770,-805,-880,-975,-1042,-7693
8,2,2046,-54704,-15,-65,-65,-42,5,7,22,27,14,89,68,57,37,77,81,45,55,32,-21,-21,-22,-4,-14,-28,-58,-91,-87,-111,-133,-154,-161,-180,-216,-246,-255,-263,-329,-416,-456,-551,-587,-593,-575,-593,-600,-677,-747,-780,-857,-956,-1039,-1108,-1104,-1061,-1026,-950,-850,-759,-733,-742,-856,-1020,-1237,-1504,-1700,-1759,-1706,-1455,-1200,-994,-847,-783,-810,-908,-989,-1042,-998,-912,-830,-774,-771,-828,-917,-1004,-1092,-8043
8,2,2047,-53457,-17,-68,-69,-47,-2,-1,13,19,4,76,55,46,28,65,70,36,48,26,-29,-28,-30,-11,-21,-35,27,-82,-76,-94,-115,-136,-142,-166,-199,-232,-236,-234,-291,-373,-396,-496,-541,-543,-523,-541,-521,-574,-701,-752,-816,-896,-969,-1018,-1012,-985,-945,-906,-809,-750,-700,-711,-815,-974,-1195,-1409,-1620,-1717,-1644,-1479,-1176,-973,-846,-778,-817,-903,-984,-1033,-1028,-955,-850,-797,-779,-831,-938,-1046,-1128,-8416
8,2,2048,-52217,-18,-74,-70,-53,-10,-7,2,11,-2,64,46,36,19,56,63,28,40,17,-37,-36,-39,-20,-30,-41,18,-2,-68,-82,-98,-114,-125,-147,-184,-214,-215,-208,-257,-331,-356,-436,-491,-504,-483,-493,-477,-500,-600,-708,-788,-857,-908,-945,-926,-901,-877,-834,-774,-714,-694,-677,-781,-926,-1136,-1359,-1520,-1636,-1607,-1429,-1197,-955,-830,-778,-810,-911,-978,-1024,-1019,-981,-887,-813,-801,-838,-941,-1071,-1176,-8788
8,2,2049,-51014,-19,-76,-74,-55,-17,-15,-6,2,-9,53,34,27,11,47,50,21,29,10,-48,-43,-45,-30,-38,-51,6,-11,11,-77,-86,-99,-105,-128,-163,-199,-200,-192,-231,-294,-317,-387,-427,-457,-449,-458,-434,-459,-526,-604,-740,-822,-863,-888,-863,-826,-803,-775,-714,-681,-659,-673,-744,-886,-1081,-1295,-1464,-1534,-1530,-1396,-1155,-972,-815,-764,-810,-902,-987,-1018,-1011,-971,-909,-849,-817,-864,-953,-1076,-1205,-9171
8,2,2050,-49842,-22,-80,-78,-60,-28,-23,-14,-8,-17,39,24,17,2,37,39,14,24,6,-56,-50,-53,-36,-44,-57,-2,-23,-2,3,-80,-91,-92,-111,-144,-175,-186,-183,-216,-263,-283,-345,-384,-403,-408,-422,-403,-418,-479,-524,-636,-769,-832,-844,-808,-772,-737,-711,-663,-628,-631,-641,-736,-847,-1033,-1230,-1395,-1479,-1435,-1327,-1132,-936,-826,-749,-797,-902,-977,-1027,-1006,-963,-903,-872,-853,-879,-977,-1089,-1208,-9534
8,2,2051,-48709,-24,-83,-81,-67,-35,-29,-24,-13,-24,30,15,8,-5,27,30,6,12,-2,-66,-58,-61,-44,-51,-65,-12,-32,-14,-9,2,-84,-80,-96,-127,-159,-169,-165,-203,-244,-254,-306,-342,-360,-359,-385,-375,-387,-438,-482,-555,-659,-780,-813,-771,-723,-687,-654,-608,-584,-579,-612,-701,-839,-986,-1177,-1325,-1410,-1385,-1245,-1077,-914,-798,-764,-782,-882,-976,-1017,-1013,-957,-896,-862,-877,-916,-995,-1117,-1221,-9868
8,2,2052,-47638,-24,-86,-84,-72,-42,-36,-31,-19,-30,17,7,-2,-12,19,20,-1,5,-9,-74,-65,-67,-53,-59,-71,-20,-40,-23,-19,-7,-3,-76,-89,-111,-139,-148,-152,-188,-226,-238,-278,-305,-320,-322,-338,-342,-362,-405,-442,-510,-577,-670,-764,-742,-687,-645,-609,-558,-538,-542,-564,-669,-796,-975,-1121,-1268,-1341,-1321,-1201,-1011,-872,-780,-736,-797,-866,-960,-1016,-1005,-967,-891,-856,-869,-942,-1040,-1138,-1255,-10177
8,2,2053,-46608,-26,-88,-87,-73,-49,-42,-41,-28,-35,8,-4,-10,-20,10,11,-6,-3,-15,-82,-74,-71,-61,-64,-79,-30,-52,-34,-31,-16,-15,2,-83,-97,-126,-132,-134,-169,-208,-221,-259,-275,-288,-289,-307,-301,-331,-375,-406,-467,-528,-585,-656,-697,-662,-614,-573,-522,-495,-497,-525,-617,-762,-926,-1108,-1207,-1283,-1253,-1143,-977,-816,-746,-720,-768,-881,-941,-996,-1004,-958,-898,-850,-863,-932,-1067,-1189,-1279,-10497
8,2,2054,-45617,-27,-91,-91,-79,-56,-49,-48,-35,-43,-5,-13,-20,-26,1,2,-13,-10,-22,-91,-80,-81,-67,-75,-86,-39,-60,-42,-41,-25,-26,-9,-5,-90,-110,-115,-119,-150,-186,-207,-240,-255,-264,-259,-273,-270,-290,-342,-378,-434,-482,-538,-575,-599,-622,-594,-545,-492,-463,-458,-482,-574,-703,-884,-1055,-1192,-1221,-1199,-1087,-933,-788,-700,-686,-753,-851,-957,-978,-986,-956,-888,-855,-861,-925,-1056,-1221,-1334,-10790
8,2,2055,-44639,-29,-94,-92,-83,-63,-55,-55,-41,-50,-14,-22,-28,-34,-7,-6,-20,-17,-28,-101,-85,-87,-76,-81,-92,-47,-69,-52,-51,-34,-36,-20,-16,-15,-101,-106,-107,-133,-165,-186,-220,-238,-242,-236,-246,-245,-264,-302,-344,-404,-444,-492,-527,-524,-536,-560,-527,-471,-433,-428,-444,-529,-654,-814,-1007,-1135,-1207,-1142,-1040,-885,-753,-676,-645,-717,-830,-924,-994,-968,-937,-889,-849,-867,-921,-1047,-1209,-1370,-11105
8,2,2056,-43673,-29,-98,-95,-87,-68,-63,-65,-49,-56,-25,-30,-37,-40,-15,-16,-26,-24,-35,-106,-91,-93,-83,-86,-98,-55,-78,-63,-61,-42,-44,-30,-28,-24,-31,-98,-98,-119,-145,-168,-198,-220,-228,-223,-224,-221,-237,-272,-302,-372,-412,-455,-480,-480,-468,-483,-496,-455,-415,-402,-415,-487,-601,-758,-926,-1083,-1148,-1128,-991,-846,-714,-642,-625,-672,-792,-903,-960,-984,-920,-873,-848,-858,-927,-1041,-1200,-1358,-11431
8,2,2057,-42705,-30,-100,-97,-89,-74,-69,-74,-55,-61,-36,-39,-44,-47,-23,-23,-33,-31,-40,-113,-98,-99,-90,-93,-105,-62,-87,-71,-69,-50,-56,-44,-37,-32,-40,-28,-92,-109,-129,-149,-176,-195,-211,-210,-211,-204,-214,-243,-275,-329,-377,-423,-444,-440,-431,-423,-428,-429,-402,-385,-391,-455,-554,-694,-862,-997,-1094,-1072,-980,-809,-683,-611,-596,-651,-742,-862,-937,-951,-935,-855,-833,-858,-919,-1049,-1194,-1349,-11704
8,2,2058,-41739,-31,-104,-99,-93,-82,-75,-80,-62,-68,-44,-46,-53,-52,-31,-31,-39,-38,-46,-122,-105,-105,-97,-98,-110,-70,-95,-79,-80,-59,-66,-53,-49,-41,-47,-37,-24,-101,-117,-134,-154,-175,-191,-197,-198,-191,-197,-221,-244,-299,-332,-387,-414,-408,-393,-390,-377,-370,-378,-371,-375,-429,-518,-638,-790,-926,-1009,-1025,-932,-801,-653,-584,-568,-621,-716,-808,-893,-931,-902,-871,-816,-841,-919,-1038,-1202,-1342,-11941
8,2,2059,-40775,-32,-106,-102,-97,-87,-81,-89,-70,-73,-55,-56,-60,-60,-39,-39,-46,-45,-52,-130,-110,-111,-103,-104,-115,-78,-102,-91,-88,-68,-75,-64,-59,-50,-55,-43,-35,-32,-108,-123,-137,-155,-173,-181,-185,-182,-186,-201,-221,-270,-299,-341,-379,-380,-366,-358,-348,-326,-326,-348,-362,-410,-487,-596,-726,-850,-938,-943,-890,-763,-645,-559,-544,-591,-684,-780,-839,-886,-881,-841,-829,-826,-901,-1037,-1191,-1350,-12131
8,2,2060,-39823,-34,-109,-104,-100,-93,-88,-96,-75,-79,-66,-64,-68,-67,-47,-48,-51,-51,-57,-137,-116,-116,-111,-111,-122,-85,-112,-100,-97,-75,-86,-75,-70,-57,-63,-52,-45,-43,-34,-118,-123,-138,-154,-163,-168,-170,-179,-187,-203,-246,-266,-309,-334,-347,-341,-331,-318,-303,-288,-305,-342,-395,-466,-560,-676,-778,-861,-875,-819,-727,-612,-553,-520,-566,-650,-746,-810,-833,-841,-823,-801,-840,-883,-1017,-1188,-1337,-12309
9,0,2023,-145511,-218,-1147,-1144,-1136,-1135,-1019,-1025,-1006,-928,-901,-808,-739,-714,-729,-756,-752,-883,-1025,-2689,-2846,-2564,-2756,-3203,-3049,-2850,-2768,-2766,-2734,-2805,-2812,-2900,-2861,-2770,-2753,-2555,-2473,-2269,-2342,-2173,-2136,-2098,-1938,-1803,-1717,-1557,-1478,-1494,-1552,-1692,-1669,-1778,-1824,-1823,-1693,-1560,-1455,-1288,-1349,-1327,-1401,-1630,-1557,-1763,-1740,-1899,-1818,-1853,-1826,-1671,-1657,-1503,-1351,-1275,-1195,-1095,-984,-996,-796,-765,-826,-812,-791,-798,-802,-845,-5628
9,0,2024,-137816,-219,-560,-1071,-1016,-1045,-926,-940,-916,-856,-841,-763,-679,-664,-673,-706,-704,-808,-949,-2483,-2658,-2348,-2394,-2897,-2949,-2650,-2597,-2500,-2515,-2536,-2551,-2597,-2622,-2565,-2468,-2485,-2299,-2186,-2135,-2147,-2056,-1936,-1905,-1746,-1619,-1590,-1471,-1484,-1567,-1668,-1670,-1717,-1681,-1686,-1670,-1546,-1446,-1312,-1248,-1333,-1316,-1420,-1578,-1634,-1777,-1707,-1885,-1740,-1764,-1656,-1525,-1519,-1368,-1218,-1105,-1074,-1002,-890,-952,-772,-742,-825,-833,-831,-846,-835,-5733
9,0,2025,-130368,-219,-562,-553,-953,-942,-852,-860,-841,-783,-777,-704,-642,-608,-624,-638,-646,-744,-864,-2382,-2443,-2138,-2175,-2584,-2685,-2561,-2417,-2347,-2264,-2359,-2289,-2347,-2327,-2320,-2245,-2190,-2210,-1998,-2027,-1955,-2001,-1880,-1757,-1707,-1565,-1494,-1497,-1471,-1541,-1675,-1643,-1717,-1610,-1569,-1555,-1524,-1425,-1272,-1256,-1241,-1300,-1338,-1393,-1651,-1652,-1738,-1691,-1788,-1667,-1620,-1479,-1394,-1369,-1246,-1064,-996,-997,-868,-858,-940,-745,-769,-833,-900,-886,-886,-5825
9,0,2026,-122978,-219,-562,-554,-497,-884,-760,-795,-773,-715,-711,-640,-588,-558,-556,-585,-559,-665,-778,-2284,-2306,-1924,-1941,-2358,-2350,-2332,-2334,-2169,-2105,-2097,-2135,-2093,-2100,-2069,-2006,-1968,-1946,-1893,-1858,-1826,-1818,-1802,-1705,-1571,-1509,-1445,-1412,-1481,-1519,-1636,-1636,-1676,-1606,-1498,-1440,-1419,-1404,-1260,-1208,-1223,-1231,-1284,-1310,-1483,-1672,-1622,-1710,-1617,-1685,-1536,-1466,-1330,-1251,-1234,-1106,-941,-915,-896,-818,-848,-947,-765,-795,-890,-978,-935,-5952
9,0,2027,-116461,-219,-562,-554,-498,-491,-712,-718,-718,-661,-651,-594,-516,-518,-509,-518,-512,-569,-693,-2169,-2225,-1782,-1749,-2143,-2172,-2023,-2135,-2106,-1962,-1928,-1886,-1968,-1857,-1870,-1819,-1781,-1759,-1680,-1780,-1692,-1711,-1639,-1625,-1529,-1414,-1388,-1367,-1416,-1534,-1619,-1603,-1668,-1552,-1482,-1371,-1302,-1318,-1230,-1194,-1176,-1193,-1250,-1221,-1402,-1512,-1644,-1602,-1637,-1528,-1545,-1397,-1331,-1193,-1124,-1073,-1005,-866,-808,-853,-813,-854,-1005,-788,-855,-948,-1047,-6130
9,0,2028,-110887,-220,-563,-554,-498,-491,-375,-677,-650,-599,-615,-526,-489,-457,-484,-485,-449,-530,-579,-2097,-2080,-1712,-1628,-1967,-1999,-1902,-1886,-1940,-1891,-1816,-1742,-1745,-1768,-1656,-1640,-1618,-1613,-1523,-1592,-1635,-1594,-1554,-1495,-1448,-1381,-1320,-1312,-1373,-1470,-1634,-1584,-1640,-1555,-1432,-1350,-1234,-1197,-1160,-1167,-1168,-1151,-1209,-1206,-1304,-1439,-1507,-1613,-1535,-1561,-1401,-1401,-1272,-1203,-1068,-984,-962,-929,-793,-779,-838,-822,-905,-1057,-848,-924,-1000,-6417
9,0,2029,-105403,-219,-563,-554,-498,-491,-375,-389,-616,-538,-531,-483,-427,-421,-434,-456,-414,-454,-539,-1964,-2014,-1551,-1551,-1890,-1846,-1759,-1767,-1731,-1753,-1727,-1626,-1619,-1574,-1554,-1444,-1447,-1432,-1374,-1425,-1449,-1532,-1444,-1412,-1342,-1296,-1291,-1249,-1311,-1422,-1562,-1589,-1612,-1522,-1418,-1302,-1219,-1130,-1035,-1089,-1131,-1140,-1169,-1175,-1279,-1328,-1414,-1497,-1510,-1457,-1430,-1265,-1253,-1140,-1097,-933,-892,-891,-834,-776,-777,-830,-874,-956,-1151,-922,-986,-6620
9,0,2030,-100818,-220,-563,-554,-498,-491,-375,-389,-370,-525,-475,-426,-379,-394,-396,-412,-378,-424,-459,-1925,-1895,-1490,-1412,-1816,-1786,-1638,-1659,-1604,-1581,-1618,-1547,-1518,-1471,-1433,-1338,-1294,-1310,-1218,-1302,-1308,-1376,-1385,-1318,-1282,-1218,-1212,-1222,-1254,-1370,-1522,-1528,-1614,-1499,-1396,-1294,-1168,-1129,-984,-979,-1055,-1102,-1155,-1133,-1246,-1314,-1319,-1402,-1431,-1402,-1345,-1289,-1157,-1097,-1027,-964,-856,-836,-800,-802,-781,-789,-866,-925,-1044,-1264,-982,-6794
9,0,2031,-97269,-219,-563,-554,-498,-491,-375,-389,-371,-325,-442,-393,-354,-360,-381,-389,-350,-386,-437,-1866,-1853,-1415,-1364,-1722,-1733,-1575,-1560,-1516,-1474,-1475,-1427,-1433,-1378,-1340,-1266,-1218,-1204,-1133,-1187,-1204,-1274,-1277,-1276,-1218,-1174,-1156,-1163,-1229,-1319,-1479,-1504,-1581,-1505,-1384,-1280,-1176,-1081,-981,-951,-968,-1033,-1128,-1129,-1222,-1269,-1305,-1331,-1357,-1366,-1282,-1225,-1164,-1052,-980,-890,-854,-807,-756,-766,-784,-794,-845,-901,-1011,-1139,-1358,-6925
9,0,2032,-95152,-220,-563,-555,-498,-491,-376,-389,-371,-325,-361,-364,-337,-347,-363,-372,-329,-364,-402,-1838,-1814,-1374,-1322,-1682,-1678,-1542,-1524,-1463,-1413,-1415,-1343,-1334,-1311,-1281,-1207,-1171,-1149,-1067,-1124,-1130,-1190,-1197,-1210,-1186,-1137,-1119,-1120,-1188,-1300,-1428,-1468,-1560,-1487,-1397,-1280,-1171,-1098,-952,-948,-951,-973,-1062,-1121,-1238,-1278,-1270,-1313,-1303,-1316,-1268,-1185,-1132,-1053,-963,-864,-820,-802,-740,-746,-765,-788,-860,-908,-985,-1111,-1223,-7469
9,0,2033,-94196,-219,-563,-554,-498,-492,-376,-389,-371,-326,-361,-317,-331,-337,-355,-362,-316,-345,-385,-1817,-1792,-1351,-1296,-1658,-1651,-1517,-1506,-1447,-1398,-1390,-1320,-1298,-1251,-1244,-1187,-1145,-1123,-1028,-1081,-1081,-1140,-1133,-1148,-1141,-1112,-1097,-1091,-1152,-1262,-1417,-1419,-1530,-1473,-1391,-1298,-1181,-1101,-973,-933,-958,-960,-1017,-1056,-1246,-1306,-1297,-1297,-1291,-1269,-1234,-1183,-1114,-1046,-975,-865,-809,-804,-757,-744,-769,-792,-859,-930,-1010,-1091,-1203,-7844
9,0,2034,-93217,-220,-564,-555,-498,-492,-376,-389,-371,-326,-361,-317,-290,-333,-345,-354,-306,-331,-363,-1797,-1770,-1327,-1274,-1635,-1629,-1494,-1484,-1431,-1384,-1374,-1293,-1274,-1213,-1185,-1152,-1126,-1098,-1004,-1043,-1039,-1090,-1083,-1085,-1081,-1069,-1072,-1067,-1121,-1224,-1377,-1407,-1479,-1444,-1377,-1294,-1197,-1109,-977,-953,-943,-968,-1004,-1006,-1175,-1316,-1327,-1324,-1274,-1256,-1189,-1152,-1112,-1030,-969,-877,-810,-793,-757,-761,-768,-797,-864,-929,-1035,-1119,-1180,-8159
9,0,2035,-92219,-219,-564,-555,-498,-492,-376,-389,-371,-326,-361,-317,-291,-295,-340,-345,-297,-318,-346,-1772,-1748,-1305,-1253,-1615,-1610,-1477,-1465,-1411,-1367,-1358,-1275,-1245,-1189,-1149,-1094,-1092,-1080,-978,-1017,-999,-1047,-1034,-1036,-1023,-1014,-1032,-1043,-1096,-1191,-1336,-1365,-1469,-1394,-1351,-1282,-1192,-1124,-984,-957,-963,-953,-1012,-994,-1121,-1238,-1337,-1356,-1301,-1241,-1179,-1109,-1082,-1028,-954,-870,-821,-795,-748,-762,-785,-795,-868,-935,-1033,-1146,-1211,-8413
9,0,2036,-91208,-220,-564,-555,-499,-492,-376,-390,-371,-326,-361,-317,-291,-295,-303,-339,-285,-307,-331,-1753,-1721,-1283,-1231,-1597,-1594,-1462,-1450,-1395,-1348,-1341,-1260,-1228,-1161,-1125,-1059,-1036,-1047,-959,-991,-972,-1007,-992,-989,-976,-959,-977,-1003,-1073,-1163,-1300,-1321,-1427,-1384,-1305,-1257,-1182,-1119,-998,-963,-966,-973,-997,-1001,-1106,-1180,-1254,-1366,-1333,-1267,-1162,-1099,-1043,-1001,-952,-857,-815,-805,-749,-751,-787,-814,-867,-940,-1040,-1145,-1241,-8667
9,0,2037,-90195,-220,-564,-555,-499,-492,-376,-390,-371,-326,-362,-317,-291,-295,-303,-300,-278,-294,-318,-1735,-1701,-1256,-1210,-1577,-1579,-1448,-1437,-1383,-1331,-1321,-1241,-1211,-1143,-1097,-1036,-1003,-993,-926,-973,-947,-980,-953,-948,-931,-915,-925,-948,-1030,-1138,-1272,-1285,-1382,-1343,-1296,-1217,-1161,-1112,-994,-976,-973,-976,-1018,-985,-1115,-1163,-1193,-1279,-1343,-1298,-1188,-1085,-1034,-966,-928,-856,-803,-800,-759,-753,-775,-816,-887,-938,-1045,-1153,-1240,-8921
9,0,2038,-89148,-220,-564,-555,-499,-492,-376,-390,-371,-326,-362,-317,-290,-295,-303,-300,-234,-287,-302,-1721,-1681,-1235,-1184,-1559,-1563,-1435,-1426,-1369,-1318,-1303,-1220,-1192,-1126,-1080,-1010,-981,-962,-872,-938,-928,-954,-927,-910,-893,-871,-882,-895,-971,-1091,-1244,-1255,-1344,-1300,-1258,-1209,-1126,-1092,-986,-972,-985,-984,-1021,-1008,-1097,-1172,-1174,-1216,-1257,-1307,-1217,-1109,-1020,-957,-895,-833,-802,-787,-754,-765,-777,-804,-890,-962,-1042,-1159,-1249,-9139
9,0,2039,-88101,-220,-564,-555,-499,-492,-376,-390,-371,-326,-362,-317,-290,-295,-303,-300,-234,-234,-293,-1703,-1666,-1216,-1165,-1536,-1546,-1422,-1415,-1360,-1306,-1289,-1202,-1170,-1107,-1063,-994,-955,-939,-840,-883,-892,-935,-901,-885,-857,-835,-842,-852,-916,-1030,-1193,-1225,-1314,-1264,-1218,-1175,-1118,-1061,-969,-966,-982,-996,-1028,-1012,-1121,-1153,-1185,-1197,-1194,-1225,-1227,-1136,-1043,-945,-886,-803,-780,-786,-742,-758,-789,-806,-876,-964,-1070,-1155,-1254,-9342
9,0,2040,-87053,-220,-564,-556,-499,-492,-376,-390,-371,-326,-362,-318,-290,-295,-303,-300,-234,-234,-232,-1693,-1646,-1200,-1147,-1520,-1528,-1409,-1404,-1349,-1297,-1277,-1187,-1150,-1085,-1045,-977,-939,-914,-818,-852,-836,-900,-882,-860,-832,-801,-807,-812,-871,-970,-1127,-1172,-1284,-1234,-1185,-1140,-1089,-1056,-941,-951,-975,-993,-1042,-1019,-1126,-1180,-1163,-1209,-1176,-1162,-1149,-1145,-1068,-965,-875,-795,-752,-766,-741,-747,-783,-818,-878,-949,-1072,-1186,-1251,-9519
9,0,2041,-86018,-220,-565,-557,-500,-493,-377,-390,-371,-326,-363,-317,-291,-296,-304,-300,-235,-234,-232,-1622,-1635,-1181,-1133,-1504,-1515,-1394,-1393,-1340,-1287,-1268,-1173,-1135,-1065,-1022,-959,-924,-899,-794,-830,-805,-845,-848,-842,-809,-780,-775,-776,-830,-923,-1063,-1103,-1230,-1206,-1158,-1110,-1057,-1030,-937,-925,-961,-986,-1038,-1034,-1133,-1184,-1192,-1186,-1186,-1145,-1089,-1072,-1077,-989,-895,-786,-745,-738,-721,-746,-770,-812,-892,-951,-1055,-1189,-1285,-9665
9,0,2042,-84971,-220,-566,-557,-500,-493,-377,-390,-371,-327,-363,-318,-290,-296,-304,-300,-235,-234,-232,-1622,-1559,-1172,-1114,-1492,-1502,-1382,-1380,-1331,-1278,-1256,-1162,-1121,-1051,-1003,-939,-907,-885,-779,-804,-782,-812,-792,-808,-792,-757,-753,-743,-793,-876,-1011,-1034,-1162,-1154,-1131,-1086,-1033,-1002,-913,-920,-936,-972,-1032,-1030,-1149,-1193,-1197,-1215,-1166,-1154,-1072,-1015,-1009,-998,-917,-803,-736,-732,-694,-725,-769,-797,-885,-967,-1059,-1169,-1288,-9826
9,0,2043,-83936,-220,-566,-558,-501,-494,-378,-391,-372,-327,-364,-318,-291,-296,-304,-301,-235,-234,-232,-1622,-1559,-1094,-1104,-1475,-1491,-1371,-1370,-1319,-1269,-1247,-1151,-1110,-1035,-989,-919,-886,-868,-764,-791,-756,-789,-760,-756,-760,-742,-731,-723,-759,-838,-962,-981,-1093,-1087,-1084,-1063,-1011,-980,-889,-898,-931,-947,-1017,-1023,-1145,-1209,-1206,-1220,-1194,-1133,-1082,-1000,-956,-933,-924,-823,-752,-722,-688,-697,-748,-798,-870,-960,-1076,-1173,-1267,-9964
9,0,2044,-82897,-221,-567,-558,-501,-494,-378,-391,-372,-327,-364,-318,-291,-296,-304,-301,-235,-234,-233,-1622,-1559,-1095,-1031,-1468,-1479,-1361,-1360,-1311,-1258,-1237,-1141,-1098,-1023,-974,-905,-867,-849,-748,-774,-740,-763,-738,-724,-709,-712,-716,-701,-736,-802,-919,-929,-1038,-1021,-1022,-1021,-991,-961,-869,-876,-911,-942,-991,-1007,-1137,-1205,-1223,-1231,-1200,-1162,-1061,-1010,-942,-886,-865,-830,-771,-739,-678,-691,-718,-774,-870,-941,-1067,-1193,-1271,-10048
9,0,2045,-81890,-220,-567,-559,-502,-494,-378,-391,-372,-328,-365,-318,-291,-297,-304,-301,-235,-234,-233,-1622,-1559,-1095,-1031,-1403,-1471,-1350,-1353,-1302,-1249,-1226,-1130,-1086,-1012,-963,-892,-854,-830,-727,-757,-725,-747,-714,-702,-680,-664,-688,-685,-715,-776,-879,-884,-985,-968,-961,-966,-954,-944,-853,-857,-889,-922,-986,-979,-1119,-1196,-1219,-1248,-1211,-1167,-1089,-990,-951,-872,-820,-777,-779,-757,-695,-681,-711,-742,-843,-941,-1048,-1183,-1293,-10134
9,0,2046,-80898,-220,-568,-559,-502,-495,-379,-392,-372,-328,-365,-319,-291,-297,-305,-302,-235,-234,-233,-1623,-1559,-1095,-1032,-1403,-1417,-1344,-1344,-1296,-1240,-1216,-1117,-1075,-1000,-952,-880,-841,-818,-710,-736,-707,-731,-698,-678,-659,-636,-641,-656,-698,-754,-853,-843,-941,-917,-912,-911,-905,-910,-837,-841,-871,-900,-966,-973,-1089,-1176,-1209,-1244,-1227,-1177,-1093,-1016,-932,-880,-808,-735,-727,-765,-713,-698,-702,-734,-808,-912,-1047,-1162,-1283,-10229
9,0,2047,-79922,-221,-568,-560,-503,-495,-379,-392,-372,-328,-366,-319,-291,-297,-305,-302,-235,-234,-233,-1623,-1559,-1096,-1032,-1404,-1418,-1300,-1339,-1287,-1235,-1208,-1106,-1062,-989,-941,-869,-830,-805,-697,-718,-686,-714,-683,-663,-636,-617,-615,-611,-668,-735,-827,-815,-898,-874,-866,-869,-858,-867,-808,-828,-856,-883,-943,-950,-1083,-1143,-1188,-1233,-1224,-1193,-1102,-1019,-956,-863,-815,-723,-689,-715,-720,-717,-719,-724,-800,-872,-1015,-1162,-1259,-10300
9,0,2048,-78919,-221,-569,-561,-503,-495,-379,-392,-373,-329,-366,-319,-291,-298,-305,-302,-235,-234,-233,-1623,-1559,-1096,-1032,-1404,-1418,-1300,-1300,-1284,-1226,-1201,-1097,-1051,-976,-930,-858,-820,-796,-684,-705,-668,-692,-666,-648,-622,-594,-596,-585,-619,-704,-808,-788,-870,-833,-825,-827,-820,-825,-768,-800,-843,-867,-924,-926,-1057,-1136,-1152,-1212,-1215,-1189,-1118,-1029,-961,-886,-801,-730,-678,-678,-670,-723,-739,-742,-789,-863,-971,-1125,-1259,-10313
9,0,2049,-77929,-221,-569,-561,-504,-496,-380,-392,-372,-329,-367,-319,-291,-298,-305,-303,-235,-235,-233,-1623,-1559,-1096,-1032,-1405,-1418,-1300,-1301,-1249,-1222,-1193,-1091,-1041,-965,-917,-848,-809,-786,-674,-692,-655,-674,-646,-632,-607,-581,-576,-566,-592,-652,-773,-767,-844,-806,-788,-791,-784,-792,-730,-763,-815,-853,-908,-905,-1030,-1109,-1145,-1175,-1192,-1178,-1114,-1044,-968,-889,-821,-717,-684,-667,-635,-674,-746,-764,-810,-850,-960,-1075,-1219,-10332
9,0,2050,-76947,-221,-570,-561,-504,-496,-380,-393,-373,-329,-367,-319,-291,-298,-305,-303,-235,-235,-234,-1623,-1559,-1097,-1032,-1405,-1419,-1300,-1301,-1250,-1189,-1188,-1081,-1033,-956,-906,-836,-798,-776,-665,-682,-640,-660,-628,-612,-592,-569,-562,-544,-572,-622,-718,-732,-822,-780,-765,-758,-753,-760,-700,-728,-779,-826,-894,-888,-1008,-1079,-1115,-1167,-1156,-1157,-1104,-1041,-983,-896,-824,-736,-671,-674,-624,-636,-693,-772,-834,-875,-945,-1064,-1165,-10314
9,0,2051,-75954,-221,-570,-562,-505,-496,-381,-393,-373,-330,-368,-320,-292,-299,-306,-303,-235,-235,-234,-1623,-1559,-1097,-1032,-1405,-1419,-1300,-1301,-1250,-1189,-1153,-1076,-1024,-948,-897,-825,-786,-766,-654,-672,-630,-648,-615,-594,-573,-552,-549,-532,-550,-601,-685,-674,-786,-760,-741,-736,-724,-732,-672,-700,-744,-789,-864,-872,-989,-1055,-1084,-1138,-1149,-1121,-1085,-1031,-980,-910,-831,-738,-688,-660,-630,-625,-653,-715,-842,-902,-972,-1048,-1154,-10232
9,0,2052,-74958,-221,-571,-563,-505,-497,-381,-393,-373,-330,-368,-320,-292,-299,-306,-303,-235,-235,-234,-1623,-1559,-1097,-1033,-1405,-1419,-1300,-1301,-1250,-1189,-1153,-1038,-1019,-937,-889,-816,-776,-753,-644,-662,-619,-637,-602,-581,-556,-536,-535,-519,-536,-576,-662,-638,-727,-724,-722,-715,-705,-707,-647,-673,-717,-754,-826,-841,-971,-1035,-1058,-1105,-1120,-1115,-1050,-1011,-971,-908,-843,-744,-692,-678,-618,-631,-641,-672,-779,-911,-1003,-1078,-1135,-10145
9,0,2053,-73979,-222,-571,-563,-505,-497,-381,-393,-373,-330,-368,-320,-291,-299,-306,-303,-235,-235,-234,-1623,-1559,-1098,-1033,-1406,-1420,-1300,-1301,-1251,-1190,-1154,-1039,-979,-931,-879,-807,-767,-745,-633,-652,-608,-626,-592,-568,-543,-520,-517,-504,-522,-563,-636,-614,-691,-667,-689,-699,-687,-689,-623,-648,-691,-727,-790,-802,-938,-1016,-1037,-1079,-1088,-1085,-1043,-981,-953,-900,-841,-755,-698,-682,-635,-618,-649,-660,-731,-840,-1014,-1113,-1169,-10045
9,0,2054,-73002,-222,-571,-563,-506,-497,-381,-394,-373,-330,-369,-320,-292,-300,-306,-304,-236,-235,-234,-1623,-1559,-1098,-1033,-1406,-1420,-1300,-1301,-1251,-1191,-1154,-1039,-979,-892,-873,-798,-759,-736,-623,-638,-598,-615,-582,-558,-531,-509,-503,-487,-507,-547,-621,-588,-668,-633,-637,-671,-672,-673,-608,-628,-667,-700,-761,-763,-894,-979,-1017,-1055,-1060,-1053,-1015,-974,-924,-884,-833,-753,-708,-687,-638,-636,-636,-667,-718,-787,-935,-1125,-1207,-9984
9,0,2055,-72036,-221,-572,-564,-506,-498,-382,-394,-374,-331,-369,-320,-292,-300,-306,-304,-236,-235,-235,-1623,-1559,-1099,-1033,-1407,-1420,-1300,-1301,-1251,-1191,-1154,-1039,-979,-892,-835,-793,-750,-728,-614,-630,-586,-605,-571,-549,-522,-497,-491,-471,-490,-533,-604,-571,-641,-611,-605,-623,-646,-661,-593,-613,-647,-677,-733,-731,-851,-931,-977,-1034,-1039,-1027,-985,-947,-918,-856,-818,-747,-707,-697,-644,-639,-654,-652,-726,-772,-874,-1036,-1221,-9976
9,0,2056,-71073,-222,-572,-564,-507,-498,-382,-394,-374,-331,-369,-320,-292,-300,-306,-304,-236,-235,-234,-1623,-1559,-1099,-1033,-1407,-1421,-1300,-1301,-1251,-1191,-1155,-1039,-979,-892,-834,-755,-745,-720,-606,-620,-576,-592,-560,-537,-512,-488,-481,-461,-475,-513,-586,-555,-625,-584,-585,-595,-607,-638,-583,-600,-633,-656,-709,-701,-817,-885,-928,-995,-1018,-1006,-961,-920,-893,-851,-793,-732,-701,-695,-653,-645,-657,-673,-711,-781,-858,-969,-1124,-9985
9,0,2057,-70116,-222,-573,-565,-507,-498,-382,-394,-374,-331,-370,-321,-292,-300,-307,-304,-236,-235,-235,-1623,-1559,-1099,-1034,-1407,-1421,-1300,-1301,-1252,-1192,-1155,-1039,-979,-892,-835,-755,-708,-715,-598,-613,-566,-582,-549,-528,-501,-478,-472,-450,-463,-496,-567,-536,-608,-568,-560,-576,-581,-602,-563,-589,-620,-641,-687,-675,-785,-848,-878,-944,-979,-986,-940,-896,-867,-827,-788,-709,-688,-689,-651,-655,-664,-676,-732,-764,-868,-951,-1050,-9900
9,0,2058,-69170,-222,-573,-565,-507,-499,-383,-395,-374,-332,-370,-320,-292,-301,-306,-304,-236,-235,-235,-1623,-1559,-1099,-1034,-1407,-1422,-1300,-1301,-1252,-1192,-1155,-1040,-979,-892,-835,-755,-708,-679,-594,-604,-558,-572,-539,-516,-492,-469,-464,-441,-451,-484,-548,-514,-589,-552,-546,-555,-564,-580,-530,-570,-609,-627,-672,-651,-756,-813,-840,-894,-928,-947,-920,-877,-845,-804,-766,-704,-665,-676,-645,-653,-675,-684,-737,-790,-850,-963,-1030,-9736
9,0,2059,-68265,-222,-574,-565,-508,-499,-383,-395,-374,-332,-371,-321,-292,-301,-307,-305,-236,-235,-235,-1623,-1559,-1100,-1034,-1408,-1422,-1300,-1301,-1253,-1193,-1156,-1040,-979,-892,-835,-755,-708,-680,-557,-599,-549,-564,-530,-506,-480,-460,-455,-432,-442,-471,-535,-495,-567,-534,-530,-542,-546,-565,-510,-539,-591,-617,-658,-635,-730,-783,-802,-854,-878,-898,-884,-858,-828,-783,-744,-684,-661,-655,-633,-647,-672,-695,-745,-794,-878,-941,-1045,-9571
9,0,2060,-67396,-222,-574,-566,-508,-499,-383,-395,-374,-332,-371,-321,-292,-301,-307,-305,-236,-235,-235,-1623,-1559,-1100,-1034,-1408,-1422,-1300,-1301,-1253,-1193,-1156,-1040,-979,-892,-835,-755,-708,-680,-557,-562,-544,-556,-523,-498,-472,-450,-446,-423,-433,-461,-520,-480,-548,-513,-514,-529,-534,-548,-497,-521,-561,-599,-647,-620,-713,-754,-770,-815,-839,-849,-838,-824,-811,-766,-726,-664,-642,-650,-611,-634,-666,-693,-758,-803,-883,-973,-1021,-9443
9,1,2023,-73518,-112,-557,-554,-552,-545,-509,-490,-477,-454,-450,-421,-388,-365,-369,-398,-382,-453,-492,-1238,-1423,-1253,-1373,-1551,-1445,-1464,-1378,-1349,-1371,-1390,-1372,-1444,-1422,-1400,-1494,-1344,-1362,-1324,-1363,-1220,-1266,-1211,-1134,-1011,-957,-840,-760,-799,-806,-872,-883,-920,-970,-980,-908,-820,-740,-645,-620,-563,-614,-742,-666,-794,-833,-882,-909,-960,-912,-830,-839,-728,-656,-638,-604,-554,-527,-515,-411,-412,-461,-416,-422,-404,-395,-389,-2352
9,1,2024,-69558,-113,-282,-522,-498,-505,-469,-451,-437,-419,-417,-397,-349,-338,-346,-363,-380,-405,-483,-1092,-1326,-1170,-1150,-1413,-1423,-1300,-1318,-1221,-1221,-1245,-1256,-1269,-1302,-1290,-1277,-1360,-1230,-1248,-1237,-1257,-1159,-1115,-1101,-985,-894,-865,-765,-763,-820,-865,-874,-891,-887,-907,-887,-836,-729,-644,-599,-587,-546,-621,-727,-721,-819,-846,-898,-895,-903,-825,-761,-789,-677,-582,-591,-554,-510,-479,-501,-409,-396,-454,-427,-423,-421,-407,-2424
9,1,2025,-65678,-113,-284,-279,-470,-461,-435,-415,-403,-385,-391,-363,-332,-304,-316,-328,-347,-392,-432,-1077,-1179,-1060,-1077,-1219,-1294,-1278,-1167,-1175,-1090,-1136,-1108,-1159,-1141,-1169,-1154,-1136,-1230,-1110,-1141,-1138,-1163,-1035,-1012,-950,-868,-811,-787,-764,-781,-872,-867,-881,-852,-837,-824,-808,-740,-618,-589,-570,-557,-546,-616,-789,-755,-828,-855,-873,-854,-823,-729,-710,-739,-602,-546,-541,-522,-435,-464,-500,-387,-411,-448,-448,-447,-434,-2502
9,1,2026,-61845,-113,-284,-280,-254,-434,-394,-387,-371,-355,-359,-338,-299,-278,-279,-296,-294,-351,-407,-1017,-1147,-926,-952,-1140,-1100,-1166,-1144,-1037,-1038,-1000,-1024,-1016,-1029,-1037,-1047,-1007,-1027,-1090,-1022,-1035,-1045,-1020,-949,-871,-836,-787,-740,-785,-773,-831,-858,-867,-842,-803,-755,-751,-710,-627,-565,-541,-555,-543,-538,-678,-814,-777,-826,-839,-813,-795,-743,-659,-652,-656,-565,-496,-504,-459,-422,-465,-500,-402,-413,-460,-484,-465,-2592
9,1,2027,-58457,-113,-284,-280,-255,-247,-372,-351,-347,-325,-335,-315,-267,-252,-252,-262,-270,-288,-363,-966,-1092,-875,-836,-1006,-1045,-989,-1050,-1018,-936,-939,-887,-956,-902,-922,-945,-929,-921,-929,-1013,-943,-969,-918,-927,-827,-778,-756,-719,-738,-802,-820,-824,-853,-811,-790,-725,-681,-667,-599,-564,-525,-519,-553,-518,-606,-708,-814,-793,-815,-779,-751,-725,-688,-610,-569,-604,-523,-471,-437,-436,-435,-464,-535,-411,-429,-479,-514,-2701
9,1,2028,-55537,-114,-284,-280,-255,-247,-210,-333,-315,-302,-305,-277,-251,-222,-236,-242,-238,-275,-292,-944,-1013,-828,-788,-903,-926,-961,-908,-951,-910,-859,-847,-827,-861,-812,-832,-832,-848,-838,-879,-937,-893,-856,-847,-797,-750,-716,-687,-720,-749,-850,-810,-827,-808,-754,-707,-654,-589,-566,-546,-512,-504,-518,-534,-577,-652,-732,-804,-794,-768,-719,-689,-662,-638,-525,-533,-542,-492,-432,-427,-440,-437,-492,-561,-432,-459,-493,-2861
9,1,2029,-52726,-113,-285,-280,-255,-247,-210,-193,-300,-269,-279,-248,-210,-200,-208,-226,-218,-230,-279,-861,-1011,-740,-739,-886,-842,-862,-877,-824,-865,-835,-766,-796,-748,-766,-733,-730,-749,-752,-773,-810,-873,-791,-789,-732,-712,-695,-649,-685,-727,-790,-827,-809,-784,-742,-672,-637,-562,-488,-508,-501,-488,-504,-506,-586,-610,-678,-747,-773,-751,-706,-657,-629,-608,-569,-484,-489,-501,-443,-426,-437,-437,-470,-511,-599,-466,-484,-2979
9,1,2030,-50406,-114,-285,-280,-255,-247,-210,-193,-178,-266,-250,-229,-181,-184,-186,-200,-198,-218,-229,-845,-932,-734,-669,-836,-829,-799,-802,-782,-755,-800,-749,-728,-721,-694,-682,-653,-677,-671,-703,-722,-769,-763,-738,-690,-668,-658,-635,-648,-697,-769,-779,-815,-770,-725,-665,-601,-557,-463,-447,-463,-474,-493,-490,-562,-621,-636,-691,-738,-713,-698,-653,-605,-571,-531,-532,-452,-471,-446,-438,-436,-436,-465,-494,-541,-652,-490,-3071
9,1,2031,-48572,-113,-285,-280,-255,-247,-210,-193,-179,-164,-226,-212,-176,-163,-180,-188,-180,-193,-221,-807,-909,-683,-653,-794,-795,-775,-753,-732,-712,-709,-695,-700,-665,-661,-641,-614,-620,-617,-640,-664,-709,-696,-713,-660,-636,-627,-605,-639,-665,-743,-764,-788,-770,-718,-654,-604,-526,-462,-431,-419,-441,-475,-484,-548,-593,-637,-657,-694,-695,-658,-636,-609,-563,-503,-490,-475,-445,-423,-430,-441,-440,-465,-484,-525,-584,-693,-3151
9,1,2032,-47477,-114,-285,-280,-255,-247,-211,-193,-179,-163,-182,-192,-167,-160,-171,-180,-169,-181,-200,-794,-888,-660,-629,-775,-770,-758,-738,-708,-684,-683,-649,-651,-637,-630,-613,-590,-591,-580,-601,-622,-662,-651,-677,-638,-620,-604,-581,-615,-657,-715,-742,-774,-756,-719,-652,-599,-533,-445,-428,-410,-414,-447,-477,-552,-592,-616,-647,-668,-669,-653,-613,-594,-568,-499,-479,-456,-452,-414,-420,-434,-440,-477,-491,-515,-572,-619,-3441
9,1,2033,-47027,-113,-285,-280,-255,-247,-211,-193,-179,-164,-182,-171,-165,-156,-168,-176,-164,-172,-192,-784,-878,-650,-616,-765,-757,-747,-731,-700,-680,-674,-638,-640,-611,-611,-605,-574,-578,-558,-577,-594,-634,-615,-643,-616,-603,-594,-564,-595,-634,-708,-714,-755,-746,-716,-659,-603,-534,-454,-421,-412,-409,-429,-450,-556,-604,-628,-641,-661,-646,-636,-614,-584,-564,-508,-479,-452,-454,-425,-421,-439,-442,-478,-508,-529,-563,-610,-3636
9,1,2034,-46558,-114,-285,-280,-255,-247,-211,-193,-179,-164,-182,-171,-149,-156,-164,-173,-160,-166,-182,-775,-868,-639,-606,-754,-748,-736,-721,-694,-672,-669,-628,-628,-598,-584,-586,-566,-562,-545,-555,-570,-605,-587,-608,-584,-582,-576,-552,-577,-613,-684,-708,-727,-728,-706,-657,-609,-537,-456,-429,-406,-411,-424,-429,-524,-609,-642,-654,-654,-638,-614,-599,-585,-555,-505,-488,-452,-450,-426,-432,-441,-448,-481,-509,-547,-578,-600,-3797
9,1,2035,-46079,-113,-285,-281,-255,-247,-211,-193,-179,-164,-182,-171,-150,-142,-163,-170,-156,-160,-174,-763,-858,-629,-597,-745,-739,-729,-712,-685,-667,-661,-622,-617,-586,-571,-558,-547,-554,-529,-541,-547,-581,-559,-581,-552,-554,-558,-536,-565,-594,-662,-683,-721,-700,-690,-648,-606,-543,-458,-431,-413,-405,-426,-423,-500,-571,-647,-669,-667,-632,-607,-577,-570,-556,-496,-484,-461,-451,-423,-434,-452,-449,-487,-512,-548,-598,-617,-3929
9,1,2036,-45581,-114,-285,-281,-255,-247,-211,-194,-179,-164,-182,-171,-150,-142,-149,-168,-151,-155,-167,-754,-845,-619,-587,-737,-732,-722,-706,-678,-659,-655,-615,-612,-575,-558,-544,-517,-534,-520,-524,-532,-558,-536,-554,-527,-523,-530,-518,-549,-581,-641,-659,-696,-694,-664,-633,-599,-540,-463,-433,-414,-412,-420,-425,-493,-544,-605,-675,-683,-645,-600,-571,-550,-542,-497,-476,-457,-459,-423,-430,-455,-462,-489,-519,-552,-600,-638,-4057
9,1,2037,-45073,-114,-285,-281,-255,-247,-211,-194,-179,-164,-182,-171,-150,-142,-149,-152,-148,-149,-161,-746,-836,-606,-577,-728,-725,-716,-700,-673,-651,-647,-608,-603,-569,-546,-531,-504,-505,-499,-515,-515,-543,-513,-532,-502,-500,-503,-491,-530,-564,-628,-638,-672,-670,-659,-611,-586,-535,-461,-437,-416,-413,-427,-419,-496,-535,-574,-629,-689,-661,-613,-565,-544,-523,-484,-477,-450,-456,-431,-431,-450,-464,-502,-521,-559,-604,-640,-4191
9,1,2038,-44543,-114,-285,-281,-255,-247,-211,-194,-179,-164,-182,-171,-149,-142,-149,-152,-128,-146,-153,-739,-827,-596,-565,-719,-718,-710,-695,-667,-646,-639,-599,-596,-560,-540,-519,-491,-491,-468,-493,-506,-526,-499,-510,-481,-477,-481,-464,-502,-544,-610,-624,-650,-646,-636,-606,-567,-523,-456,-435,-419,-415,-428,-427,-488,-538,-564,-596,-642,-666,-628,-577,-538,-517,-467,-465,-451,-448,-428,-440,-451,-460,-505,-536,-561,-612,-645,-4308
9,1,2039,-44016,-114,-285,-281,-255,-247,-211,-194,-179,-164,-182,-171,-149,-142,-149,-152,-128,-120,-149,-730,-819,-587,-556,-709,-710,-704,-691,-663,-641,-634,-591,-587,-553,-531,-513,-478,-477,-453,-461,-483,-517,-482,-497,-461,-458,-460,-443,-475,-515,-588,-605,-636,-626,-615,-586,-562,-506,-446,-431,-418,-418,-430,-428,-497,-529,-568,-585,-608,-621,-634,-591,-550,-512,-461,-449,-439,-449,-421,-436,-460,-461,-500,-539,-578,-614,-653,-4415
9,1,2040,-43486,-114,-285,-281,-255,-247,-211,-194,-179,-164,-182,-171,-149,-142,-149,-152,-128,-120,-118,-725,-809,-579,-548,-701,-703,-698,-686,-658,-637,-629,-585,-578,-543,-524,-504,-471,-464,-439,-446,-450,-494,-473,-481,-448,-439,-442,-422,-453,-486,-557,-582,-617,-612,-596,-567,-545,-504,-432,-423,-414,-417,-433,-430,-499,-540,-557,-590,-597,-586,-590,-597,-563,-523,-456,-444,-424,-438,-422,-429,-457,-470,-501,-534,-581,-633,-656,-4514
9,1,2041,-42968,-114,-286,-282,-256,-248,-211,-194,-179,-164,-183,-171,-150,-142,-149,-152,-129,-120,-118,-689,-804,-570,-541,-694,-696,-691,-681,-655,-633,-626,-579,-572,-534,-513,-496,-462,-457,-426,-432,-435,-461,-451,-472,-433,-428,-425,-404,-432,-463,-526,-549,-593,-594,-583,-550,-528,-489,-429,-411,-407,-413,-432,-434,-501,-542,-570,-578,-601,-576,-557,-555,-569,-536,-467,-439,-419,-422,-411,-430,-449,-467,-512,-535,-576,-637,-676,-4602
9,1,2042,-42446,-114,-287,-282,-256,-248,-211,-194,-179,-165,-183,-171,-149,-142,-149,-152,-129,-120,-118,-689,-765,-565,-532,-688,-691,-686,-675,-651,-630,-621,-575,-566,-528,-504,-486,-454,-449,-419,-418,-420,-445,-418,-451,-425,-414,-414,-387,-414,-440,-501,-516,-562,-571,-566,-538,-514,-474,-417,-408,-396,-406,-429,-432,-506,-545,-572,-591,-590,-580,-547,-523,-529,-541,-479,-449,-415,-418,-395,-418,-450,-458,-508,-547,-578,-631,-680,-4697
9,1,2043,-41927,-114,-287,-283,-256,-248,-211,-194,-180,-164,-183,-171,-150,-142,-149,-152,-129,-120,-118,-689,-765,-525,-527,-680,-685,-681,-670,-646,-626,-618,-570,-561,-521,-497,-475,-443,-440,-410,-412,-406,-430,-402,-420,-406,-408,-401,-378,-396,-422,-477,-491,-529,-540,-545,-523,-504,-462,-405,-397,-394,-396,-422,-428,-504,-550,-575,-594,-603,-568,-551,-514,-499,-503,-483,-460,-424,-413,-391,-402,-438,-460,-499,-543,-591,-633,-674,-4781
9,1,2044,-41413,-114,-288,-283,-256,-248,-211,-195,-180,-164,-183,-171,-150,-142,-149,-152,-129,-120,-119,-689,-765,-525,-490,-676,-679,-676,-666,-642,-621,-614,-566,-556,-516,-490,-469,-432,-429,-401,-401,-398,-416,-388,-405,-377,-389,-394,-364,-386,-404,-457,-466,-503,-508,-516,-505,-491,-454,-395,-387,-384,-394,-410,-420,-499,-548,-581,-598,-606,-582,-539,-519,-490,-476,-448,-465,-435,-423,-386,-398,-421,-447,-501,-532,-586,-647,-676,-4842
9,1,2045,-40920,-114,-288,-284,-257,-248,-211,-195,-180,-165,-184,-171,-150,-143,-149,-152,-129,-120,-119,-689,-765,-525,-490,-643,-675,-671,-662,-638,-617,-610,-561,-551,-511,-485,-462,-426,-419,-389,-392,-388,-408,-375,-391,-363,-362,-378,-358,-373,-392,-437,-444,-477,-483,-486,-479,-475,-443,-388,-378,-375,-385,-408,-408,-490,-542,-579,-604,-611,-585,-553,-507,-494,-467,-422,-432,-440,-433,-396,-393,-416,-429,-486,-534,-575,-642,-692,-4904
9,1,2046,-40434,-114,-288,-284,-256,-249,-212,-195,-180,-165,-183,-171,-150,-142,-150,-153,-129,-120,-119,-689,-765,-525,-491,-643,-649,-668,-658,-636,-614,-606,-556,-547,-506,-480,-456,-419,-412,-378,-378,-378,-397,-366,-379,-350,-351,-352,-341,-366,-379,-425,-424,-456,-458,-463,-453,-453,-429,-378,-372,-367,-376,-400,-406,-476,-531,-572,-602,-616,-589,-555,-521,-484,-471,-414,-407,-408,-439,-406,-403,-412,-423,-467,-519,-577,-630,-687,-4970
9,1,2047,-39957,-114,-288,-285,-257,-249,-212,-195,-180,-165,-184,-171,-150,-142,-150,-153,-129,-120,-119,-689,-765,-525,-491,-643,-649,-646,-656,-632,-611,-603,-551,-541,-501,-475,-451,-413,-406,-371,-367,-365,-388,-357,-372,-338,-338,-342,-318,-349,-371,-410,-411,-435,-437,-441,-433,-430,-410,-367,-365,-362,-369,-391,-395,-473,-515,-560,-594,-615,-595,-559,-522,-496,-461,-418,-399,-385,-408,-411,-414,-422,-419,-461,-497,-560,-633,-674,-5023
9,1,2048,-39467,-114,-289,-286,-257,-249,-212,-196,-181,-166,-184,-171,-150,-143,-150,-153,-129,-120,-119,-689,-765,-525,-491,-643,-649,-646,-637,-630,-607,-600,-547,-536,-495,-470,-445,-408,-400,-363,-360,-354,-375,-348,-362,-331,-327,-330,-307,-324,-354,-402,-396,-422,-417,-421,-413,-412,-391,-350,-355,-355,-364,-382,-385,-460,-511,-542,-582,-608,-593,-565,-527,-498,-473,-409,-403,-378,-385,-380,-418,-434,-429,-456,-491,-537,-614,-677,-5045
9,1,2049,-38983,-114,-289,-286,-257,-249,-212,-196,-180,-166,-184,-171,-150,-143,-150,-153,-129,-120,-119,-689,-765,-525,-491,-644,-649,-646,-637,-613,-606,-597,-544,-532,-490,-463,-441,-402,-395,-358,-352,-347,-364,-335,-353,-322,-320,-320,-296,-313,-328,-383,-387,-407,-405,-403,-396,-395,-376,-334,-341,-346,-357,-378,-376,-448,-497,-538,-562,-594,-585,-563,-533,-502,-475,-420,-395,-381,-377,-357,-387,-438,-442,-468,-485,-530,-588,-657,-5072
9,1,2050,-38500,-114,-290,-286,-257,-249,-212,-196,-181,-166,-184,-171,-150,-143,-150,-153,-129,-120,-120,-689,-765,-525,-491,-644,-650,-646,-637,-614,-590,-595,-540,-528,-486,-458,-435,-396,-390,-353,-347,-338,-356,-324,-341,-314,-313,-314,-285,-301,-316,-355,-367,-398,-390,-392,-380,-380,-361,-322,-327,-333,-349,-371,-370,-438,-483,-521,-557,-574,-572,-556,-531,-508,-478,-422,-405,-373,-381,-350,-363,-405,-447,-482,-499,-523,-581,-629,-5075
9,1,2051,-38013,-114,-290,-287,-258,-249,-212,-196,-181,-166,-185,-171,-151,-143,-150,-153,-129,-120,-120,-689,-765,-525,-491,-644,-650,-646,-637,-614,-590,-579,-538,-524,-482,-454,-429,-390,-384,-347,-341,-332,-348,-317,-330,-303,-305,-306,-280,-291,-304,-342,-338,-378,-382,-378,-370,-366,-348,-309,-316,-321,-337,-362,-362,-431,-471,-506,-540,-570,-552,-544,-524,-506,-484,-425,-406,-382,-372,-353,-356,-380,-411,-487,-514,-538,-574,-622,-5046
9,1,2052,-37523,-114,-291,-287,-258,-250,-212,-196,-181,-166,-185,-171,-151,-143,-150,-153,-129,-120,-120,-689,-765,-525,-492,-644,-650,-646,-637,-614,-590,-579,-520,-522,-477,-450,-425,-384,-377,-341,-335,-326,-342,-308,-323,-293,-295,-299,-272,-285,-292,-329,-324,-349,-362,-370,-357,-357,-337,-299,-305,-311,-325,-350,-352,-421,-463,-492,-523,-553,-548,-524,-511,-499,-482,-430,-409,-384,-383,-345,-359,-372,-385,-448,-520,-555,-590,-614,-5012
9,1,2053,-37046,-115,-291,-287,-258,-250,-212,-196,-181,-166,-185,-171,-150,-143,-150,-153,-129,-120,-120,-689,-765,-525,-492,-644,-651,-646,-637,-614,-591,-580,-520,-503,-474,-445,-420,-380,-373,-334,-329,-319,-335,-303,-315,-286,-286,-289,-265,-277,-287,-317,-311,-334,-333,-352,-351,-347,-329,-288,-295,-302,-316,-337,-339,-410,-452,-483,-509,-535,-530,-520,-494,-488,-476,-429,-414,-387,-385,-355,-351,-376,-377,-419,-477,-562,-609,-632,-4974
9,1,2054,-36570,-115,-291,-288,-258,-250,-212,-197,-181,-166,-185,-171,-151,-144,-150,-154,-130,-120,-120,-689,-765,-525,-492,-644,-651,-646,-637,-614,-591,-580,-520,-503,-455,-442,-415,-375,-368,-328,-321,-313,-329,-297,-310,-279,-280,-281,-256,-270,-278,-311,-298,-321,-320,-326,-335,-341,-320,-282,-288,-293,-307,-328,-325,-394,-438,-471,-499,-519,-513,-503,-490,-471,-466,-423,-413,-392,-388,-357,-361,-368,-380,-411,-445,-515,-617,-652,-4952
9,1,2055,-36088,-114,-291,-288,-258,-250,-213,-197,-182,-167,-185,-171,-151,-144,-150,-154,-130,-120,-121,-689,-765,-525,-492,-645,-651,-646,-637,-614,-591,-580,-520,-503,-455,-422,-413,-370,-363,-323,-316,-306,-323,-290,-305,-274,-273,-275,-247,-260,-272,-301,-291,-309,-307,-313,-311,-327,-316,-274,-282,-286,-299,-318,-314,-377,-419,-455,-485,-510,-498,-486,-473,-467,-449,-413,-408,-392,-392,-360,-363,-378,-371,-415,-436,-479,-565,-661,-4957
9,1,2056,-35609,-115,-292,-288,-259,-250,-213,-197,-182,-166,-185,-171,-151,-144,-150,-154,-130,-120,-120,-689,-765,-525,-492,-645,-651,-646,-637,-614,-591,-581,-520,-503,-455,-422,-392,-367,-359,-318,-310,-300,-315,-283,-298,-268,-268,-270,-242,-252,-261,-293,-282,-303,-295,-301,-300,-307,-304,-271,-276,-281,-292,-310,-303,-365,-400,-434,-469,-497,-488,-472,-458,-452,-446,-398,-398,-387,-391,-364,-366,-380,-383,-405,-440,-469,-526,-605,-4972
9,1,2057,-35128,-115,-292,-289,-259,-250,-213,-197,-182,-166,-186,-171,-151,-144,-151,-154,-130,-120,-121,-689,-765,-525,-493,-645,-651,-646,-637,-615,-591,-581,-520,-503,-455,-422,-392,-346,-356,-313,-305,-294,-309,-277,-293,-262,-263,-265,-236,-246,-252,-283,-273,-293,-288,-290,-289,-297,-286,-261,-272,-275,-287,-303,-294,-352,-385,-412,-446,-480,-475,-462,-444,-437,-431,-395,-384,-378,-386,-363,-371,-384,-385,-417,-430,-474,-515,-563,-4930
9,1,2058,-34655,-115,-292,-289,-259,-251,-213,-198,-182,-167,-186,-171,-151,-144,-150,-154,-130,-120,-121,-689,-765,-525,-493,-645,-652,-646,-637,-615,-591,-581,-520,-503,-455,-422,-392,-346,-334,-311,-300,-289,-303,-271,-286,-257,-258,-261,-231,-240,-247,-273,-262,-284,-279,-284,-280,-288,-278,-246,-263,-272,-281,-298,-285,-341,-370,-396,-423,-456,-458,-449,-435,-424,-418,-381,-381,-364,-377,-358,-370,-389,-389,-420,-444,-463,-521,-551,-4846
9,1,2059,-34194,-115,-293,-289,-259,-251,-213,-198,-182,-167,-186,-171,-151,-144,-151,-154,-130,-120,-121,-689,-765,-525,-493,-645,-652,-646,-637,-615,-592,-582,-520,-503,-455,-422,-392,-346,-335,-288,-297,-283,-298,-266,-280,-250,-253,-256,-227,-235,-240,-267,-252,-273,-271,-275,-275,-279,-270,-239,-250,-264,-279,-292,-280,-331,-358,-379,-405,-432,-435,-433,-422,-416,-405,-368,-368,-361,-364,-350,-365,-387,-394,-424,-446,-478,-508,-558,-4759
9,1,2060,-33748,-115,-293,-290,-259,-251,-213,-198,-182,-167,-186,-171,-151,-144,-151,-154,-130,-120,-121,-689,-765,-525,-493,-645,-652,-646,-637,-615,-592,-582,-520,-503,-455,-422,-392,-346,-335,-288,-273,-280,-293,-261,-275,-245,-247,-251,-222,-231,-235,-259,-245,-263,-260,-268,-267,-274,-262,-232,-245,-253,-271,-289,-273,-325,-346,-365,-387,-414,-411,-411,-407,-404,-397,-357,-356,-349,-361,-336,-356,-382,-393,-430,-451,-481,-524,-544,-4689
9,2,2023,-71993,-106,-590,-590,-584,-590,-510,-535,-529,-474,-451,-387,-351,-349,-360,-358,-370,-430,-533,-1451,-1423,-1311,-1383,-1652,-1604,-1386,-1390,-1417,-1363,-1415,-1440,-1456,-1439,-1370,-1259,-1211,-1111,-945,-979,-953,-870,-887,-804,-792,-760,-717,-718,-695,-746,-820,-786,-858,-854,-843,-785,-740,-715,-643,-729,-764,-787,-888,-891,-969,-907,-1017,-909,-893,-914,-841,-818,-775,-695,-637,-591,-541,-457,-481,-385,-353,-365,-396,-369,-394,-407,-456,-3276
9,2,2024,-68258,-106,-278,-549,-518,-540,-457,-489,-479,-437,-424,-366,-330,-326,-327,-343,-324,-403,-466,-1391,-1332,-1178,-1244,-1484,-1526,-1350,-1279,-1279,-1294,-1291,-1295,-1328,-1320,-1275,-1191,-1125,-1069,-938,-898,-890,-897,-821,-804,-761,-725,-725,-706,-721,-747,-803,-796,-826,-794,-779,-783,-710,-717,-668,-649,-746,-770,-799,-851,-913,-958,-861,-987,-845,-861,-831,-764,-730,-691,-636,-514,-520,-492,-411,-451,-363,-346,-371,-406,-408,-425,-428,-3309
9,2,2025,-64690,-106,-278,-274,-483,-481,-417,-445,-438,-398,-386,-341,-310,-304,-308,-310,-299,-352,-432,-1305,-1264,-1078,-1098,-1365,-1391,-1283,-1250,-1172,-1174,-1223,-1181,-1188,-1186,-1151,-1091,-1054,-980,-888,-886,-817,-838,-845,-745,-757,-697,-683,-710,-707,-760,-803,-776,-836,-758,-732,-731,-716,-685,-654,-667,-671,-743,-792,-777,-862,-897,-910,-836,-915,-813,-797,-750,-684,-630,-644,-518,-455,-475,-433,-394,-440,-358,-358,-385,-452,-439,-452,-3323
9,2,2026,-61133,-106,-278,-274,-243,-450,-366,-408,-402,-360,-352,-302,-289,-280,-277,-289,-265,-314,-371,-1267,-1159,-998,-989,-1218,-1250,-1166,-1190,-1132,-1067,-1097,-1111,-1077,-1071,-1032,-959,-961,-919,-803,-836,-791,-773,-782,-756,-700,-673,-658,-672,-696,-746,-805,-778,-809,-764,-695,-685,-668,-694,-633,-643,-682,-676,-741,-772,-805,-858,-845,-884,-778,-872,-741,-723,-671,-599,-578,-541,-445,-411,-437,-396,-383,-447,-363,-382,-430,-494,-470,-3360
9,2,2027,-58004,-106,-278,-274,-243,-244,-340,-367,-371,-336,-316,-279,-249,-266,-257,-256,-242,-281,-330,-1203,-1133,-907,-913,-1137,-1127,-1034,-1085,-1088,-1026,-989,-999,-1012,-955,-948,-874,-852,-838,-751,-767,-749,-742,-721,-698,-702,-636,-632,-648,-678,-732,-799,-779,-815,-741,-692,-646,-621,-651,-631,-630,-651,-674,-697,-703,-796,-804,-830,-809,-822,-749,-794,-672,-643,-583,-555,-469,-482,-395,-371,-417,-378,-390,-470,-377,-426,-469,-533,-3429
9,2,2028,-55350,-106,-279,-274,-243,-244,-165,-344,-335,-297,-310,-249,-238,-235,-248,-243,-211,-255,-287,-1153,-1067,-884,-840,-1064,-1073,-941,-978,-989,-981,-957,-895,-918,-907,-844,-808,-786,-765,-685,-713,-698,-701,-698,-648,-651,-631,-604,-625,-653,-721,-784,-774,-813,-747,-678,-643,-580,-608,-594,-621,-656,-647,-691,-672,-727,-787,-775,-809,-741,-793,-682,-712,-610,-565,-543,-451,-420,-437,-361,-352,-398,-385,-413,-496,-416,-465,-507,-3556
9,2,2029,-52677,-106,-278,-274,-243,-244,-165,-196,-316,-269,-252,-235,-217,-221,-226,-230,-196,-224,-260,-1103,-1003,-811,-812,-1004,-1004,-897,-890,-907,-888,-892,-860,-823,-826,-788,-711,-717,-683,-622,-652,-639,-659,-653,-623,-610,-584,-596,-600,-626,-695,-772,-762,-803,-738,-676,-630,-582,-568,-547,-581,-630,-652,-665,-669,-693,-718,-736,-750,-737,-706,-724,-608,-624,-532,-528,-449,-403,-390,-391,-350,-340,-393,-404,-445,-552,-456,-502,-3641
9,2,2030,-50412,-106,-278,-274,-243,-244,-165,-196,-192,-259,-225,-197,-198,-210,-210,-212,-180,-206,-230,-1080,-963,-756,-743,-980,-957,-839,-857,-822,-826,-818,-798,-790,-750,-739,-656,-641,-633,-547,-599,-586,-607,-622,-580,-592,-550,-554,-587,-606,-673,-753,-749,-799,-729,-671,-629,-567,-572,-521,-532,-592,-628,-662,-643,-684,-693,-683,-711,-693,-689,-647,-636,-552,-526,-496,-432,-404,-365,-354,-364,-345,-353,-401,-431,-503,-612,-492,-3723
9,2,2031,-48697,-106,-278,-274,-243,-244,-165,-196,-192,-161,-216,-181,-178,-197,-201,-201,-170,-193,-216,-1059,-944,-732,-711,-928,-938,-800,-807,-784,-762,-766,-732,-733,-713,-679,-625,-604,-584,-516,-547,-540,-565,-581,-563,-558,-538,-529,-558,-590,-654,-736,-740,-793,-735,-666,-626,-572,-555,-519,-520,-549,-592,-653,-645,-674,-676,-668,-674,-663,-671,-624,-589,-555,-489,-477,-400,-379,-362,-333,-336,-343,-354,-380,-417,-486,-555,-665,-3774
9,2,2032,-47675,-106,-278,-275,-243,-244,-165,-196,-192,-162,-179,-172,-170,-187,-192,-192,-160,-183,-202,-1044,-926,-714,-693,-907,-908,-784,-786,-755,-729,-732,-694,-683,-674,-651,-594,-581,-558,-487,-523,-508,-528,-546,-533,-548,-517,-515,-539,-573,-643,-713,-726,-786,-731,-678,-628,-572,-565,-507,-520,-541,-559,-615,-644,-686,-686,-654,-666,-635,-647,-615,-572,-538,-485,-464,-385,-364,-350,-326,-326,-331,-348,-383,-417,-470,-539,-604,-4028
9,2,2033,-47169,-106,-278,-274,-243,-245,-165,-196,-192,-162,-179,-146,-166,-181,-187,-186,-152,-173,-193,-1033,-914,-701,-680,-893,-894,-770,-775,-747,-718,-716,-682,-658,-640,-633,-582,-571,-545,-470,-504,-487,-506,-518,-505,-525,-509,-503,-527,-557,-628,-709,-705,-775,-727,-675,-639,-578,-567,-519,-512,-546,-551,-588,-606,-690,-702,-669,-656,-630,-623,-598,-569,-530,-482,-467,-386,-357,-350,-332,-323,-330,-350,-381,-422,-481,-528,-593,-4208
9,2,2034,-46659,-106,-279,-275,-243,-245,-165,-196,-192,-162,-179,-146,-141,-177,-181,-181,-146,-165,-181,-1022,-902,-688,-668,-881,-881,-758,-763,-737,-712,-705,-665,-646,-615,-601,-566,-560,-536,-459,-488,-469,-485,-496,-477,-497,-487,-496,-515,-544,-611,-693,-699,-752,-716,-671,-637,-588,-572,-521,-524,-537,-557,-580,-577,-651,-707,-685,-670,-620,-618,-575,-553,-527,-475,-464,-389,-358,-343,-331,-329,-327,-349,-383,-420,-488,-541,-580,-4362
9,2,2035,-46140,-106,-279,-274,-243,-245,-165,-196,-192,-162,-179,-146,-141,-153,-177,-175,-141,-158,-172,-1009,-890,-676,-656,-870,-871,-748,-753,-726,-700,-697,-653,-628,-603,-578,-536,-545,-526,-449,-476,-452,-466,-475,-455,-471,-460,-474,-507,-531,-597,-674,-682,-748,-694,-661,-634,-586,-581,-526,-526,-550,-548,-586,-571,-621,-667,-690,-687,-634,-609,-572,-532,-512,-472,-458,-386,-360,-344,-325,-328,-333,-346,-381,-423,-485,-548,-594,-4484
9,2,2036,-45627,-106,-279,-274,-244,-245,-165,-196,-192,-162,-179,-146,-141,-153,-154,-171,-134,-152,-164,-999,-876,-664,-644,-860,-862,-740,-744,-717,-689,-686,-645,-616,-586,-567,-515,-519,-513,-439,-467,-440,-449,-456,-435,-449,-436,-447,-485,-524,-582,-659,-662,-731,-690,-641,-624,-583,-579,-535,-530,-552,-561,-577,-576,-613,-636,-649,-691,-650,-622,-562,-528,-493,-459,-455,-381,-358,-346,-326,-321,-332,-352,-378,-421,-488,-545,-603,-4610
9,2,2037,-45122,-106,-279,-274,-244,-245,-165,-196,-192,-162,-180,-146,-141,-153,-154,-148,-130,-145,-157,-989,-865,-650,-633,-849,-854,-732,-737,-710,-680,-674,-633,-608,-574,-551,-505,-499,-488,-427,-458,-432,-437,-440,-416,-429,-415,-422,-457,-500,-574,-644,-647,-710,-673,-637,-606,-575,-577,-533,-539,-557,-563,-591,-566,-619,-628,-619,-650,-654,-637,-575,-520,-490,-443,-444,-379,-353,-344,-328,-322,-325,-352,-385,-417,-486,-549,-600,-4730
9,2,2038,-44605,-106,-279,-274,-244,-245,-165,-196,-192,-162,-180,-146,-141,-153,-154,-148,-106,-141,-149,-982,-854,-639,-619,-840,-845,-725,-731,-702,-672,-664,-621,-596,-566,-540,-491,-490,-471,-404,-445,-422,-428,-428,-400,-412,-394,-401,-431,-469,-547,-634,-631,-694,-654,-622,-603,-559,-569,-530,-537,-566,-569,-593,-581,-609,-634,-610,-620,-615,-641,-589,-532,-482,-440,-428,-368,-351,-339,-326,-325,-326,-344,-385,-426,-481,-547,-604,-4831
9,2,2039,-44085,-106,-279,-274,-244,-245,-165,-196,-192,-162,-180,-146,-141,-153,-154,-148,-106,-114,-144,-973,-847,-629,-609,-827,-836,-718,-724,-697,-665,-655,-611,-583,-554,-532,-481,-477,-462,-387,-422,-409,-418,-419,-388,-396,-377,-382,-409,-441,-515,-605,-620,-678,-638,-603,-589,-556,-555,-523,-535,-564,-578,-598,-584,-624,-624,-617,-612,-586,-604,-593,-545,-493,-433,-425,-354,-341,-337,-321,-322,-329,-345,-376,-425,-492,-541,-601,-4927
9,2,2040,-43567,-106,-279,-275,-244,-245,-165,-196,-192,-162,-180,-147,-141,-153,-154,-148,-106,-114,-114,-968,-837,-621,-599,-819,-825,-711,-718,-691,-660,-648,-602,-572,-542,-521,-473,-468,-450,-379,-406,-386,-406,-409,-379,-384,-362,-365,-390,-418,-484,-570,-590,-667,-622,-589,-573,-544,-552,-509,-528,-561,-576,-609,-589,-627,-640,-606,-619,-579,-576,-559,-548,-505,-442,-419,-351,-328,-328,-319,-318,-326,-348,-377,-415,-491,-553,-595,-5005
9,2,2041,-43050,-106,-279,-275,-244,-245,-166,-196,-192,-162,-180,-146,-141,-154,-155,-148,-106,-114,-114,-933,-831,-611,-592,-810,-819,-703,-712,-685,-654,-642,-594,-563,-531,-509,-463,-462,-442,-368,-398,-370,-384,-397,-370,-376,-352,-350,-372,-398,-460,-537,-554,-637,-612,-575,-560,-529,-541,-508,-514,-554,-573,-606,-600,-632,-642,-622,-608,-585,-569,-532,-517,-508,-453,-428,-347,-326,-316,-310,-316,-321,-345,-380,-416,-479,-552,-609,-5063
9,2,2042,-42525,-106,-279,-275,-244,-245,-166,-196,-192,-162,-180,-147,-141,-154,-155,-148,-106,-114,-114,-933,-794,-607,-582,-804,-811,-696,-705,-680,-648,-635,-587,-555,-523,-499,-453,-453,-436,-360,-386,-362,-367,-374,-357,-367,-343,-339,-356,-379,-436,-510,-518,-600,-583,-565,-548,-519,-528,-496,-512,-540,-566,-603,-598,-643,-648,-625,-624,-576,-574,-525,-492,-480,-457,-438,-354,-321,-314,-299,-307,-319,-339,-377,-420,-481,-538,-608,-5129
9,2,2043,-42009,-106,-279,-275,-245,-246,-167,-197,-192,-163,-181,-147,-141,-154,-155,-149,-106,-114,-114,-933,-794,-569,-577,-795,-806,-690,-700,-673,-643,-629,-581,-549,-514,-492,-444,-443,-428,-354,-379,-350,-359,-358,-336,-354,-334,-330,-345,-363,-416,-485,-490,-564,-547,-539,-540,-507,-518,-484,-501,-537,-551,-595,-595,-641,-659,-631,-626,-591,-565,-531,-486,-457,-430,-441,-363,-328,-309,-297,-295,-310,-338,-371,-417,-485,-540,-593,-5183
9,2,2044,-41484,-107,-279,-275,-245,-246,-167,-196,-192,-163,-181,-147,-141,-154,-155,-149,-106,-114,-114,-933,-794,-570,-541,-792,-800,-685,-694,-669,-637,-623,-575,-542,-507,-484,-436,-435,-420,-347,-373,-342,-347,-350,-319,-332,-323,-322,-337,-350,-398,-462,-463,-535,-513,-506,-516,-500,-507,-474,-489,-527,-548,-581,-587,-638,-657,-642,-633,-594,-580,-522,-491,-452,-410,-417,-365,-336,-316,-292,-293,-297,-327,-369,-409,-481,-546,-595,-5206
9,2,2045,-40970,-106,-279,-275,-245,-246,-167,-196,-192,-163,-181,-147,-141,-154,-155,-149,-106,-114,-114,-933,-794,-570,-541,-760,-796,-679,-691,-664,-632,-616,-569,-535,-501,-478,-430,-428,-411,-338,-365,-337,-339,-339,-311,-317,-302,-310,-327,-342,-384,-442,-440,-508,-485,-475,-487,-479,-501,-465,-479,-514,-537,-578,-571,-629,-654,-640,-644,-600,-582,-536,-483,-457,-405,-398,-345,-339,-324,-299,-288,-295,-313,-357,-407,-473,-541,-601,-5230
9,2,2046,-40464,-106,-280,-275,-246,-246,-167,-197,-192,-163,-182,-148,-141,-155,-155,-149,-106,-114,-114,-934,-794,-570,-541,-760,-768,-676,-686,-660,-626,-610,-561,-528,-494,-472,-424,-422,-406,-332,-358,-329,-334,-332,-299,-309,-285,-289,-315,-332,-375,-428,-419,-485,-459,-449,-458,-452,-481,-459,-469,-504,-524,-566,-567,-613,-645,-637,-642,-611,-588,-538,-495,-448,-409,-394,-328,-319,-326,-307,-295,-290,-311,-341,-393,-470,-532,-596,-5259
9,2,2047,-39965,-107,-280,-275,-246,-246,-167,-197,-192,-163,-182,-148,-141,-155,-155,-149,-106,-114,-114,-934,-794,-571,-541,-761,-769,-654,-683,-655,-624,-605,-555,-521,-488,-466,-418,-417,-399,-326,-351,-321,-326,-326,-291,-298,-279,-273,-293,-319,-364,-417,-404,-463,-437,-425,-436,-428,-457,-441,-463,-494,-514,-552,-555,-610,-628,-628,-639,-609,-598,-543,-497,-460,-402,-397,-324,-304,-307,-309,-303,-297,-305,-339,-375,-455,-529,-585,-5277
9,2,2048,-39452,-107,-280,-275,-246,-246,-167,-196,-192,-163,-182,-148,-141,-155,-155,-149,-106,-114,-114,-934,-794,-571,-541,-761,-769,-654,-663,-654,-619,-601,-550,-515,-481,-460,-413,-412,-396,-321,-345,-314,-317,-318,-286,-291,-267,-266,-278,-295,-350,-406,-392,-448,-416,-404,-414,-408,-434,-418,-445,-488,-503,-542,-541,-597,-625,-610,-630,-607,-596,-553,-502,-463,-413,-392,-327,-300,-293,-290,-305,-305,-313,-333,-372,-434,-511,-582,-5268
9,2,2049,-38946,-107,-280,-275,-247,-247,-168,-196,-192,-163,-183,-148,-141,-155,-155,-150,-106,-115,-114,-934,-794,-571,-541,-761,-769,-654,-664,-636,-616,-596,-547,-509,-475,-454,-407,-407,-391,-316,-340,-308,-310,-311,-279,-285,-261,-256,-270,-279,-324,-390,-380,-437,-401,-385,-395,-389,-416,-396,-422,-469,-496,-530,-529,-582,-612,-607,-613,-598,-593,-551,-511,-466,-414,-401,-322,-303,-290,-278,-287,-308,-322,-342,-365,-430,-487,-562,-5260
9,2,2050,-38447,-107,-280,-275,-247,-247,-168,-197,-192,-163,-183,-148,-141,-155,-155,-150,-106,-115,-114,-934,-794,-572,-541,-761,-769,-654,-664,-636,-599,-593,-541,-505,-470,-448,-401,-402,-386,-312,-335,-302,-304,-304,-271,-278,-256,-248,-259,-271,-306,-363,-365,-424,-390,-373,-378,-373,-399,-378,-401,-446,-477,-523,-518,-570,-596,-594,-610,-582,-585,-548,-510,-475,-418,-402,-331,-298,-293,-274,-273,-288,-325,-352,-376,-422,-483,-536,-5239
9,2,2051,-37941,-107,-280,-275,-247,-247,-169,-197,-192,-164,-183,-149,-141,-156,-156,-150,-106,-115,-114,-934,-794,-572,-541,-761,-769,-654,-664,-636,-599,-574,-538,-500,-466,-443,-396,-396,-382,-307,-331,-298,-300,-298,-264,-270,-247,-243,-252,-259,-297,-343,-336,-408,-378,-363,-366,-358,-384,-363,-384,-423,-452,-502,-510,-558,-584,-578,-598,-579,-569,-541,-507,-474,-426,-406,-332,-306,-288,-277,-269,-273,-304,-355,-388,-434,-474,-532,-5186
9,2,2052,-37435,-107,-280,-276,-247,-247,-169,-197,-192,-164,-183,-149,-141,-156,-156,-150,-106,-115,-114,-934,-794,-572,-541,-761,-769,-654,-664,-636,-599,-574,-518,-497,-460,-439,-391,-392,-376,-303,-327,-293,-295,-294,-258,-263,-241,-236,-247,-251,-284,-333,-314,-378,-362,-352,-358,-348,-370,-348,-368,-406,-429,-476,-489,-550,-572,-566,-582,-567,-567,-526,-500,-472,-426,-413,-335,-308,-295,-273,-272,-269,-287,-331,-391,-448,-488,-521,-5133
9,2,2053,-36933,-107,-280,-276,-247,-247,-169,-197,-192,-164,-183,-149,-141,-156,-156,-150,-106,-115,-114,-934,-794,-573,-541,-762,-769,-654,-664,-637,-599,-574,-519,-476,-457,-434,-387,-387,-372,-299,-323,-289,-291,-289,-253,-257,-234,-228,-239,-245,-276,-319,-303,-357,-334,-337,-348,-340,-360,-335,-353,-389,-411,-453,-463,-528,-564,-554,-570,-553,-555,-523,-487,-465,-424,-412,-341,-311,-297,-280,-267,-273,-283,-312,-363,-452,-504,-537,-5071
9,2,2054,-36432,-107,-280,-275,-248,-247,-169,-197,-192,-164,-184,-149,-141,-156,-156,-150,-106,-115,-114,-934,-794,-573,-541,-762,-769,-654,-664,-637,-600,-574,-519,-476,-437,-431,-383,-384,-368,-295,-317,-285,-286,-285,-248,-252,-229,-222,-231,-237,-269,-310,-290,-347,-313,-311,-336,-331,-353,-326,-340,-374,-393,-433,-438,-500,-541,-546,-556,-541,-540,-512,-484,-453,-418,-410,-340,-316,-299,-281,-275,-268,-287,-307,-342,-420,-508,-555,-5032
9,2,2055,-35948,-107,-281,-276,-248,-248,-169,-197,-192,-164,-184,-149,-141,-156,-156,-150,-106,-115,-114,-934,-794,-574,-541,-762,-769,-654,-664,-637,-600,-574,-519,-476,-437,-413,-380,-380,-365,-291,-314,-280,-282,-281,-244,-248,-224,-216,-224,-230,-261,-303,-280,-332,-304,-292,-312,-319,-345,-319,-331,-361,-378,-415,-417,-474,-512,-522,-549,-529,-529,-499,-474,-451,-407,-405,-339,-315,-305,-284,-276,-276,-281,-311,-336,-395,-471,-560,-5019
9,2,2056,-35464,-107,-280,-276,-248,-248,-169,-197,-192,-165,-184,-149,-141,-156,-156,-150,-106,-115,-114,-934,-794,-574,-541,-762,-770,-654,-664,-637,-600,-574,-519,-476,-437,-412,-363,-378,-361,-288,-310,-276,-277,-277,-239,-244,-220,-211,-219,-223,-252,-293,-273,-322,-289,-284,-295,-300,-334,-312,-324,-352,-364,-399,-398,-452,-485,-494,-526,-521,-518,-489,-462,-441,-405,-395,-334,-314,-304,-289,-279,-277,-290,-306,-341,-389,-443,-519,-5013
9,2,2057,-34988,-107,-281,-276,-248,-248,-169,-197,-192,-165,-184,-150,-141,-156,-156,-150,-106,-115,-114,-934,-794,-574,-541,-762,-770,-654,-664,-637,-601,-574,-519,-476,-437,-413,-363,-362,-359,-285,-308,-272,-273,-272,-235,-239,-215,-207,-214,-217,-244,-284,-263,-315,-280,-270,-287,-284,-316,-302,-317,-345,-354,-384,-381,-433,-463,-466,-498,-499,-511,-478,-452,-430,-396,-393,-325,-310,-303,-288,-284,-280,-291,-315,-334,-394,-436,-487,-4970
9,2,2058,-34515,-107,-281,-276,-248,-248,-170,-197,-192,-165,-184,-149,-141,-157,-156,-150,-106,-115,-114,-934,-794,-574,-541,-762,-770,-654,-664,-637,-601,-574,-520,-476,-437,-413,-363,-362,-345,-283,-304,-269,-269,-268,-230,-235,-211,-203,-210,-211,-237,-275,-252,-305,-273,-262,-275,-276,-302,-284,-307,-337,-346,-374,-366,-415,-443,-444,-471,-472,-489,-471,-442,-421,-386,-385,-323,-301,-299,-287,-283,-286,-295,-317,-346,-387,-442,-479,-4890
9,2,2059,-34071,-107,-281,-276,-249,-248,-170,-197,-192,-165,-185,-150,-141,-157,-156,-151,-106,-115,-114,-934,-794,-575,-541,-763,-770,-654,-664,-638,-601,-574,-520,-476,-437,-413,-363,-362,-345,-269,-302,-266,-266,-264,-226,-230,-207,-199,-205,-207,-231,-268,-243,-294,-263,-255,-267,-267,-295,-271,-289,-327,-338,-366,-355,-399,-425,-423,-449,-446,-463,-451,-436,-412,-378,-376,-316,-300,-291,-283,-282,-285,-301,-321,-348,-400,-433,-487,-4812
9,2,2060,-33648,-107,-281,-276,-249,-248,-170,-197,-192,-165,-185,-150,-141,-157,-156,-151,-106,-115,-114,-934,-794,-575,-541,-763,-770,-654,-664,-638,-601,-574,-520,-476,-437,-413,-363,-362,-345,-269,-289,-264,-263,-262,-223,-227,-203,-195,-201,-202,-226,-261,-235,-285,-253,-246,-262,-260,-286,-265,-276,-308,-328,-358,-347,-388,-408,-405,-428,-425,-438,-427,-417,-407,-369,-369,-308,-293,-289,-275,-278,-284,-300,-328,-352,-402,-449,-477,-4754

